Date,Daylength_s,P_mm,SRad_Wm2,Tmax_C,Tmin_C,VP_Pa
2000-01-01,33753.63,0.0,191.87,11.34,3.52,785.77
2000-01-02,33792.29,0.0,233.32,10.54,0.1,615.13
2000-01-03,33834.11,0.0,244.79,11.53,0.03,612.05
2000-01-04,33879.07,0.0,250.28,14.24,1.9,700.59
2000-01-05,33927.13,0.0,264.58,14.26,0.1,615.11
2000-01-06,33978.27,0.0,258.24,12.56,-0.21,601.24
2000-01-07,34032.43,0.0,247.15,13.74,2.16,713.78
2000-01-08,34089.6,0.0,254.28,13.47,1.3,671.05
2000-01-09,34149.72,0.0,240.41,13.38,2.69,741.24
2000-01-10,34212.77,0.0,245.22,15.29,4.07,817.09
2000-01-11,34278.69,13.09,123.86,13.02,6.81,988.7
2000-01-12,34347.45,0.0,186.26,11.93,4.87,864.28
2000-01-13,34419.0,0.0,266.58,17.15,3.82,802.72
2000-01-14,34493.29,2.17,178.63,15.7,5.49,902.04
2000-01-15,34570.28,12.49,153.83,17.61,9.38,1177.17
2000-01-16,34649.92,3.15,130.62,14.36,7.92,1066.54
2000-01-17,34732.16,25.1,114.77,12.9,7.45,1032.42
2000-01-18,34816.96,5.02,123.29,14.86,8.91,1140.66
2000-01-19,34904.26,7.01,136.0,16.15,9.47,1184.36
2000-01-20,34994.01,1.89,106.37,12.61,9.01,1148.54
2000-01-21,35086.16,0.62,261.21,15.14,4.18,823.45
2000-01-22,35180.67,1.65,244.61,14.98,5.37,894.66
2000-01-23,35277.47,52.82,123.78,13.51,7.85,1061.49
2000-01-24,35376.51,49.14,108.88,14.3,9.39,1178.25
2000-01-25,35477.75,1.92,121.99,13.27,9.27,1168.29
2000-01-26,35581.13,0.0,210.14,13.91,6.57,972.05
2000-01-27,35686.6,0.0,249.67,14.48,5.21,885.09
2000-01-28,35794.1,0.0,278.57,14.66,3.6,790.43
2000-01-29,35903.58,0.0,295.46,16.48,3.9,807.47
2000-01-30,36014.99,12.34,152.14,14.5,7.73,1052.68
2000-01-31,36128.28,0.0,194.98,13.05,6.76,984.84
2000-02-01,36243.4,0.0,261.41,15.76,6.42,962.08
2000-02-02,36360.29,0.0,316.74,19.72,5.19,883.79
2000-02-03,36478.9,16.72,219.31,19.61,7.95,1068.27
2000-02-04,36599.19,0.0,214.14,15.22,8.48,1107.78
2000-02-05,36721.1,0.0,264.33,16.79,7.92,1066.72
2000-02-06,36844.58,0.0,308.92,18.79,6.92,995.9
2000-02-07,36969.58,0.0,331.5,21.04,6.39,959.93
2000-02-08,37096.06,0.0,308.71,20.78,8.93,1141.93
2000-02-09,37223.96,3.52,167.94,16.7,9.96,1224.11
2000-02-10,37353.25,10.02,163.59,15.41,9.03,1149.64
2000-02-11,37483.86,38.19,144.33,11.74,6.45,964.4
2000-02-12,37615.76,23.12,168.67,11.46,5.33,892.48
2000-02-13,37748.91,36.15,175.38,13.76,7.38,1028.06
2000-02-14,37883.24,9.69,234.2,16.04,6.21,948.63
2000-02-15,38018.74,6.23,258.47,17.3,5.03,874.09
2000-02-16,38155.34,8.8,132.44,11.19,6.69,980.27
2000-02-17,38293.01,0.0,316.79,14.21,4.57,846.04
2000-02-18,38431.7,0.0,360.74,17.09,3.95,810.14
2000-02-19,38571.38,12.36,261.44,17.93,5.7,915.26
2000-02-20,38712.0,11.12,250.94,18.52,7.4,1029.23
2000-02-21,38853.53,18.41,244.65,17.14,6.85,991.12
2000-02-22,38995.93,41.09,205.99,14.19,6.47,965.87
2000-02-23,39139.16,0.0,320.03,13.09,3.58,789.31
2000-02-24,39283.18,0.0,339.41,11.8,1.4,675.82
2000-02-25,39427.95,0.0,347.41,15.48,4.35,833.2
2000-02-26,39573.45,37.59,242.65,17.45,7.49,1035.89
2000-02-27,39719.63,11.23,124.0,12.35,8.17,1084.84
2000-02-28,39866.46,3.03,191.99,13.64,6.99,1000.68
2000-02-29,40013.92,3.2,212.52,13.53,6.06,938.66
2000-03-01,40161.95,0.0,391.12,15.19,2.34,722.87
2000-03-02,40310.55,2.07,160.28,10.52,5.31,891.07
2000-03-03,40459.66,0.0,413.24,16.68,2.32,721.85
2000-03-04,40609.26,12.98,294.13,16.64,4.28,828.89
2000-03-05,40759.33,8.06,141.71,11.33,6.88,993.39
2000-03-06,40909.82,0.12,309.83,12.48,4.67,852.14
2000-03-07,41060.72,9.0,249.28,12.72,4.26,827.92
2000-03-08,41211.99,7.75,252.07,13.75,5.34,892.72
2000-03-09,41363.6,0.0,352.77,14.38,5.48,901.44
2000-03-10,41515.52,0.0,433.88,17.37,3.34,775.89
2000-03-11,41667.74,0.0,377.18,17.25,6.98,1000.11
2000-03-12,41820.21,0.0,434.18,19.14,4.87,864.17
2000-03-13,41972.92,0.0,441.0,20.53,5.27,888.36
2000-03-14,42125.83,0.0,427.82,22.02,7.64,1046.35
2000-03-15,42278.93,0.0,436.17,22.29,7.2,1014.9
2000-03-16,42432.18,0.0,412.34,21.68,8.7,1124.11
2000-03-17,42585.56,0.0,447.19,20.65,5.04,874.49
2000-03-18,42739.04,0.0,451.23,23.65,6.97,999.2
2000-03-19,42892.59,0.0,425.3,21.73,7.81,1058.75
2000-03-20,43046.2,0.0,445.42,19.04,4.27,828.51
2000-03-21,43199.83,0.0,467.93,23.29,5.44,898.89
2000-03-22,43353.46,0.0,451.07,23.26,7.21,1015.88
2000-03-23,43507.07,0.0,395.22,20.0,8.0,1072.25
2000-03-24,43660.63,0.0,454.02,21.58,5.73,917.29
2000-03-25,43814.11,0.0,444.91,20.42,5.46,900.59
2000-03-26,43967.49,0.0,459.05,21.8,5.58,907.92
2000-03-27,44120.74,0.0,297.91,14.43,6.47,965.74
2000-03-28,44273.83,0.0,403.18,17.16,5.01,872.71
2000-03-29,44426.75,0.0,436.38,19.03,4.83,861.53
2000-03-30,44579.46,0.0,478.5,23.93,5.58,907.93
2000-03-31,44731.93,0.0,438.79,25.29,9.79,1210.48
2000-04-01,44884.14,0.0,448.38,28.48,11.42,1349.49
2000-04-02,45036.07,0.0,453.23,29.33,11.73,1377.47
2000-04-03,45187.68,0.0,453.96,30.38,12.45,1444.18
2000-04-04,45338.95,0.0,423.82,24.16,9.34,1174.04
2000-04-05,45489.85,0.0,441.03,23.24,7.48,1034.86
2000-04-06,45640.34,0.0,440.0,22.83,7.08,1006.86
2000-04-07,45790.41,0.0,476.32,26.85,7.64,1046.53
2000-04-08,45940.01,0.0,415.51,23.31,8.59,1116.21
2000-04-09,46089.13,0.0,442.16,23.03,6.94,997.26
2000-04-10,46237.72,0.0,474.43,25.58,6.75,984.27
2000-04-11,46385.76,0.0,462.11,28.39,9.89,1218.31
2000-04-12,46533.21,7.42,311.28,28.86,13.19,1516.08
2000-04-13,46680.05,4.24,214.54,21.04,11.92,1394.25
2000-04-14,46826.23,0.0,333.22,19.64,9.08,1153.91
2000-04-15,46971.73,0.0,308.81,18.96,9.43,1181.26
2000-04-16,47116.51,12.11,254.8,19.36,8.82,1133.84
2000-04-17,47260.53,24.6,188.36,13.8,6.69,980.07
2000-04-18,47403.76,0.0,407.15,18.74,5.97,932.88
2000-04-19,47546.16,0.0,411.69,20.21,7.21,1015.62
2000-04-20,47687.69,0.0,432.54,23.32,9.14,1158.04
2000-04-21,47828.31,0.0,444.03,24.95,10.04,1230.75
2000-04-22,47968.0,0.0,380.82,19.5,8.07,1077.4
2000-04-23,48106.69,0.0,464.69,20.19,5.03,873.9
2000-04-24,48244.36,0.0,501.41,23.48,5.56,906.55
2000-04-25,48380.97,0.0,474.48,24.48,8.19,1086.23
2000-04-26,48516.46,0.0,487.91,27.7,9.73,1205.18
2000-04-27,48650.8,0.0,369.2,23.6,12.12,1413.04
2000-04-28,48783.95,0.0,410.82,18.63,6.1,941.02
2000-04-29,48915.85,0.0,502.89,23.56,5.7,915.37
2000-04-30,49046.47,0.0,508.17,28.16,8.88,1138.14
2000-05-01,49175.75,0.0,480.63,28.26,10.93,1306.27
2000-05-02,49303.66,0.0,479.91,27.68,10.58,1276.02
2000-05-03,49430.14,0.0,505.18,28.24,9.37,1176.48
2000-05-04,49555.15,0.0,472.81,26.39,10.0,1227.51
2000-05-05,49678.63,0.0,405.57,22.44,9.9,1218.81
2000-05-06,49800.54,12.09,290.61,19.33,7.89,1064.42
2000-05-07,49920.83,23.93,227.56,16.52,8.26,1091.05
2000-05-08,50039.45,1.96,378.73,21.78,10.81,1295.17
2000-05-09,50156.35,0.0,411.53,21.94,9.85,1215.28
2000-05-10,50271.47,0.0,402.57,18.2,7.0,1001.47
2000-05-11,50384.76,0.0,502.47,19.57,3.91,807.85
2000-05-12,50496.18,0.0,524.13,23.2,5.56,906.71
2000-05-13,50605.67,0.0,469.44,24.83,10.0,1227.59
2000-05-14,50713.17,8.74,365.39,22.97,7.36,1026.27
2000-05-15,50818.64,21.76,121.39,14.79,10.76,1291.26
2000-05-16,50922.03,0.0,211.36,14.69,9.38,1177.47
2000-05-17,51023.27,0.0,431.21,21.92,9.28,1169.36
2000-05-18,51122.32,0.0,511.12,27.61,9.83,1213.1
2000-05-19,51219.12,0.0,497.88,32.06,13.87,1583.91
2000-05-20,51313.63,0.0,478.09,34.04,16.45,1869.99
2000-05-21,51405.79,0.0,488.45,36.62,17.38,1984.21
2000-05-22,51495.55,0.0,485.41,37.59,18.14,2038.0
2000-05-23,51582.85,0.0,418.32,35.36,20.44,2336.08
2000-05-24,51667.65,0.0,445.03,31.32,16.18,1779.23
2000-05-25,51749.9,0.0,451.48,27.33,12.66,1434.96
2000-05-26,51829.55,0.0,488.05,29.85,12.94,1406.74
2000-05-27,51906.55,0.0,517.05,31.6,12.59,1223.1
2000-05-28,51980.84,0.0,512.02,32.43,13.51,1254.94
2000-05-29,52052.4,0.0,514.98,29.67,11.19,1080.33
2000-05-30,52121.16,0.0,501.64,26.19,9.22,971.36
2000-05-31,52187.09,0.0,507.6,28.0,10.41,1032.02
2000-06-01,52250.14,0.0,539.91,32.16,11.36,1027.39
2000-06-02,52310.27,0.0,516.81,32.32,13.23,1187.83
2000-06-03,52367.45,0.0,538.43,32.95,12.19,1021.24
2000-06-04,52421.62,0.0,529.4,32.81,12.71,1027.38
2000-06-05,52472.76,0.0,532.41,28.21,8.53,802.53
2000-06-06,52520.83,0.0,506.88,29.38,11.05,925.78
2000-06-07,52565.79,8.51,343.64,25.99,10.33,1085.31
2000-06-08,52607.62,0.0,303.01,21.16,11.94,1338.71
2000-06-09,52646.29,0.0,406.45,24.08,11.05,1096.57
2000-06-10,52681.76,0.0,435.25,25.65,11.33,1065.49
2000-06-11,52714.01,0.0,517.58,28.43,9.48,830.44
2000-06-12,52743.03,0.0,505.33,32.56,13.61,1072.11
2000-06-13,52768.78,0.0,522.47,38.33,16.75,1232.52
2000-06-14,52791.24,0.0,503.72,41.78,20.09,1532.94
2000-06-15,52810.42,0.0,457.73,40.15,21.4,1791.88
2000-06-16,52826.27,0.0,465.96,38.62,19.67,1603.34
2000-06-17,52838.81,0.0,448.42,34.74,17.52,1467.61
2000-06-18,52848.01,0.0,439.01,29.07,13.21,1169.06
2000-06-19,52853.87,0.0,514.87,33.9,12.96,1003.88
2000-06-20,52856.39,0.0,525.24,37.36,14.8,1089.41
2000-06-21,52855.56,0.0,481.61,38.92,18.92,1492.79
2000-06-22,52851.38,0.0,482.69,37.45,17.63,1385.94
2000-06-23,52843.87,0.0,491.81,33.97,14.2,1123.45
2000-06-24,52833.01,0.0,498.44,35.22,14.66,1137.49
2000-06-25,52818.83,0.0,510.71,36.95,15.07,1135.53
2000-06-26,52801.33,0.0,492.95,38.0,17.02,1311.05
2000-06-27,52780.52,0.0,456.77,38.9,19.83,1639.56
2000-06-28,52756.42,0.0,445.69,38.04,19.74,1664.56
2000-06-29,52729.05,0.0,478.08,38.01,17.87,1414.77
2000-06-30,52698.43,0.0,476.46,32.91,13.83,1130.63
2000-07-01,52664.58,0.0,473.84,30.81,12.25,1038.66
2000-07-02,52627.52,0.0,454.07,29.74,12.41,1086.33
2000-07-03,52587.29,0.0,464.52,28.09,10.49,956.08
2000-07-04,52543.9,0.0,500.11,30.76,10.71,908.6
2000-07-05,52497.39,0.0,448.95,27.24,10.59,988.89
2000-07-06,52447.79,0.0,482.23,29.02,10.35,920.9
2000-07-07,52395.15,0.0,444.12,27.51,11.01,1022.47
2000-07-08,52339.48,0.0,487.42,30.3,10.88,939.76
2000-07-09,52280.84,0.0,478.7,33.37,13.83,1129.64
2000-07-10,52219.25,0.0,460.37,33.76,15.09,1254.4
2000-07-11,52154.77,0.0,464.87,34.45,15.4,1267.14
2000-07-12,52087.43,0.0,454.89,32.06,14.04,1149.52
2000-07-13,52017.28,0.0,452.57,30.64,13.06,1067.77
2000-07-14,51944.36,0.0,510.06,35.48,13.6,980.92
2000-07-15,51868.72,0.0,466.52,34.29,15.37,1185.86
2000-07-16,51790.4,0.0,448.46,30.75,13.5,1022.85
2000-07-17,51709.46,0.0,450.07,29.2,12.41,757.85
2000-07-18,51625.94,0.0,499.08,32.25,12.31,652.37
2000-07-19,51539.89,0.0,519.79,36.17,14.25,676.17
2000-07-20,51451.36,0.0,519.6,37.58,15.4,720.07
2000-07-21,51360.41,0.0,497.29,35.18,14.87,754.2
2000-07-22,51267.08,0.0,502.52,34.91,14.25,719.16
2000-07-23,51171.43,0.0,519.92,37.6,15.2,715.01
2000-07-24,51073.5,0.0,509.26,38.83,16.93,811.95
2000-07-25,50973.36,0.0,494.13,37.26,16.63,840.99
2000-07-26,50871.05,0.0,449.37,32.74,15.32,898.03
2000-07-27,50766.63,0.0,511.13,34.04,12.66,649.1
2000-07-28,50660.14,0.0,511.09,37.39,15.39,750.11
2000-07-29,50551.65,0.0,491.67,38.72,17.76,905.8
2000-07-30,50441.2,0.0,468.28,39.81,20.02,1097.23
2000-07-31,50328.84,0.0,477.89,41.13,20.42,1090.35
2000-08-01,50214.64,0.0,442.8,41.7,22.77,1369.41
2000-08-02,50098.63,0.0,436.79,39.82,21.52,1306.67
2000-08-03,49980.87,0.0,441.32,38.31,20.04,1195.92
2000-08-04,49861.42,0.0,473.66,36.81,16.87,922.83
2000-08-05,49740.32,0.0,481.52,37.85,17.6,762.24
2000-08-06,49617.62,0.0,482.21,37.46,17.37,749.44
2000-08-07,49493.38,0.0,436.9,32.21,15.43,656.84
2000-08-08,49367.64,0.0,487.42,33.5,13.45,572.82
2000-08-09,49240.44,0.0,487.5,33.99,13.79,586.52
2000-08-10,49111.85,0.0,447.38,30.52,13.16,561.23
2000-08-11,48981.89,0.0,509.49,35.97,13.6,578.59
2000-08-12,48850.63,0.0,465.85,37.91,18.42,803.85
2000-08-13,48718.11,0.0,478.46,36.69,16.46,704.27
2000-08-14,48584.37,0.0,485.48,37.49,16.52,707.36
2000-08-15,48449.45,0.0,500.75,37.96,15.49,659.44
2000-08-16,48313.4,0.0,482.82,38.99,17.62,761.84
2000-08-17,48176.26,0.0,468.08,36.94,16.85,723.23
2000-08-18,48038.08,0.0,469.42,34.0,14.11,599.51
2000-08-19,47898.89,0.0,462.07,32.41,13.17,561.66
2000-08-20,47758.73,0.0,472.51,32.15,12.11,521.57
2000-08-21,47617.65,0.0,471.64,34.25,13.98,594.21
2000-08-22,47475.69,0.0,467.28,34.94,14.83,630.29
2000-08-23,47332.87,0.0,419.59,31.49,14.74,626.37
2000-08-24,47189.25,0.0,477.18,34.93,13.96,593.51
2000-08-25,47044.85,0.0,472.53,36.89,15.85,675.52
2000-08-26,46899.71,0.0,446.63,35.87,16.75,718.34
2000-08-27,46753.86,0.0,458.7,36.37,16.28,695.94
2000-08-28,46607.35,0.0,414.36,33.64,16.68,714.96
2000-08-29,46460.21,0.0,264.51,25.45,15.92,679.05
2000-08-30,46312.46,0.0,193.89,20.59,13.93,592.15
2000-08-31,46164.14,0.0,353.72,25.8,12.75,545.56
2000-09-01,46015.29,17.17,179.21,22.5,14.19,637.08
2000-09-02,45865.93,0.0,207.14,20.99,13.9,745.44
2000-09-03,45716.09,0.0,368.41,25.04,11.66,505.04
2000-09-04,45565.81,0.0,421.4,25.08,8.96,416.72
2000-09-05,45415.11,0.0,428.25,26.99,10.33,459.56
2000-09-06,45264.02,0.0,450.91,30.82,12.15,522.96
2000-09-07,45112.58,0.0,465.94,34.57,14.12,599.87
2000-09-08,44960.81,0.0,436.76,34.43,16.13,688.62
2000-09-09,44808.74,0.0,452.56,32.75,13.26,565.32
2000-09-10,44656.39,0.0,456.08,33.42,13.44,572.13
2000-09-11,44503.8,0.0,465.59,35.76,14.36,609.86
2000-09-12,44350.98,0.0,427.71,35.32,16.94,727.91
2000-09-13,44197.97,0.0,422.91,37.9,19.43,859.96
2000-09-14,44044.8,0.0,377.9,31.27,16.38,700.47
2000-09-15,43891.48,0.0,421.16,30.97,13.42,571.35
2000-09-16,43738.05,0.0,436.73,31.91,12.95,553.13
2000-09-17,43584.53,0.0,449.41,36.0,15.13,643.17
2000-09-18,43430.95,0.0,444.12,38.66,17.54,758.0
2000-09-19,43277.32,0.0,430.85,38.88,18.72,820.02
2000-09-20,43123.69,0.0,405.76,39.38,21.02,954.98
2000-09-21,42970.06,0.0,306.79,26.1,14.6,620.11
2000-09-22,42816.48,0.0,289.66,24.94,14.27,606.27
2000-09-23,42662.96,0.0,388.4,27.27,11.43,497.09
2000-09-24,42509.52,0.0,421.97,30.94,12.19,524.41
2000-09-25,42356.21,0.0,432.68,33.75,13.32,567.68
2000-09-26,42203.03,0.0,409.04,33.59,15.17,644.95
2000-09-27,42050.02,0.0,372.02,28.92,13.48,573.71
2000-09-28,41897.21,0.0,335.51,24.6,11.31,492.68
2000-09-29,41744.61,0.0,399.66,29.15,10.91,478.92
2000-09-30,41592.26,0.0,405.27,33.18,13.58,577.89
2000-10-01,41440.19,0.0,386.07,35.04,16.35,699.29
2000-10-02,41288.41,0.0,341.25,30.22,14.88,632.08
2000-10-03,41136.97,0.0,385.16,30.58,11.65,504.73
2000-10-04,40985.88,0.0,364.75,28.26,10.94,479.94
2000-10-05,40835.18,0.0,364.14,30.62,12.89,550.87
2000-10-06,40684.9,0.0,354.87,31.08,13.86,589.12
2000-10-07,40535.06,0.0,305.42,26.22,12.56,538.37
2000-10-08,40385.69,0.0,351.72,28.26,11.29,492.28
2000-10-09,40236.83,18.9,180.05,22.32,12.02,653.73
2000-10-10,40088.51,7.4,138.71,18.22,10.3,1135.97
2000-10-11,39940.76,5.64,73.03,13.84,10.06,1232.01
2000-10-12,39793.61,0.0,272.96,20.63,8.76,836.63
2000-10-13,39647.09,0.0,310.51,21.97,7.88,715.48
2000-10-14,39501.25,0.0,322.65,24.13,8.92,729.43
2000-10-15,39356.1,0.0,312.98,25.11,10.33,813.92
2000-10-16,39211.7,0.0,334.32,27.31,10.64,772.92
2000-10-17,39068.07,0.0,324.69,28.47,12.28,874.4
2000-10-18,38925.25,0.0,322.56,27.65,11.64,852.33
2000-10-19,38783.28,0.0,326.01,26.7,10.41,789.41
2000-10-20,38642.19,0.0,270.3,23.57,11.17,978.53
2000-10-21,38502.03,0.0,270.38,22.74,10.24,929.55
2000-10-22,38362.83,0.0,290.21,25.32,11.14,922.33
2000-10-23,38224.64,0.0,326.13,25.45,8.26,701.56
2000-10-24,38087.5,0.0,315.75,26.22,9.65,784.83
2000-10-25,37951.44,11.59,143.35,18.86,10.27,1249.61
2000-10-26,37816.52,10.07,68.71,14.38,10.69,1284.85
2000-10-27,37682.77,0.0,258.04,19.63,7.64,990.04
2000-10-28,37550.23,42.41,117.87,15.87,9.19,1162.44
2000-10-29,37418.96,8.77,127.08,15.79,8.67,1121.98
2000-10-30,37289.0,0.84,217.33,16.14,6.86,991.64
2000-10-31,37160.4,0.0,297.43,18.24,3.7,796.12
2000-11-01,37033.19,0.0,278.05,17.28,4.22,825.73
2000-11-02,36907.44,0.0,267.12,19.1,6.62,975.26
2000-11-03,36783.19,0.0,287.47,21.61,7.11,1008.94
2000-11-04,36660.48,0.0,280.89,21.14,7.17,1013.06
2000-11-05,36539.37,0.0,249.39,18.73,7.31,1022.61
2000-11-06,36419.9,0.0,265.57,19.27,6.55,971.17
2000-11-07,36302.14,0.0,270.99,18.69,5.56,906.8
2000-11-08,36186.12,0.0,227.92,18.34,8.02,1073.64
2000-11-09,36071.9,1.99,248.28,14.44,2.97,755.69
2000-11-10,35959.54,0.0,197.28,11.94,3.33,775.67
2000-11-11,35849.07,0.0,228.44,12.71,2.28,719.6
2000-11-12,35740.56,0.0,266.66,14.2,0.8,647.17
2000-11-13,35634.07,2.09,174.87,11.34,0.56,636.16
2000-11-14,35529.63,0.0,209.89,11.85,2.47,729.7
2000-11-15,35427.3,0.0,224.27,10.89,0.78,646.09
2000-11-16,35327.15,0.0,251.22,13.09,0.98,655.68
2000-11-17,35229.21,0.0,268.95,15.12,1.11,661.58
2000-11-18,35133.54,0.0,273.3,16.15,1.36,673.58
2000-11-19,35040.19,0.0,256.42,16.29,3.0,757.47
2000-11-20,34949.23,0.0,268.99,18.16,2.97,755.95
2000-11-21,34860.68,1.64,221.4,14.18,3.57,788.93
2000-11-22,34774.62,0.0,182.69,11.92,3.86,804.77
2000-11-23,34691.08,0.0,210.42,11.92,2.39,725.17
2000-11-24,34610.12,0.0,216.09,14.41,4.19,823.64
2000-11-25,34531.79,0.0,206.86,13.11,3.35,776.59
2000-11-26,34456.13,0.0,163.67,12.46,5.19,883.6
2000-11-27,34383.19,0.0,133.69,12.11,6.28,952.7
2000-11-28,34313.02,0.0,152.33,12.77,5.98,933.28
2000-11-29,34245.66,5.96,151.77,14.02,4.28,829.28
2000-11-30,34181.16,0.0,219.67,14.96,3.95,810.38
2000-12-01,34119.56,0.0,206.47,13.83,3.87,805.74
2000-12-02,34060.89,0.0,230.61,15.04,3.04,759.7
2000-12-03,34005.21,0.0,219.74,15.4,4.29,829.86
2000-12-04,33952.54,0.0,198.5,15.24,5.71,916.18
2000-12-05,33902.93,0.0,211.15,15.74,5.25,887.25
2000-12-06,33856.4,0.0,241.54,19.22,5.34,892.88
2000-12-07,33812.99,0.0,191.22,15.53,6.39,960.13
2000-12-08,33772.73,0.0,201.27,18.23,8.12,1081.0
2000-12-09,33735.65,0.0,198.47,16.34,6.6,974.33
2000-12-10,33701.78,0.0,121.32,13.87,8.54,1111.97
2000-12-11,33671.14,6.73,80.56,11.62,7.07,1006.01
2000-12-12,33643.75,0.0,166.99,12.4,5.07,876.04
2000-12-13,33619.63,5.33,133.33,13.07,5.15,880.95
2000-12-14,33598.8,5.13,80.23,12.15,7.74,1053.49
2000-12-15,33581.28,0.0,199.91,16.7,7.23,1017.38
2000-12-16,33567.07,0.0,222.29,14.72,3.72,796.84
2000-12-17,33556.19,0.0,226.84,15.17,3.77,799.74
2000-12-18,33548.66,0.0,252.82,16.19,1.39,675.15
2000-12-19,33544.46,0.0,240.54,16.94,3.8,801.33
2000-12-20,33543.61,0.0,226.48,15.97,4.61,848.26
2000-12-21,33546.1,0.0,231.09,15.89,4.06,816.3
2000-12-22,33551.94,0.0,209.74,14.79,4.86,863.77
2000-12-23,33561.12,0.0,205.22,12.58,3.18,767.26
2000-12-24,33573.63,0.0,220.0,12.87,2.37,724.29
2000-12-25,33589.47,0.0,228.69,12.03,0.85,649.73
2000-12-26,33608.62,0.0,249.61,16.28,1.96,703.39
2000-12-27,33631.07,0.0,244.02,17.11,3.25,771.07
2000-12-28,33656.79,0.0,240.5,15.73,2.39,725.27
2000-12-29,33685.79,0.0,233.08,15.38,2.88,751.14
2000-12-30,33718.02,0.0,240.76,16.26,2.78,745.72
2001-01-01,33753.63,0.0,245.52,17.44,2.83,748.53
2001-01-02,33792.29,0.0,243.07,17.86,3.66,793.66
2001-01-03,33834.11,0.0,244.4,18.14,3.82,802.96
2001-01-04,33879.07,0.0,252.12,19.11,3.67,794.2
2001-01-05,33927.13,0.0,250.76,17.83,2.98,756.57
2001-01-06,33978.27,0.0,242.28,16.96,3.44,781.58
2001-01-07,34032.43,17.95,178.31,17.1,4.12,819.99
2001-01-08,34089.6,6.84,74.15,10.63,6.4,961.07
2001-01-09,34149.72,0.0,154.13,10.68,3.91,807.94
2001-01-10,34212.77,23.21,137.45,13.01,4.63,849.92
2001-01-11,34278.69,1.35,122.42,10.91,5.7,915.2
2001-01-12,34347.45,0.0,191.4,12.45,3.78,800.67
2001-01-13,34419.0,0.0,186.52,12.48,4.15,821.53
2001-01-14,34493.29,0.0,217.33,11.98,1.91,700.9
2001-01-15,34570.28,0.0,257.66,12.23,-1.01,567.42
2001-01-16,34649.92,0.0,257.46,13.07,-0.04,608.92
2001-01-17,34732.16,0.0,258.82,10.69,-2.15,521.41
2001-01-18,34816.96,0.0,252.95,11.8,-0.44,591.28
2001-01-19,34904.26,0.0,243.86,14.38,2.8,746.98
2001-01-20,34994.01,0.0,268.4,15.23,1.52,681.55
2001-01-21,35086.16,0.0,265.32,16.4,3.05,759.95
2001-01-22,35180.67,0.0,260.21,18.19,5.28,888.89
2001-01-23,35277.47,21.1,173.04,16.24,5.9,928.26
2001-01-24,35376.51,0.0,92.9,9.08,5.61,909.69
2001-01-25,35477.75,21.19,111.05,9.21,3.53,786.21
2001-01-26,35581.13,0.0,219.01,11.24,2.27,718.96
2001-01-27,35686.6,0.0,290.27,13.89,-0.32,596.48
2001-01-28,35794.1,2.38,219.6,13.54,-0.68,580.98
2001-01-29,35903.58,1.09,221.83,11.2,2.39,725.37
2001-01-30,36014.99,0.0,255.15,9.96,-0.53,587.47
2001-01-31,36128.28,0.0,306.51,14.34,-0.66,582.09
2001-02-01,36243.4,0.0,296.26,14.73,1.09,660.92
2001-02-02,36360.29,0.0,291.35,16.04,2.95,754.91
2001-02-03,36478.9,0.0,304.04,19.43,4.89,865.28
2001-02-04,36599.19,0.0,310.64,21.46,6.04,937.26
2001-02-05,36721.1,0.0,302.57,20.12,6.12,942.6
2001-02-06,36844.58,0.88,189.43,10.82,4.25,827.21
2001-02-07,36969.58,0.0,306.93,13.34,0.26,622.56
2001-02-08,37096.06,0.0,295.91,11.38,-0.64,582.92
2001-02-09,37223.96,13.66,155.18,9.7,2.46,728.83
2001-02-10,37353.25,15.33,93.56,8.23,4.13,820.46
2001-02-11,37483.86,13.25,110.69,8.27,3.46,782.36
2001-02-12,37615.76,5.32,169.68,9.48,1.81,695.67
2001-02-13,37748.91,0.0,344.8,16.11,0.62,638.73
2001-02-14,37883.24,0.0,308.88,14.31,2.35,723.06
2001-02-15,38018.74,0.0,303.93,13.84,2.45,728.42
2001-02-16,38155.34,0.0,331.67,16.16,2.82,747.77
2001-02-17,38293.01,6.25,223.95,16.94,5.91,928.63
2001-02-18,38431.7,5.2,178.35,15.52,7.61,1044.26
2001-02-19,38571.38,21.61,136.91,13.04,7.44,1032.38
2001-02-20,38712.0,4.85,148.14,13.58,7.64,1046.04
2001-02-21,38853.53,1.03,206.47,14.61,8.5,1109.67
2001-02-22,38995.93,12.84,105.09,11.01,7.19,1014.5
2001-02-23,39139.16,4.16,204.02,11.83,3.75,798.81
2001-02-24,39283.18,5.68,160.86,10.84,4.83,861.64
2001-02-25,39427.95,0.0,343.94,16.88,5.24,886.67
2001-02-26,39573.45,0.0,323.24,14.48,4.43,838.04
2001-02-27,39719.63,0.0,398.34,19.94,3.78,800.72
2001-02-28,39866.46,0.0,338.05,15.87,5.14,880.61
2001-03-01,40013.92,6.64,283.21,15.74,2.7,741.64
2001-03-02,40161.95,5.03,150.43,10.74,5.53,904.61
2001-03-03,40310.55,5.28,263.81,13.58,3.05,760.35
2001-03-04,40459.66,17.33,186.92,14.77,8.26,1091.03
2001-03-05,40609.26,0.7,268.17,15.21,8.31,1095.02
2001-03-06,40759.33,0.0,359.76,16.74,6.5,967.73
2001-03-07,40909.82,0.0,389.97,18.27,6.42,962.13
2001-03-08,41060.72,0.0,358.52,17.25,7.25,1018.46
2001-03-09,41211.99,4.25,246.53,13.23,4.95,868.82
2001-03-10,41363.6,0.0,438.71,17.26,2.2,715.69
2001-03-11,41515.52,0.0,412.93,17.34,4.66,851.64
2001-03-12,41667.74,0.0,434.94,20.13,4.94,868.54
2001-03-13,41820.21,0.0,427.58,20.14,5.61,909.98
2001-03-14,41972.92,0.0,414.65,20.42,6.88,993.46
2001-03-15,42125.83,0.0,369.95,17.32,6.93,996.86
2001-03-16,42278.93,0.0,428.03,18.35,4.72,854.88
2001-03-17,42432.18,0.0,442.26,21.17,5.95,931.72
2001-03-18,42585.56,0.0,447.63,23.71,7.51,1036.79
2001-03-19,42739.04,0.0,437.04,25.8,10.16,1240.53
2001-03-20,42892.59,0.0,422.07,27.06,12.28,1428.23
2001-03-21,43046.2,0.0,417.99,25.92,11.65,1369.57
2001-03-22,43199.83,0.0,415.64,21.31,7.97,1069.93
2001-03-23,43353.46,0.0,424.11,21.84,7.82,1059.14
2001-03-24,43507.07,8.67,321.04,22.62,7.99,1071.68
2001-03-25,43660.63,0.0,361.59,19.35,8.59,1116.38
2001-03-26,43814.11,0.0,439.69,20.52,5.46,900.63
2001-03-27,43967.49,0.0,459.79,23.01,6.01,935.33
2001-03-28,44120.74,0.0,416.25,24.67,10.38,1258.65
2001-03-29,44273.83,0.0,446.1,24.78,8.72,1126.11
2001-03-30,44426.75,0.0,440.94,25.83,9.89,1218.07
2001-03-31,44579.46,0.0,450.18,27.1,10.28,1250.43
2001-04-01,44731.93,0.0,400.71,22.13,9.02,1148.79
2001-04-02,44884.14,0.0,365.59,14.72,3.91,807.59
2001-04-03,45036.07,0.0,426.87,14.47,0.85,649.72
2001-04-04,45187.68,0.0,457.94,17.2,1.4,675.72
2001-04-05,45338.95,0.0,428.74,18.18,3.96,810.46
2001-04-06,45489.85,16.15,238.45,13.99,4.76,857.62
2001-04-07,45640.34,3.45,202.52,10.37,2.9,752.32
2001-04-08,45790.41,0.0,390.43,13.63,1.86,698.45
2001-04-09,45940.01,0.0,435.15,16.03,2.14,712.47
2001-04-10,46089.13,0.0,471.92,18.81,2.53,732.44
2001-04-11,46237.72,7.28,236.25,13.5,4.66,851.7
2001-04-12,46385.76,0.0,459.03,18.22,3.19,767.69
2001-04-13,46533.21,0.0,387.02,16.61,5.18,883.24
2001-04-14,46680.05,0.0,459.94,19.23,4.14,820.9
2001-04-15,46826.23,0.0,470.57,21.48,5.46,900.42
2001-04-16,46971.73,0.0,436.46,21.38,7.39,1028.41
2001-04-17,47116.51,0.0,455.31,22.4,7.38,1028.02
2001-04-18,47260.53,7.31,342.19,23.26,8.15,1083.07
2001-04-19,47403.76,8.15,179.59,14.53,8.21,1087.83
2001-04-20,47546.16,23.39,133.28,10.03,5.66,913.24
2001-04-21,47687.69,0.0,466.09,18.11,3.9,807.16
2001-04-22,47828.31,0.0,483.6,21.63,6.01,935.28
2001-04-23,47968.0,0.0,491.46,24.97,8.29,1093.26
2001-04-24,48106.69,0.0,474.33,28.26,11.86,1389.2
2001-04-25,48244.36,0.0,458.16,29.55,13.88,1585.05
2001-04-26,48380.97,0.0,486.83,28.69,11.53,1353.69
2001-04-27,48516.46,0.0,472.89,24.01,8.7,1124.76
2001-04-28,48650.8,0.0,455.78,23.23,9.03,1149.81
2001-04-29,48783.95,0.0,507.31,24.36,6.99,1000.48
2001-04-30,48915.85,0.0,510.74,27.7,9.41,1154.67
2001-05-01,49046.47,0.0,468.03,26.11,10.82,1296.19
2001-05-02,49175.75,0.0,516.04,25.99,7.56,1022.57
2001-05-03,49303.66,0.0,503.58,26.73,8.96,1127.4
2001-05-04,49430.14,0.0,521.84,29.7,9.82,1163.53
2001-05-05,49555.15,0.0,505.57,30.31,11.46,1305.83
2001-05-06,49678.63,0.0,507.27,31.68,12.1,1352.13
2001-05-07,49800.54,0.0,511.76,34.99,13.71,1477.28
2001-05-08,49920.83,0.0,482.29,36.62,16.84,1827.65
2001-05-09,50039.45,0.0,461.83,36.19,17.77,1966.44
2001-05-10,50156.35,0.0,510.81,36.39,14.44,1535.86
2001-05-11,50271.47,0.0,461.82,35.22,16.89,1823.22
2001-05-12,50384.76,0.0,404.41,26.71,12.95,1488.2
2001-05-13,50496.18,0.0,432.43,25.07,10.32,1204.83
2001-05-14,50605.67,0.0,498.94,28.15,9.36,1039.77
2001-05-15,50713.17,0.0,433.68,28.12,12.9,1386.48
2001-05-16,50818.64,0.0,469.85,28.84,11.66,1234.01
2001-05-17,50922.03,0.0,515.46,31.92,11.12,1125.21
2001-05-18,51023.27,0.0,493.42,32.93,13.35,1320.06
2001-05-19,51122.32,0.0,494.2,36.21,15.5,1465.67
2001-05-20,51219.12,0.0,485.26,37.35,16.65,1556.62
2001-05-21,51313.63,0.0,468.63,38.39,18.66,1656.25
2001-05-22,51405.79,0.0,470.38,37.21,17.69,1530.51
2001-05-23,51495.55,0.0,486.18,36.61,16.24,1365.77
2001-05-24,51582.85,0.0,484.94,36.64,16.5,1301.37
2001-05-25,51667.65,0.0,474.95,35.22,16.0,1257.09
2001-05-26,51749.9,0.0,490.81,32.91,13.21,1005.26
2001-05-27,51829.55,0.0,458.63,26.93,9.82,882.33
2001-05-28,51906.55,0.0,494.92,27.68,8.35,754.65
2001-05-29,51980.84,0.0,516.37,32.62,11.06,839.75
2001-05-30,52052.4,0.0,518.39,38.45,15.48,1068.13
2001-05-31,52121.16,0.0,481.17,41.2,20.17,1426.28
2001-06-01,52187.09,0.0,376.52,33.54,19.23,1622.41
2001-06-02,52250.14,0.0,436.12,28.11,11.97,924.66
2001-06-03,52310.27,0.0,524.46,29.67,8.56,506.32
2001-06-04,52367.45,0.0,509.41,31.35,11.11,600.17
2001-06-05,52421.62,0.0,497.97,29.73,10.39,598.47
2001-06-06,52472.76,0.0,523.02,33.21,11.86,596.08
2001-06-07,52520.83,0.0,501.75,35.14,14.97,750.48
2001-06-08,52565.79,0.0,473.55,34.95,16.57,834.11
2001-06-09,52607.62,0.0,513.55,32.24,11.83,572.5
2001-06-10,52646.29,0.0,483.02,30.67,12.28,646.96
2001-06-11,52681.76,0.0,469.74,29.83,12.16,668.93
2001-06-12,52714.01,0.0,463.76,29.77,12.37,687.83
2001-06-13,52743.03,0.0,491.04,31.51,12.45,633.61
2001-06-14,52768.78,0.0,507.16,35.59,14.95,682.35
2001-06-15,52791.24,0.0,474.43,37.08,18.15,895.91
2001-06-16,52810.42,0.0,494.3,38.36,18.12,838.6
2001-06-17,52826.27,0.0,477.73,37.13,18.05,881.29
2001-06-18,52838.81,0.0,496.27,37.88,17.61,811.01
2001-06-19,52848.01,0.0,492.06,39.71,19.4,901.84
2001-06-20,52853.87,0.0,499.28,40.8,19.84,900.36
2001-06-21,52856.39,0.0,492.97,40.82,20.23,937.68
2001-06-22,52855.56,0.0,476.16,39.96,20.5,1005.14
2001-06-23,52851.38,0.0,497.51,34.69,15.04,639.22
2001-06-24,52843.87,0.0,511.42,32.96,12.57,538.7
2001-06-25,52833.01,1.98,391.81,27.0,13.17,782.44
2001-06-26,52818.83,0.0,426.9,29.37,13.89,750.68
2001-06-27,52801.33,0.0,217.13,21.95,14.68,1406.5
2001-06-28,52780.52,0.0,443.58,28.65,12.79,675.96
2001-06-29,52756.42,0.0,531.46,34.88,13.43,571.93
2001-06-30,52729.05,0.0,507.86,37.64,17.47,754.08
2001-07-01,52698.43,0.0,533.09,39.17,16.73,717.35
2001-07-02,52664.58,0.0,529.32,41.89,19.09,840.61
2001-07-03,52627.52,0.0,470.11,43.53,24.21,1174.34
2001-07-04,52587.29,0.0,442.65,41.74,24.17,1215.34
2001-07-05,52543.9,0.0,467.55,39.81,21.36,976.74
2001-07-06,52497.39,0.0,498.35,36.74,17.21,741.3
2001-07-07,52447.79,0.0,426.23,35.88,20.51,923.83
2001-07-08,52395.15,0.0,493.97,36.91,17.71,766.44
2001-07-09,52339.48,0.0,474.6,34.39,16.7,715.87
2001-07-10,52280.84,0.0,459.56,31.66,15.07,640.69
2001-07-11,52219.25,0.0,463.07,28.95,12.41,532.37
2001-07-12,52154.77,0.0,517.01,32.16,11.97,516.29
2001-07-13,52087.43,0.0,530.43,35.38,13.69,582.2
2001-07-14,52017.28,0.0,488.87,32.7,14.26,605.89
2001-07-15,51944.36,0.0,505.07,31.62,12.23,525.73
2001-07-16,51868.72,0.0,439.97,27.43,12.11,521.27
2001-07-17,51790.4,0.0,503.01,29.98,10.97,480.96
2001-07-18,51709.46,0.0,508.32,32.9,13.23,563.88
2001-07-19,51625.94,0.0,470.85,31.46,14.29,606.89
2001-07-20,51539.89,0.0,474.31,29.06,11.96,516.07
2001-07-21,51451.36,0.0,477.59,29.98,12.67,542.38
2001-07-22,51360.41,0.0,536.96,34.24,12.28,527.76
2001-07-23,51267.08,0.0,533.26,35.66,13.72,583.6
2001-07-24,51171.43,0.0,502.31,36.4,16.71,716.63
2001-07-25,51073.5,0.0,495.35,35.3,16.06,685.37
2001-07-26,50973.36,0.0,515.29,36.92,15.88,676.94
2001-07-27,50871.05,0.0,492.52,37.57,17.74,768.09
2001-07-28,50766.63,0.0,507.09,36.78,15.88,676.91
2001-07-29,50660.14,0.0,454.7,34.45,17.22,741.45
2001-07-30,50551.65,0.0,408.45,28.07,13.72,583.5
2001-07-31,50441.2,0.0,507.61,33.43,13.06,557.52
2001-08-01,50328.84,0.0,500.3,35.07,15.05,639.7
2001-08-02,50214.64,0.0,505.89,35.83,15.24,647.97
2001-08-03,50098.63,0.0,469.92,32.76,14.84,630.4
2001-08-04,49980.87,0.0,472.8,31.44,13.44,572.14
2001-08-05,49861.42,0.0,497.9,34.18,14.21,603.85
2001-08-06,49740.32,0.0,506.61,37.07,15.87,676.87
2001-08-07,49617.62,0.0,508.43,39.79,17.88,775.57
2001-08-08,49493.38,0.0,492.77,41.35,20.25,908.1
2001-08-09,49367.64,0.0,428.03,35.4,19.06,839.22
2001-08-10,49240.44,0.0,466.37,34.07,15.62,665.0
2001-08-11,49111.85,0.0,504.49,36.28,14.79,628.5
2001-08-12,48981.89,0.0,443.73,31.81,14.85,631.03
2001-08-13,48850.63,0.0,484.04,32.96,13.33,568.06
2001-08-14,48718.11,0.0,512.28,36.49,14.05,597.18
2001-08-15,48584.37,0.0,497.76,37.05,15.51,660.42
2001-08-16,48449.45,0.0,509.84,39.04,15.95,680.36
2001-08-17,48313.4,0.0,465.57,39.53,19.73,877.45
2001-08-18,48176.26,0.0,487.23,38.32,16.96,728.81
2001-08-19,48038.08,0.0,472.48,37.69,17.36,748.54
2001-08-20,47898.89,0.0,437.19,30.67,13.28,566.14
2001-08-21,47758.73,0.0,447.23,29.53,11.63,504.0
2001-08-22,47617.65,0.0,427.17,28.65,12.01,517.88
2001-08-23,47475.69,0.0,453.14,30.37,12.0,517.49
2001-08-24,47332.87,0.0,465.03,33.62,14.06,597.43
2001-08-25,47189.25,0.0,475.3,36.7,15.89,677.57
2001-08-26,47044.85,0.0,471.8,38.52,17.58,759.85
2001-08-27,46899.71,0.0,472.56,39.53,18.24,794.49
2001-08-28,46753.86,0.0,456.1,39.75,19.49,863.4
2001-08-29,46607.35,0.0,445.92,35.93,16.71,716.37
2001-08-30,46460.21,0.0,410.52,30.6,14.04,596.8
2001-08-31,46312.46,0.0,452.68,33.66,14.09,598.68
2001-09-01,46164.14,0.0,453.04,35.59,15.64,666.35
2001-09-02,46015.29,0.0,437.89,36.72,17.57,759.25
2001-09-03,45865.93,0.0,426.4,37.17,18.58,812.84
2001-09-04,45716.09,0.0,418.8,36.55,18.47,806.82
2001-09-05,45565.81,0.0,426.46,32.82,14.57,619.11
2001-09-06,45415.11,0.0,450.47,32.8,12.78,546.37
2001-09-07,45264.02,0.0,433.08,34.81,15.72,669.94
2001-09-08,45112.58,0.0,425.82,32.75,14.21,603.9
2001-09-09,44960.81,0.0,383.6,29.03,13.32,567.39
2001-09-10,44808.74,0.0,410.52,29.36,12.01,517.85
2001-09-11,44656.39,0.0,367.72,29.39,14.42,612.54
2001-09-12,44503.8,0.0,390.28,29.09,12.85,549.33
2001-09-13,44350.98,0.0,425.85,30.69,11.95,515.64
2001-09-14,44197.97,0.0,437.39,34.48,14.33,608.66
2001-09-15,44044.8,0.0,381.0,32.33,16.25,694.52
2001-09-16,43891.48,0.0,383.02,30.07,14.01,595.55
2001-09-17,43738.05,0.0,423.22,31.2,12.27,527.24
2001-09-18,43584.53,0.0,420.65,32.76,13.72,583.37
2001-09-19,43430.95,0.0,424.6,33.91,14.17,602.22
2001-09-20,43277.32,0.0,409.8,33.53,14.79,628.31
2001-09-21,43123.69,0.0,405.78,32.78,14.19,602.79
2001-09-22,42970.06,0.0,412.38,34.01,14.55,617.93
2001-09-23,42816.48,0.0,368.98,32.36,16.04,684.5
2001-09-24,42662.96,8.99,269.15,29.59,14.06,597.53
2001-09-25,42509.52,0.0,296.9,25.0,13.08,558.29
2001-09-26,42356.21,0.0,386.91,29.02,11.7,506.51
2001-09-27,42203.03,0.0,339.66,27.47,13.21,563.03
2001-09-28,42050.02,0.0,380.04,26.73,9.91,446.03
2001-09-29,41897.21,0.0,411.88,30.73,10.72,472.6
2001-09-30,41744.61,0.0,432.2,38.15,14.33,608.57
2001-10-01,41592.26,0.0,395.81,37.89,17.78,770.04
2001-10-02,41440.19,0.0,383.45,38.4,19.04,837.66
2001-10-03,41288.41,0.0,375.01,37.34,18.62,814.72
2001-10-04,41136.97,0.0,339.0,29.13,13.72,583.5
2001-10-05,40985.88,0.0,325.11,24.9,10.55,467.04
2001-10-06,40835.18,0.0,339.68,24.28,9.0,417.89
2001-10-07,40684.9,0.0,346.69,25.87,9.92,446.52
2001-10-08,40535.06,0.0,338.22,26.01,10.51,465.69
2001-10-09,40385.69,0.0,334.31,26.14,10.74,473.25
2001-10-10,40236.83,0.0,381.98,29.37,9.52,433.78
2001-10-11,40088.51,0.0,320.35,28.38,13.36,569.0
2001-10-12,39940.76,0.0,356.5,29.63,11.54,500.9
2001-10-13,39793.61,0.0,362.39,30.34,11.39,495.58
2001-10-14,39647.09,0.0,356.02,31.96,13.18,561.86
2001-10-15,39501.25,0.0,355.57,34.01,14.66,622.82
2001-10-16,39356.1,0.0,312.15,29.95,14.4,611.72
2001-10-17,39211.7,0.0,326.95,27.96,11.3,492.56
2001-10-18,39068.07,0.0,351.32,29.91,10.62,469.2
2001-10-19,38925.25,0.0,323.25,29.14,12.3,528.6
2001-10-20,38783.28,0.0,321.04,29.35,12.5,535.9
2001-10-21,38642.19,0.0,298.9,24.1,9.19,423.44
2001-10-22,38502.03,0.0,322.4,25.27,8.31,397.35
2001-10-23,38362.83,0.0,290.61,24.55,9.94,446.94
2001-10-24,38224.64,0.0,303.86,24.42,8.62,406.63
2001-10-25,38087.5,0.0,322.75,27.0,8.98,417.13
2001-10-26,37951.44,0.0,324.21,29.41,10.69,471.78
2001-10-27,37816.52,0.0,252.25,22.56,9.84,443.96
2001-10-28,37682.77,0.0,262.48,22.46,8.99,417.57
2001-10-29,37550.23,0.75,221.12,21.18,10.27,504.14
2001-10-30,37418.96,16.39,85.13,18.03,12.58,1290.2
2001-10-31,37289.0,0.0,218.38,20.88,10.2,703.74
2001-11-01,37160.4,0.0,255.46,21.1,8.26,529.36
2001-11-02,37033.19,0.0,263.57,21.92,8.45,513.08
2001-11-03,36907.44,0.0,275.27,24.35,9.76,512.15
2001-11-04,36783.19,0.0,287.12,26.32,10.38,491.81
2001-11-05,36660.48,0.0,244.6,23.83,11.07,649.98
2001-11-06,36539.37,0.0,220.42,20.61,9.47,680.34
2001-11-07,36419.9,0.0,273.36,21.28,6.35,441.17
2001-11-08,36302.14,0.0,291.72,24.54,7.43,415.54
2001-11-09,36186.12,0.0,275.94,26.46,10.6,535.63
2001-11-10,36071.9,6.85,185.59,25.39,11.37,854.32
2001-11-11,35959.54,0.0,155.35,21.38,13.34,1297.33
2001-11-12,35849.07,36.75,144.55,21.05,10.93,1153.51
2001-11-13,35740.56,0.0,134.54,16.67,10.05,1231.44
2001-11-14,35634.07,0.0,177.22,18.85,9.92,1220.39
2001-11-15,35529.63,0.0,173.89,18.3,9.64,1197.74
2001-11-16,35427.3,0.0,196.23,19.06,9.1,1155.01
2001-11-17,35327.15,0.0,170.63,18.5,10.18,1242.48
2001-11-18,35229.21,0.0,219.03,18.68,7.46,1033.55
2001-11-19,35133.54,0.0,229.92,20.84,8.58,1111.37
2001-11-20,35040.19,0.0,181.85,19.07,10.17,1241.77
2001-11-21,34949.23,15.52,74.81,15.69,11.24,1333.44
2001-11-22,34860.68,0.0,150.32,16.38,9.58,1192.97
2001-11-23,34774.62,9.46,123.32,14.83,7.51,1036.73
2001-11-24,34691.08,13.36,125.71,13.86,6.58,972.78
2001-11-25,34610.12,0.0,179.09,12.21,4.59,847.55
2001-11-26,34531.79,0.0,230.07,13.0,2.27,719.33
2001-11-27,34456.13,0.0,242.33,12.51,0.79,646.64
2001-11-28,34383.19,6.51,138.16,11.98,4.06,816.63
2001-11-29,34313.02,1.54,131.39,10.66,5.27,888.74
2001-11-30,34245.66,3.8,149.39,13.45,4.52,843.22
2001-12-01,34181.16,14.74,95.8,11.99,6.79,986.84
2001-12-02,34119.56,28.21,91.36,12.89,8.0,1072.36
2001-12-03,34060.89,0.0,201.25,13.17,4.48,840.98
2001-12-04,34005.21,0.0,240.46,11.65,0.33,625.56
2001-12-05,33952.54,8.14,123.67,10.3,3.8,801.44
2001-12-06,33902.93,0.0,204.39,16.17,7.2,1015.1
2001-12-07,33856.4,0.0,223.75,15.45,5.27,888.58
2001-12-08,33812.99,0.85,248.1,16.44,3.87,805.31
2001-12-09,33772.73,0.0,180.4,11.5,4.48,840.97
2001-12-10,33735.65,0.0,234.3,11.76,1.38,674.55
2001-12-11,33701.78,0.0,234.68,11.13,0.62,638.98
2001-12-12,33671.14,0.0,241.67,12.61,1.19,665.83
2001-12-13,33643.75,17.09,164.51,11.84,2.27,719.05
2001-12-14,33619.63,0.0,168.07,11.31,4.76,857.2
2001-12-15,33598.8,0.0,249.09,11.75,-0.74,578.51
2001-12-16,33581.28,3.45,177.29,11.64,0.47,631.99
2001-12-17,33567.07,3.87,101.57,10.74,5.59,908.25
2001-12-18,33556.19,0.0,203.87,13.77,5.07,875.98
2001-12-19,33548.66,8.89,145.17,11.83,3.97,811.43
2001-12-20,33544.46,9.89,118.82,11.87,5.83,923.59
2001-12-21,33543.61,0.0,180.1,12.52,5.35,893.74
2001-12-22,33546.1,13.71,115.71,11.6,5.73,917.19
2001-12-23,33551.94,0.0,215.47,13.66,4.26,827.99
2001-12-24,33561.12,0.0,237.78,13.56,2.15,713.17
2001-12-25,33573.63,0.0,206.29,12.46,3.69,795.34
2001-12-26,33589.47,0.0,149.11,13.06,7.34,1025.15
2001-12-27,33608.62,2.23,161.1,16.08,6.62,975.8
2001-12-28,33631.07,30.35,102.43,11.84,6.8,988.03
2001-12-29,33656.79,1.37,103.72,13.21,9.45,1182.98
2001-12-30,33685.79,18.4,79.86,13.88,10.06,1232.28
2001-12-31,33718.02,0.0,135.04,15.95,10.95,1307.51
2002-01-01,33753.63,8.78,93.0,15.63,10.6,1277.72
2002-01-02,33792.29,25.24,58.63,14.52,11.49,1355.51
2002-01-03,33834.11,0.0,183.89,14.58,6.84,990.49
2002-01-04,33879.07,0.0,223.77,12.81,2.74,743.78
2002-01-05,33927.13,2.2,137.21,13.14,5.6,909.35
2002-01-06,33978.27,0.0,175.48,15.84,8.58,1115.0
2002-01-07,34032.43,0.0,166.61,14.1,7.41,1030.15
2002-01-08,34089.6,0.0,209.4,15.18,6.16,945.26
2002-01-09,34149.72,0.0,158.36,12.72,6.56,971.57
2002-01-10,34212.77,0.0,244.77,15.73,4.18,823.27
2002-01-11,34278.69,0.0,248.17,16.19,4.42,837.19
2002-01-12,34347.45,0.0,228.58,14.0,4.16,822.03
2002-01-13,34419.0,0.0,180.39,9.86,3.0,757.65
2002-01-14,34493.29,0.0,172.87,8.02,1.63,687.12
2002-01-15,34570.28,0.0,259.94,10.98,-0.73,578.85
2002-01-16,34649.92,0.0,267.29,11.35,-0.94,570.32
2002-01-17,34732.16,0.0,255.11,11.01,0.03,612.18
2002-01-18,34816.96,0.0,264.11,11.51,-0.12,605.27
2002-01-19,34904.26,0.0,251.09,11.18,0.79,646.48
2002-01-20,34994.01,0.0,267.71,11.09,-0.47,590.21
2002-01-21,35086.16,1.6,269.03,12.43,0.79,646.55
2002-01-22,35180.67,0.0,259.95,9.62,-0.88,572.83
2002-01-23,35277.47,0.0,290.28,11.33,-1.91,530.99
2002-01-24,35376.51,0.0,295.4,12.35,-1.36,552.85
2002-01-25,35477.75,4.74,201.01,11.25,0.48,632.25
2002-01-26,35581.13,18.67,81.86,8.44,4.93,867.47
2002-01-27,35686.6,0.0,211.83,7.89,0.63,639.37
2002-01-28,35794.1,2.91,183.2,7.89,-0.82,575.24
2002-01-29,35903.58,0.0,262.36,7.31,-2.22,518.87
2002-01-30,36014.99,0.0,314.96,11.27,-2.85,495.04
2002-01-31,36128.28,0.0,301.92,10.26,-2.26,517.19
2002-02-01,36243.4,0.0,290.71,12.49,0.66,640.85
2002-02-02,36360.29,0.0,311.6,13.26,-0.55,586.77
2002-02-03,36478.9,0.0,310.37,15.24,1.44,677.74
2002-02-04,36599.19,0.0,318.95,15.62,0.85,649.46
2002-02-05,36721.1,0.0,316.69,15.86,1.41,676.19
2002-02-06,36844.58,0.0,307.83,15.05,1.62,686.52
2002-02-07,36969.58,13.59,195.16,15.38,5.3,890.18
2002-02-08,37096.06,0.0,280.54,14.65,3.47,783.3
2002-02-09,37223.96,0.0,317.44,16.18,2.24,717.58
2002-02-10,37353.25,0.0,331.85,19.54,3.73,797.42
2002-02-11,37483.86,0.0,326.95,19.03,3.99,812.22
2002-02-12,37615.76,0.0,313.9,18.35,4.61,848.67
2002-02-13,37748.91,0.0,189.66,15.05,8.24,1089.63
2002-02-14,37883.24,0.0,283.98,18.57,7.21,1016.27
2002-02-15,38018.74,0.0,229.84,14.64,6.46,964.97
2002-02-16,38155.34,29.22,190.72,15.96,6.74,983.96
2002-02-17,38293.01,1.87,163.88,10.51,5.25,887.33
2002-02-18,38431.7,2.18,192.8,13.26,4.48,840.54
2002-02-19,38571.38,12.27,137.19,11.71,5.96,932.07
2002-02-20,38712.0,0.0,301.5,19.25,8.26,1091.24
2002-02-21,38853.53,0.0,338.23,22.06,8.43,1103.94
2002-02-22,38995.93,0.0,354.42,22.16,7.37,1026.8
2002-02-23,39139.16,0.0,294.47,17.07,7.02,1002.67
2002-02-24,39283.18,0.0,369.98,18.35,3.41,779.57
2002-02-25,39427.95,0.0,372.4,20.29,4.65,851.14
2002-02-26,39573.45,0.0,363.13,22.08,6.96,998.35
2002-02-27,39719.63,0.0,355.78,22.5,7.95,1068.91
2002-02-28,39866.46,0.0,344.57,21.03,7.59,1042.99
2002-03-01,40013.92,0.0,379.0,19.2,3.65,793.31
2002-03-02,40161.95,0.0,371.76,18.32,3.66,793.77
2002-03-03,40310.55,0.0,361.93,19.52,5.54,905.56
2002-03-04,40459.66,0.0,363.38,20.33,6.33,956.02
2002-03-05,40609.26,11.15,266.2,17.61,4.65,850.84
2002-03-06,40759.33,29.62,172.18,15.36,8.24,1089.56
2002-03-07,40909.82,1.99,225.18,12.54,5.88,927.09
2002-03-08,41060.72,0.0,401.29,13.61,-0.92,570.86
2002-03-09,41211.99,12.64,287.16,14.91,1.56,683.65
2002-03-10,41363.6,3.42,205.42,15.53,7.24,1018.22
2002-03-11,41515.52,0.0,368.82,17.97,5.58,908.18
2002-03-12,41667.74,0.0,295.74,16.32,7.53,1038.75
2002-03-13,41820.21,0.0,402.16,14.6,1.23,667.49
2002-03-14,41972.92,0.0,412.71,14.5,0.63,639.35
2002-03-15,42125.83,0.0,392.95,13.16,0.59,637.6
2002-03-16,42278.93,1.44,307.01,11.87,3.2,768.17
2002-03-17,42432.18,1.56,274.57,10.21,2.75,744.28
2002-03-18,42585.56,0.0,449.89,15.9,-0.49,589.36
2002-03-19,42739.04,0.0,452.42,17.68,0.63,639.28
2002-03-20,42892.59,0.0,420.19,20.68,5.71,916.36
2002-03-21,43046.2,0.0,408.85,22.16,7.61,1044.05
2002-03-22,43199.83,21.54,238.23,16.96,7.33,1024.44
2002-03-23,43353.46,9.37,221.29,14.58,6.06,938.85
2002-03-24,43507.07,0.0,340.44,15.53,5.53,904.7
2002-03-25,43660.63,0.0,397.39,16.33,3.88,806.4
2002-03-26,43814.11,0.0,453.32,20.91,4.57,846.22
2002-03-27,43967.49,0.0,449.19,23.33,7.05,1004.69
2002-03-28,44120.74,0.0,439.05,24.27,8.68,1122.56
2002-03-29,44273.83,0.0,453.42,26.61,9.55,1190.5
2002-03-30,44426.75,0.0,454.41,26.73,9.61,1195.28
2002-03-31,44579.46,0.0,439.04,26.99,11.11,1321.53
2002-04-01,44731.93,0.0,435.84,27.57,11.86,1388.86
2002-04-02,44884.14,0.0,408.24,25.19,11.68,1372.23
2002-04-03,45036.07,0.0,402.93,21.68,9.04,1150.91
2002-04-04,45187.68,0.0,276.78,16.64,9.16,1160.18
2002-04-05,45338.95,0.0,305.31,18.58,10.12,1237.21
2002-04-06,45489.85,0.0,395.88,20.6,8.63,1119.1
2002-04-07,45640.34,0.0,433.6,21.22,7.5,1036.58
2002-04-08,45790.41,0.0,439.29,22.95,8.78,1128.37
2002-04-09,45940.01,0.0,271.31,16.52,9.28,1169.1
2002-04-10,46089.13,0.0,373.69,21.6,10.74,1289.47
2002-04-11,46237.72,0.0,432.05,23.83,10.1,1228.56
2002-04-12,46385.76,0.0,460.77,26.18,10.57,1226.56
2002-04-13,46533.21,0.0,482.24,29.0,11.35,1252.09
2002-04-14,46680.05,0.0,460.82,27.48,11.63,1304.1
2002-04-15,46826.23,0.0,404.29,15.73,4.05,816.08
2002-04-16,46971.73,8.46,302.75,14.33,2.72,742.83
2002-04-17,47116.51,0.61,394.82,15.16,4.02,814.27
2002-04-18,47260.53,0.0,443.38,16.1,3.05,760.47
2002-04-19,47403.76,0.0,514.11,21.63,3.66,765.9
2002-04-20,47546.16,0.0,486.57,22.72,6.6,947.42
2002-04-21,47687.69,0.0,516.64,23.75,5.09,831.84
2002-04-22,47828.31,0.0,501.35,27.62,9.18,1082.42
2002-04-23,47968.0,0.0,498.26,29.34,10.59,1180.15
2002-04-24,48106.69,0.0,458.18,23.77,8.51,1086.4
2002-04-25,48244.36,0.0,455.04,24.18,9.14,1131.57
2002-04-26,48380.97,0.04,164.13,14.27,10.03,1230.03
2002-04-27,48516.46,0.0,287.22,15.5,7.91,1065.8
2002-04-28,48650.8,0.0,439.43,18.47,5.67,890.27
2002-04-29,48783.95,1.72,294.86,14.66,7.17,1012.91
2002-04-30,48915.85,0.0,452.45,17.17,4.37,809.04
2002-05-01,49046.47,0.0,492.45,19.67,4.8,793.71
2002-05-02,49175.75,0.0,516.03,22.91,6.18,835.72
2002-05-03,49303.66,0.0,479.38,22.83,8.22,988.36
2002-05-04,49430.14,0.0,511.42,26.52,9.24,1005.17
2002-05-05,49555.15,0.0,513.62,28.41,10.38,1068.53
2002-05-06,49678.63,0.0,505.64,27.05,9.71,1037.04
2002-05-07,49800.54,0.0,469.91,23.67,8.85,1029.97
2002-05-08,49920.83,0.0,493.75,25.32,9.0,1007.43
2002-05-09,50039.45,0.0,512.4,25.63,7.95,882.03
2002-05-10,50156.35,0.0,454.98,23.16,8.84,1004.86
2002-05-11,50271.47,0.0,529.5,28.24,8.68,892.66
2002-05-12,50384.76,0.0,525.79,30.52,10.71,1008.74
2002-05-13,50496.18,0.0,501.49,28.15,10.53,1036.76
2002-05-14,50605.67,0.0,529.34,28.94,9.17,914.72
2002-05-15,50713.17,0.0,501.57,29.79,11.65,1101.61
2002-05-16,50818.64,0.0,518.58,31.44,11.63,1068.64
2002-05-17,50922.03,0.0,517.26,30.16,10.5,1000.7
2002-05-18,51023.27,0.0,467.72,24.95,9.2,887.12
2002-05-19,51122.32,3.73,312.08,21.01,7.85,1002.31
2002-05-20,51219.12,31.15,112.63,13.39,9.41,1179.3
2002-05-21,51313.63,0.0,384.39,18.78,7.49,971.96
2002-05-22,51405.79,0.0,491.63,22.06,6.07,773.04
2002-05-23,51495.55,0.0,536.53,27.36,7.84,794.86
2002-05-24,51582.85,0.0,529.91,30.62,10.89,956.81
2002-05-25,51667.65,0.0,473.28,31.33,14.92,1321.91
2002-05-26,51749.9,0.0,490.15,28.08,10.97,1023.26
2002-05-27,51829.55,0.0,460.26,27.55,11.86,1125.67
2002-05-28,51906.55,0.0,477.5,29.37,12.47,1133.73
2002-05-29,51980.84,0.0,497.37,33.26,14.25,1212.44
2002-05-30,52052.4,0.0,451.77,36.33,19.1,1713.24
2002-05-31,52121.16,0.0,453.14,35.31,18.19,1623.22
2002-06-01,52187.09,0.0,455.16,29.32,13.17,1215.26
2002-06-02,52250.14,0.0,487.81,28.06,10.32,978.46
2002-06-03,52310.27,0.0,508.31,32.14,12.44,1067.1
2002-06-04,52367.45,0.0,523.42,35.46,14.1,1076.11
2002-06-05,52421.62,0.0,514.27,39.12,18.25,1103.75
2002-06-06,52472.76,0.0,482.29,37.3,18.76,1203.1
2002-06-07,52520.83,0.0,498.33,34.08,15.12,949.98
2002-06-08,52565.79,0.0,404.99,27.67,14.19,1001.61
2002-06-09,52607.62,0.0,460.03,27.62,11.82,738.07
2002-06-10,52646.29,0.0,491.86,32.37,14.51,776.31
2002-06-11,52681.76,0.0,517.92,35.6,15.75,763.58
2002-06-12,52714.01,0.0,490.77,32.39,14.6,781.31
2002-06-13,52743.03,0.0,465.83,29.38,13.28,783.48
2002-06-14,52768.78,0.0,508.25,30.23,11.77,639.85
2002-06-15,52791.24,0.0,533.08,32.95,12.56,601.84
2002-06-16,52810.42,0.0,527.06,32.4,12.56,598.82
2002-06-17,52826.27,0.0,515.1,32.88,13.68,658.62
2002-06-18,52838.81,0.0,477.57,32.73,15.57,815.46
2002-06-19,52848.01,0.0,508.92,35.35,15.71,740.92
2002-06-20,52853.87,0.0,483.18,33.12,15.11,777.69
2002-06-21,52856.39,0.0,459.91,28.06,12.15,523.06
2002-06-22,52855.56,0.0,503.83,30.47,11.95,515.65
2002-06-23,52851.38,0.0,507.34,32.24,13.35,568.79
2002-06-24,52843.87,0.0,539.18,35.09,13.38,569.98
2002-06-25,52833.01,0.0,533.68,37.95,16.13,688.96
2002-06-26,52818.83,0.0,504.94,35.58,16.12,688.29
2002-06-27,52801.33,0.0,509.57,33.7,14.09,598.54
2002-06-28,52780.52,0.0,478.12,32.55,15.02,638.43
2002-06-29,52756.42,0.0,510.39,35.48,15.56,662.54
2002-06-30,52729.05,0.0,514.4,37.75,17.15,738.16
2002-07-01,52698.43,0.0,525.57,40.13,18.14,788.87
2002-07-02,52664.58,0.0,450.82,35.74,19.12,842.46
2002-07-03,52627.52,0.0,509.03,34.03,14.15,601.25
2002-07-04,52587.29,0.0,510.4,34.12,14.16,601.67
2002-07-05,52543.9,0.0,518.75,35.15,14.48,614.9
2002-07-06,52497.39,0.0,519.8,36.21,15.25,648.51
2002-07-07,52447.79,0.0,496.68,34.7,15.51,660.03
2002-07-08,52395.15,0.0,534.36,36.6,14.17,602.0
2002-07-09,52339.48,0.0,545.57,42.56,17.74,767.88
2002-07-10,52280.84,0.0,520.01,44.48,21.41,980.06
2002-07-11,52219.25,0.0,466.53,41.61,22.83,1074.61
2002-07-12,52154.77,0.0,451.6,41.2,23.33,1109.88
2002-07-13,52087.43,0.0,462.41,39.35,21.07,958.21
2002-07-14,52017.28,0.0,477.64,38.4,19.32,853.47
2002-07-15,51944.36,0.0,469.13,34.48,16.4,701.36
2002-07-16,51868.72,0.0,493.34,33.57,14.1,599.2
2002-07-17,51790.4,0.0,494.8,34.22,14.56,618.51
2002-07-18,51709.46,0.0,494.32,35.37,15.52,660.58
2002-07-19,51625.94,0.0,485.21,36.31,16.92,726.86
2002-07-20,51539.89,0.0,494.62,37.73,17.48,754.94
2002-07-21,51451.36,0.0,446.4,31.94,15.14,643.7
2002-07-22,51360.41,0.0,470.45,32.14,13.97,593.88
2002-07-23,51267.08,0.0,472.59,32.79,14.42,612.72
2002-07-24,51171.43,0.0,495.12,34.83,14.84,630.49
2002-07-25,51073.5,0.0,508.4,35.81,14.74,626.0
2002-07-26,50973.36,0.0,520.12,36.68,14.47,614.46
2002-07-27,50871.05,0.0,486.0,37.32,17.49,755.02
2002-07-28,50766.63,0.0,444.72,33.51,16.52,707.5
2002-07-29,50660.14,0.0,470.32,33.03,14.64,621.93
2002-07-30,50551.65,0.0,479.51,34.45,15.35,653.01
2002-07-31,50441.2,0.0,469.52,35.24,16.7,715.86
2002-08-01,50328.84,0.0,482.29,34.98,15.57,662.87
2002-08-02,50214.64,0.0,460.29,33.02,15.16,644.73
2002-08-03,50098.63,0.0,427.01,29.71,13.95,593.09
2002-08-04,49980.87,0.0,469.05,29.86,11.82,511.0
2002-08-05,49861.42,0.0,480.25,31.02,12.21,525.1
2002-08-06,49740.32,0.0,498.18,30.28,10.26,457.24
2002-08-07,49617.62,0.0,503.68,33.67,12.86,549.77
2002-08-08,49493.38,0.0,507.39,37.25,15.7,668.91
2002-08-09,49367.64,0.0,487.84,39.29,18.89,829.39
2002-08-10,49240.44,0.0,477.72,39.68,19.84,883.42
2002-08-11,49111.85,0.0,490.79,39.97,19.02,836.7
2002-08-12,48981.89,0.0,504.23,40.21,17.97,780.27
2002-08-13,48850.63,0.0,484.67,39.35,18.69,818.56
2002-08-14,48718.11,0.0,480.55,37.63,17.39,749.97
2002-08-15,48584.37,0.0,487.65,37.68,16.81,721.29
2002-08-16,48449.45,0.0,469.88,36.7,17.14,737.57
2002-08-17,48313.4,0.0,448.73,33.84,15.91,678.54
2002-08-18,48176.26,0.0,483.16,34.7,14.31,607.88
2002-08-19,48038.08,0.0,423.06,29.18,13.02,555.81
2002-08-20,47898.89,0.0,465.7,30.61,11.73,507.56
2002-08-21,47758.73,0.0,468.77,31.68,12.37,530.89
2002-08-22,47617.65,0.0,447.21,29.97,12.13,522.22
2002-08-23,47475.69,0.0,458.42,29.51,10.94,479.94
2002-08-24,47332.87,0.0,476.38,31.8,11.71,507.1
2002-08-25,47189.25,0.0,485.4,33.13,12.09,520.82
2002-08-26,47044.85,0.0,479.22,35.51,14.54,617.67
2002-08-27,46899.71,0.0,470.7,37.39,16.61,711.78
2002-08-28,46753.86,0.0,437.87,36.36,17.91,776.98
2002-08-29,46607.35,0.0,428.58,32.36,14.84,630.54
2002-08-30,46460.21,0.0,454.99,33.58,14.09,598.59
2002-08-31,46312.46,0.0,477.86,37.55,15.57,663.09
2002-09-01,46164.14,0.0,450.75,39.28,19.0,835.77
2002-09-02,46015.29,0.0,426.45,40.04,21.17,964.52
2002-09-03,45865.93,0.0,433.81,37.43,18.29,796.77
2002-09-04,45716.09,0.0,389.52,33.37,17.33,747.09
2002-09-05,45565.81,0.0,398.09,27.93,11.79,509.7
2002-09-06,45415.11,0.0,350.45,25.99,12.46,534.53
2002-09-07,45264.02,0.0,439.36,27.02,8.34,398.29
2002-09-08,45112.58,0.0,443.55,29.62,10.32,459.44
2002-09-09,44960.81,0.0,466.03,34.18,12.31,528.99
2002-09-10,44808.74,0.0,431.8,36.21,16.77,719.5
2002-09-11,44656.39,0.0,419.84,36.4,17.7,766.2
2002-09-12,44503.8,0.0,423.82,35.16,16.23,693.55
2002-09-13,44350.98,0.0,429.93,34.77,15.28,649.78
2002-09-14,44197.97,0.0,426.19,34.79,15.45,657.61
2002-09-15,44044.8,0.0,366.81,29.1,14.01,595.57
2002-09-16,43891.48,0.0,418.07,29.22,10.79,475.01
2002-09-17,43738.05,0.0,417.14,30.8,12.17,523.73
2002-09-18,43584.53,0.0,437.01,34.54,13.59,578.25
2002-09-19,43430.95,0.0,428.98,36.56,15.77,672.29
2002-09-20,43277.32,0.0,412.14,37.54,17.81,771.67
2002-09-21,43123.69,0.0,417.42,37.44,17.03,732.0
2002-09-22,42970.06,0.0,413.11,38.0,17.61,761.49
2002-09-23,42816.48,0.0,408.05,37.99,17.81,771.85
2002-09-24,42662.96,0.0,411.16,36.76,16.28,695.73
2002-09-25,42509.52,0.0,401.52,37.31,17.38,749.77
2002-09-26,42356.21,0.0,377.62,31.64,14.05,597.07
2002-09-27,42203.03,0.0,278.99,22.34,10.88,478.11
2002-09-28,42050.02,0.0,306.05,22.63,9.81,442.77
2002-09-29,41897.21,0.0,311.1,25.0,11.81,510.46
2002-09-30,41744.61,0.0,344.39,24.29,9.26,425.89
2002-10-01,41592.26,0.0,342.57,23.67,8.75,410.42
2002-10-02,41440.19,0.0,327.78,23.94,9.83,443.52
2002-10-03,41288.41,0.0,382.14,26.98,8.9,414.73
2002-10-04,41136.97,0.0,363.0,29.12,12.09,520.54
2002-10-05,40985.88,0.0,364.31,31.7,14.11,599.53
2002-10-06,40835.18,0.0,372.63,32.98,14.22,604.06
2002-10-07,40684.9,0.0,368.66,34.36,15.53,661.28
2002-10-08,40535.06,0.0,356.26,33.84,15.9,677.89
2002-10-09,40385.69,0.0,339.66,32.95,16.3,696.74
2002-10-10,40236.83,0.0,273.3,24.39,12.39,531.63
2002-10-11,40088.51,0.0,350.76,25.11,8.07,390.5
2002-10-12,39940.76,0.0,367.33,28.37,9.38,429.48
2002-10-13,39793.61,0.0,353.84,30.51,12.33,529.41
2002-10-14,39647.09,0.0,339.94,30.43,13.23,563.84
2002-10-15,39501.25,0.0,317.99,26.12,10.69,471.72
2002-10-16,39356.1,0.0,298.01,22.62,8.65,407.25
2002-10-17,39211.7,0.0,317.07,22.17,6.83,356.89
2002-10-18,39068.07,0.0,306.27,22.02,7.4,372.07
2002-10-19,38925.25,0.0,327.94,24.21,7.78,382.43
2002-10-20,38783.28,0.0,321.2,25.32,9.23,424.78
2002-10-21,38642.19,0.0,322.81,26.09,9.68,438.83
2002-10-22,38502.03,0.0,309.13,22.97,7.76,381.88
2002-10-23,38362.83,0.0,259.21,18.78,7.02,361.89
2002-10-24,38224.64,0.0,239.47,17.83,7.2,388.08
2002-10-25,38087.5,0.0,284.89,20.79,7.47,373.8
2002-10-26,37951.44,0.0,291.85,21.59,7.68,379.56
2002-10-27,37816.52,0.0,312.43,23.4,7.46,373.53
2002-10-28,37682.77,0.0,300.92,24.04,8.72,409.44
2002-10-29,37550.23,0.0,304.45,24.03,8.12,392.07
2002-10-30,37418.96,0.0,286.09,21.62,7.14,365.03
2002-10-31,37289.0,0.0,296.69,21.31,5.76,329.82
2002-11-01,37160.4,0.0,290.14,20.21,5.02,312.15
2002-11-02,37033.19,0.0,292.61,20.52,4.96,310.64
2002-11-03,36907.44,0.0,292.67,21.98,6.13,338.85
2002-11-04,36783.19,0.0,295.6,22.39,6.04,336.69
2002-11-05,36660.48,0.0,298.92,23.48,6.52,348.65
2002-11-06,36539.37,9.23,215.28,22.77,6.58,413.13
2002-11-07,36419.9,35.92,151.18,20.18,10.05,773.06
2002-11-08,36302.14,20.76,98.1,17.76,11.28,1336.27
2002-11-09,36186.12,3.6,111.41,17.38,10.01,1228.25
2002-11-10,36071.9,0.0,91.68,14.92,10.65,1281.45
2002-11-11,35959.54,0.0,227.5,19.89,7.93,1064.32
2002-11-12,35849.07,0.0,227.82,21.64,9.5,1171.02
2002-11-13,35740.56,0.0,218.05,20.83,9.42,1180.12
2002-11-14,35634.07,0.0,240.76,19.56,6.61,960.85
2002-11-15,35529.63,0.0,251.08,20.98,6.88,958.14
2002-11-16,35427.3,0.0,247.74,21.78,7.71,1014.18
2002-11-17,35327.15,0.0,240.03,19.36,6.1,933.09
2002-11-18,35229.21,0.0,240.98,19.07,5.68,908.1
2002-11-19,35133.54,0.0,244.2,19.84,5.99,920.13
2002-11-20,35040.19,0.0,252.78,23.02,7.78,1009.77
2002-11-21,34949.23,0.0,235.3,23.14,9.36,1150.0
2002-11-22,34860.68,0.0,178.22,19.82,10.46,1265.95
2002-11-23,34774.62,0.0,167.6,15.63,7.18,1014.14
2002-11-24,34691.08,0.0,123.06,13.86,7.94,1067.75
2002-11-25,34610.12,0.0,228.69,20.03,6.99,1000.96
2002-11-26,34531.79,0.0,229.0,18.77,5.84,924.36
2002-11-27,34456.13,0.0,242.83,18.37,4.06,816.64
2002-11-28,34383.19,0.0,247.99,19.96,4.72,845.64
2002-11-29,34313.02,0.0,241.55,19.52,4.9,865.64
2002-11-30,34245.66,0.0,201.6,16.44,5.65,912.08
2002-12-01,34181.16,0.0,207.02,17.87,6.56,971.63
2002-12-02,34119.56,0.0,212.07,17.48,5.84,924.17
2002-12-03,34060.89,0.0,222.14,18.08,5.51,903.68
2002-12-04,34005.21,0.0,214.78,17.78,5.93,930.12
2002-12-05,33952.54,0.0,204.65,16.96,6.06,938.79
2002-12-06,33902.93,0.0,221.11,18.58,6.18,946.26
2002-12-07,33856.4,0.0,217.42,18.22,6.06,938.88
2002-12-08,33812.99,0.0,217.9,17.15,4.85,862.65
2002-12-09,33772.73,2.43,121.14,14.31,6.14,943.82
2002-12-10,33735.65,2.28,96.65,13.89,7.48,1035.19
2002-12-11,33701.78,0.0,191.59,14.36,4.18,823.56
2002-12-12,33671.14,8.72,155.69,14.9,3.44,781.42
2002-12-13,33643.75,27.91,118.78,14.31,6.29,953.42
2002-12-14,33619.63,20.74,106.99,16.42,9.24,1166.35
2002-12-15,33598.8,37.0,82.72,14.28,9.04,1150.44
2002-12-16,33581.28,23.02,55.89,13.15,9.82,1212.89
2002-12-17,33567.07,0.0,123.81,10.79,5.27,888.53
2002-12-18,33556.19,0.0,185.32,11.97,3.2,768.1
2002-12-19,33548.66,17.17,152.56,12.73,2.78,746.02
2002-12-20,33544.46,8.53,78.5,9.71,5.35,893.73
2002-12-21,33543.61,0.0,175.58,12.78,4.99,871.46
2002-12-22,33546.1,0.0,229.93,12.38,0.71,642.86
2002-12-23,33551.94,0.0,228.57,11.0,-0.5,588.76
2002-12-24,33561.12,0.0,193.3,10.02,1.17,664.69
2002-12-25,33573.63,0.0,190.97,10.13,1.55,682.83
2002-12-26,33589.47,1.56,205.29,14.27,4.57,845.98
2002-12-27,33608.62,0.0,156.45,16.49,9.68,1201.02
2002-12-28,33631.07,26.84,114.21,16.57,10.14,1238.67
2002-12-29,33656.79,5.88,99.21,10.8,5.71,916.36
2002-12-30,33685.79,5.67,104.03,10.97,5.7,915.68
2002-12-31,33718.02,2.37,134.5,12.33,5.25,887.59
2003-01-01,33753.63,0.0,236.29,13.86,2.55,733.51
2003-01-02,33792.29,0.0,182.36,13.39,5.87,926.29
2003-01-03,33834.11,0.0,237.56,16.97,5.33,892.27
2003-01-04,33879.07,0.0,234.22,17.87,6.49,967.01
2003-01-05,33927.13,0.0,236.09,17.5,6.1,941.28
2003-01-06,33978.27,0.0,220.78,15.44,5.62,910.61
2003-01-07,34032.43,0.0,249.14,17.23,4.76,857.76
2003-01-08,34089.6,0.0,220.22,14.63,5.07,876.47
2003-01-09,34149.72,5.84,139.27,12.34,5.0,872.09
2003-01-10,34212.77,2.03,96.86,13.88,9.0,1147.54
2003-01-11,34278.69,0.0,169.59,15.47,8.82,1133.98
2003-01-12,34347.45,0.0,203.69,17.16,8.71,1125.04
2003-01-13,34419.0,0.0,220.41,18.42,8.89,1138.98
2003-01-14,34493.29,0.0,202.51,15.03,6.96,998.41
2003-01-15,34570.28,0.0,245.58,14.86,4.13,820.34
2003-01-16,34649.92,0.0,268.18,17.62,4.48,840.94
2003-01-17,34732.16,0.0,252.42,16.85,5.6,909.16
2003-01-18,34816.96,0.0,227.29,15.2,6.04,937.56
2003-01-19,34904.26,0.0,221.84,13.95,5.31,890.95
2003-01-20,34994.01,1.04,237.24,13.53,4.12,819.81
2003-01-21,35086.16,2.02,186.09,15.01,4.86,863.29
2003-01-22,35180.67,3.88,187.07,17.33,6.98,999.76
2003-01-23,35277.47,2.73,164.6,17.47,9.03,1149.73
2003-01-24,35376.51,0.0,204.93,14.96,7.52,1037.51
2003-01-25,35477.75,0.0,205.08,16.15,8.7,1124.37
2003-01-26,35581.13,0.0,177.95,16.35,10.1,1235.93
2003-01-27,35686.6,0.0,176.04,16.41,10.3,1252.08
2003-01-28,35794.1,0.0,210.37,15.31,7.91,1065.52
2003-01-29,35903.58,0.0,274.34,16.47,5.54,905.29
2003-01-30,36014.99,0.0,247.91,15.73,6.66,978.6
2003-01-31,36128.28,0.0,259.34,17.95,8.18,1085.47
2003-02-01,36243.4,0.46,222.49,14.05,6.57,971.91
2003-02-02,36360.29,0.0,313.3,17.09,3.39,778.5
2003-02-03,36478.9,0.0,319.3,16.38,2.31,721.43
2003-02-04,36599.19,0.0,307.13,15.45,3.06,761.02
2003-02-05,36721.1,0.0,322.08,15.32,1.63,687.22
2003-02-06,36844.58,0.0,326.1,14.99,1.18,665.2
2003-02-07,36969.58,0.0,313.1,15.12,2.74,743.59
2003-02-08,37096.06,0.0,321.77,14.48,1.49,680.14
2003-02-09,37223.96,0.0,331.86,15.46,1.32,672.05
2003-02-10,37353.25,0.0,333.48,17.58,2.96,755.15
2003-02-11,37483.86,0.0,304.37,16.41,4.58,846.86
2003-02-12,37615.76,12.13,136.12,13.11,7.31,1022.95
2003-02-13,37748.91,6.32,154.93,16.19,9.43,1181.38
2003-02-14,37883.24,0.0,202.68,15.41,8.98,1145.74
2003-02-15,38018.74,16.36,183.35,16.28,8.4,1101.99
2003-02-16,38155.34,0.0,280.66,16.13,6.86,991.51
2003-02-17,38293.01,0.0,317.79,15.24,4.19,823.87
2003-02-18,38431.7,0.0,340.11,14.8,2.38,724.91
2003-02-19,38571.38,6.46,186.38,11.92,4.44,838.43
2003-02-20,38712.0,0.0,361.42,15.5,1.69,690.02
2003-02-21,38853.53,0.0,365.81,16.96,2.69,741.24
2003-02-22,38995.93,0.0,350.38,17.46,4.51,842.87
2003-02-23,39139.16,0.0,357.15,18.92,5.27,888.73
2003-02-24,39283.18,1.68,250.71,15.56,7.83,1059.82
2003-02-25,39427.95,0.0,281.21,15.95,7.04,1004.05
2003-02-26,39573.45,1.44,338.44,14.36,2.83,748.54
2003-02-27,39719.63,2.4,185.46,13.06,5.64,911.85
2003-02-28,39866.46,0.0,353.59,14.36,2.26,718.67
2003-03-01,40013.92,0.0,350.49,16.63,4.56,845.84
2003-03-02,40161.95,0.0,390.65,17.89,2.84,748.83
2003-03-03,40310.55,0.0,293.1,13.38,4.35,833.12
2003-03-04,40459.66,0.0,379.16,15.75,2.32,721.83
2003-03-05,40609.26,0.0,398.54,17.45,2.52,731.99
2003-03-06,40759.33,0.0,382.63,19.03,5.28,888.86
2003-03-07,40909.82,0.0,387.59,17.94,4.21,824.97
2003-03-08,41060.72,0.0,415.7,19.85,3.66,793.79
2003-03-09,41211.99,0.0,399.64,19.26,4.75,856.6
2003-03-10,41363.6,0.0,397.29,20.63,6.24,950.14
2003-03-11,41515.52,0.0,396.11,20.82,6.69,980.55
2003-03-12,41667.74,0.0,393.04,22.41,8.43,1104.34
2003-03-13,41820.21,1.19,307.92,19.77,10.48,1267.47
2003-03-14,41972.92,29.62,213.51,21.28,12.71,1469.25
2003-03-15,42125.83,4.59,240.4,17.97,8.38,1100.06
2003-03-16,42278.93,3.36,220.6,13.75,5.41,897.25
2003-03-17,42432.18,0.0,387.22,17.47,5.01,872.74
2003-03-18,42585.56,0.0,430.31,18.29,3.02,758.42
2003-03-19,42739.04,7.14,315.67,17.81,3.32,775.05
2003-03-20,42892.59,0.0,315.8,17.43,8.15,1083.47
2003-03-21,43046.2,0.0,431.15,21.2,5.75,918.45
2003-03-22,43199.83,10.36,291.73,20.92,8.2,1087.07
2003-03-23,43353.46,5.39,166.98,16.58,10.5,1268.68
2003-03-24,43507.07,0.0,402.02,19.92,7.15,1011.55
2003-03-25,43660.63,0.0,431.51,21.67,7.08,1007.17
2003-03-26,43814.11,0.0,378.44,21.07,9.37,1176.25
2003-03-27,43967.49,0.0,438.6,19.32,4.63,849.96
2003-03-28,44120.74,0.0,464.28,23.13,5.9,913.27
2003-03-29,44273.83,0.0,466.92,24.21,6.48,929.7
2003-03-30,44426.75,0.0,435.54,25.84,10.26,1169.72
2003-03-31,44579.46,0.0,415.67,24.91,10.72,1229.82
2003-04-01,44731.93,12.16,138.41,13.35,8.47,1106.76
2003-04-02,44884.14,7.35,224.78,12.81,4.67,852.11
2003-04-03,45036.07,7.8,282.53,14.53,3.77,799.8
2003-04-04,45187.68,5.79,250.2,13.42,4.45,838.83
2003-04-05,45338.95,0.0,436.26,14.99,1.97,703.99
2003-04-06,45489.85,0.0,440.65,17.12,3.8,799.8
2003-04-07,45640.34,0.0,491.08,21.31,4.4,781.83
2003-04-08,45790.41,0.0,482.77,24.45,7.75,968.29
2003-04-09,45940.01,0.0,462.23,24.64,9.38,1094.96
2003-04-10,46089.13,0.0,450.18,22.66,8.54,1040.64
2003-04-11,46237.72,1.09,401.9,19.59,8.12,1064.86
2003-04-12,46385.76,34.97,183.09,15.72,9.57,1192.2
2003-04-13,46533.21,12.31,243.29,16.17,7.77,1055.37
2003-04-14,46680.05,0.0,421.67,16.58,4.79,859.2
2003-04-15,46826.23,0.0,453.84,16.12,2.85,749.56
2003-04-16,46971.73,1.73,382.57,18.15,7.75,1054.26
2003-04-17,47116.51,4.83,294.83,18.39,7.73,1052.66
2003-04-18,47260.53,0.0,458.76,18.65,5.34,893.04
2003-04-19,47403.76,0.0,505.6,22.23,5.42,893.51
2003-04-20,47546.16,1.93,428.96,19.96,7.85,1061.28
2003-04-21,47687.69,7.86,164.92,12.41,7.24,1018.03
2003-04-22,47828.31,0.0,405.73,16.28,5.56,906.41
2003-04-23,47968.0,0.0,403.02,17.95,7.29,1021.45
2003-04-24,48106.69,10.37,186.96,13.34,7.54,1038.91
2003-04-25,48244.36,6.11,240.87,14.67,7.06,1005.58
2003-04-26,48380.97,0.0,454.47,17.75,5.66,912.85
2003-04-27,48516.46,18.42,386.56,19.98,4.48,841.02
2003-04-28,48650.8,0.16,475.21,17.47,4.78,858.88
2003-04-29,48783.95,1.17,436.29,17.15,6.27,952.5
2003-04-30,48915.85,0.0,502.09,19.13,5.15,881.14
2003-05-01,49046.47,0.55,506.53,21.42,6.56,971.45
2003-05-02,49175.75,4.38,257.47,18.09,9.91,1219.84
2003-05-03,49303.66,4.85,251.94,19.06,11.08,1319.44
2003-05-04,49430.14,0.0,402.74,18.69,8.78,1130.25
2003-05-05,49555.15,0.0,493.07,19.89,6.26,951.49
2003-05-06,49678.63,0.0,481.21,19.45,6.5,967.55
2003-05-07,49800.54,1.47,437.78,19.74,8.73,1127.1
2003-05-08,49920.83,4.19,292.43,15.81,6.88,993.1
2003-05-09,50039.45,0.0,499.59,17.44,4.46,839.45
2003-05-10,50156.35,0.0,544.52,20.97,4.63,849.62
2003-05-11,50271.47,0.0,544.99,23.78,6.59,973.65
2003-05-12,50384.76,0.0,533.52,27.62,10.0,1227.19
2003-05-13,50496.18,0.0,518.95,28.73,11.71,1375.09
2003-05-14,50605.67,0.0,511.46,26.66,10.6,1277.93
2003-05-15,50713.17,0.0,495.89,23.67,9.13,1157.28
2003-05-16,50818.64,0.0,537.23,25.49,7.73,1034.86
2003-05-17,50922.03,0.0,496.63,24.88,9.82,1193.84
2003-05-18,51023.27,0.0,516.08,23.99,7.91,1041.7
2003-05-19,51122.32,0.0,539.0,28.52,9.78,1137.53
2003-05-20,51219.12,0.0,531.22,31.68,12.48,1345.33
2003-05-21,51313.63,0.0,519.54,33.53,14.33,1499.66
2003-05-22,51405.79,0.0,511.91,34.49,15.34,1601.86
2003-05-23,51495.55,0.0,490.62,34.84,16.83,1785.6
2003-05-24,51582.85,0.0,446.27,27.19,12.96,1480.92
2003-05-25,51667.65,0.0,458.22,25.65,10.94,1295.65
2003-05-26,51749.9,0.0,497.03,28.36,11.05,1251.65
2003-05-27,51829.55,0.0,534.44,34.87,13.0,1344.39
2003-05-28,51906.55,0.0,516.36,37.91,16.25,1655.1
2003-05-29,51980.84,0.0,415.08,34.64,19.68,2232.01
2003-05-30,52052.4,0.0,414.1,27.08,13.56,1553.19
2003-05-31,52121.16,0.0,513.39,32.73,12.81,1348.42
2003-06-01,52187.09,0.0,507.87,35.45,14.84,1526.2
2003-06-02,52250.14,0.0,497.9,37.28,16.48,1695.99
2003-06-03,52310.27,0.0,457.63,37.56,18.96,2042.37
2003-06-04,52367.45,0.0,431.69,31.37,15.51,1712.63
2003-06-05,52421.62,0.0,459.19,32.27,14.78,1595.67
2003-06-06,52472.76,0.0,428.92,29.69,14.08,1575.58
2003-06-07,52520.83,0.0,432.67,29.29,13.44,1509.43
2003-06-08,52565.79,0.0,462.13,31.56,13.72,1490.09
2003-06-09,52607.62,0.0,468.76,30.45,12.44,1370.11
2003-06-10,52646.29,0.0,428.63,26.54,11.2,1322.73
2003-06-11,52681.76,0.0,437.96,26.34,10.64,1267.2
2003-06-12,52714.01,0.0,449.94,26.61,10.32,1225.91
2003-06-13,52743.03,0.0,497.84,29.61,10.28,1091.28
2003-06-14,52768.78,0.0,510.49,31.6,10.93,1100.66
2003-06-15,52791.24,0.0,503.44,34.19,13.39,1271.72
2003-06-16,52810.42,0.0,498.57,36.92,15.63,1457.37
2003-06-17,52826.27,0.0,446.95,34.74,16.95,1683.74
2003-06-18,52838.81,0.0,432.75,30.38,14.21,1434.35
2003-06-19,52848.01,0.0,452.43,29.01,12.13,1238.77
2003-06-20,52853.87,0.0,475.64,29.18,11.09,1129.83
2003-06-21,52856.39,0.0,489.15,29.0,10.25,1021.69
2003-06-22,52855.56,0.0,482.72,30.47,11.89,1114.71
2003-06-23,52851.38,0.0,479.57,30.46,11.96,1123.94
2003-06-24,52843.87,0.0,505.87,33.78,12.88,1136.71
2003-06-25,52833.01,0.0,514.17,38.54,15.74,1319.36
2003-06-26,52818.83,0.0,491.07,40.96,19.06,1654.88
2003-06-27,52801.33,0.0,465.23,41.36,20.95,1916.67
2003-06-28,52780.52,0.0,468.67,39.88,19.61,1767.8
2003-06-29,52756.42,0.0,454.73,35.4,16.9,1547.82
2003-06-30,52729.05,0.0,492.23,33.81,13.44,1198.85
2003-07-01,52698.43,0.0,498.04,33.9,13.29,1118.97
2003-07-02,52664.58,0.0,503.14,34.76,13.73,1097.88
2003-07-03,52627.52,0.0,475.96,35.46,16.09,1265.32
2003-07-04,52587.29,0.0,511.49,37.54,15.42,1094.26
2003-07-05,52543.9,0.0,461.66,37.09,18.13,1408.74
2003-07-06,52497.39,0.0,483.91,33.63,13.94,1067.34
2003-07-07,52447.79,0.0,470.05,31.85,13.18,1050.81
2003-07-08,52395.15,0.0,529.24,35.35,11.97,867.21
2003-07-09,52339.48,0.0,483.77,38.18,17.34,1291.63
2003-07-10,52280.84,0.0,476.14,38.81,18.19,1374.45
2003-07-11,52219.25,0.0,498.81,38.67,16.51,1186.19
2003-07-12,52154.77,0.0,481.77,37.8,17.74,945.84
2003-07-13,52087.43,0.0,492.68,35.33,15.31,657.15
2003-07-14,52017.28,0.0,528.92,39.96,16.69,715.7
2003-07-15,51944.36,0.0,477.04,37.98,18.49,819.38
2003-07-16,51868.72,0.0,521.92,39.3,16.7,716.06
2003-07-17,51790.4,0.0,505.32,42.32,20.38,915.87
2003-07-18,51709.46,0.0,476.31,42.17,22.1,1025.09
2003-07-19,51625.94,0.0,437.7,40.44,22.63,1060.66
2003-07-20,51539.89,0.0,448.99,42.14,23.56,1126.1
2003-07-21,51451.36,0.0,445.32,40.94,22.92,1080.74
2003-07-22,51360.41,0.0,456.65,41.35,22.59,1057.99
2003-07-23,51267.08,0.0,358.08,36.52,22.93,1131.29
2003-07-24,51171.43,0.0,434.6,39.28,22.16,1028.52
2003-07-25,51073.5,0.0,416.52,36.74,20.93,949.13
2003-07-26,50973.36,0.0,465.82,38.79,20.1,898.73
2003-07-27,50871.05,0.0,487.45,41.26,20.77,939.65
2003-07-28,50766.63,0.0,468.77,41.48,22.16,1029.12
2003-07-29,50660.14,0.0,473.41,41.68,21.98,1016.95
2003-07-30,50551.65,0.0,358.6,35.88,22.82,1073.79
2003-07-31,50441.2,2.25,317.98,35.67,19.68,874.46
2003-08-01,50328.84,1.6,399.9,34.39,19.78,880.08
2003-08-02,50214.64,2.8,265.45,30.07,17.82,772.15
2003-08-03,50098.63,0.0,440.43,32.96,16.69,715.45
2003-08-04,49980.87,0.0,422.66,30.96,15.78,672.57
2003-08-05,49861.42,0.0,436.85,29.75,14.01,595.53
2003-08-06,49740.32,0.0,447.95,29.89,13.58,577.85
2003-08-07,49617.62,0.0,480.15,30.72,12.58,538.87
2003-08-08,49493.38,0.0,501.36,32.66,12.89,550.68
2003-08-09,49367.64,0.0,500.49,34.01,14.09,598.61
2003-08-10,49240.44,0.0,489.87,34.3,15.1,641.86
2003-08-11,49111.85,0.0,486.08,33.8,14.88,632.25
2003-08-12,48981.89,0.0,506.66,35.66,14.91,633.57
2003-08-13,48850.63,0.0,510.24,35.61,14.57,618.78
2003-08-14,48718.11,0.0,468.22,33.56,15.69,668.19
2003-08-15,48584.37,0.0,486.5,35.02,15.81,673.77
2003-08-16,48449.45,0.0,498.46,37.54,17.03,732.37
2003-08-17,48313.4,0.0,477.82,38.39,19.19,846.58
2003-08-18,48176.26,0.0,490.95,38.29,18.02,782.47
2003-08-19,48038.08,0.0,467.43,35.19,16.9,725.98
2003-08-20,47898.89,0.0,488.83,37.14,16.97,729.19
2003-08-21,47758.73,5.08,269.2,30.77,18.32,798.52
2003-08-22,47617.65,0.0,327.26,26.51,15.58,663.34
2003-08-23,47475.69,0.0,463.39,32.38,14.47,614.73
2003-08-24,47332.87,0.0,479.01,37.18,17.42,751.54
2003-08-25,47189.25,0.0,469.99,38.79,19.3,852.6
2003-08-26,47044.85,0.0,450.61,38.13,20.02,894.09
2003-08-27,46899.71,0.0,469.79,35.48,16.32,697.95
2003-08-28,46753.86,0.0,467.22,33.47,14.65,622.55
2003-08-29,46607.35,0.0,485.88,33.8,13.19,562.52
2003-08-30,46460.21,0.0,468.91,35.99,16.2,692.12
2003-08-31,46312.46,0.0,463.97,36.99,17.18,739.72
2003-09-01,46164.14,0.0,453.28,39.48,19.77,879.37
2003-09-02,46015.29,0.0,441.27,40.26,21.1,959.99
2003-09-03,45865.93,0.0,402.35,38.04,21.48,984.43
2003-09-04,45716.09,0.0,400.88,34.14,18.01,781.97
2003-09-05,45565.81,0.0,426.72,34.26,16.42,702.46
2003-09-06,45415.11,0.0,396.8,29.78,14.07,597.9
2003-09-07,45264.02,0.0,411.12,29.14,12.61,540.08
2003-09-08,45112.58,0.0,407.42,30.44,14.0,595.03
2003-09-09,44960.81,0.0,321.27,25.16,13.37,569.47
2003-09-10,44808.74,0.0,440.94,31.49,12.68,542.63
2003-09-11,44656.39,0.0,458.74,36.5,15.42,656.28
2003-09-12,44503.8,0.0,435.73,37.34,17.92,777.23
2003-09-13,44350.98,0.0,430.39,37.0,17.82,772.12
2003-09-14,44197.97,0.0,431.05,38.29,18.69,818.78
2003-09-15,44044.8,0.0,435.86,35.47,15.73,670.06
2003-09-16,43891.48,0.0,443.35,33.19,12.88,550.51
2003-09-17,43738.05,0.0,422.0,29.6,11.22,489.73
2003-09-18,43584.53,0.0,445.68,33.33,12.32,529.34
2003-09-19,43430.95,0.0,428.84,35.73,15.69,668.23
2003-09-20,43277.32,0.0,433.91,37.45,16.26,694.68
2003-09-21,43123.69,0.0,417.6,38.91,18.49,807.63
2003-09-22,42970.06,0.0,417.32,39.97,19.1,841.18
2003-09-23,42816.48,0.0,398.79,37.31,18.19,791.5
2003-09-24,42662.96,0.0,384.19,33.33,15.6,664.51
2003-09-25,42509.52,0.0,362.15,30.05,13.97,593.91
2003-09-26,42356.21,0.0,384.32,31.82,13.95,592.79
2003-09-27,42203.03,0.0,376.17,32.35,14.87,632.06
2003-09-28,42050.02,0.0,375.0,31.92,14.45,613.82
2003-09-29,41897.21,0.0,351.73,29.64,13.85,588.72
2003-09-30,41744.61,0.0,375.8,31.18,13.48,573.73
2003-10-01,41592.26,0.0,340.23,28.21,13.06,557.41
2003-10-02,41440.19,0.0,369.91,28.63,11.34,493.95
2003-10-03,41288.41,0.0,370.36,29.18,11.59,502.61
2003-10-04,41136.97,0.0,338.34,28.26,12.79,546.79
2003-10-05,40985.88,0.0,365.86,30.39,12.64,541.24
2003-10-06,40835.18,0.0,371.69,32.62,13.87,589.65
2003-10-07,40684.9,0.0,358.59,31.51,13.69,582.31
2003-10-08,40535.06,0.0,345.89,29.69,12.78,546.48
2003-10-09,40385.69,0.0,329.36,27.06,11.24,490.51
2003-10-10,40236.83,0.0,332.9,26.0,9.87,444.91
2003-10-11,40088.51,0.0,377.93,28.98,8.6,405.94
2003-10-12,39940.76,0.0,346.54,28.84,11.12,486.1
2003-10-13,39793.61,0.0,356.94,29.36,10.46,463.94
2003-10-14,39647.09,0.0,351.96,29.63,10.9,478.78
2003-10-15,39501.25,0.0,347.86,28.45,9.97,448.14
2003-10-16,39356.1,0.0,346.31,30.07,11.36,494.75
2003-10-17,39211.7,0.0,341.22,30.86,12.27,527.4
2003-10-18,39068.07,0.0,339.68,31.5,12.76,545.61
2003-10-19,38925.25,0.0,315.11,30.88,14.18,602.26
2003-10-20,38783.28,0.0,330.0,33.14,14.75,626.78
2003-10-21,38642.19,0.0,328.97,34.89,16.15,689.5
2003-10-22,38502.03,0.0,314.62,31.29,14.1,599.01
2003-10-23,38362.83,0.0,311.7,29.21,12.28,527.55
2003-10-24,38224.64,0.0,323.73,30.72,12.27,527.43
2003-10-25,38087.5,0.0,325.37,32.27,13.12,559.84
2003-10-26,37951.44,0.0,316.47,32.69,14.1,599.09
2003-10-27,37816.52,0.0,307.95,32.34,14.33,608.76
2003-10-28,37682.77,0.0,319.06,33.26,13.67,581.37
2003-10-29,37550.23,0.0,252.23,28.06,14.47,614.86
2003-10-30,37418.96,0.0,248.2,18.27,5.31,333.02
2003-10-31,37289.0,0.57,179.42,13.76,4.82,508.23
2003-11-01,37160.4,0.0,227.44,15.2,3.55,357.8
2003-11-02,37033.19,11.12,156.82,14.44,3.74,526.09
2003-11-03,36907.44,0.0,192.08,14.45,4.82,476.08
2003-11-04,36783.19,0.0,255.92,15.95,2.35,283.47
2003-11-05,36660.48,0.0,227.07,17.6,5.85,403.79
2003-11-06,36539.37,5.27,166.32,18.03,6.39,575.29
2003-11-07,36419.9,0.0,203.92,20.54,9.97,645.72
2003-11-08,36302.14,17.13,105.1,18.15,10.97,1127.36
2003-11-09,36186.12,6.71,113.19,17.11,9.34,1174.21
2003-11-10,36071.9,0.0,228.34,18.94,6.64,828.89
2003-11-11,35959.54,0.0,247.41,19.73,5.94,755.24
2003-11-12,35849.07,0.0,260.14,20.53,5.56,712.57
2003-11-13,35740.56,0.0,199.16,19.5,8.97,1030.24
2003-11-14,35634.07,4.25,135.16,16.58,7.36,1026.52
2003-11-15,35529.63,2.88,129.35,15.05,6.48,966.14
2003-11-16,35427.3,0.0,212.65,15.29,4.42,808.31
2003-11-17,35327.15,0.0,170.85,15.55,7.22,1016.28
2003-11-18,35229.21,0.0,256.46,19.57,5.07,761.42
2003-11-19,35133.54,0.0,232.07,20.12,7.6,941.1
2003-11-20,35040.19,0.0,200.3,16.72,6.77,928.24
2003-11-21,34949.23,0.0,217.59,13.44,2.66,696.71
2003-11-22,34860.68,0.0,257.38,14.6,0.55,555.68
2003-11-23,34774.62,0.0,273.29,15.62,-0.5,497.62
2003-11-24,34691.08,0.0,232.58,14.12,2.22,656.94
2003-11-25,34610.12,0.0,245.14,13.47,0.59,577.11
2003-11-26,34531.79,0.0,251.16,15.69,2.06,621.25
2003-11-27,34456.13,0.0,258.33,16.45,1.95,605.26
2003-11-28,34383.19,0.0,205.57,16.45,6.34,901.04
2003-11-29,34313.02,0.0,159.72,15.16,7.81,1058.31
2003-11-30,34245.66,0.0,155.71,15.61,8.42,1103.09
2003-12-01,34181.16,4.17,136.7,18.19,9.34,1174.25
2003-12-02,34119.56,0.0,196.55,18.55,8.78,1099.7
2003-12-03,34060.89,0.0,198.46,17.0,7.16,993.24
2003-12-04,34005.21,2.79,119.63,13.42,6.17,945.95
2003-12-05,33952.54,0.46,162.41,15.66,8.17,1084.56
2003-12-06,33902.93,22.28,121.16,17.77,10.21,1244.92
2003-12-07,33856.4,0.0,167.33,15.41,7.74,1053.33
2003-12-08,33812.99,0.0,219.64,13.66,2.59,735.86
2003-12-09,33772.73,13.84,140.99,12.79,3.91,807.94
2003-12-10,33735.65,22.64,98.58,13.24,7.44,1032.08
2003-12-11,33701.78,0.0,161.35,11.7,4.59,847.4
2003-12-12,33671.14,14.32,137.29,11.57,3.4,779.21
2003-12-13,33643.75,16.85,125.04,14.34,6.95,997.94
2003-12-14,33619.63,0.0,175.48,13.21,5.43,898.37
2003-12-15,33598.8,0.0,219.02,13.0,2.28,719.93
2003-12-16,33581.28,0.0,235.98,14.62,2.07,708.85
2003-12-17,33567.07,0.0,229.78,14.68,2.58,735.47
2003-12-18,33556.19,0.0,238.62,17.53,4.06,816.44
2003-12-19,33548.66,4.92,165.82,18.06,6.38,959.55
2003-12-20,33544.46,2.96,93.75,13.69,8.32,1095.75
2003-12-21,33543.61,0.0,194.98,16.22,6.96,998.75
2003-12-22,33546.1,0.0,203.38,14.3,4.75,857.08
2003-12-23,33551.94,7.9,125.44,13.47,6.33,956.57
2003-12-24,33561.12,26.73,55.61,11.97,9.16,1159.7
2003-12-25,33573.63,1.24,86.84,9.89,6.7,980.98
2003-12-26,33589.47,0.0,217.64,10.43,1.1,661.32
2003-12-27,33608.62,0.0,234.91,10.28,-0.27,598.94
2003-12-28,33631.07,6.4,171.46,9.38,-0.52,588.14
2003-12-29,33656.79,16.12,100.13,9.65,4.8,860.01
2003-12-30,33685.79,0.0,175.86,12.7,5.91,928.94
2003-12-31,33718.02,24.13,130.14,12.4,5.79,921.44
2004-01-01,33753.63,19.95,78.92,10.14,6.39,960.44
2004-01-02,33792.29,1.98,170.0,9.84,3.51,785.57
2004-01-03,33834.11,0.0,233.28,9.57,-0.31,597.13
2004-01-04,33879.07,0.0,252.9,11.8,-0.04,608.95
2004-01-05,33927.13,0.0,251.76,11.42,-0.14,604.69
2004-01-06,33978.27,5.26,158.21,11.16,2.83,748.64
2004-01-07,34032.43,1.6,206.84,15.26,6.94,997.08
2004-01-08,34089.6,0.0,250.51,20.5,8.02,1073.38
2004-01-09,34149.72,0.0,234.32,18.14,7.81,1058.26
2004-01-10,34212.77,0.0,229.3,17.08,7.35,1025.57
2004-01-11,34278.69,0.0,231.33,16.76,7.03,1003.46
2004-01-12,34347.45,0.0,192.72,14.15,6.95,998.1
2004-01-13,34419.0,0.0,215.86,14.65,6.27,952.47
2004-01-14,34493.29,0.0,204.66,12.95,5.37,894.65
2004-01-15,34570.28,0.0,202.33,11.69,4.35,833.34
2004-01-16,34649.92,0.0,130.33,10.33,6.0,934.62
2004-01-17,34732.16,0.0,153.28,10.07,4.95,868.78
2004-01-18,34816.96,0.0,211.69,11.38,3.82,802.94
2004-01-19,34904.26,0.0,162.76,9.69,4.32,831.5
2004-01-20,34994.01,0.0,186.95,10.7,4.4,835.91
2004-01-21,35086.16,0.0,289.95,14.52,1.12,662.09
2004-01-22,35180.67,0.0,286.14,14.07,1.53,682.01
2004-01-23,35277.47,0.9,286.85,14.39,1.97,703.83
2004-01-24,35376.51,0.59,171.06,10.57,5.1,878.06
2004-01-25,35477.75,0.0,240.61,11.56,3.16,765.9
2004-01-26,35581.13,5.85,200.38,11.77,1.89,699.69
2004-01-27,35686.6,8.81,168.48,11.8,4.33,832.08
2004-01-28,35794.1,0.0,243.9,11.71,3.43,780.8
2004-01-29,35903.58,0.15,272.26,12.13,2.36,723.83
2004-01-30,36014.99,3.22,154.29,10.55,4.14,821.28
2004-01-31,36128.28,0.0,284.24,11.78,1.36,673.61
2004-02-01,36243.4,6.82,181.53,11.05,3.1,763.11
2004-02-02,36360.29,12.9,133.35,11.27,5.94,931.02
2004-02-03,36478.9,0.0,190.76,10.23,4.66,851.65
2004-02-04,36599.19,0.0,299.28,13.09,2.5,730.97
2004-02-05,36721.1,0.0,324.91,14.1,1.23,667.54
2004-02-06,36844.58,4.13,233.99,15.37,3.69,795.51
2004-02-07,36969.58,0.0,324.94,14.95,2.42,727.09
2004-02-08,37096.06,0.0,334.52,13.95,0.79,646.92
2004-02-09,37223.96,0.0,350.4,17.56,1.63,687.23
2004-02-10,37353.25,0.0,345.25,16.62,2.04,707.45
2004-02-11,37483.86,0.0,349.03,17.17,2.11,711.12
2004-02-12,37615.76,0.0,354.0,18.91,2.87,750.31
2004-02-13,37748.91,0.0,296.35,17.53,7.06,1005.64
2004-02-14,37883.24,0.0,329.42,18.88,5.98,933.7
2004-02-15,38018.74,5.42,231.81,18.41,7.02,1002.8
2004-02-16,38155.34,9.08,172.97,17.02,9.57,1192.25
2004-02-17,38293.01,21.88,179.68,18.97,11.11,1321.72
2004-02-18,38431.7,0.0,295.3,16.2,6.09,940.23
2004-02-19,38571.38,0.0,318.96,14.66,3.41,779.67
2004-02-20,38712.0,1.46,281.01,15.13,6.0,934.97
2004-02-21,38853.53,2.37,153.07,13.49,7.51,1037.18
2004-02-22,38995.93,1.94,168.69,12.86,8.16,1083.75
2004-02-23,39139.16,5.48,212.44,15.71,7.01,1002.16
2004-02-24,39283.18,21.76,174.68,14.65,7.97,1069.91
2004-02-25,39427.95,34.45,123.37,12.13,7.75,1053.87
2004-02-26,39573.45,13.53,160.99,10.97,5.25,887.38
2004-02-27,39719.63,0.0,329.68,13.08,3.2,768.28
2004-02-28,39866.46,0.0,392.76,16.3,2.06,708.41
2004-02-29,40013.92,0.0,338.86,13.87,3.53,786.31
2004-03-01,40161.95,9.93,190.15,12.78,5.93,930.32
2004-03-02,40310.55,0.0,414.77,19.14,2.66,739.64
2004-03-03,40459.66,0.0,378.84,15.68,3.04,759.88
2004-03-04,40609.26,0.0,400.52,18.64,3.87,805.36
2004-03-05,40759.33,0.0,375.85,18.16,5.43,898.19
2004-03-06,40909.82,0.0,394.18,20.9,6.66,977.95
2004-03-07,41060.72,0.0,418.4,24.52,7.25,1018.71
2004-03-08,41211.99,0.0,405.86,25.43,9.42,1180.31
2004-03-09,41363.6,0.0,409.58,27.42,10.65,1281.89
2004-03-10,41515.52,0.0,399.27,28.11,12.36,1435.19
2004-03-11,41667.74,0.0,401.35,25.63,10.58,1275.57
2004-03-12,41820.21,0.0,395.01,25.06,10.83,1297.64
2004-03-13,41972.92,0.0,416.58,25.99,10.11,1236.19
2004-03-14,42125.83,0.0,384.05,25.95,12.52,1450.82
2004-03-15,42278.93,0.0,413.21,27.34,11.66,1371.04
2004-03-16,42432.18,0.0,424.53,27.56,10.95,1307.62
2004-03-17,42585.56,0.0,422.87,28.08,11.42,1348.9
2004-03-18,42739.04,0.0,407.09,28.54,12.97,1494.42
2004-03-19,42892.59,0.0,413.87,27.57,11.76,1379.82
2004-03-20,43046.2,0.0,436.37,28.82,10.86,1299.93
2004-03-21,43199.83,0.0,416.53,26.61,10.8,1294.56
2004-03-22,43353.46,0.0,377.98,23.88,10.79,1294.14
2004-03-23,43507.07,0.0,396.51,21.93,7.99,1071.83
2004-03-24,43660.63,0.0,393.86,20.51,6.9,994.81
2004-03-25,43814.11,12.07,201.77,15.73,7.59,1042.75
2004-03-26,43967.49,0.0,357.39,16.08,4.58,846.71
2004-03-27,44120.74,0.0,371.12,20.08,7.53,1038.56
2004-03-28,44273.83,0.0,447.07,24.7,6.99,1001.05
2004-03-29,44426.75,0.0,423.81,26.84,10.41,1261.35
2004-03-30,44579.46,0.0,323.19,17.66,7.31,1023.08
2004-03-31,44731.93,0.0,379.71,20.26,7.25,1019.07
2004-04-01,44884.14,0.0,444.8,22.13,5.42,897.91
2004-04-02,45036.07,0.0,439.46,24.38,7.66,1047.33
2004-04-03,45187.68,0.0,411.75,24.58,9.6,1194.49
2004-04-04,45338.95,0.0,423.19,22.95,7.6,1043.41
2004-04-05,45489.85,0.0,399.16,18.86,5.36,894.22
2004-04-06,45640.34,0.0,432.73,20.08,4.86,863.52
2004-04-07,45790.41,0.0,459.31,24.28,6.92,982.17
2004-04-08,45940.01,0.0,440.68,25.64,9.35,1162.18
2004-04-09,46089.13,0.0,464.57,28.38,10.11,1185.83
2004-04-10,46237.72,0.0,465.06,30.26,11.54,1290.21
2004-04-11,46385.76,0.0,460.89,28.1,10.19,1194.22
2004-04-12,46533.21,0.0,445.4,25.73,9.28,1148.01
2004-04-13,46680.05,0.0,411.25,20.93,7.01,1002.14
2004-04-14,46826.23,0.0,385.14,19.52,7.03,1003.33
2004-04-15,46971.73,0.0,335.84,16.97,6.77,985.41
2004-04-16,47116.51,0.0,414.59,18.91,5.55,906.02
2004-04-17,47260.53,0.0,378.54,18.87,7.18,1013.6
2004-04-18,47403.76,0.0,365.05,17.39,6.46,965.15
2004-04-19,47546.16,3.02,283.42,19.83,8.41,1102.51
2004-04-20,47687.69,0.06,372.48,20.99,9.81,1211.83
2004-04-21,47828.31,0.0,425.97,21.49,8.13,1081.45
2004-04-22,47968.0,0.0,525.03,26.19,5.85,852.27
2004-04-23,48106.69,0.0,490.45,27.35,9.48,1106.69
2004-04-24,48244.36,0.0,490.87,29.78,11.17,1219.81
2004-04-25,48380.97,0.0,493.55,32.96,13.2,1368.8
2004-04-26,48516.46,0.0,484.77,35.26,15.46,1555.84
2004-04-27,48650.8,0.0,460.82,34.74,16.79,1693.01
2004-04-28,48783.95,0.0,440.91,29.13,13.53,1431.73
2004-04-29,48915.85,0.0,463.29,28.05,11.35,1223.95
2004-04-30,49046.47,0.0,506.07,29.87,10.0,1058.29
2004-05-01,49175.75,0.0,500.32,32.43,12.41,1228.44
2004-05-02,49303.66,0.0,491.23,34.96,15.0,1415.41
2004-05-03,49430.14,0.0,493.28,36.66,16.21,1444.83
2004-05-04,49555.15,0.0,476.69,32.98,14.49,1341.59
2004-05-05,49678.63,0.0,478.15,28.19,10.44,1055.61
2004-05-06,49800.54,0.0,494.8,28.72,9.81,990.9
2004-05-07,49920.83,0.0,462.01,25.84,9.36,997.33
2004-05-08,50039.45,0.0,434.42,24.89,9.94,1070.83
2004-05-09,50156.35,0.0,494.5,26.87,8.52,903.26
2004-05-10,50271.47,0.0,451.17,24.91,9.3,1006.47
2004-05-11,50384.76,0.0,465.5,23.57,7.47,884.64
2004-05-12,50496.18,0.0,504.73,26.95,8.14,867.05
2004-05-13,50605.67,0.0,509.28,30.02,10.28,973.28
2004-05-14,50713.17,0.0,506.41,31.67,11.65,1056.7
2004-05-15,50818.64,0.0,468.17,29.34,11.91,1136.35
2004-05-16,50922.03,0.0,448.77,28.88,12.53,1186.33
2004-05-17,51023.27,0.0,472.33,25.85,8.64,877.32
2004-05-18,51122.32,0.0,442.2,24.89,9.39,861.03
2004-05-19,51219.12,0.0,489.42,26.75,8.47,742.43
2004-05-20,51313.63,0.0,473.36,26.37,8.92,785.07
2004-05-21,51405.79,0.0,458.77,25.12,8.52,781.28
2004-05-22,51495.55,0.0,404.67,23.97,10.09,933.82
2004-05-23,51582.85,0.0,457.75,24.42,8.18,746.01
2004-05-24,51667.65,0.0,492.07,27.35,9.09,695.46
2004-05-25,51749.9,0.0,487.31,27.7,10.12,576.55
2004-05-26,51829.55,0.0,523.81,30.38,10.62,469.18
2004-05-27,51906.55,2.59,355.76,29.5,12.89,550.81
2004-05-28,51980.84,0.0,417.81,25.77,12.15,522.91
2004-05-29,52052.4,0.0,506.49,27.73,9.46,431.77
2004-05-30,52121.16,0.0,527.66,32.13,12.0,517.52
2004-05-31,52187.09,0.0,517.71,35.48,15.69,668.45
2004-06-01,52250.14,0.0,524.8,35.88,15.52,660.79
2004-06-02,52310.27,0.0,510.65,35.56,16.3,696.61
2004-06-03,52367.45,0.0,516.83,33.36,13.93,592.03
2004-06-04,52421.62,0.0,520.25,32.8,13.16,561.25
2004-06-05,52472.76,0.0,523.92,33.3,13.32,567.64
2004-06-06,52520.83,0.0,515.5,33.55,14.06,597.51
2004-06-07,52565.79,0.0,459.58,27.22,11.5,499.57
2004-06-08,52607.62,0.0,464.84,25.05,9.26,425.69
2004-06-09,52646.29,0.0,495.78,27.75,10.06,450.87
2004-06-10,52681.76,0.0,515.29,28.86,9.79,442.33
2004-06-11,52714.01,0.0,517.94,30.91,11.46,498.26
2004-06-12,52743.03,0.0,516.84,32.86,13.29,566.37
2004-06-13,52768.78,0.0,520.95,34.51,14.46,614.13
2004-06-14,52791.24,0.0,519.02,35.51,15.4,655.16
2004-06-15,52810.42,0.0,504.7,38.1,18.55,811.07
2004-06-16,52826.27,0.0,492.86,37.63,18.87,828.29
2004-06-17,52838.81,0.0,461.69,29.66,13.44,572.4
2004-06-18,52848.01,0.0,483.3,30.05,12.67,542.22
2004-06-19,52853.87,0.0,504.52,31.43,12.62,540.43
2004-06-20,52856.39,0.0,516.27,31.92,12.21,524.98
2004-06-21,52855.56,0.0,518.25,33.51,13.33,567.85
2004-06-22,52851.38,0.0,496.61,33.23,14.46,614.17
2004-06-23,52843.87,0.0,500.89,32.82,13.8,586.84
2004-06-24,52833.01,0.0,497.38,32.77,13.94,592.59
2004-06-25,52818.83,0.0,499.42,32.38,13.48,574.05
2004-06-26,52801.33,0.0,503.41,33.46,14.12,600.04
2004-06-27,52780.52,0.0,514.51,35.39,14.91,633.4
2004-06-28,52756.42,0.0,453.82,35.03,18.29,797.22
2004-06-29,52729.05,0.0,424.76,29.05,14.31,607.96
2004-06-30,52698.43,0.0,455.57,28.88,12.75,545.22
2004-07-01,52664.58,0.0,510.7,32.27,12.66,541.9
2004-07-02,52627.52,0.0,516.32,35.05,14.68,623.82
2004-07-03,52587.29,0.0,482.57,35.18,17.01,731.11
2004-07-04,52543.9,0.0,524.78,36.99,15.71,669.37
2004-07-05,52497.39,0.0,501.13,37.2,17.58,759.68
2004-07-06,52447.79,0.0,457.14,34.88,18.17,790.71
2004-07-07,52395.15,0.0,426.3,30.88,16.04,684.47
2004-07-08,52339.48,0.0,470.71,30.39,13.33,568.02
2004-07-09,52280.84,0.0,469.53,29.85,12.9,551.31
2004-07-10,52219.25,0.0,516.8,33.1,12.88,550.46
2004-07-11,52154.77,0.0,531.97,35.53,13.77,585.39
2004-07-12,52087.43,0.0,478.41,35.76,17.67,764.29
2004-07-13,52017.28,0.0,507.83,34.6,14.77,627.59
2004-07-14,51944.36,0.0,505.25,34.83,15.14,643.64
2004-07-15,51868.72,0.0,520.19,35.87,14.92,634.09
2004-07-16,51790.4,0.0,484.68,36.15,17.56,758.97
2004-07-17,51709.46,0.0,465.54,35.67,18.2,792.43
2004-07-18,51625.94,0.0,464.1,35.71,18.31,797.81
2004-07-19,51539.89,0.0,464.7,35.12,17.76,768.98
2004-07-20,51451.36,0.0,491.42,36.44,17.32,746.47
2004-07-21,51360.41,0.0,481.71,37.98,19.28,851.22
2004-07-22,51267.08,0.0,452.94,36.11,19.31,852.83
2004-07-23,51171.43,0.0,441.32,35.22,19.16,844.51
2004-07-24,51073.5,0.0,485.79,36.25,17.55,758.38
2004-07-25,50973.36,0.0,522.31,38.41,16.69,715.57
2004-07-26,50871.05,0.0,495.94,37.91,18.19,791.58
2004-07-27,50766.63,0.0,456.72,35.01,18.07,785.46
2004-07-28,50660.14,0.0,474.23,34.0,16.12,688.37
2004-07-29,50551.65,0.0,488.77,33.42,14.59,619.59
2004-07-30,50441.2,0.0,480.93,33.33,14.9,633.26
2004-07-31,50328.84,0.0,472.46,32.02,14.23,604.62
2004-08-01,50214.64,0.0,448.59,29.69,13.47,573.65
2004-08-02,50098.63,0.0,458.73,29.59,12.84,548.91
2004-08-03,49980.87,0.0,508.58,32.84,12.63,540.79
2004-08-04,49861.42,0.0,472.7,32.68,14.86,631.36
2004-08-05,49740.32,0.0,459.97,31.79,14.73,625.79
2004-08-06,49617.62,0.0,509.22,33.97,13.29,566.21
2004-08-07,49493.38,0.0,510.19,36.75,15.45,657.48
2004-08-08,49367.64,0.0,472.97,37.58,18.69,818.79
2004-08-09,49240.44,0.0,485.8,37.81,17.98,780.79
2004-08-10,49111.85,0.0,513.02,39.64,17.32,746.58
2004-08-11,48981.89,0.0,471.55,39.47,20.19,904.13
2004-08-12,48850.63,0.0,434.94,37.31,20.53,924.65
2004-08-13,48718.11,0.0,447.02,34.63,17.46,753.91
2004-08-14,48584.37,0.0,423.53,31.15,15.62,664.99
2004-08-15,48449.45,0.0,464.81,31.79,13.86,589.09
2004-08-16,48313.4,0.0,484.55,35.29,15.54,661.76
2004-08-17,48176.26,0.0,493.02,37.05,16.26,694.81
2004-08-18,48038.08,0.0,448.72,37.31,19.41,858.65
2004-08-19,47898.89,0.0,430.06,35.68,19.04,837.91
2004-08-20,47758.73,0.0,448.15,34.07,16.5,706.33
2004-08-21,47617.65,0.0,404.94,31.27,16.27,695.59
2004-08-22,47475.69,0.0,401.5,28.72,14.04,596.49
2004-08-23,47332.87,0.0,398.39,30.37,15.75,671.16
2004-08-24,47189.25,0.0,426.5,30.82,14.76,627.25
2004-08-25,47044.85,0.0,439.43,30.5,13.74,584.42
2004-08-26,46899.71,0.0,429.52,31.99,15.6,664.22
2004-08-27,46753.86,0.0,480.77,36.3,15.84,675.2
2004-08-28,46607.35,0.0,464.91,38.3,18.61,814.21
2004-08-29,46460.21,0.0,449.31,37.7,19.08,839.9
2004-08-30,46312.46,0.0,455.21,36.58,17.56,759.04
2004-08-31,46164.14,0.0,439.27,35.56,17.58,759.76
2004-09-01,46015.29,0.0,438.54,34.25,16.34,698.76
2004-09-02,45865.93,0.0,408.89,31.79,15.87,676.76
2004-09-03,45716.09,0.0,425.83,31.69,14.72,625.55
2004-09-04,45565.81,0.0,454.6,35.36,15.86,676.01
2004-09-05,45415.11,0.0,440.97,37.18,18.34,799.8
2004-09-06,45264.02,0.0,440.46,38.34,19.28,851.13
2004-09-07,45112.58,0.0,442.35,38.51,19.13,842.89
2004-09-08,44960.81,0.0,422.7,39.05,20.87,945.48
2004-09-09,44808.74,0.0,426.08,37.46,19.24,849.42
2004-09-10,44656.39,0.0,432.97,35.98,17.33,746.96
2004-09-11,44503.8,0.0,438.6,35.17,16.0,682.7
2004-09-12,44350.98,0.0,391.6,31.19,15.41,655.72
2004-09-13,44197.97,0.0,422.08,30.29,12.49,535.54
2004-09-14,44044.8,0.0,426.49,31.8,13.37,569.5
2004-09-15,43891.48,0.0,425.32,34.17,15.42,656.2
2004-09-16,43738.05,0.0,398.62,33.41,16.53,707.77
2004-09-17,43584.53,0.0,346.19,27.93,14.42,612.39
2004-09-18,43430.95,0.0,253.03,19.47,10.43,462.94
2004-09-19,43277.32,13.44,197.56,18.48,9.03,471.63
2004-09-20,43123.69,0.0,396.57,24.1,7.95,387.12
2004-09-21,42970.06,0.0,415.75,28.48,10.42,462.7
2004-09-22,42816.48,0.0,416.92,31.18,12.46,534.45
2004-09-23,42662.96,0.0,408.54,33.05,14.52,616.65
2004-09-24,42509.52,0.0,392.48,33.61,16.02,683.78
2004-09-25,42356.21,0.0,387.34,33.49,16.06,685.63
2004-09-26,42203.03,0.0,394.86,32.6,14.59,619.95
2004-09-27,42050.02,0.0,377.7,29.77,13.16,561.22
2004-09-28,41897.21,0.0,334.03,24.64,10.98,481.5
2004-09-29,41744.61,0.0,355.22,25.08,10.13,453.26
2004-09-30,41592.26,0.0,363.61,25.55,9.96,447.53
2004-10-01,41440.19,0.0,372.18,26.75,10.35,460.25
2004-10-02,41288.41,0.0,386.58,30.3,12.25,526.63
2004-10-03,41136.97,0.0,354.28,29.95,14.13,600.48
2004-10-04,40985.88,0.0,349.12,27.98,12.6,539.61
2004-10-05,40835.18,0.0,378.52,30.36,12.42,532.78
2004-10-06,40684.9,0.0,362.53,30.45,13.61,579.27
2004-10-07,40535.06,0.0,360.51,30.08,13.27,565.76
2004-10-08,40385.69,0.0,321.01,28.34,14.28,606.49
2004-10-09,40236.83,0.0,308.98,25.56,12.34,529.77
2004-10-10,40088.51,0.0,374.58,29.06,10.72,472.58
2004-10-11,39940.76,0.0,395.17,31.7,10.36,460.62
2004-10-12,39793.61,0.0,368.0,32.22,13.42,571.64
2004-10-13,39647.09,0.0,344.26,31.47,14.61,620.46
2004-10-14,39501.25,0.0,301.35,28.49,14.82,629.72
2004-10-15,39356.1,0.0,309.5,27.6,13.43,571.99
2004-10-16,39211.7,0.0,272.33,22.36,10.63,469.75
2004-10-17,39068.07,24.36,108.81,18.06,12.02,1073.84
2004-10-18,38925.25,8.96,116.7,16.78,10.14,1239.18
2004-10-19,38783.28,41.62,76.82,15.31,11.12,1322.28
2004-10-20,38642.19,3.61,153.28,17.42,8.57,1114.26
2004-10-21,38502.03,0.0,282.61,18.97,5.82,923.12
2004-10-22,38362.83,0.0,238.79,18.06,7.53,1038.2
2004-10-23,38224.64,6.42,76.43,16.04,11.96,1398.25
2004-10-24,38087.5,8.5,135.01,17.61,10.15,1239.5
2004-10-25,37951.44,26.01,163.71,17.47,8.34,1097.5
2004-10-26,37816.52,4.32,135.21,15.07,7.9,1065.14
2004-10-27,37682.77,0.0,252.12,15.91,5.35,893.61
2004-10-28,37550.23,0.0,259.37,16.15,5.1,878.27
2004-10-29,37418.96,0.0,266.76,18.47,6.72,982.16
2004-10-30,37289.0,0.0,279.68,19.4,6.62,975.52
2004-10-31,37160.4,0.0,282.66,19.29,6.23,949.8
2004-11-01,37033.19,0.0,303.11,19.86,4.92,867.22
2004-11-02,36907.44,8.08,207.49,20.35,7.37,1026.89
2004-11-03,36783.19,18.57,100.84,13.65,8.47,1107.26
2004-11-04,36660.48,0.0,252.02,17.09,6.28,952.7
2004-11-05,36539.37,0.0,295.73,18.48,4.14,821.21
2004-11-06,36419.9,0.0,290.28,19.44,5.31,891.06
2004-11-07,36302.14,0.0,269.98,18.6,6.14,943.61
2004-11-08,36186.12,0.0,144.44,14.9,9.31,1171.4
2004-11-09,36071.9,3.44,92.32,15.72,11.08,1319.19
2004-11-10,35959.54,6.12,75.42,14.52,10.95,1307.68
2004-11-11,35849.07,9.51,82.84,14.22,10.42,1262.43
2004-11-12,35740.56,4.73,189.03,17.39,7.22,1016.47
2004-11-13,35634.07,0.0,234.36,18.77,9.51,1187.92
2004-11-14,35529.63,0.0,248.49,18.58,8.47,1107.3
2004-11-15,35427.3,0.0,252.29,19.19,8.63,1119.06
2004-11-16,35327.15,0.0,259.02,19.11,7.77,1055.45
2004-11-17,35229.21,0.0,214.92,15.38,7.05,1004.58
2004-11-18,35133.54,0.0,192.58,13.5,6.23,950.0
2004-11-19,35040.19,0.0,218.02,14.47,5.81,922.32
2004-11-20,34949.23,0.0,265.01,16.71,4.35,833.01
2004-11-21,34860.68,0.0,281.72,17.02,2.21,715.99
2004-11-22,34774.62,0.0,253.36,14.61,2.87,750.56
2004-11-23,34691.08,0.0,258.13,16.39,3.67,794.07
2004-11-24,34610.12,0.0,258.77,17.0,3.77,799.79
2004-11-25,34531.79,0.0,200.32,13.49,4.86,863.2
2004-11-26,34456.13,17.82,150.09,14.11,5.41,897.0
2004-11-27,34383.19,7.76,120.05,13.1,6.54,970.11
2004-11-28,34313.02,0.0,226.17,12.28,2.07,708.75
2004-11-29,34245.66,0.0,242.29,11.34,-0.13,604.76
2004-11-30,34181.16,0.0,240.25,11.99,0.58,636.83
2004-12-01,34119.56,0.0,245.25,11.61,-0.24,600.1
2004-12-02,34060.89,0.0,260.99,13.51,-0.55,586.63
2004-12-03,34005.21,0.0,260.95,13.58,-0.98,568.7
2004-12-04,33952.54,0.0,244.96,13.07,0.35,626.37
2004-12-05,33902.93,0.0,244.34,14.74,1.81,695.98
2004-12-06,33856.4,13.38,130.31,12.05,4.56,845.3
2004-12-07,33812.99,25.85,84.78,11.96,7.4,1029.42
2004-12-08,33772.73,2.73,104.49,15.05,9.18,1161.39
2004-12-09,33735.65,0.0,173.64,18.99,11.01,1313.13
2004-12-10,33701.78,0.0,209.89,18.89,8.33,1096.32
2004-12-11,33671.14,0.0,197.76,17.82,8.08,1077.95
2004-12-12,33643.75,0.0,194.26,16.26,6.89,993.77
2004-12-13,33619.63,0.0,208.77,16.03,5.58,907.86
2004-12-14,33598.8,0.0,165.29,14.09,6.59,973.86
2004-12-15,33581.28,0.0,213.41,15.54,4.79,859.22
2004-12-16,33567.07,0.0,235.96,16.77,3.59,789.98
2004-12-17,33556.19,0.0,226.05,16.02,3.87,805.48
2004-12-18,33548.66,0.0,199.98,14.07,4.19,824.14
2004-12-19,33544.46,0.0,200.21,15.07,5.05,874.97
2004-12-20,33543.61,0.0,173.23,11.42,3.48,783.65
2004-12-21,33546.1,0.0,217.21,13.43,2.47,729.61
2004-12-22,33551.94,0.0,226.99,12.91,1.14,663.44
2004-12-23,33561.12,0.0,242.15,14.54,0.92,652.56
2004-12-24,33573.63,0.0,222.14,12.74,1.51,681.16
2004-12-25,33589.47,0.0,229.56,13.14,1.13,662.8
2004-12-26,33608.62,0.0,230.32,14.39,2.08,709.7
2004-12-27,33631.07,10.99,83.44,13.62,8.74,1127.49
2004-12-28,33656.79,9.72,59.3,11.1,7.85,1061.23
2004-12-29,33685.79,24.14,73.68,11.24,7.22,1016.81
2004-12-30,33718.02,33.97,72.33,11.12,7.28,1020.97
2005-01-01,33753.63,5.04,135.59,11.33,5.1,878.05
2005-01-02,33792.29,15.58,55.17,8.52,6.29,953.86
2005-01-03,33834.11,4.06,62.54,8.16,5.62,910.29
2005-01-04,33879.07,1.05,177.41,9.71,3.79,800.96
2005-01-05,33927.13,0.0,205.75,11.69,4.41,836.77
2005-01-06,33978.27,3.3,168.59,13.49,5.04,874.26
2005-01-07,34032.43,22.65,142.15,11.86,5.42,898.04
2005-01-08,34089.6,10.83,112.84,11.39,6.56,971.71
2005-01-09,34149.72,9.78,120.83,11.49,6.3,954.35
2005-01-10,34212.77,25.03,104.19,10.65,6.31,955.06
2005-01-11,34278.69,8.35,128.76,9.19,3.76,799.26
2005-01-12,34347.45,0.0,251.94,10.04,0.54,634.94
2005-01-13,34419.0,0.0,219.33,8.69,1.34,673.04
2005-01-14,34493.29,0.0,259.25,11.18,1.24,667.8
2005-01-15,34570.28,0.0,218.93,10.92,3.61,790.85
2005-01-16,34649.92,0.0,247.79,13.87,4.78,858.58
2005-01-17,34732.16,0.0,210.74,11.73,4.9,865.9
2005-01-18,34816.96,0.0,222.93,12.98,5.58,907.91
2005-01-19,34904.26,0.0,242.53,14.3,5.84,924.51
2005-01-20,34994.01,0.0,255.75,15.07,5.81,922.45
2005-01-21,35086.16,0.0,245.46,13.88,5.5,902.78
2005-01-22,35180.67,0.0,247.35,13.32,4.99,871.62
2005-01-23,35277.47,0.0,273.97,15.0,4.84,862.54
2005-01-24,35376.51,0.0,289.12,17.3,5.52,904.16
2005-01-25,35477.75,7.35,191.09,17.82,8.95,1143.78
2005-01-26,35581.13,11.77,104.83,13.88,9.92,1220.56
2005-01-27,35686.6,19.66,169.41,14.09,7.2,1015.01
2005-01-28,35794.1,9.11,154.9,11.48,5.55,905.8
2005-01-29,35903.58,0.0,284.54,12.67,3.04,759.47
2005-01-30,36014.99,0.0,311.63,13.56,1.6,685.53
2005-01-31,36128.28,0.0,313.93,15.65,3.12,763.97
2005-02-01,36243.4,0.0,324.74,18.92,3.86,805.1
2005-02-02,36360.29,0.0,318.94,18.24,4.44,838.3
2005-02-03,36478.9,0.0,318.21,17.64,4.18,823.4
2005-02-04,36599.19,0.0,311.97,18.26,5.5,903.05
2005-02-05,36721.1,0.0,300.35,16.69,5.39,895.79
2005-02-06,36844.58,0.0,275.46,14.54,5.14,880.24
2005-02-07,36969.58,2.75,206.02,14.53,5.16,881.71
2005-02-08,37096.06,0.0,302.09,16.29,5.1,877.91
2005-02-09,37223.96,0.0,315.79,18.06,5.55,906.21
2005-02-10,37353.25,0.0,296.37,17.51,6.52,968.81
2005-02-11,37483.86,3.88,163.07,16.31,9.34,1174.37
2005-02-12,37615.76,0.0,285.13,17.96,7.88,1063.72
2005-02-13,37748.91,1.84,227.63,15.85,8.69,1123.42
2005-02-14,37883.24,5.26,113.32,14.48,10.05,1231.17
2005-02-15,38018.74,16.93,125.94,14.79,9.93,1221.56
2005-02-16,38155.34,4.85,160.22,16.56,10.2,1244.12
2005-02-17,38293.01,3.01,218.62,19.07,9.43,1181.24
2005-02-18,38431.7,1.82,232.77,16.77,9.87,1216.78
2005-02-19,38571.38,9.83,209.35,16.59,8.03,1074.3
2005-02-20,38712.0,0.52,243.56,17.76,10.61,1278.12
2005-02-21,38853.53,1.21,271.12,19.19,10.98,1310.69
2005-02-22,38995.93,0.0,310.85,18.25,8.51,1110.26
2005-02-23,39139.16,0.0,332.41,17.19,6.62,975.49
2005-02-24,39283.18,0.0,262.91,15.31,8.01,1073.12
2005-02-25,39427.95,0.0,296.72,16.03,7.41,1029.91
2005-02-26,39573.45,0.0,339.98,17.2,6.49,967.09
2005-02-27,39719.63,13.18,229.91,17.37,8.27,1092.22
2005-02-28,39866.46,0.0,354.23,17.47,6.11,942.16
2005-03-01,40013.92,11.47,273.22,18.05,6.17,945.67
2005-03-02,40161.95,0.0,322.01,17.43,8.05,1075.76
2005-03-03,40310.55,1.83,352.67,16.52,6.05,937.76
2005-03-04,40459.66,0.0,316.02,16.57,7.95,1068.26
2005-03-05,40609.26,0.0,401.9,19.15,5.68,914.24
2005-03-06,40759.33,0.0,403.5,20.47,6.84,990.76
2005-03-07,40909.82,0.0,394.37,22.05,9.04,1150.5
2005-03-08,41060.72,0.0,404.7,23.48,9.41,1179.27
2005-03-09,41211.99,0.0,404.06,24.35,10.23,1246.16
2005-03-10,41363.6,0.0,427.42,27.92,10.18,1242.2
2005-03-11,41515.52,0.0,412.19,26.87,11.55,1361.2
2005-03-12,41667.74,0.0,398.35,25.11,11.56,1361.3
2005-03-13,41820.21,0.0,376.38,21.17,9.69,1201.89
2005-03-14,41972.92,0.0,437.73,23.72,7.25,1018.74
2005-03-15,42125.83,0.0,426.9,21.35,6.52,968.6
2005-03-16,42278.93,0.0,381.8,20.44,8.55,1113.27
2005-03-17,42432.18,0.0,385.12,19.4,7.41,1029.7
2005-03-18,42585.56,12.42,204.09,17.13,9.71,1203.92
2005-03-19,42739.04,22.78,146.02,15.17,10.18,1242.48
2005-03-20,42892.59,8.95,203.52,15.77,8.65,1120.29
2005-03-21,43046.2,19.03,226.57,16.4,8.36,1098.74
2005-03-22,43199.83,38.74,161.12,13.35,8.02,1073.69
2005-03-23,43353.46,19.07,203.61,14.01,7.18,1013.65
2005-03-24,43507.07,0.0,394.89,16.01,4.85,863.16
2005-03-25,43660.63,0.0,436.28,17.17,3.84,803.63
2005-03-26,43814.11,0.0,426.28,18.83,5.8,922.01
2005-03-27,43967.49,20.86,245.9,18.19,9.41,1179.4
2005-03-28,44120.74,3.1,245.63,16.04,7.51,1037.23
2005-03-29,44273.83,1.27,361.08,16.88,7.23,1017.22
2005-03-30,44426.75,0.0,471.51,19.65,4.07,817.15
2005-03-31,44579.46,0.0,481.31,21.99,5.17,882.26
2005-04-01,44731.93,0.0,411.61,22.31,9.94,1222.35
2005-04-02,44884.14,0.0,376.2,20.08,9.57,1192.39
2005-04-03,45036.07,8.39,255.7,16.81,7.84,1060.67
2005-04-04,45187.68,0.0,410.3,17.98,6.49,967.07
2005-04-05,45338.95,0.0,480.06,22.13,6.2,947.58
2005-04-06,45489.85,6.63,339.75,23.04,8.83,1134.51
2005-04-07,45640.34,5.78,223.36,14.9,7.6,1043.66
2005-04-08,45790.41,11.97,259.08,13.98,5.52,904.35
2005-04-09,45940.01,0.0,464.53,18.75,5.41,896.96
2005-04-10,46089.13,0.0,483.33,20.92,6.27,952.06
2005-04-11,46237.72,0.0,448.77,20.08,7.62,1044.63
2005-04-12,46385.76,0.0,453.08,17.45,5.17,882.11
2005-04-13,46533.21,0.0,487.79,17.29,3.33,775.36
2005-04-14,46680.05,0.0,510.42,19.2,3.51,785.22
2005-04-15,46826.23,0.0,523.87,23.2,5.27,888.7
2005-04-16,46971.73,0.0,497.02,24.46,8.63,1118.77
2005-04-17,47116.51,0.0,417.86,20.96,9.77,1208.29
2005-04-18,47260.53,0.0,484.01,20.85,6.34,956.96
2005-04-19,47403.76,0.0,492.14,21.65,6.32,955.72
2005-04-20,47546.16,0.0,504.47,23.05,6.44,963.66
2005-04-21,47687.69,0.0,512.77,24.29,6.45,964.48
2005-04-22,47828.31,2.19,335.14,24.88,10.89,1302.69
2005-04-23,47968.0,1.58,291.31,16.94,9.41,1179.74
2005-04-24,48106.69,0.0,387.94,19.27,8.66,1121.52
2005-04-25,48244.36,0.0,501.0,22.42,6.11,941.86
2005-04-26,48380.97,0.0,473.37,23.09,8.2,1086.69
2005-04-27,48516.46,8.42,274.04,20.21,10.14,1238.6
2005-04-28,48650.8,2.29,269.4,20.37,10.51,1269.64
2005-04-29,48783.95,0.0,447.46,22.17,8.87,1137.54
2005-04-30,48915.85,0.0,473.06,23.11,8.55,1112.86
2005-05-01,49046.47,0.0,466.65,24.95,10.4,1260.78
2005-05-02,49175.75,0.0,485.97,25.12,9.4,1178.53
2005-05-03,49303.66,0.0,454.48,23.96,9.98,1225.29
2005-05-04,49430.14,6.11,267.06,21.24,11.42,1348.78
2005-05-05,49555.15,13.16,165.15,18.21,12.65,1463.42
2005-05-06,49678.63,0.0,392.56,21.58,10.86,1299.89
2005-05-07,49800.54,3.89,297.09,20.03,9.26,1167.77
2005-05-08,49920.83,18.9,166.85,16.97,11.47,1353.79
2005-05-09,50039.45,10.11,261.07,17.27,8.44,1104.86
2005-05-10,50156.35,0.0,482.98,20.56,6.5,967.74
2005-05-11,50271.47,0.0,523.62,24.3,7.1,1007.98
2005-05-12,50384.76,0.0,521.2,26.61,8.92,1141.32
2005-05-13,50496.18,0.0,489.11,28.36,12.34,1433.35
2005-05-14,50605.67,0.0,484.35,27.55,12.01,1403.02
2005-05-15,50713.17,7.23,252.47,23.52,14.58,1658.48
2005-05-16,50818.64,0.0,364.68,20.86,11.46,1352.38
2005-05-17,50922.03,1.42,420.62,19.21,8.13,1081.68
2005-05-18,51023.27,3.9,276.98,21.44,11.96,1398.15
2005-05-19,51122.32,0.0,349.24,23.15,14.27,1626.06
2005-05-20,51219.12,0.0,461.88,25.28,12.28,1427.77
2005-05-21,51313.63,0.0,548.71,28.59,9.28,1169.16
2005-05-22,51405.79,0.0,529.0,30.91,12.45,1443.8
2005-05-23,51495.55,0.0,508.8,30.25,13.25,1521.84
2005-05-24,51582.85,0.0,523.57,32.46,13.42,1538.66
2005-05-25,51667.65,0.0,484.77,31.78,15.64,1776.48
2005-05-26,51749.9,0.0,523.01,33.26,13.9,1587.64
2005-05-27,51829.55,0.0,487.16,29.78,13.78,1574.72
2005-05-28,51906.55,0.0,442.64,23.86,11.0,1311.77
2005-05-29,51980.84,0.0,525.94,26.54,8.65,1120.58
2005-05-30,52052.4,0.0,530.61,30.04,10.73,1287.47
2005-05-31,52121.16,0.0,490.99,31.76,14.65,1665.37
2005-06-01,52187.09,0.0,474.79,30.16,14.39,1639.03
2005-06-02,52250.14,0.0,516.33,30.27,11.86,1372.64
2005-06-03,52310.27,0.0,514.77,31.89,12.89,1460.38
2005-06-04,52367.45,0.0,485.0,28.9,12.21,1421.22
2005-06-05,52421.62,0.0,459.2,24.39,9.74,1205.85
2005-06-06,52472.76,0.0,481.64,23.98,8.15,1083.11
2005-06-07,52520.83,6.72,361.31,22.77,6.8,988.06
2005-06-08,52565.79,10.49,234.53,20.23,11.13,1323.36
2005-06-09,52607.62,0.0,399.49,26.0,13.35,1531.67
2005-06-10,52646.29,0.0,500.71,29.79,11.45,1351.91
2005-06-11,52681.76,0.0,493.15,30.99,12.82,1479.85
2005-06-12,52714.01,0.0,511.4,32.98,12.91,1487.59
2005-06-13,52743.03,0.0,501.2,34.86,14.81,1681.23
2005-06-14,52768.78,0.0,460.78,33.34,16.05,1823.11
2005-06-15,52791.24,0.0,477.79,29.93,12.3,1429.8
2005-06-16,52810.42,5.39,236.19,20.95,11.34,1342.38
2005-06-17,52826.27,0.0,343.96,22.59,11.85,1387.82
2005-06-18,52838.81,0.0,438.32,25.17,10.27,1250.06
2005-06-19,52848.01,0.0,493.96,27.83,9.45,1161.69
2005-06-20,52853.87,0.0,501.29,29.37,10.35,1182.42
2005-06-21,52856.39,0.0,484.87,29.36,11.57,1197.41
2005-06-22,52855.56,0.0,519.99,31.43,11.11,1049.26
2005-06-23,52851.38,0.0,487.11,31.3,13.12,1238.75
2005-06-24,52843.87,0.0,463.17,29.09,12.55,1238.72
2005-06-25,52833.01,0.0,489.71,29.89,11.82,1144.9
2005-06-26,52818.83,0.0,487.55,29.63,11.88,1068.23
2005-06-27,52801.33,0.0,479.26,29.41,12.05,1078.45
2005-06-28,52780.52,0.0,515.52,32.41,12.31,1022.14
2005-06-29,52756.42,0.0,526.0,36.64,14.76,1150.59
2005-06-30,52729.05,0.0,490.21,38.18,18.28,1496.76
2005-07-01,52698.43,0.0,451.45,37.7,20.02,1760.53
2005-07-02,52664.58,0.0,454.38,35.74,18.36,1597.73
2005-07-03,52627.52,0.0,513.92,36.29,15.37,1165.21
2005-07-04,52587.29,0.0,493.07,37.01,17.21,1344.03
2005-07-05,52543.9,0.0,473.59,35.03,16.69,1353.4
2005-07-06,52497.39,0.0,487.57,34.73,15.68,1201.04
2005-07-07,52447.79,0.0,450.4,32.74,16.07,1273.81
2005-07-08,52395.15,0.0,462.51,30.82,13.81,1011.12
2005-07-09,52339.48,0.0,462.64,30.82,13.68,1003.46
2005-07-10,52280.84,0.0,515.46,33.6,12.87,850.82
2005-07-11,52219.25,0.0,515.16,36.92,15.5,983.21
2005-07-12,52154.77,0.0,484.94,39.46,19.44,1310.46
2005-07-13,52087.43,0.0,468.64,40.49,21.15,1493.13
2005-07-14,52017.28,0.0,459.17,41.34,22.26,1619.71
2005-07-15,51944.36,0.0,443.94,40.58,22.44,1692.18
2005-07-16,51868.72,0.0,474.18,42.3,21.86,1533.68
2005-07-17,51790.4,0.0,439.08,40.75,22.43,1708.68
2005-07-18,51709.46,0.0,433.0,39.05,21.33,1631.67
2005-07-19,51625.94,0.0,477.26,38.54,18.5,1271.71
2005-07-20,51539.89,0.0,482.29,38.5,18.12,1232.53
2005-07-21,51451.36,0.0,396.24,34.97,19.59,1604.87
2005-07-22,51360.41,0.0,507.24,37.82,15.94,1014.43
2005-07-23,51267.08,0.0,510.05,40.67,17.84,1100.83
2005-07-24,51171.43,0.0,427.94,39.26,21.55,1632.12
2005-07-25,51073.5,0.0,486.19,38.64,17.76,1165.4
2005-07-26,50973.36,0.0,452.43,39.36,20.24,1443.63
2005-07-27,50871.05,0.0,461.87,38.35,19.07,1227.93
2005-07-28,50766.63,0.0,461.73,37.42,18.36,1156.46
2005-07-29,50660.14,0.0,473.1,37.75,17.99,1103.08
2005-07-30,50551.65,0.0,472.51,38.97,18.96,1166.28
2005-07-31,50441.2,0.0,439.36,39.19,20.91,1409.88
2005-08-01,50328.84,0.0,448.05,38.62,19.93,1311.21
2005-08-02,50214.64,0.0,465.8,37.29,17.85,1123.61
2005-08-03,50098.63,0.0,483.36,37.93,17.43,976.99
2005-08-04,49980.87,0.0,487.03,39.06,18.52,832.53
2005-08-05,49861.42,0.0,477.98,40.75,20.4,948.47
2005-08-06,49740.32,0.0,453.44,40.7,21.83,1032.27
2005-08-07,49617.62,0.0,451.89,39.49,21.27,971.11
2005-08-08,49493.38,0.0,439.56,38.33,20.93,949.66
2005-08-09,49367.64,0.0,452.24,38.1,20.0,893.11
2005-08-10,49240.44,0.0,454.87,37.43,19.28,851.29
2005-08-11,49111.85,0.0,491.41,38.08,17.34,747.87
2005-08-12,48981.89,0.0,426.72,36.17,19.68,874.25
2005-08-13,48850.63,0.0,463.83,32.8,14.51,616.43
2005-08-14,48718.11,0.0,445.97,31.44,14.28,606.61
2005-08-15,48584.37,0.0,432.57,31.63,15.22,647.1
2005-08-16,48449.45,0.0,427.44,35.29,18.79,824.05
2005-08-17,48313.4,0.0,412.73,33.95,18.33,799.12
2005-08-18,48176.26,0.0,422.11,30.21,14.45,613.98
2005-08-19,48038.08,0.0,480.92,32.53,12.99,554.57
2005-08-20,47898.89,0.0,480.48,34.76,14.81,629.45
2005-08-21,47758.73,0.0,473.01,35.7,16.11,687.68
2005-08-22,47617.65,0.0,494.44,37.03,15.56,662.34
2005-08-23,47475.69,0.0,436.65,36.65,19.15,843.84
2005-08-24,47332.87,0.0,467.92,35.3,15.91,678.46
2005-08-25,47189.25,0.0,485.98,35.88,14.88,632.08
2005-08-26,47044.85,0.0,497.19,38.16,15.62,665.4
2005-08-27,46899.71,0.0,476.6,38.33,17.35,748.39
2005-08-28,46753.86,0.0,431.66,36.96,19.23,848.34
2005-08-29,46607.35,0.0,435.88,33.45,15.8,673.35
2005-08-30,46460.21,0.0,480.98,35.8,14.44,613.47
2005-08-31,46312.46,0.0,449.24,36.42,17.28,744.67
2005-09-01,46164.14,0.0,436.02,35.54,17.3,745.49
2005-09-02,46015.29,0.0,449.41,34.16,15.09,641.53
2005-09-03,45865.93,0.0,424.29,32.24,14.95,635.46
2005-09-04,45716.09,0.0,441.9,31.26,12.88,550.27
2005-09-05,45565.81,0.0,461.31,32.81,12.66,542.02
2005-09-06,45415.11,0.0,427.64,32.57,14.73,625.87
2005-09-07,45264.02,0.0,420.81,30.58,13.23,564.07
2005-09-08,45112.58,0.0,398.06,27.43,11.61,503.33
2005-09-09,44960.81,0.0,359.72,25.7,11.96,516.14
2005-09-10,44808.74,0.0,372.68,24.84,10.55,466.77
2005-09-11,44656.39,0.0,412.12,26.14,9.45,431.61
2005-09-12,44503.8,0.0,410.02,26.26,9.61,436.73
2005-09-13,44350.98,0.0,416.52,26.59,9.37,429.1
2005-09-14,44197.97,0.0,426.88,27.72,9.52,433.86
2005-09-15,44044.8,0.0,420.71,28.27,10.27,457.6
2005-09-16,43891.48,0.0,404.69,26.86,9.86,444.44
2005-09-17,43738.05,0.0,370.57,27.27,12.17,523.64
2005-09-18,43584.53,0.0,434.95,30.34,10.5,465.25
2005-09-19,43430.95,0.0,441.71,33.71,12.64,541.08
2005-09-20,43277.32,0.0,378.17,33.24,16.89,725.28
2005-09-21,43123.69,0.0,376.3,31.9,15.76,671.68
2005-09-22,42970.06,0.0,376.61,31.44,15.21,646.59
2005-09-23,42816.48,0.0,343.73,26.58,12.57,538.58
2005-09-24,42662.96,0.0,400.32,26.99,9.39,429.72
2005-09-25,42509.52,0.0,411.43,29.81,11.03,483.09
2005-09-26,42356.21,8.23,254.19,31.15,16.99,730.27
2005-09-27,42203.03,0.0,382.48,30.12,13.28,565.93
2005-09-28,42050.02,0.0,399.46,32.92,14.3,607.57
2005-09-29,41897.21,0.0,389.1,34.45,16.35,699.28
2005-09-30,41744.61,0.0,356.97,32.68,16.92,726.98
2005-10-01,41592.26,0.0,322.32,27.64,14.27,606.41
2005-10-02,41440.19,0.0,313.57,22.96,10.3,458.84
2005-10-03,41288.41,0.0,342.43,22.65,8.36,398.91
2005-10-04,41136.97,0.0,392.53,24.92,6.78,355.42
2005-10-05,40985.88,0.0,395.4,28.19,9.31,427.39
2005-10-06,40835.18,0.0,389.19,30.55,11.7,506.47
2005-10-07,40684.9,0.0,326.8,28.09,13.9,590.76
2005-10-08,40535.06,0.0,349.02,23.59,8.1,391.34
2005-10-09,40385.69,0.0,383.04,26.77,7.98,388.09
2005-10-10,40236.83,0.0,377.93,28.79,9.87,444.81
2005-10-11,40088.51,0.0,341.66,28.48,12.38,531.57
2005-10-12,39940.76,0.0,366.4,29.7,11.18,488.39
2005-10-13,39793.61,0.0,351.85,32.47,14.69,623.86
2005-10-14,39647.09,5.4,251.09,29.49,13.16,561.1
2005-10-15,39501.25,0.0,272.58,22.61,10.64,469.94
2005-10-16,39356.1,0.0,346.46,28.03,10.59,468.36
2005-10-17,39211.7,0.0,327.59,28.47,12.28,527.68
2005-10-18,39068.07,0.0,266.93,24.02,12.04,518.99
2005-10-19,38925.25,0.0,254.48,23.12,11.94,515.28
2005-10-20,38783.28,0.0,308.93,24.88,10.2,455.48
2005-10-21,38642.19,0.0,307.05,26.6,11.79,509.78
2005-10-22,38502.03,0.0,313.11,27.29,11.8,510.26
2005-10-23,38362.83,0.0,307.93,26.54,11.26,491.0
2005-10-24,38224.64,0.0,296.64,25.11,10.64,470.1
2005-10-25,38087.5,0.0,241.31,20.93,10.08,451.48
2005-10-26,37951.44,1.33,202.12,18.75,9.86,564.92
2005-10-27,37816.52,0.0,252.06,20.61,9.17,423.07
2005-10-28,37682.77,0.0,248.14,21.48,10.26,457.46
2005-10-29,37550.23,0.0,236.27,20.54,10.01,458.82
2005-10-30,37418.96,0.0,299.49,22.43,7.63,378.33
2005-10-31,37289.0,0.0,326.97,25.3,7.21,366.89
2005-11-01,37160.4,0.0,275.78,23.94,10.32,459.45
2005-11-02,37033.19,0.0,203.52,17.99,8.76,543.98
2005-11-03,36907.44,2.94,209.15,18.74,4.8,403.15
2005-11-04,36783.19,0.0,244.59,19.96,8.5,413.09
2005-11-05,36660.48,0.0,291.91,20.73,5.78,330.27
2005-11-06,36539.37,0.0,249.11,20.04,8.16,396.93
2005-11-07,36419.9,1.92,134.94,17.81,11.79,966.19
2005-11-08,36302.14,0.0,214.36,19.6,9.88,552.0
2005-11-09,36186.12,0.0,250.11,21.04,9.28,426.44
2005-11-10,36071.9,0.0,257.08,20.15,7.92,386.33
2005-11-11,35959.54,0.0,254.88,19.01,6.98,375.3
2005-11-12,35849.07,0.0,265.9,19.93,7.07,363.21
2005-11-13,35740.56,0.0,289.58,22.36,6.98,360.67
2005-11-14,35634.07,0.0,283.25,23.39,8.24,395.49
2005-11-15,35529.63,0.0,283.09,23.53,8.22,394.79
2005-11-16,35427.3,0.0,286.1,24.84,8.79,411.46
2005-11-17,35327.15,0.0,283.91,24.98,8.79,411.48
2005-11-18,35229.21,0.0,277.55,24.86,9.01,418.04
2005-11-19,35133.54,0.0,284.88,25.12,7.92,386.3
2005-11-20,35040.19,0.0,285.75,24.92,7.21,366.94
2005-11-21,34949.23,0.0,276.71,24.44,7.72,380.69
2005-11-22,34860.68,0.0,275.04,24.44,7.63,378.22
2005-11-23,34774.62,0.0,258.0,23.86,8.85,413.2
2005-11-24,34691.08,2.6,166.66,20.65,8.39,665.83
2005-11-25,34610.12,9.94,108.9,15.91,8.48,987.74
2005-11-26,34531.79,0.0,188.07,13.48,3.69,673.91
2005-11-27,34456.13,0.0,234.47,13.78,0.44,475.69
2005-11-28,34383.19,11.72,107.95,10.86,3.57,788.48
2005-11-29,34313.02,5.09,67.23,12.72,8.33,1096.88
2005-11-30,34245.66,5.4,91.28,14.13,8.13,1081.55
2005-12-01,34181.16,39.93,80.29,14.09,8.92,1141.41
2005-12-02,34119.56,0.0,175.93,12.59,3.77,799.8
2005-12-03,34060.89,0.0,210.14,12.47,1.37,674.49
2005-12-04,34005.21,0.0,232.44,12.79,-0.35,595.23
2005-12-05,33952.54,0.0,227.37,14.54,1.67,688.99
2005-12-06,33902.93,0.0,223.72,13.57,1.01,657.24
2005-12-07,33856.4,1.25,172.64,11.74,2.92,753.14
2005-12-08,33812.99,0.0,199.84,16.78,5.66,912.81
2005-12-09,33772.73,0.0,208.4,16.84,4.97,869.97
2005-12-10,33735.65,0.0,232.39,18.16,3.64,792.61
2005-12-11,33701.78,0.0,210.42,16.85,4.6,848.03
2005-12-12,33671.14,0.0,178.8,14.79,5.17,882.56
2005-12-13,33643.75,0.0,198.74,13.88,2.98,756.58
2005-12-14,33619.63,0.0,194.33,12.82,2.42,726.77
2005-12-15,33598.8,0.0,195.29,12.07,1.75,692.8
2005-12-16,33581.28,0.0,155.77,8.47,0.99,656.11
2005-12-17,33567.07,30.3,131.49,10.51,1.92,701.62
2005-12-18,33556.19,18.64,139.94,15.93,6.4,961.09
2005-12-19,33548.66,0.0,170.27,18.93,10.39,1259.74
2005-12-20,33544.46,3.75,144.93,19.75,9.77,1208.55
2005-12-21,33543.61,23.35,96.08,17.94,12.1,1410.81
2005-12-22,33546.1,17.12,68.38,17.29,13.38,1534.12
2005-12-23,33551.94,0.0,160.6,19.2,12.0,1401.7
2005-12-24,33561.12,0.0,203.08,19.77,9.96,1224.42
2005-12-25,33573.63,31.29,73.86,14.83,10.87,1300.42
2005-12-26,33589.47,20.28,132.65,15.7,8.09,1079.14
2005-12-27,33608.62,15.23,115.38,15.39,9.12,1157.16
2005-12-28,33631.07,6.85,99.8,13.66,8.47,1106.73
2005-12-29,33656.79,2.91,144.08,13.32,5.22,885.48
2005-12-30,33685.79,50.08,119.8,13.77,7.34,1024.89
2005-12-31,33718.02,12.47,141.01,14.76,6.78,986.24
2006-01-01,33753.63,20.46,125.68,14.02,7.19,1014.4
2006-01-02,33792.29,24.85,83.82,12.23,7.96,1069.01
2006-01-03,33834.11,0.0,182.41,14.68,7.14,1010.96
2006-01-04,33879.07,0.0,223.59,18.02,7.58,1042.31
2006-01-05,33927.13,0.0,240.48,18.69,6.72,982.04
2006-01-06,33978.27,5.53,172.43,17.86,7.08,1007.15
2006-01-07,34032.43,0.0,163.86,15.32,8.8,1131.8
2006-01-08,34089.6,0.0,226.65,15.18,5.15,880.85
2006-01-09,34149.72,0.0,233.92,14.63,4.21,824.88
2006-01-10,34212.77,3.09,183.46,15.3,3.97,811.51
2006-01-11,34278.69,0.03,119.0,12.24,7.87,1063.14
2006-01-12,34347.45,0.0,233.66,15.09,4.95,868.69
2006-01-13,34419.0,10.3,182.46,17.07,6.02,936.29
2006-01-14,34493.29,12.88,123.49,12.9,6.76,985.14
2006-01-15,34570.28,0.0,216.71,11.94,3.4,779.35
2006-01-16,34649.92,0.0,250.64,13.58,2.76,744.75
2006-01-17,34732.16,13.26,174.43,13.92,4.46,839.57
2006-01-18,34816.96,5.12,119.87,12.29,6.57,972.12
2006-01-19,34904.26,0.0,246.92,12.95,2.87,750.58
2006-01-20,34994.01,0.0,253.75,12.67,2.26,718.64
2006-01-21,35086.16,0.0,227.85,13.73,4.99,871.14
2006-01-22,35180.67,0.0,282.55,16.18,3.08,761.9
2006-01-23,35277.47,0.0,290.68,15.91,2.12,711.48
2006-01-24,35376.51,0.0,290.64,16.44,2.87,750.73
2006-01-25,35477.75,4.87,195.88,15.41,4.91,866.43
2006-01-26,35581.13,2.04,152.37,12.84,5.76,919.16
2006-01-27,35686.6,0.15,242.1,13.0,4.16,822.08
2006-01-28,35794.1,4.87,159.99,13.36,5.97,932.51
2006-01-29,35903.58,4.33,163.36,15.13,7.52,1037.51
2006-01-30,36014.99,7.39,158.07,13.63,6.49,966.92
2006-01-31,36128.28,0.0,285.82,14.33,3.03,759.03
2006-02-01,36243.4,5.31,174.76,15.79,7.51,1036.95
2006-02-02,36360.29,0.0,190.1,16.62,10.22,1245.21
2006-02-03,36478.9,2.23,207.49,18.24,7.56,1040.88
2006-02-04,36599.19,0.0,234.24,16.11,8.14,1082.58
2006-02-05,36721.1,0.0,322.08,17.49,3.5,785.06
2006-02-06,36844.58,0.0,334.63,21.39,4.67,852.0
2006-02-07,36969.58,0.0,324.25,22.37,7.17,1013.27
2006-02-08,37096.06,0.0,328.75,21.39,6.11,941.58
2006-02-09,37223.96,0.0,334.44,22.01,6.09,940.36
2006-02-10,37353.25,0.0,325.18,21.73,6.99,1000.78
2006-02-11,37483.86,0.0,323.36,21.15,6.88,993.44
2006-02-12,37615.76,0.0,322.11,20.96,7.01,1002.27
2006-02-13,37748.91,0.0,326.51,21.74,7.25,1018.89
2006-02-14,37883.24,0.0,304.48,18.37,6.24,950.19
2006-02-15,38018.74,0.0,310.16,12.27,0.52,634.32
2006-02-16,38155.34,0.0,319.56,12.04,-0.2,601.81
2006-02-17,38293.01,3.22,206.26,11.56,1.86,698.63
2006-02-18,38431.7,6.05,172.04,10.34,2.78,745.55
2006-02-19,38571.38,2.8,168.77,9.82,2.58,735.23
2006-02-20,38712.0,0.0,345.13,13.62,0.15,617.52
2006-02-21,38853.53,0.0,352.29,14.74,0.82,647.92
2006-02-22,38995.93,0.0,367.13,16.61,1.34,672.94
2006-02-23,39139.16,0.0,376.85,19.08,2.61,736.85
2006-02-24,39283.18,0.0,364.49,20.68,5.33,892.13
2006-02-25,39427.95,0.0,346.17,21.11,7.19,1014.21
2006-02-26,39573.45,10.09,234.92,19.62,8.01,1072.84
2006-02-27,39719.63,19.45,117.84,16.37,11.33,1341.36
2006-02-28,39866.46,0.4,260.18,14.98,6.42,962.04
2006-03-01,40013.92,7.77,256.17,15.85,3.38,778.41
2006-03-02,40161.95,12.09,199.53,12.78,4.21,825.16
2006-03-03,40310.55,1.18,225.34,11.06,4.14,821.04
2006-03-04,40459.66,0.0,332.32,13.62,2.27,719.13
2006-03-05,40609.26,19.87,213.68,15.43,6.18,946.58
2006-03-06,40759.33,4.2,186.82,14.72,6.94,996.97
2006-03-07,40909.82,3.88,207.17,13.81,5.28,889.23
2006-03-08,41060.72,0.53,354.38,13.68,2.08,709.55
2006-03-09,41211.99,3.45,172.46,11.5,5.02,873.08
2006-03-10,41363.6,4.81,190.77,8.96,2.01,706.11
2006-03-11,41515.52,2.46,207.49,8.82,1.4,675.68
2006-03-12,41667.74,3.58,232.93,10.02,1.64,687.64
2006-03-13,41820.21,11.96,230.07,12.14,4.0,812.86
2006-03-14,41972.92,3.18,227.73,12.64,4.78,858.7
2006-03-15,42125.83,0.0,386.77,14.63,3.64,792.45
2006-03-16,42278.93,10.9,246.56,14.87,6.35,957.54
2006-03-17,42432.18,0.0,343.53,14.13,5.3,890.69
2006-03-18,42585.56,0.0,422.39,15.53,3.16,766.43
2006-03-19,42739.04,10.13,308.23,13.58,2.11,711.11
2006-03-20,42892.59,12.4,215.64,11.65,4.83,861.79
2006-03-21,43046.2,0.0,391.28,14.49,4.05,815.58
2006-03-22,43199.83,0.0,465.08,19.13,3.62,791.32
2006-03-23,43353.46,0.0,454.92,20.62,5.94,930.61
2006-03-24,43507.07,23.99,267.27,18.04,8.96,1144.66
2006-03-25,43660.63,11.41,251.83,16.58,8.56,1113.64
2006-03-26,43814.11,3.87,345.83,17.48,3.98,812.03
2006-03-27,43967.49,19.95,337.16,17.92,5.35,893.32
2006-03-28,44120.74,9.57,292.11,16.31,6.84,990.74
2006-03-29,44273.83,3.54,328.31,16.24,4.66,851.22
2006-03-30,44426.75,11.75,293.28,14.86,5.4,896.81
2006-03-31,44579.46,16.91,267.26,15.3,7.12,1009.7
2006-04-01,44731.93,14.76,310.72,15.97,5.77,919.96
2006-04-02,44884.14,29.18,297.32,16.54,6.98,999.79
2006-04-03,45036.07,44.94,192.89,14.81,9.38,1176.93
2006-04-04,45187.68,37.95,208.22,13.34,7.58,1041.78
2006-04-05,45338.95,1.65,406.56,15.03,5.64,911.55
2006-04-06,45489.85,0.0,474.51,17.97,5.24,886.48
2006-04-07,45640.34,4.74,330.13,17.92,7.0,1001.14
2006-04-08,45790.41,0.0,403.54,17.52,8.05,1075.95
2006-04-09,45940.01,15.56,280.47,16.62,8.16,1084.34
2006-04-10,46089.13,7.69,211.33,15.23,9.32,1172.87
2006-04-11,46237.72,4.59,238.65,16.51,9.72,1204.62
2006-04-12,46385.76,0.0,376.26,19.31,10.8,1294.49
2006-04-13,46533.21,0.0,454.97,22.05,10.25,1248.09
2006-04-14,46680.05,0.0,403.02,20.91,11.43,1350.1
2006-04-15,46826.23,11.87,171.85,14.85,10.27,1249.52
2006-04-16,46971.73,17.46,255.4,14.62,7.58,1042.15
2006-04-17,47116.51,0.0,479.86,16.36,4.67,852.26
2006-04-18,47260.53,0.0,537.88,20.16,3.74,798.42
2006-04-19,47403.76,0.0,515.13,23.23,7.97,1070.0
2006-04-20,47546.16,0.0,488.44,23.17,9.76,1207.62
2006-04-21,47687.69,0.0,445.14,21.16,10.32,1253.87
2006-04-22,47828.31,0.0,368.82,16.5,8.72,1125.77
2006-04-23,47968.0,0.0,301.38,16.79,10.71,1286.65
2006-04-24,48106.69,0.0,349.23,17.73,10.5,1269.17
2006-04-25,48244.36,0.0,433.83,20.13,10.39,1259.84
2006-04-26,48380.97,0.0,520.86,24.14,9.42,1180.2
2006-04-27,48516.46,0.0,525.04,27.97,11.59,1364.69
2006-04-28,48650.8,0.0,498.42,26.15,12.33,1432.99
2006-04-29,48783.95,0.0,508.62,25.58,11.18,1327.94
2006-04-30,48915.85,0.0,501.17,27.48,12.95,1491.72
2006-05-01,49046.47,0.0,502.69,28.98,13.82,1579.14
2006-05-02,49175.75,0.0,508.25,27.53,12.33,1432.63
2006-05-03,49303.66,0.0,474.8,23.57,10.92,1305.06
2006-05-04,49430.14,0.0,501.41,21.93,8.01,1072.73
2006-05-05,49555.15,0.0,492.51,22.32,8.72,1126.02
2006-05-06,49678.63,0.0,504.15,23.89,9.36,1175.5
2006-05-07,49800.54,0.0,543.03,27.04,8.59,1116.42
2006-05-08,49920.83,0.0,496.6,28.06,12.74,1471.32
2006-05-09,50039.45,0.0,525.8,29.36,11.35,1343.1
2006-05-10,50156.35,0.0,519.23,31.6,13.04,1501.14
2006-05-11,50271.47,0.0,469.04,31.69,16.24,1845.69
2006-05-12,50384.76,0.0,494.93,30.26,13.47,1543.47
2006-05-13,50496.18,0.0,506.04,31.25,13.29,1525.97
2006-05-14,50605.67,0.0,523.02,33.76,13.3,1526.42
2006-05-15,50713.17,0.0,446.79,33.95,18.23,2093.03
2006-05-16,50818.64,0.0,487.07,33.79,15.52,1761.97
2006-05-17,50922.03,0.0,462.29,34.5,17.42,1988.27
2006-05-18,51023.27,0.0,430.83,31.72,17.04,1941.14
2006-05-19,51122.32,1.08,401.52,26.81,14.34,1633.38
2006-05-20,51219.12,0.0,409.32,24.86,12.39,1437.8
2006-05-21,51313.63,15.87,227.42,22.12,13.57,1554.1
2006-05-22,51405.79,3.82,260.93,22.02,12.05,1406.6
2006-05-23,51495.55,0.0,416.05,24.94,12.08,1408.84
2006-05-24,51582.85,0.0,448.93,24.73,10.31,1253.29
2006-05-25,51667.65,0.0,448.49,23.87,9.5,1186.43
2006-05-26,51749.9,0.0,392.76,21.23,9.51,1188.0
2006-05-27,51829.55,0.0,435.4,21.84,8.47,1106.83
2006-05-28,51906.55,0.0,506.4,25.02,7.5,1036.15
2006-05-29,51980.84,0.0,514.43,27.01,8.45,1105.64
2006-05-30,52052.4,0.0,513.05,29.75,10.52,1270.66
2006-05-31,52121.16,0.0,501.83,31.07,12.18,1418.79
2006-06-01,52187.09,0.0,459.17,30.39,14.17,1614.93
2006-06-02,52250.14,0.0,458.82,31.67,15.09,1714.05
2006-06-03,52310.27,0.0,474.74,32.33,14.61,1662.17
2006-06-04,52367.45,0.0,455.98,32.1,15.42,1750.55
2006-06-05,52421.62,0.0,488.9,32.16,13.46,1542.9
2006-06-06,52472.76,0.0,485.16,32.57,14.01,1598.62
2006-06-07,52520.83,0.0,444.63,31.26,15.25,1732.26
2006-06-08,52565.79,0.0,473.74,29.42,12.3,1430.03
2006-06-09,52607.62,0.0,494.32,30.8,12.15,1415.28
2006-06-10,52646.29,0.0,487.66,29.66,11.61,1366.46
2006-06-11,52681.76,0.0,449.19,27.34,11.86,1388.58
2006-06-12,52714.01,0.0,392.6,23.9,11.46,1352.6
2006-06-13,52743.03,0.0,414.34,24.07,10.91,1303.94
2006-06-14,52768.78,0.0,504.16,27.54,9.26,1167.53
2006-06-15,52791.24,0.0,512.59,31.53,11.65,1369.65
2006-06-16,52810.42,0.0,499.0,36.79,16.1,1828.54
2006-06-17,52826.27,0.0,444.96,36.1,18.93,2186.5
2006-06-18,52838.81,0.0,441.97,34.24,17.64,2016.86
2006-06-19,52848.01,0.0,515.24,33.89,12.59,1457.29
2006-06-20,52853.87,0.0,496.44,36.37,15.35,1743.1
2006-06-21,52856.39,0.0,467.5,37.68,17.93,2053.42
2006-06-22,52855.56,0.0,449.83,40.49,20.68,2436.73
2006-06-23,52851.38,0.0,441.83,40.89,21.3,2532.1
2006-06-24,52843.87,0.0,442.88,40.58,20.94,2476.7
2006-06-25,52833.01,0.0,446.32,40.11,20.28,2377.91
2006-06-26,52818.83,0.0,398.53,38.74,21.88,2623.37
2006-06-27,52801.33,0.0,378.27,36.36,21.14,2507.35
2006-06-28,52780.52,0.0,416.67,35.56,18.75,2161.61
2006-06-29,52756.42,0.0,441.5,35.48,17.51,1948.72
2006-06-30,52729.05,0.0,458.09,34.16,15.73,1681.83
2006-07-01,52698.43,0.0,490.95,35.53,14.81,1491.95
2006-07-02,52664.58,0.0,441.84,35.26,17.65,1742.12
2006-07-03,52627.52,0.0,484.31,35.25,15.84,1233.08
2006-07-04,52587.29,0.0,446.95,33.09,16.68,1038.28
2006-07-05,52543.9,0.0,471.98,31.66,14.24,838.2
2006-07-06,52497.39,0.0,527.43,33.31,12.22,640.68
2006-07-07,52447.79,0.0,530.47,37.2,15.28,692.04
2006-07-08,52395.15,0.0,492.64,39.61,19.73,986.32
2006-07-09,52339.48,0.0,456.69,39.29,21.99,1017.52
2006-07-10,52280.84,0.0,422.37,35.13,20.18,903.85
2006-07-11,52219.25,0.0,443.96,32.47,16.81,721.34
2006-07-12,52154.77,0.0,518.66,33.2,12.89,550.88
2006-07-13,52087.43,0.0,533.48,37.01,14.77,627.68
2006-07-14,52017.28,0.0,480.34,37.58,19.01,836.2
2006-07-15,51944.36,0.0,522.74,39.85,17.92,777.62
2006-07-16,51868.72,0.0,507.32,41.47,20.42,917.9
2006-07-17,51790.4,0.0,484.32,41.67,22.1,1024.51
2006-07-18,51709.46,0.0,467.88,40.87,22.37,1043.01
2006-07-19,51625.94,0.0,445.15,40.87,23.71,1137.39
2006-07-20,51539.89,0.0,495.91,41.65,21.29,972.41
2006-07-21,51451.36,0.0,428.24,43.71,27.04,1404.27
2006-07-22,51360.41,0.0,424.47,44.8,28.18,1508.13
2006-07-23,51267.08,0.0,405.98,44.98,29.3,1616.56
2006-07-24,51171.43,0.0,453.51,43.52,25.64,1286.0
2006-07-25,51073.5,0.0,440.77,42.51,25.53,1276.95
2006-07-26,50973.36,0.0,450.06,40.78,23.53,1123.87
2006-07-27,50871.05,0.0,463.58,37.6,19.95,889.98
2006-07-28,50766.63,0.0,462.77,34.36,17.09,735.0
2006-07-29,50660.14,0.0,450.73,32.44,16.01,683.28
2006-07-30,50551.65,0.0,468.79,33.23,15.72,669.98
2006-07-31,50441.2,0.0,444.51,32.04,16.03,683.97
2006-08-01,50328.84,0.0,511.46,33.23,12.92,551.84
2006-08-02,50214.64,0.0,481.25,35.39,16.86,723.75
2006-08-03,50098.63,0.0,453.57,34.18,17.35,748.27
2006-08-04,49980.87,0.0,458.96,32.18,15.22,647.19
2006-08-05,49861.42,0.0,431.83,30.45,15.13,643.2
2006-08-06,49740.32,0.0,437.83,30.59,15.06,640.32
2006-08-07,49617.62,0.0,429.25,27.98,13.12,559.84
2006-08-08,49493.38,0.0,523.17,33.49,12.18,523.86
2006-08-09,49367.64,0.0,478.21,35.93,17.42,751.55
2006-08-10,49240.44,0.0,443.7,37.2,20.49,922.21
2006-08-11,49111.85,0.0,440.16,34.05,17.91,776.94
2006-08-12,48981.89,0.0,501.95,34.16,14.16,601.53
2006-08-13,48850.63,0.0,468.39,33.27,15.59,663.89
2006-08-14,48718.11,0.0,472.5,31.65,13.91,591.17
2006-08-15,48584.37,0.0,482.15,31.7,13.34,568.5
2006-08-16,48449.45,0.0,451.31,32.09,15.56,662.35
2006-08-17,48313.4,0.0,483.13,34.12,15.34,652.79
2006-08-18,48176.26,0.0,475.75,34.4,15.98,681.8
2006-08-19,48038.08,0.0,474.31,34.27,15.92,678.83
2006-08-20,47898.89,0.0,471.8,33.66,15.44,657.0
2006-08-21,47758.73,0.0,489.37,34.79,15.0,637.42
2006-08-22,47617.65,0.0,477.71,35.57,16.36,699.52
2006-08-23,47475.69,0.0,471.01,35.29,16.45,703.8
2006-08-24,47332.87,0.0,446.46,33.57,16.41,701.81
2006-08-25,47189.25,0.0,457.09,31.75,14.0,595.2
2006-08-26,47044.85,0.0,484.29,33.86,13.82,587.8
2006-08-27,46899.71,0.0,458.51,35.11,16.63,712.62
2006-08-28,46753.86,0.0,441.47,34.98,17.48,754.89
2006-08-29,46607.35,0.0,444.86,33.35,15.72,669.62
2006-08-30,46460.21,0.0,469.85,34.97,15.22,647.34
2006-08-31,46312.46,0.0,463.02,36.68,17.12,736.7
2006-09-01,46164.14,0.0,443.81,36.77,18.41,803.66
2006-09-02,46015.29,0.0,436.56,34.56,16.82,721.93
2006-09-03,45865.93,0.0,448.0,33.66,15.09,641.41
2006-09-04,45716.09,0.0,470.9,35.68,14.84,630.72
2006-09-05,45565.81,0.0,452.65,37.37,17.48,755.0
2006-09-06,45415.11,0.0,421.22,36.97,19.14,843.39
2006-09-07,45264.02,0.0,406.1,34.26,17.64,763.1
2006-09-08,45112.58,0.0,372.76,28.25,13.92,591.9
2006-09-09,44960.81,0.0,410.24,27.73,11.29,492.26
2006-09-10,44808.74,0.0,455.84,31.88,11.67,505.71
2006-09-11,44656.39,0.0,442.76,34.83,15.15,643.92
2006-09-12,44503.8,0.0,408.05,36.14,18.62,814.71
2006-09-13,44350.98,0.0,357.39,34.37,19.9,887.0
2006-09-14,44197.97,0.0,313.22,24.71,13.0,554.87
2006-09-15,44044.8,0.0,368.53,24.0,9.63,437.19
2006-09-16,43891.48,0.0,416.16,27.49,9.98,448.41
2006-09-17,43738.05,0.0,442.91,31.25,11.13,486.45
2006-09-18,43584.53,0.0,383.6,31.76,15.71,669.32
2006-09-19,43430.95,0.0,355.47,29.55,15.23,647.81
2006-09-20,43277.32,0.0,380.05,28.52,12.86,549.48
2006-09-21,43123.69,0.0,357.39,29.79,15.31,651.09
2006-09-22,42970.06,0.0,409.18,30.18,12.28,527.59
2006-09-23,42816.48,0.0,383.29,31.73,15.32,651.62
2006-09-24,42662.96,0.0,398.92,32.49,14.75,626.74
2006-09-25,42509.52,0.0,393.11,33.7,16.14,689.24
2006-09-26,42356.21,0.0,377.74,33.3,16.71,716.28
2006-09-27,42203.03,0.0,388.18,31.53,14.23,604.48
2006-09-28,42050.02,0.0,388.23,31.1,13.64,580.51
2006-09-29,41897.21,0.0,352.18,28.68,13.77,585.53
2006-09-30,41744.61,0.0,311.9,23.51,11.1,485.68
2006-10-01,41592.26,0.75,285.69,19.71,8.74,410.18
2006-10-02,41440.19,0.0,251.5,21.07,11.62,503.71
2006-10-03,41288.41,0.0,282.86,21.35,10.57,467.67
2006-10-04,41136.97,8.11,206.23,20.79,10.4,497.62
2006-10-05,40985.88,0.96,276.74,21.39,11.08,484.91
2006-10-06,40835.18,0.0,342.57,22.47,8.78,411.15
2006-10-07,40684.9,0.0,358.1,24.65,9.75,440.93
2006-10-08,40535.06,0.0,383.67,27.63,10.25,456.93
2006-10-09,40385.69,0.0,330.42,26.24,12.63,541.0
2006-10-10,40236.83,0.0,360.92,25.84,10.19,454.94
2006-10-11,40088.51,0.0,387.03,27.46,9.23,424.81
2006-10-12,39940.76,0.0,355.71,27.51,11.78,509.33
2006-10-13,39793.61,0.0,333.82,24.2,10.06,450.84
2006-10-14,39647.09,0.0,302.72,21.56,9.23,424.85
2006-10-15,39501.25,0.0,239.93,18.67,9.48,432.63
2006-10-16,39356.1,0.0,267.91,21.1,10.62,469.15
2006-10-17,39211.7,0.0,344.64,23.23,8.05,390.11
2006-10-18,39068.07,0.0,356.98,24.45,7.87,385.12
2006-10-19,38925.25,0.0,353.73,26.72,9.91,446.03
2006-10-20,38783.28,0.0,352.74,28.43,11.2,489.11
2006-10-21,38642.19,0.0,347.84,29.26,12.03,518.54
2006-10-22,38502.03,0.0,323.61,29.54,14.26,605.61
2006-10-23,38362.83,0.0,312.52,28.48,13.98,594.0
2006-10-24,38224.64,0.0,288.91,26.08,13.32,567.52
2006-10-25,38087.5,0.0,326.0,23.17,7.77,382.24
2006-10-26,37951.44,0.0,340.52,24.97,7.74,381.46
2006-10-27,37816.52,0.0,333.66,25.89,9.0,417.97
2006-10-28,37682.77,0.0,326.15,26.16,9.75,440.92
2006-10-29,37550.23,0.0,283.4,21.89,9.04,418.98
2006-10-30,37418.96,0.0,299.92,19.21,5.07,313.18
2006-10-31,37289.0,0.0,306.96,19.19,4.12,291.87
2006-11-01,37160.4,9.19,222.02,21.19,6.37,394.33
2006-11-02,37033.19,3.18,129.51,19.39,11.61,956.2
2006-11-03,36907.44,0.0,174.52,19.65,11.83,844.86
2006-11-04,36783.19,0.0,228.96,20.75,10.11,571.59
2006-11-05,36660.48,0.0,262.83,22.41,9.55,451.78
2006-11-06,36539.37,0.0,269.61,24.28,10.7,471.88
2006-11-07,36419.9,0.0,254.54,24.51,11.91,534.4
2006-11-08,36302.14,1.58,196.42,19.4,10.32,702.69
2006-11-09,36186.12,0.0,254.58,18.32,5.84,440.41
2006-11-10,36071.9,1.01,266.61,17.44,4.09,379.34
2006-11-11,35959.54,3.27,95.18,13.13,7.49,1016.52
2006-11-12,35849.07,4.28,174.9,14.01,2.87,598.36
2006-11-13,35740.56,8.78,122.27,16.21,8.68,1088.21
2006-11-14,35634.07,0.0,191.12,18.72,9.58,1046.74
2006-11-15,35529.63,0.0,251.39,21.2,7.83,791.74
2006-11-16,35427.3,0.0,205.77,20.39,10.16,1040.36
2006-11-17,35327.15,0.0,178.78,19.56,10.96,1177.43
2006-11-18,35229.21,0.0,219.4,20.45,9.49,966.0
2006-11-19,35133.54,0.0,217.17,19.36,8.68,929.8
2006-11-20,35040.19,0.0,166.71,17.48,9.82,1142.74
2006-11-21,34949.23,0.0,165.86,17.26,9.74,1140.85
2006-11-22,34860.68,2.11,127.85,15.23,7.61,1044.27
2006-11-23,34774.62,0.0,221.85,14.47,4.03,722.34
2006-11-24,34691.08,0.0,255.81,14.47,1.34,561.53
2006-11-25,34610.12,0.0,244.67,14.18,2.03,604.83
2006-11-26,34531.79,5.57,150.85,11.84,2.86,749.82
2006-11-27,34456.13,0.0,179.74,11.92,4.22,825.83
2006-11-28,34383.19,0.0,226.86,11.51,1.05,630.86
2006-11-29,34313.02,0.0,264.3,12.97,-1.16,501.75
2006-11-30,34245.66,0.0,255.09,14.39,1.06,588.99
2006-12-01,34181.16,0.0,251.43,14.11,1.11,596.57
2006-12-02,34119.56,0.0,269.41,17.12,0.82,552.43
2006-12-03,34060.89,0.0,259.21,18.64,3.24,657.7
2006-12-04,34005.21,0.0,247.72,18.34,4.22,720.67
2006-12-05,33952.54,0.0,252.98,19.1,3.97,697.99
2006-12-06,33902.93,0.0,253.2,20.38,4.78,730.69
2006-12-07,33856.4,0.0,256.66,21.43,4.79,721.42
2006-12-08,33812.99,12.65,164.91,18.96,6.59,973.81
2006-12-09,33772.73,15.31,72.47,14.06,9.62,1196.59
2006-12-10,33735.65,8.75,98.12,10.92,5.04,874.19
2006-12-11,33701.78,8.86,131.1,12.72,4.34,832.54
2006-12-12,33671.14,6.47,91.0,14.01,8.46,1106.52
2006-12-13,33643.75,1.85,125.19,16.12,10.3,1252.0
2006-12-14,33619.63,2.39,55.16,15.29,12.04,1405.88
2006-12-15,33598.8,0.0,88.55,10.66,6.94,997.39
2006-12-16,33581.28,0.0,174.71,8.19,0.49,632.92
2006-12-17,33567.07,0.0,207.02,10.73,0.83,648.59
2006-12-18,33556.19,0.0,251.66,12.54,-2.2,519.5
2006-12-19,33548.66,0.0,244.1,11.82,-1.89,531.72
2006-12-20,33544.46,0.0,227.03,11.92,-0.07,607.64
2006-12-21,33543.61,13.27,97.94,8.21,2.51,731.54
2006-12-22,33546.1,0.0,171.09,11.58,3.65,793.26
2006-12-23,33551.94,0.0,200.51,11.91,2.14,712.73
2006-12-24,33561.12,0.0,219.72,12.86,1.6,685.29
2006-12-25,33573.63,0.0,232.6,17.22,4.21,824.99
2006-12-26,33589.47,29.78,83.23,15.11,10.17,1241.56
2006-12-27,33608.62,3.15,92.0,11.66,6.36,958.2
2006-12-28,33631.07,0.0,210.48,12.41,2.22,716.58
2006-12-29,33656.79,0.0,232.96,11.86,-0.07,607.7
2006-12-30,33685.79,0.0,231.41,12.62,0.87,650.61
2006-12-31,33718.02,0.0,219.81,12.35,1.74,692.34
2007-01-01,33753.63,0.0,220.77,13.9,1.01,657.23
2007-01-02,33792.29,0.0,206.72,14.56,2.93,753.7
2007-01-03,33834.11,14.22,152.17,14.83,3.52,785.84
2007-01-04,33879.07,8.0,92.76,11.51,5.34,892.63
2007-01-05,33927.13,0.0,166.78,10.66,2.16,713.37
2007-01-06,33978.27,0.0,227.04,11.8,-1.04,565.94
2007-01-07,34032.43,0.0,232.13,13.89,0.47,631.8
2007-01-08,34089.6,0.0,238.82,15.91,1.69,690.02
2007-01-09,34149.72,0.0,244.2,17.28,2.45,728.45
2007-01-10,34212.77,0.0,183.0,13.31,3.93,809.2
2007-01-11,34278.69,0.0,189.82,8.57,-0.89,572.33
2007-01-12,34347.45,0.0,204.75,7.84,-2.48,509.06
2007-01-13,34419.0,0.0,222.97,7.86,-3.67,465.69
2007-01-14,34493.29,0.0,240.48,9.61,-3.35,477.13
2007-01-15,34570.28,0.0,241.03,9.94,-2.96,490.93
2007-01-16,34649.92,0.0,235.31,10.35,-1.95,529.34
2007-01-17,34732.16,0.0,246.29,12.36,-0.91,571.46
2007-01-18,34816.96,0.0,255.9,12.63,-1.39,551.58
2007-01-19,34904.26,0.0,243.59,12.57,-0.16,603.6
2007-01-20,34994.01,0.0,262.88,14.15,-0.36,595.03
2007-01-21,35086.16,0.0,266.83,15.75,0.84,648.98
2007-01-22,35180.67,0.0,268.97,15.65,0.75,645.04
2007-01-23,35277.47,0.0,278.5,16.91,1.0,656.33
2007-01-24,35376.51,0.0,278.33,18.07,2.28,719.65
2007-01-25,35477.75,0.0,267.02,17.1,2.87,750.33
2007-01-26,35581.13,0.0,268.65,16.43,2.33,722.15
2007-01-27,35686.6,0.0,248.87,14.79,2.67,739.92
2007-01-28,35794.1,0.0,228.36,15.49,4.82,860.81
2007-01-29,35903.58,0.0,269.99,18.88,4.98,870.74
2007-01-30,36014.99,0.0,240.45,15.3,4.14,821.2
2007-01-31,36128.28,0.0,187.05,11.17,3.37,777.41
2007-02-01,36243.4,0.0,171.67,10.1,3.2,768.52
2007-02-02,36360.29,0.0,255.13,14.35,2.99,757.14
2007-02-03,36478.9,0.0,303.36,17.91,2.1,710.51
2007-02-04,36599.19,0.0,297.71,19.98,4.47,840.28
2007-02-05,36721.1,0.0,283.54,21.09,6.93,996.33
2007-02-06,36844.58,0.0,248.23,18.27,7.15,1011.88
2007-02-07,36969.58,1.56,154.08,14.75,8.66,1121.16
2007-02-08,37096.06,12.28,119.87,15.35,9.18,1161.33
2007-02-09,37223.96,20.34,77.06,15.11,11.35,1342.73
2007-02-10,37353.25,29.4,81.94,15.67,11.72,1375.87
2007-02-11,37483.86,13.03,173.32,15.66,6.89,993.59
2007-02-12,37615.76,0.11,278.06,14.67,3.72,797.01
2007-02-13,37748.91,0.0,225.04,13.7,5.61,909.98
2007-02-14,37883.24,0.0,336.16,16.63,1.78,694.26
2007-02-15,38018.74,0.0,337.57,19.38,4.16,822.39
2007-02-16,38155.34,0.0,351.64,22.29,5.14,880.79
2007-02-17,38293.01,0.0,330.6,20.84,6.41,961.62
2007-02-18,38431.7,0.0,285.18,16.72,5.98,933.14
2007-02-19,38571.38,0.0,332.85,17.11,3.58,789.12
2007-02-20,38712.0,0.0,315.51,15.01,3.13,764.33
2007-02-21,38853.53,16.42,219.41,13.31,3.05,760.48
2007-02-22,38995.93,8.11,150.38,10.98,4.77,858.27
2007-02-23,39139.16,0.0,308.08,12.48,2.17,714.26
2007-02-24,39283.18,28.36,242.13,12.53,1.7,690.39
2007-02-25,39427.95,20.33,149.8,11.41,5.65,912.49
2007-02-26,39573.45,22.18,125.19,10.54,5.96,932.04
2007-02-27,39719.63,6.84,227.9,10.82,1.79,695.02
2007-02-28,39866.46,0.0,319.04,11.05,1.6,685.54
2007-03-01,40013.92,0.0,373.96,13.43,1.02,657.5
2007-03-02,40161.95,0.0,400.16,17.37,2.32,721.79
2007-03-03,40310.55,0.0,408.73,20.0,3.49,784.42
2007-03-04,40459.66,0.0,399.07,21.85,6.16,945.3
2007-03-05,40609.26,0.0,371.06,22.66,9.39,1178.15
2007-03-06,40759.33,0.0,383.58,22.21,8.41,1102.4
2007-03-07,40909.82,0.0,315.44,20.05,10.47,1266.21
2007-03-08,41060.72,0.0,321.74,17.7,8.2,1087.17
2007-03-09,41211.99,0.0,357.33,17.85,6.75,984.43
2007-03-10,41363.6,0.0,424.94,22.34,5.65,912.04
2007-03-11,41515.52,0.0,424.78,24.7,7.27,1020.44
2007-03-12,41667.74,0.0,417.49,26.59,9.25,1167.35
2007-03-13,41820.21,0.0,377.57,25.57,11.63,1368.12
2007-03-14,41972.92,0.0,386.11,23.81,9.73,1205.18
2007-03-15,42125.83,0.0,415.78,26.0,9.25,1167.2
2007-03-16,42278.93,0.0,399.74,27.57,11.88,1391.0
2007-03-17,42432.18,0.0,367.92,25.19,12.17,1417.46
2007-03-18,42585.56,0.0,400.42,22.61,8.36,1099.0
2007-03-19,42739.04,0.0,363.52,20.51,8.73,1126.55
2007-03-20,42892.59,3.32,191.79,17.13,9.79,1209.8
2007-03-21,43046.2,0.0,378.01,19.96,7.91,1065.76
2007-03-22,43199.83,0.0,438.41,21.31,5.5,902.99
2007-03-23,43353.46,0.0,444.02,24.04,7.25,1018.92
2007-03-24,43507.07,0.0,412.47,23.76,9.16,1159.74
2007-03-25,43660.63,0.0,367.29,19.62,7.97,1070.26
2007-03-26,43814.11,20.16,264.96,17.37,6.57,972.47
2007-03-27,43967.49,0.0,375.56,15.76,4.12,819.69
2007-03-28,44120.74,0.0,446.68,18.97,2.93,754.04
2007-03-29,44273.83,0.0,460.14,21.87,4.29,829.61
2007-03-30,44426.75,0.0,445.86,24.43,7.38,1027.68
2007-03-31,44579.46,0.0,440.28,24.25,7.68,1048.9
2007-04-01,44731.93,0.0,406.43,22.38,8.24,1090.06
2007-04-02,44884.14,0.0,448.83,23.12,6.49,966.88
2007-04-03,45036.07,0.0,449.82,24.8,7.89,1064.11
2007-04-04,45187.68,0.0,434.89,25.61,9.6,1194.55
2007-04-05,45338.95,0.0,391.0,25.89,12.3,1429.93
2007-04-06,45489.85,0.0,404.72,24.83,10.71,1287.25
2007-04-07,45640.34,0.0,355.26,21.8,10.29,1251.06
2007-04-08,45790.41,0.0,405.06,21.48,7.85,1061.19
2007-04-09,45940.01,0.0,360.34,20.81,9.37,1176.24
2007-04-10,46089.13,1.1,397.88,19.54,6.85,991.35
2007-04-11,46237.72,4.89,221.63,17.08,8.57,1114.31
2007-04-12,46385.76,0.0,447.98,18.71,4.07,816.97
2007-04-13,46533.21,0.0,453.0,19.88,4.87,863.91
2007-04-14,46680.05,4.38,197.62,15.47,8.25,1090.98
2007-04-15,46826.23,0.0,436.75,21.83,7.91,1065.54
2007-04-16,46971.73,0.0,451.93,22.57,7.8,1057.89
2007-04-17,47116.51,0.0,349.06,17.0,7.22,1016.81
2007-04-18,47260.53,0.0,430.6,15.63,2.91,752.52
2007-04-19,47403.76,0.0,471.12,17.13,2.11,711.18
2007-04-20,47546.16,0.0,396.94,18.86,7.16,1012.35
2007-04-21,47687.69,30.43,290.9,17.74,6.61,974.95
2007-04-22,47828.31,7.72,292.44,18.96,7.83,1059.62
2007-04-23,47968.0,0.0,505.67,22.59,5.21,884.97
2007-04-24,48106.69,0.0,460.22,23.33,8.6,1116.53
2007-04-25,48244.36,0.0,434.78,23.5,9.97,1225.05
2007-04-26,48380.97,0.0,516.07,26.81,7.54,1038.87
2007-04-27,48516.46,0.0,479.45,30.06,12.73,1470.49
2007-04-28,48650.8,0.0,464.14,31.06,14.51,1650.97
2007-04-29,48783.95,0.0,449.39,28.84,13.74,1570.64
2007-04-30,48915.85,0.0,475.26,27.95,11.67,1371.25
2007-05-01,49046.47,2.28,329.5,23.33,9.73,1205.0
2007-05-02,49175.75,3.3,227.0,18.01,9.94,1222.2
2007-05-03,49303.66,4.7,318.47,16.58,4.72,855.33
2007-05-04,49430.14,1.89,396.0,18.2,7.43,1031.35
2007-05-05,49555.15,0.0,532.2,25.14,6.27,952.63
2007-05-06,49678.63,0.0,519.57,29.36,10.32,1253.66
2007-05-07,49800.54,0.0,510.13,31.83,12.6,1458.63
2007-05-08,49920.83,0.0,480.16,32.6,15.19,1725.04
2007-05-09,50039.45,0.0,470.67,29.94,13.71,1567.78
2007-05-10,50156.35,0.0,507.89,28.61,10.24,1247.11
2007-05-11,50271.47,0.0,477.05,26.85,10.61,1278.66
2007-05-12,50384.76,0.0,498.33,24.84,7.81,1007.81
2007-05-13,50496.18,0.0,542.91,28.55,7.47,907.06
2007-05-14,50605.67,0.0,508.87,30.2,11.13,1178.41
2007-05-15,50713.17,0.0,455.55,27.95,12.36,1346.51
2007-05-16,50818.64,0.0,493.91,27.42,9.81,1106.42
2007-05-17,50922.03,0.0,497.42,27.59,9.54,1081.95
2007-05-18,51023.27,0.0,502.81,27.73,9.18,1050.57
2007-05-19,51122.32,0.0,504.01,28.6,9.75,1083.76
2007-05-20,51219.12,0.0,472.96,28.79,11.63,1256.23
2007-05-21,51313.63,0.0,463.1,28.15,11.5,1259.28
2007-05-22,51405.79,0.0,462.89,28.58,11.76,1277.28
2007-05-23,51495.55,0.0,486.11,31.71,13.14,1294.41
2007-05-24,51582.85,0.0,468.08,32.63,14.91,1434.83
2007-05-25,51667.65,0.0,467.24,32.72,14.95,1437.9
2007-05-26,51749.9,0.0,479.51,31.89,13.96,1202.47
2007-05-27,51829.55,0.0,497.55,30.34,11.87,926.04
2007-05-28,51906.55,0.0,525.23,31.92,11.76,712.94
2007-05-29,51980.84,0.0,485.64,29.51,12.19,750.4
2007-05-30,52052.4,0.0,490.1,29.17,11.62,718.32
2007-05-31,52121.16,0.0,499.59,29.21,11.01,675.92
2007-06-01,52187.09,0.0,497.12,30.06,11.68,702.17
2007-06-02,52250.14,0.0,513.37,31.65,11.89,675.42
2007-06-03,52310.27,0.0,502.2,31.52,12.29,710.03
2007-06-04,52367.45,0.0,397.65,27.75,14.07,1022.42
2007-06-05,52421.62,0.0,270.49,21.53,12.88,1261.47
2007-06-06,52472.76,0.0,434.08,23.31,8.77,704.43
2007-06-07,52520.83,0.0,491.4,27.46,9.82,643.29
2007-06-08,52565.79,0.0,523.94,30.64,10.57,608.52
2007-06-09,52607.62,0.0,508.37,32.79,13.47,741.44
2007-06-10,52646.29,0.0,469.74,32.13,15.04,896.24
2007-06-11,52681.76,0.0,523.26,33.59,13.06,692.33
2007-06-12,52714.01,0.0,530.73,35.88,14.47,727.72
2007-06-13,52743.03,0.0,508.4,37.94,17.69,921.74
2007-06-14,52768.78,0.0,485.81,38.9,19.75,1095.35
2007-06-15,52791.24,0.0,434.91,36.64,20.45,1303.63
2007-06-16,52810.42,0.0,461.66,32.77,15.9,954.57
2007-06-17,52826.27,0.0,527.98,35.09,13.91,710.07
2007-06-18,52838.81,0.0,494.57,36.01,16.85,915.92
2007-06-19,52848.01,0.0,484.61,33.18,15.04,819.73
2007-06-20,52853.87,0.0,499.53,32.34,13.4,719.43
2007-06-21,52856.39,0.0,532.5,34.53,12.98,633.52
2007-06-22,52855.56,0.0,508.49,34.26,14.38,735.65
2007-06-23,52851.38,0.0,494.3,32.4,13.6,736.78
2007-06-24,52843.87,0.0,523.53,32.37,11.62,606.56
2007-06-25,52833.01,0.0,533.07,34.7,13.3,566.8
2007-06-26,52818.83,0.0,475.87,34.93,17.29,745.38
2007-06-27,52801.33,0.0,499.49,32.98,14.19,603.02
2007-06-28,52780.52,0.0,487.43,31.05,13.14,560.65
2007-06-29,52756.42,0.0,470.23,30.57,13.62,579.61
2007-06-30,52729.05,0.0,503.45,31.85,12.9,551.02
2007-07-01,52698.43,0.0,515.84,32.99,13.05,556.8
2007-07-02,52664.58,0.0,532.78,35.4,13.83,587.96
2007-07-03,52627.52,0.0,525.77,37.62,16.22,692.93
2007-07-04,52587.29,0.0,528.06,40.98,18.59,812.91
2007-07-05,52543.9,0.0,480.65,42.08,22.64,1061.69
2007-07-06,52497.39,0.0,437.08,37.51,20.89,947.18
2007-07-07,52447.79,0.0,484.09,35.31,16.53,707.67
2007-07-08,52395.15,0.0,505.05,36.14,15.88,677.18
2007-07-09,52339.48,0.0,467.73,34.25,16.46,704.25
2007-07-10,52280.84,0.25,375.91,30.26,16.94,911.28
2007-07-11,52219.25,0.0,431.18,29.99,14.6,620.16
2007-07-12,52154.77,0.0,500.1,32.82,13.5,574.72
2007-07-13,52087.43,0.0,519.04,34.43,13.57,577.37
2007-07-14,52017.28,0.0,495.25,35.18,15.86,676.34
2007-07-15,51944.36,0.0,485.85,34.48,15.76,671.59
2007-07-16,51868.72,0.0,448.37,32.08,15.69,668.62
2007-07-17,51790.4,0.0,453.35,29.52,13.16,561.17
2007-07-18,51709.46,0.0,381.67,28.5,15.42,688.96
2007-07-19,51625.94,0.0,506.94,32.03,12.34,529.93
2007-07-20,51539.89,0.0,486.79,32.43,14.0,594.8
2007-07-21,51451.36,0.0,499.63,34.55,15.09,641.27
2007-07-22,51360.41,0.0,500.45,36.16,16.42,702.63
2007-07-23,51267.08,0.0,467.52,35.79,18.14,788.99
2007-07-24,51171.43,0.0,410.28,34.3,19.8,881.18
2007-07-25,51073.5,0.0,485.0,34.61,16.22,692.85
2007-07-26,50973.36,0.0,512.78,35.64,15.15,644.22
2007-07-27,50871.05,0.0,520.81,37.13,15.7,668.84
2007-07-28,50766.63,0.0,502.29,36.74,16.67,714.38
2007-07-29,50660.14,0.0,491.66,35.67,16.37,700.31
2007-07-30,50551.65,0.0,507.24,37.56,16.82,722.02
2007-07-31,50441.2,0.0,496.12,38.16,18.09,786.48
2007-08-01,50328.84,0.0,488.9,37.26,17.82,771.99
2007-08-02,50214.64,0.0,492.33,37.37,17.68,764.93
2007-08-03,50098.63,0.0,511.24,39.85,18.34,799.83
2007-08-04,49980.87,0.0,461.06,36.92,19.22,847.97
2007-08-05,49861.42,0.0,423.53,28.89,13.89,590.59
2007-08-06,49740.32,0.0,422.19,26.52,11.77,509.13
2007-08-07,49617.62,0.0,487.34,29.62,11.1,485.69
2007-08-08,49493.38,0.0,495.71,31.92,12.55,537.85
2007-08-09,49367.64,0.0,500.04,33.74,13.62,579.57
2007-08-10,49240.44,0.0,458.02,34.28,16.71,716.69
2007-08-11,49111.85,0.0,467.89,32.62,14.61,620.68
2007-08-12,48981.89,0.0,492.5,33.58,13.81,587.32
2007-08-13,48850.63,0.0,494.86,34.88,14.7,624.55
2007-08-14,48718.11,0.0,485.25,35.36,15.7,668.81
2007-08-15,48584.37,0.0,458.18,34.18,16.31,697.31
2007-08-16,48449.45,0.0,473.68,33.18,14.31,607.9
2007-08-17,48313.4,0.0,488.03,33.17,13.06,557.5
2007-08-18,48176.26,0.0,477.2,32.57,13.23,563.81
2007-08-19,48038.08,0.0,481.06,33.23,13.42,571.32
2007-08-20,47898.89,0.0,470.22,35.06,15.72,669.86
2007-08-21,47758.73,0.0,467.78,37.39,17.81,771.89
2007-08-22,47617.65,0.0,449.12,37.66,19.2,846.68
2007-08-23,47475.69,0.0,436.12,36.59,18.89,829.86
2007-08-24,47332.87,0.0,434.08,35.01,17.57,759.2
2007-08-25,47189.25,0.0,436.76,33.93,16.41,701.85
2007-08-26,47044.85,0.0,449.99,34.41,16.0,682.5
2007-08-27,46899.71,0.0,474.33,36.4,15.9,678.15
2007-08-28,46753.86,0.0,475.56,39.38,18.16,789.91
2007-08-29,46607.35,0.0,425.77,40.61,22.64,1061.24
2007-08-30,46460.21,0.0,389.42,40.02,24.2,1173.3
2007-08-31,46312.46,0.0,377.29,39.94,24.77,1216.72
2007-09-01,46164.14,0.0,432.61,39.08,20.8,941.34
2007-09-02,46015.29,0.0,455.24,37.97,18.21,792.94
2007-09-03,45865.93,0.0,403.67,35.12,18.93,831.84
2007-09-04,45716.09,0.0,398.65,31.52,15.85,675.52
2007-09-05,45565.81,0.0,452.87,33.58,14.05,596.87
2007-09-06,45415.11,0.0,399.59,33.2,17.08,734.82
2007-09-07,45264.02,0.0,402.54,30.63,14.52,616.71
2007-09-08,45112.58,0.0,420.64,32.69,15.26,649.17
2007-09-09,44960.81,0.0,413.87,31.59,14.57,619.1
2007-09-10,44808.74,0.0,422.3,31.88,14.19,603.01
2007-09-11,44656.39,0.0,396.94,31.01,14.91,633.59
2007-09-12,44503.8,0.0,373.37,27.55,13.01,555.41
2007-09-13,44350.98,0.0,357.45,26.38,12.74,544.95
2007-09-14,44197.97,0.0,402.86,27.22,10.99,481.88
2007-09-15,44044.8,0.0,386.94,26.31,11.02,482.88
2007-09-16,43891.48,0.0,407.79,26.99,10.37,460.91
2007-09-17,43738.05,0.0,402.82,28.66,12.15,522.97
2007-09-18,43584.53,0.0,348.95,26.73,13.37,569.47
2007-09-19,43430.95,0.0,309.98,21.83,10.56,467.23
2007-09-20,43277.32,0.0,374.43,24.21,9.73,440.32
2007-09-21,43123.69,0.0,366.05,23.49,9.48,432.61
2007-09-22,42970.06,3.04,173.4,19.85,11.76,647.15
2007-09-23,42816.48,0.0,316.01,23.22,11.78,509.54
2007-09-24,42662.96,0.0,431.9,27.49,8.68,408.24
2007-09-25,42509.52,0.0,422.36,30.45,11.94,515.3
2007-09-26,42356.21,0.0,408.53,31.94,14.24,604.98
2007-09-27,42203.03,0.0,370.78,29.2,14.34,608.98
2007-09-28,42050.02,1.65,290.3,21.27,10.9,478.57
2007-09-29,41897.21,0.0,413.29,24.74,7.03,361.95
2007-09-30,41744.61,0.0,394.17,25.9,9.33,427.93
2007-10-01,41592.26,0.0,338.84,25.01,11.91,514.12
2007-10-02,41440.19,0.0,395.22,27.52,10.55,466.94
2007-10-03,41288.41,0.0,353.57,25.91,11.77,509.23
2007-10-04,41136.97,0.0,307.14,19.79,8.36,398.97
2007-10-05,40985.88,0.0,304.39,18.31,7.15,365.19
2007-10-06,40835.18,0.0,406.07,22.62,4.45,299.13
2007-10-07,40684.9,0.0,410.1,26.12,6.81,356.16
2007-10-08,40535.06,0.0,383.24,27.59,10.45,463.49
2007-10-09,40385.69,13.12,219.93,23.18,11.89,513.57
2007-10-10,40236.83,0.0,291.68,21.32,10.26,457.43
2007-10-11,40088.51,0.0,325.93,21.07,8.19,394.13
2007-10-12,39940.76,1.36,226.36,18.87,10.7,482.89
2007-10-13,39793.61,0.0,334.66,22.61,8.98,417.11
2007-10-14,39647.09,0.0,325.53,23.23,10.03,450.03
2007-10-15,39501.25,0.0,267.3,19.66,9.67,438.44
2007-10-16,39356.1,3.67,114.8,16.55,11.04,985.5
2007-10-17,39211.7,0.0,297.95,20.64,9.25,425.35
2007-10-18,39068.07,0.0,332.7,23.19,9.42,430.68
2007-10-19,38925.25,6.89,197.66,21.47,11.26,692.53
2007-10-20,38783.28,0.0,243.75,19.51,10.29,707.06
2007-10-21,38642.19,0.0,354.9,23.13,6.96,360.21
2007-10-22,38502.03,0.0,364.9,27.28,8.96,416.71
2007-10-23,38362.83,0.0,363.26,30.31,11.1,485.52
2007-10-24,38224.64,0.0,346.61,30.61,13.06,557.34
2007-10-25,38087.5,0.0,326.73,27.75,12.15,522.96
2007-10-26,37951.44,0.0,315.44,25.27,10.6,509.67
2007-10-27,37816.52,0.0,315.16,28.13,13.01,573.1
2007-10-28,37682.77,0.97,267.18,27.3,15.19,819.97
2007-10-29,37550.23,2.9,167.67,22.44,12.7,1114.28
2007-10-30,37418.96,0.0,203.22,18.45,10.06,915.72
2007-10-31,37289.0,0.0,265.45,21.18,9.44,702.1
2007-11-01,37160.4,0.0,299.37,23.41,9.13,598.44
2007-11-02,37033.19,0.0,304.34,24.42,9.37,591.56
2007-11-03,36907.44,0.0,316.15,25.29,8.55,533.41
2007-11-04,36783.19,0.0,307.04,26.7,10.29,608.1
2007-11-05,36660.48,0.0,300.93,25.71,9.8,611.64
2007-11-06,36539.37,0.0,303.81,25.53,9.12,582.54
2007-11-07,36419.9,0.0,282.15,25.29,10.76,703.16
2007-11-08,36302.14,0.0,267.59,21.38,8.07,650.6
2007-11-09,36186.12,0.0,234.52,19.95,8.79,771.0
2007-11-10,36071.9,19.39,165.89,18.07,7.56,890.24
2007-11-11,35959.54,0.0,198.06,18.95,9.45,1128.75
2007-11-12,35849.07,0.0,262.37,19.71,5.82,784.72
2007-11-13,35740.56,0.0,245.61,22.21,9.18,996.89
2007-11-14,35634.07,0.0,245.22,22.65,9.34,1006.34
2007-11-15,35529.63,0.0,223.53,22.35,10.34,1124.04
2007-11-16,35427.3,0.0,190.17,19.39,9.64,1163.48
2007-11-17,35327.15,0.0,231.39,20.99,8.36,983.3
2007-11-18,35229.21,0.0,226.19,20.53,8.13,981.33
2007-11-19,35133.54,0.0,146.63,16.33,9.0,1147.38
2007-11-20,35040.19,0.0,226.97,17.02,4.76,801.69
2007-11-21,34949.23,0.0,244.18,17.0,3.33,706.88
2007-11-22,34860.68,0.0,237.1,17.91,4.79,786.2
2007-11-23,34774.62,0.0,268.16,19.3,2.65,637.09
2007-11-24,34691.08,0.0,239.76,16.78,3.33,715.3
2007-11-25,34610.12,0.0,198.41,15.79,5.47,893.68
2007-11-26,34531.79,0.0,241.06,16.87,3.15,705.71
2007-11-27,34456.13,0.0,213.68,17.26,5.64,874.63
2007-11-28,34383.19,0.0,238.25,16.58,2.74,692.07
2007-11-29,34313.02,0.0,198.7,15.33,4.59,845.89
2007-11-30,34245.66,0.0,203.32,12.64,1.7,690.58
2007-12-01,34181.16,0.0,223.9,12.9,0.3,614.64
2007-12-02,34119.56,0.0,224.03,16.54,3.57,753.12
2007-12-03,34060.89,0.0,208.23,17.72,5.98,904.84
2007-12-04,34005.21,1.37,120.19,15.7,9.7,1202.55
2007-12-05,33952.54,0.0,163.13,15.93,7.65,1047.16
2007-12-06,33902.93,28.23,69.3,12.06,7.81,1058.32
2007-12-07,33856.4,5.12,94.8,10.53,4.77,857.85
2007-12-08,33812.99,0.0,172.17,9.79,1.76,693.42
2007-12-09,33772.73,0.0,217.64,12.06,0.82,648.24
2007-12-10,33735.65,0.0,220.89,13.35,1.63,686.92
2007-12-11,33701.78,0.0,227.6,14.25,1.66,688.56
2007-12-12,33671.14,0.0,210.36,12.49,1.6,685.5
2007-12-13,33643.75,0.0,228.52,13.16,0.58,637.1
2007-12-14,33619.63,0.0,228.58,13.12,0.51,633.72
2007-12-15,33598.8,0.0,204.96,13.23,2.66,739.23
2007-12-16,33581.28,6.57,156.71,11.69,0.86,650.19
2007-12-17,33567.07,14.2,79.65,11.05,6.27,952.28
2007-12-18,33556.19,11.33,73.32,12.14,7.82,1059.21
2007-12-19,33548.66,17.72,84.12,11.86,6.91,995.18
2007-12-20,33544.46,1.78,166.46,11.37,3.81,802.44
2007-12-21,33543.61,0.0,225.88,10.88,-0.64,583.05
2007-12-22,33546.1,0.0,222.71,11.18,-0.03,609.58
2007-12-23,33551.94,0.0,227.68,13.66,1.93,701.79
2007-12-24,33561.12,0.0,204.53,12.57,2.93,753.92
2007-12-25,33573.63,0.0,211.83,9.62,-0.29,597.75
2007-12-26,33589.47,0.0,175.29,9.07,1.6,685.54
2007-12-27,33608.62,1.1,197.19,6.86,-1.66,540.87
2007-12-28,33631.07,1.47,126.49,6.74,1.86,698.3
2007-12-29,33656.79,0.99,127.47,9.09,4.21,824.85
2007-12-30,33685.79,0.0,156.36,9.47,3.43,780.74
2007-12-31,33718.02,0.0,236.77,10.78,-0.1,606.26
2008-01-01,33753.63,0.0,266.99,16.59,1.08,660.53
2008-01-02,33792.29,0.0,262.47,17.04,2.67,739.96
2008-01-03,33834.11,33.84,176.34,14.85,4.35,832.99
2008-01-04,33879.07,37.78,123.67,13.49,7.3,1022.25
2008-01-05,33927.13,31.1,106.05,9.77,4.74,856.21
2008-01-06,33978.27,1.54,169.43,10.19,4.03,814.54
2008-01-07,34032.43,0.0,199.72,10.53,2.96,755.15
2008-01-08,34089.6,9.51,109.73,9.07,3.95,809.85
2008-01-09,34149.72,2.11,121.14,10.98,5.22,885.28
2008-01-10,34212.77,3.48,107.4,11.26,6.24,950.62
2008-01-11,34278.69,0.0,164.62,12.77,6.89,993.64
2008-01-12,34347.45,0.0,158.57,12.29,6.72,982.02
2008-01-13,34419.0,0.0,244.13,14.03,3.89,806.78
2008-01-14,34493.29,0.0,271.2,15.57,2.7,741.48
2008-01-15,34570.28,0.0,252.15,13.72,3.23,769.8
2008-01-16,34649.92,0.0,252.58,12.14,1.92,701.29
2008-01-17,34732.16,0.0,276.85,12.03,-0.32,596.74
2008-01-18,34816.96,0.0,286.51,14.74,0.9,651.9
2008-01-19,34904.26,0.0,288.77,15.73,1.68,689.25
2008-01-20,34994.01,0.0,210.68,9.29,2.07,708.84
2008-01-21,35086.16,5.51,115.89,8.93,3.98,811.83
2008-01-22,35180.67,18.2,98.46,8.21,4.12,819.92
2008-01-23,35277.47,18.68,86.63,7.61,4.09,818.02
2008-01-24,35376.51,3.48,163.39,9.55,2.29,720.27
2008-01-25,35477.75,4.25,189.11,13.51,4.34,832.68
2008-01-26,35581.13,19.43,197.01,17.33,7.23,1017.37
2008-01-27,35686.6,17.62,149.71,12.4,5.97,932.96
2008-01-28,35794.1,4.99,189.44,10.07,1.48,679.43
2008-01-29,35903.58,4.15,155.21,6.53,0.19,619.27
2008-01-30,36014.99,0.98,273.37,11.23,1.65,688.1
2008-01-31,36128.28,14.04,156.72,9.31,3.1,762.81
2008-02-01,36243.4,0.0,234.68,9.55,2.59,736.01
2008-02-02,36360.29,20.5,198.4,9.49,1.37,674.49
2008-02-03,36478.9,6.78,188.84,11.22,3.65,793.29
2008-02-04,36599.19,0.0,312.17,12.67,1.41,676.08
2008-02-05,36721.1,0.0,319.32,12.52,0.72,643.49
2008-02-06,36844.58,0.0,307.17,14.1,3.25,771.29
2008-02-07,36969.58,0.0,320.13,14.77,2.78,745.94
2008-02-08,37096.06,0.0,336.08,16.33,2.45,728.61
2008-02-09,37223.96,0.0,340.75,18.93,3.94,809.82
2008-02-10,37353.25,0.0,330.21,19.45,5.72,916.78
2008-02-11,37483.86,0.0,341.41,20.99,5.62,910.29
2008-02-12,37615.76,0.0,326.45,20.0,6.68,979.37
2008-02-13,37748.91,0.0,245.16,15.56,7.7,1050.84
2008-02-14,37883.24,0.0,321.39,14.66,3.07,761.55
2008-02-15,38018.74,0.0,355.21,16.26,1.62,686.56
2008-02-16,38155.34,0.0,345.43,17.28,3.75,798.52
2008-02-17,38293.01,0.0,353.51,17.47,3.44,781.44
2008-02-18,38431.7,0.0,337.71,16.67,4.4,835.99
2008-02-19,38571.38,10.73,208.46,12.88,4.26,828.04
2008-02-20,38712.0,2.49,207.38,14.12,5.5,902.64
2008-02-21,38853.53,7.61,172.91,11.96,5.19,883.82
2008-02-22,38995.93,8.39,138.24,11.02,5.8,921.58
2008-02-23,39139.16,14.83,201.74,11.25,3.24,770.77
2008-02-24,39283.18,10.16,132.87,12.55,7.63,1045.89
2008-02-25,39427.95,0.0,332.85,15.86,5.05,875.02
2008-02-26,39573.45,0.0,376.45,18.79,4.6,847.73
2008-02-27,39719.63,0.0,371.36,20.43,6.49,966.73
2008-02-28,39866.46,0.0,386.05,21.53,6.02,935.81
2008-02-29,40013.92,0.0,339.98,20.47,8.68,1122.63
2008-03-01,40161.95,0.0,281.95,16.88,8.15,1083.4
2008-03-02,40310.55,0.0,378.28,19.19,5.19,883.31
2008-03-03,40459.66,0.0,376.26,19.14,5.33,892.23
2008-03-04,40609.26,0.0,379.16,19.14,5.12,879.3
2008-03-05,40759.33,0.0,394.35,19.52,4.39,835.49
2008-03-06,40909.82,0.0,372.86,20.03,6.54,970.36
2008-03-07,41060.72,0.0,376.35,20.57,6.87,992.84
2008-03-08,41211.99,0.0,385.53,20.67,6.47,965.41
2008-03-09,41363.6,0.0,410.68,21.68,5.52,903.87
2008-03-10,41515.52,0.0,364.31,21.76,9.05,1151.07
2008-03-11,41667.74,0.0,349.98,20.71,9.05,1151.71
2008-03-12,41820.21,13.57,268.82,19.99,8.21,1087.63
2008-03-13,41972.92,0.0,294.45,17.72,9.02,1148.78
2008-03-14,42125.83,0.0,244.17,13.82,7.06,1005.71
2008-03-15,42278.93,0.0,376.57,16.17,4.43,838.02
2008-03-16,42432.18,0.0,416.07,18.26,4.24,826.81
2008-03-17,42585.56,0.0,444.77,19.85,3.47,783.09
2008-03-18,42739.04,0.0,408.09,20.14,6.63,975.97
2008-03-19,42892.59,0.0,379.4,18.57,6.89,993.87
2008-03-20,43046.2,0.0,405.55,18.06,5.13,879.89
2008-03-21,43199.83,0.0,453.36,20.01,3.44,781.34
2008-03-22,43353.46,0.0,460.69,22.56,4.67,852.09
2008-03-23,43507.07,0.0,433.7,23.82,7.78,1056.32
2008-03-24,43660.63,0.0,430.48,23.37,7.6,1043.63
2008-03-25,43814.11,0.0,375.08,20.15,7.82,1058.93
2008-03-26,43967.49,0.0,353.51,16.66,5.66,913.1
2008-03-27,44120.74,0.0,400.79,16.4,3.44,781.74
2008-03-28,44273.83,0.0,361.61,16.0,4.98,870.75
2008-03-29,44426.75,0.0,305.74,16.11,7.32,1023.63
2008-03-30,44579.46,0.0,399.63,17.21,4.79,859.2
2008-03-31,44731.93,0.0,466.79,18.31,1.76,693.58
2008-04-01,44884.14,0.0,422.82,19.8,5.95,931.18
2008-04-02,45036.07,0.0,434.37,20.63,6.11,942.17
2008-04-03,45187.68,0.0,457.69,21.69,5.67,913.88
2008-04-04,45338.95,0.0,424.7,20.16,6.42,962.44
2008-04-05,45489.85,0.0,457.72,18.58,3.26,771.49
2008-04-06,45640.34,0.0,404.73,18.02,5.61,910.02
2008-04-07,45790.41,0.0,471.04,18.6,2.67,739.72
2008-04-08,45940.01,0.0,389.01,17.44,5.96,931.93
2008-04-09,46089.13,0.0,490.63,20.75,3.36,777.21
2008-04-10,46237.72,0.0,504.14,24.41,4.99,866.61
2008-04-11,46385.76,0.0,506.55,28.39,7.65,1017.59
2008-04-12,46533.21,0.0,484.97,32.01,12.0,1356.52
2008-04-13,46680.05,0.0,440.93,29.82,13.32,1528.43
2008-04-14,46826.23,0.0,380.88,19.82,7.78,1056.51
2008-04-15,46971.73,0.0,484.37,19.61,2.3,720.78
2008-04-16,47116.51,0.0,507.92,24.28,4.34,822.73
2008-04-17,47260.53,0.0,493.57,26.64,7.4,1010.2
2008-04-18,47403.76,0.0,411.56,24.36,10.35,1256.4
2008-04-19,47546.16,0.0,395.05,17.73,5.23,886.33
2008-04-20,47687.69,0.0,459.47,16.41,1.11,661.56
2008-04-21,47828.31,0.0,479.21,17.31,0.91,652.41
2008-04-22,47968.0,2.89,312.69,17.64,4.48,841.03
2008-04-23,48106.69,0.0,423.1,18.88,5.46,895.93
2008-04-24,48244.36,0.0,522.32,22.1,2.39,652.03
2008-04-25,48380.97,0.0,532.43,26.63,4.99,740.33
2008-04-26,48516.46,0.0,504.3,30.73,10.81,1023.02
2008-04-27,48650.8,0.0,476.62,31.79,13.65,1164.65
2008-04-28,48783.95,0.0,409.61,27.7,13.56,1260.88
2008-04-29,48915.85,0.0,369.62,19.97,8.2,963.19
2008-04-30,49046.47,0.0,473.75,20.42,4.07,637.3
2008-05-01,49175.75,0.0,502.72,23.86,5.55,597.41
2008-05-02,49303.66,0.0,448.63,24.67,9.32,825.96
2008-05-03,49430.14,0.0,509.51,26.1,7.46,527.22
2008-05-04,49555.15,0.0,503.15,26.74,8.54,513.22
2008-05-05,49678.63,0.0,511.31,27.51,8.67,501.03
2008-05-06,49800.54,0.0,473.15,26.71,10.14,607.5
2008-05-07,49920.83,0.0,433.19,25.72,11.21,720.22
2008-05-08,50039.45,0.0,471.84,26.6,10.09,605.37
2008-05-09,50156.35,0.0,499.63,26.27,8.26,504.1
2008-05-10,50271.47,0.0,501.25,28.0,9.82,542.01
2008-05-11,50384.76,0.0,448.66,26.41,11.3,687.37
2008-05-12,50496.18,0.0,472.22,26.82,10.68,620.52
2008-05-13,50605.67,0.0,504.98,31.53,13.12,631.29
2008-05-14,50713.17,0.0,515.32,34.55,14.94,665.21
2008-05-15,50818.64,0.0,491.53,38.64,19.9,926.1
2008-05-16,50922.03,0.0,512.17,38.58,18.62,814.52
2008-05-17,51023.27,0.0,503.16,38.39,19.07,849.39
2008-05-18,51122.32,0.0,497.39,37.57,18.64,844.51
2008-05-19,51219.12,0.0,496.59,33.5,15.05,702.58
2008-05-20,51313.63,0.0,402.81,27.66,14.43,762.01
2008-05-21,51405.79,0.0,488.3,25.18,8.28,396.72
2008-05-22,51495.55,0.0,439.74,25.1,10.69,471.48
2008-05-23,51582.85,4.05,228.67,20.8,11.42,825.4
2008-05-24,51667.65,0.0,272.07,18.43,10.58,484.01
2008-05-25,51749.9,0.0,410.64,22.07,9.6,436.16
2008-05-26,51829.55,0.0,460.42,23.74,9.22,424.47
2008-05-27,51906.55,0.0,476.84,23.57,8.35,398.78
2008-05-28,51980.84,0.0,451.82,23.74,9.69,439.16
2008-05-29,52052.4,0.0,512.08,25.61,8.21,394.53
2008-05-30,52121.16,0.0,524.0,26.66,8.38,399.44
2008-05-31,52187.09,0.0,502.12,26.34,9.49,432.9
2008-06-01,52250.14,0.0,517.52,27.84,9.88,445.0
2008-06-02,52310.27,0.0,520.95,27.84,9.69,439.07
2008-06-03,52367.45,0.0,467.45,26.54,11.54,501.04
2008-06-04,52421.62,0.0,479.99,26.73,11.2,488.96
2008-06-05,52472.76,0.0,522.54,28.65,10.5,465.44
2008-06-06,52520.83,0.0,486.66,27.39,11.4,496.15
2008-06-07,52565.79,0.0,545.79,29.85,9.76,441.25
2008-06-08,52607.62,0.0,551.84,34.33,13.06,557.2
2008-06-09,52646.29,0.0,509.58,34.1,16.0,682.72
2008-06-10,52681.76,0.0,419.46,29.58,16.43,703.08
2008-06-11,52714.01,0.0,517.11,31.63,13.33,567.88
2008-06-12,52743.03,0.0,550.8,35.41,13.98,594.02
2008-06-13,52768.78,0.0,520.89,36.9,17.61,761.28
2008-06-14,52791.24,0.0,534.59,34.83,14.8,628.83
2008-06-15,52810.42,0.0,530.64,34.56,14.89,632.52
2008-06-16,52826.27,0.0,536.53,34.67,14.5,616.07
2008-06-17,52838.81,0.0,559.59,35.72,13.26,565.27
2008-06-18,52848.01,0.0,546.46,36.31,14.88,632.23
2008-06-19,52853.87,0.0,545.93,38.01,16.08,686.61
2008-06-20,52856.39,0.0,532.81,40.43,19.04,837.97
2008-06-21,52855.56,0.0,481.02,38.56,20.91,948.19
2008-06-22,52851.38,0.0,478.82,35.09,17.82,772.02
2008-06-23,52843.87,0.0,503.14,33.28,14.49,615.39
2008-06-24,52833.01,0.0,480.81,32.27,14.8,628.74
2008-06-25,52818.83,0.0,502.02,32.75,13.86,589.17
2008-06-26,52801.33,0.0,495.01,32.82,14.27,606.19
2008-06-27,52780.52,0.0,447.67,34.09,17.99,780.97
2008-06-28,52756.42,0.0,475.42,33.66,16.13,688.6
2008-06-29,52729.05,0.0,498.75,33.79,14.83,630.2
2008-06-30,52698.43,0.0,490.2,32.8,14.43,613.08
2008-07-01,52664.58,0.0,505.97,33.32,13.86,589.13
2008-07-02,52627.52,0.0,493.79,33.73,14.98,636.61
2008-07-03,52587.29,0.0,471.99,32.01,14.65,622.35
2008-07-04,52543.9,0.0,470.28,31.68,14.41,612.09
2008-07-05,52497.39,0.0,507.76,35.18,15.2,646.14
2008-07-06,52447.79,0.0,510.12,37.54,16.96,728.73
2008-07-07,52395.15,0.0,506.18,41.33,20.39,916.58
2008-07-08,52339.48,0.0,500.56,41.95,21.29,972.36
2008-07-09,52280.84,0.0,457.8,41.2,23.33,1109.67
2008-07-10,52219.25,0.0,401.63,37.55,22.91,1079.92
2008-07-11,52154.77,0.0,436.35,34.69,18.73,820.98
2008-07-12,52087.43,0.0,479.74,35.33,17.0,730.81
2008-07-13,52017.28,0.0,479.25,36.51,18.08,785.93
2008-07-14,51944.36,0.0,428.42,34.53,19.09,840.77
2008-07-15,51868.72,0.0,454.92,32.88,16.33,698.2
2008-07-16,51790.4,0.0,502.5,34.73,15.18,645.66
2008-07-17,51709.46,0.0,503.3,35.51,15.85,675.67
2008-07-18,51625.94,0.0,519.44,36.72,15.72,669.69
2008-07-19,51539.89,0.0,469.36,34.5,17.12,736.42
2008-07-20,51451.36,0.0,450.89,30.37,14.44,613.34
2008-07-21,51360.41,0.0,488.95,31.5,13.34,568.16
2008-07-22,51267.08,0.0,528.14,34.63,13.24,564.37
2008-07-23,51171.43,0.0,490.94,35.81,16.91,726.19
2008-07-24,51073.5,0.0,495.75,36.24,16.9,725.6
2008-07-25,50973.36,0.0,508.53,37.57,17.08,734.75
2008-07-26,50871.05,0.0,506.14,37.25,16.9,725.92
2008-07-27,50766.63,0.0,432.22,31.6,16.16,690.32
2008-07-28,50660.14,0.0,488.93,33.2,14.43,612.91
2008-07-29,50551.65,0.0,486.15,33.26,14.63,621.67
2008-07-30,50441.2,0.0,500.88,33.61,13.89,590.53
2008-07-31,50328.84,0.0,470.0,34.45,16.6,711.35
2008-08-01,50214.64,0.0,497.6,35.49,15.71,669.1
2008-08-02,50098.63,0.0,476.06,35.25,16.83,722.21
2008-08-03,49980.87,0.0,487.16,34.91,15.73,670.46
2008-08-04,49861.42,0.0,491.94,35.02,15.48,658.73
2008-08-05,49740.32,0.0,485.65,35.68,16.45,704.16
2008-08-06,49617.62,0.0,470.3,36.29,17.97,780.32
2008-08-07,49493.38,0.0,443.83,33.77,17.3,745.66
2008-08-08,49367.64,0.0,454.14,31.85,14.96,635.98
2008-08-09,49240.44,0.0,482.23,32.77,13.96,593.41
2008-08-10,49111.85,0.0,499.5,35.42,14.92,633.92
2008-08-11,48981.89,0.0,492.79,37.22,16.84,722.69
2008-08-12,48850.63,0.0,487.22,37.82,17.65,763.65
2008-08-13,48718.11,0.0,482.85,39.49,19.18,845.8
2008-08-14,48584.37,0.0,464.5,40.03,20.78,939.86
2008-08-15,48449.45,0.0,436.49,38.59,21.22,967.65
2008-08-16,48313.4,0.0,405.22,35.24,19.93,888.9
2008-08-17,48176.26,0.0,396.53,31.11,16.65,713.52
2008-08-18,48038.08,0.0,417.75,29.32,13.93,592.11
2008-08-19,47898.89,0.0,448.05,29.73,12.6,539.52
2008-08-20,47758.73,0.0,465.8,32.34,13.77,585.68
2008-08-21,47617.65,0.0,426.98,33.43,17.12,736.53
2008-08-22,47475.69,0.0,459.8,35.27,16.73,717.24
2008-08-23,47332.87,0.0,464.54,36.31,17.25,742.99
2008-08-24,47189.25,0.0,464.29,36.65,17.48,754.55
2008-08-25,47044.85,0.0,441.41,35.01,17.49,755.3
2008-08-26,46899.71,0.0,483.76,35.91,15.09,641.27
2008-08-27,46753.86,0.0,477.41,38.49,17.6,761.02
2008-08-28,46607.35,0.0,453.13,39.97,20.53,924.68
2008-08-29,46460.21,0.0,429.7,39.41,21.53,987.25
2008-08-30,46312.46,0.0,381.79,33.92,19.29,852.14
2008-08-31,46164.14,0.0,427.07,29.6,12.88,550.37
2008-09-01,46015.29,0.0,469.97,32.31,12.29,528.21
2008-09-02,45865.93,0.0,479.3,35.51,14.06,597.68
2008-09-03,45716.09,0.0,461.5,36.81,16.52,707.09
2008-09-04,45565.81,0.0,441.09,37.69,18.64,815.84
2008-09-05,45415.11,0.0,437.29,38.19,19.21,847.22
2008-09-06,45264.02,0.0,435.89,38.86,19.66,873.06
2008-09-07,45112.58,0.0,420.39,37.08,19.04,838.14
2008-09-08,44960.81,0.0,407.0,33.64,16.74,718.05
2008-09-09,44808.74,0.0,384.27,28.49,13.33,567.77
2008-09-10,44656.39,0.0,443.27,31.35,12.09,520.89
2008-09-11,44503.8,0.0,436.51,32.43,13.45,572.66
2008-09-12,44350.98,0.0,416.71,32.12,14.46,614.43
2008-09-13,44197.97,0.0,436.68,32.52,13.23,564.12
2008-09-14,44044.8,0.0,433.55,34.07,14.6,620.41
2008-09-15,43891.48,0.0,417.45,34.44,15.9,678.27
2008-09-16,43738.05,0.0,371.29,30.78,15.38,654.35
2008-09-17,43584.53,0.0,365.19,27.41,12.48,535.02
2008-09-18,43430.95,0.0,382.45,26.76,10.77,474.38
2008-09-19,43277.32,0.0,371.14,25.66,10.34,459.98
2008-09-20,43123.69,0.0,356.58,26.41,11.78,509.57
2008-09-21,42970.06,0.0,397.89,28.21,10.8,475.29
2008-09-22,42816.48,0.0,415.77,29.98,10.89,478.22
2008-09-23,42662.96,0.0,429.11,33.26,12.34,529.83
2008-09-24,42509.52,0.0,408.95,34.2,14.69,624.0
2008-09-25,42356.21,0.0,410.05,34.77,14.87,631.9
2008-09-26,42203.03,0.0,404.98,36.38,16.51,706.73
2008-09-27,42050.02,0.0,382.75,36.42,18.16,789.98
2008-09-28,41897.21,0.0,364.7,35.31,18.33,799.15
2008-09-29,41744.61,0.0,382.04,34.21,15.8,673.54
2008-09-30,41592.26,0.0,375.9,34.58,16.37,699.95
2008-10-01,41440.19,0.0,328.64,32.3,17.44,752.89
2008-10-02,41288.41,0.0,230.03,25.44,16.08,686.46
2008-10-03,41136.97,9.23,194.31,22.43,11.81,571.8
2008-10-04,40985.88,4.19,178.76,21.84,12.2,657.41
2008-10-05,40835.18,0.0,329.38,24.15,9.97,448.1
2008-10-06,40684.9,0.0,373.61,27.29,9.72,439.89
2008-10-07,40535.06,0.0,372.79,30.15,12.13,522.29
2008-10-08,40385.69,0.0,315.7,27.03,13.17,561.74
2008-10-09,40236.83,0.0,270.82,20.69,9.51,433.34
2008-10-10,40088.51,0.0,344.21,19.03,3.61,280.78
2008-10-11,39940.76,0.0,327.83,19.54,5.12,314.44
2008-10-12,39793.61,0.0,338.81,21.11,5.77,329.87
2008-10-13,39647.09,0.0,366.66,24.7,6.66,352.39
2008-10-14,39501.25,0.0,373.62,27.18,7.94,386.94
2008-10-15,39356.1,0.0,363.15,29.25,10.57,467.54
2008-10-16,39211.7,0.0,347.81,29.86,12.23,525.7
2008-10-17,39068.07,0.0,336.39,30.22,13.23,563.95
2008-10-18,38925.25,0.0,284.79,26.94,13.78,585.98
2008-10-19,38783.28,0.0,305.11,25.16,10.64,469.95
2008-10-20,38642.19,0.0,327.06,25.0,8.56,404.82
2008-10-21,38502.03,0.0,329.76,26.37,9.37,428.99
2008-10-22,38362.83,0.0,349.08,29.03,9.49,432.83
2008-10-23,38224.64,0.0,327.75,30.03,12.43,533.2
2008-10-24,38087.5,0.0,319.01,29.38,12.47,534.95
2008-10-25,37951.44,0.0,316.26,29.59,12.74,545.1
2008-10-26,37816.52,0.0,318.13,29.57,12.35,530.45
2008-10-27,37682.77,0.0,320.28,29.28,11.63,504.0
2008-10-28,37550.23,0.0,321.29,28.74,10.71,472.21
2008-10-29,37418.96,0.0,286.98,27.25,12.32,529.22
2008-10-30,37289.0,5.51,162.28,24.52,13.97,868.33
2008-10-31,37160.4,12.03,144.67,23.12,13.84,972.31
2008-11-01,37033.19,31.67,66.5,18.14,14.01,1598.36
2008-11-02,36907.44,17.82,117.14,18.23,10.69,1285.39
2008-11-03,36783.19,4.94,98.34,15.79,9.61,1195.52
2008-11-04,36660.48,0.0,197.71,16.32,6.71,981.62
2008-11-05,36539.37,0.0,220.93,16.13,5.22,885.41
2008-11-06,36419.9,0.0,264.59,20.32,5.89,927.77
2008-11-07,36302.14,0.0,237.98,20.25,7.71,1050.98
2008-11-08,36186.12,3.75,131.27,17.46,8.89,1139.13
2008-11-09,36071.9,0.0,167.77,16.0,7.95,1068.78
2008-11-10,35959.54,0.0,210.03,16.74,6.27,952.64
2008-11-11,35849.07,0.0,207.08,18.24,7.84,1060.56
2008-11-12,35740.56,0.0,224.22,19.97,8.32,1095.99
2008-11-13,35634.07,0.0,250.84,21.75,7.83,1060.07
2008-11-14,35529.63,0.0,260.27,24.39,9.04,1150.93
2008-11-15,35427.3,0.0,254.85,25.99,10.71,1286.67
2008-11-16,35327.15,0.0,258.12,26.53,10.62,1279.6
2008-11-17,35229.21,0.0,250.07,26.7,11.31,1339.14
2008-11-18,35133.54,0.0,236.93,24.38,10.54,1272.78
2008-11-19,35040.19,0.0,227.06,21.1,8.55,1113.44
2008-11-20,34949.23,0.0,206.81,17.66,6.98,1000.06
2008-11-21,34860.68,0.0,228.04,16.46,4.47,840.29
2008-11-22,34774.62,0.0,238.98,18.97,5.77,919.91
2008-11-23,34691.08,0.0,248.14,19.79,5.52,904.24
2008-11-24,34610.12,0.0,239.23,20.02,6.5,967.33
2008-11-25,34531.79,1.33,178.58,16.86,8.16,1083.67
2008-11-26,34456.13,3.47,61.15,13.37,9.84,1214.53
2008-11-27,34383.19,0.0,114.04,14.75,9.78,1209.47
2008-11-28,34313.02,0.0,125.14,13.49,8.18,1085.25
2008-11-29,34245.66,0.0,235.43,17.9,5.64,911.63
2008-11-30,34181.16,0.0,239.29,19.52,6.41,961.49
2008-12-01,34119.56,0.0,214.3,17.72,6.74,983.5
2008-12-02,34060.89,0.0,155.42,12.79,5.72,916.62
2008-12-03,34005.21,0.0,173.23,13.7,5.54,905.37
2008-12-04,33952.54,0.0,201.07,13.51,3.59,789.92
2008-12-05,33902.93,0.0,221.11,14.46,2.87,750.49
2008-12-06,33856.4,0.0,186.4,12.88,3.96,810.77
2008-12-07,33812.99,0.0,181.14,10.78,2.35,723.39
2008-12-08,33772.73,0.0,185.48,9.86,1.18,664.93
2008-12-09,33735.65,0.0,240.35,14.66,0.95,654.12
2008-12-10,33701.78,0.0,238.6,15.97,2.08,709.49
2008-12-11,33671.14,0.0,224.05,15.02,2.65,739.1
2008-12-12,33643.75,0.0,204.21,14.12,3.49,784.46
2008-12-13,33619.63,0.0,171.32,9.44,1.36,673.86
2008-12-14,33598.8,7.12,124.92,7.69,0.09,614.72
2008-12-15,33581.28,5.74,94.82,7.92,2.49,730.46
2008-12-16,33567.07,0.0,175.17,8.0,0.26,622.33
2008-12-17,33556.19,0.0,229.94,9.71,-1.84,533.8
2008-12-18,33548.66,4.2,170.33,9.11,-2.08,524.14
2008-12-19,33544.46,0.0,173.06,8.83,1.4,675.69
2008-12-20,33543.61,10.19,152.58,9.14,-0.07,607.77
2008-12-21,33546.1,16.82,98.91,8.92,3.6,790.58
2008-12-22,33551.94,0.0,127.93,9.54,4.5,842.13
2008-12-23,33561.12,2.68,120.88,10.24,3.83,803.3
2008-12-24,33573.63,19.78,89.49,10.02,5.58,907.65
2008-12-25,33589.47,0.0,159.1,9.21,3.19,767.65
2008-12-26,33608.62,0.0,231.6,9.9,-0.59,585.15
2008-12-27,33631.07,0.0,226.54,10.83,0.59,637.35
2008-12-28,33656.79,0.0,244.94,13.97,1.44,677.76
2008-12-29,33685.79,0.0,217.44,13.75,3.9,807.37
2008-12-30,33718.02,0.0,211.41,11.49,2.39,725.25
2009-01-01,33753.63,0.0,175.29,10.27,1.87,699.14
2009-01-02,33792.29,3.12,105.0,9.33,2.91,752.9
2009-01-03,33834.11,0.0,181.74,9.15,0.51,633.73
2009-01-04,33879.07,0.37,227.34,10.46,-1.43,549.96
2009-01-05,33927.13,1.29,127.67,7.4,1.73,691.95
2009-01-06,33978.27,0.0,154.05,9.68,2.66,739.66
2009-01-07,34032.43,0.7,175.64,11.18,2.97,755.83
2009-01-08,34089.6,0.0,170.21,10.32,2.5,731.02
2009-01-09,34149.72,0.0,230.82,12.2,0.34,626.03
2009-01-10,34212.77,0.0,260.5,16.92,1.42,676.88
2009-01-11,34278.69,0.0,244.65,16.54,3.2,768.46
2009-01-12,34347.45,0.0,262.46,19.73,3.87,805.79
2009-01-13,34419.0,0.0,253.15,19.78,5.32,891.51
2009-01-14,34493.29,0.0,259.71,20.3,5.15,881.25
2009-01-15,34570.28,0.0,262.94,21.26,5.68,914.08
2009-01-16,34649.92,0.0,268.28,21.05,5.05,875.1
2009-01-17,34732.16,0.0,263.99,20.51,5.44,898.88
2009-01-18,34816.96,0.0,273.44,21.8,5.43,898.51
2009-01-19,34904.26,0.0,272.21,21.18,5.43,898.29
2009-01-20,34994.01,0.0,267.84,20.91,6.01,935.65
2009-01-21,35086.16,13.04,160.12,18.19,8.28,1092.79
2009-01-22,35180.67,16.82,56.45,12.99,10.04,1230.7
2009-01-23,35277.47,26.53,95.45,15.14,9.87,1216.91
2009-01-24,35376.51,0.92,109.9,12.9,8.5,1109.53
2009-01-25,35477.75,0.0,146.75,9.56,3.77,799.76
2009-01-26,35581.13,0.0,227.33,10.99,1.33,672.53
2009-01-27,35686.6,0.0,273.44,11.36,-1.32,554.61
2009-01-28,35794.1,0.0,284.07,14.23,0.51,633.73
2009-01-29,35903.58,0.0,296.08,16.3,1.32,672.07
2009-01-30,36014.99,0.0,311.95,20.02,2.48,730.25
2009-01-31,36128.28,0.0,289.47,17.93,3.73,797.41
2009-02-01,36243.4,0.0,292.02,17.51,3.13,764.63
2009-02-02,36360.29,0.0,307.0,21.37,4.66,851.39
2009-02-03,36478.9,0.0,305.87,22.12,5.55,906.28
2009-02-04,36599.19,0.0,263.62,19.45,7.13,1010.43
2009-02-05,36721.1,2.79,103.19,14.15,8.7,1124.16
2009-02-06,36844.58,4.14,138.99,15.53,8.04,1075.09
2009-02-07,36969.58,0.0,224.0,15.1,5.89,927.46
2009-02-08,37096.06,7.55,143.0,12.46,5.1,878.07
2009-02-09,37223.96,0.0,233.84,11.03,2.03,706.78
2009-02-10,37353.25,5.1,214.62,11.17,-0.53,587.57
2009-02-11,37483.86,11.21,171.59,10.84,2.44,728.22
2009-02-12,37615.76,12.54,149.84,9.95,3.01,758.22
2009-02-13,37748.91,15.59,187.74,10.28,1.45,678.34
2009-02-14,37883.24,0.16,247.06,12.16,3.64,792.63
2009-02-15,38018.74,9.05,128.22,12.31,6.9,994.63
2009-02-16,38155.34,20.27,139.29,10.7,5.05,874.76
2009-02-17,38293.01,13.17,141.84,11.03,5.48,901.7
2009-02-18,38431.7,0.0,323.37,16.6,5.31,891.15
2009-02-19,38571.38,0.0,365.42,17.9,3.28,772.58
2009-02-20,38712.0,0.0,356.46,18.23,4.61,848.59
2009-02-21,38853.53,6.99,248.35,16.83,5.2,884.35
2009-02-22,38995.93,17.64,189.16,16.21,8.39,1100.89
2009-02-23,39139.16,7.64,129.41,16.53,11.43,1349.81
2009-02-24,39283.18,0.0,283.49,16.62,7.64,1046.31
2009-02-25,39427.95,3.64,230.93,17.03,7.03,1003.38
2009-02-26,39573.45,0.0,321.97,16.84,6.37,959.11
2009-02-27,39719.63,0.0,384.42,17.18,2.76,744.52
2009-02-28,39866.46,0.0,364.29,17.87,5.23,886.32
2009-03-01,40013.92,13.75,145.44,16.34,11.06,1317.31
2009-03-02,40161.95,18.53,123.09,15.2,10.98,1310.47
2009-03-03,40310.55,20.25,150.59,12.31,7.37,1027.34
2009-03-04,40459.66,0.07,332.09,13.16,4.33,831.86
2009-03-05,40609.26,0.0,389.16,14.36,2.91,752.55
2009-03-06,40759.33,0.0,378.48,14.23,3.63,792.16
2009-03-07,40909.82,0.0,420.1,15.43,1.77,694.12
2009-03-08,41060.72,0.0,380.25,14.63,3.87,805.83
2009-03-09,41211.99,0.0,386.21,12.49,1.72,691.38
2009-03-10,41363.6,0.0,440.91,14.37,-0.71,580.04
2009-03-11,41515.52,0.0,433.29,16.23,1.75,692.96
2009-03-12,41667.74,0.0,441.25,18.39,2.85,749.25
2009-03-13,41820.21,0.0,433.56,17.69,3.15,765.5
2009-03-14,41972.92,0.0,396.2,15.57,3.88,806.31
2009-03-15,42125.83,0.0,389.37,18.0,6.48,965.89
2009-03-16,42278.93,0.0,362.93,19.06,8.72,1125.95
2009-03-17,42432.18,0.0,413.39,20.15,6.99,1000.74
2009-03-18,42585.56,0.0,441.14,22.38,6.59,973.24
2009-03-19,42739.04,0.0,427.25,23.48,8.52,1110.77
2009-03-20,42892.59,0.0,388.2,21.17,9.09,1154.17
2009-03-21,43046.2,12.08,203.48,14.42,7.44,1031.82
2009-03-22,43199.83,1.22,370.59,13.02,2.99,756.91
2009-03-23,43353.46,0.0,457.31,15.68,0.83,648.72
2009-03-24,43507.07,0.0,476.18,19.06,1.78,694.43
2009-03-25,43660.63,0.0,454.25,21.0,5.26,888.03
2009-03-26,43814.11,0.0,447.96,22.91,7.23,1017.56
2009-03-27,43967.49,0.0,448.47,23.51,7.69,1049.95
2009-03-28,44120.74,0.0,413.48,22.82,9.37,1176.13
2009-03-29,44273.83,0.0,382.22,17.73,6.55,970.9
2009-03-30,44426.75,0.0,447.59,19.41,4.77,857.95
2009-03-31,44579.46,0.0,463.92,21.6,5.29,890.06
2009-04-01,44731.93,0.0,443.55,22.31,7.07,1006.33
2009-04-02,44884.14,0.0,390.94,19.37,7.18,1013.89
2009-04-03,45036.07,0.0,440.94,17.65,3.06,761.02
2009-04-04,45187.68,0.0,488.69,21.0,2.46,728.86
2009-04-05,45338.95,0.0,479.24,25.53,6.77,985.53
2009-04-06,45489.85,0.0,429.49,24.58,9.56,1191.66
2009-04-07,45640.34,10.17,254.28,18.12,7.89,1064.13
2009-04-08,45790.41,1.92,256.77,14.93,7.7,1050.46
2009-04-09,45940.01,8.5,158.64,14.09,8.37,1099.47
2009-04-10,46089.13,0.43,338.86,16.82,7.22,1016.85
2009-04-11,46237.72,0.0,458.05,19.72,4.85,863.1
2009-04-12,46385.76,0.0,462.41,20.69,5.54,905.32
2009-04-13,46533.21,0.0,419.92,19.83,6.99,1000.52
2009-04-14,46680.05,0.18,367.15,14.21,4.0,812.94
2009-04-15,46826.23,0.0,485.04,17.91,1.86,698.46
2009-04-16,46971.73,0.0,509.76,21.24,2.82,747.79
2009-04-17,47116.51,0.0,509.0,24.37,5.36,894.38
2009-04-18,47260.53,0.0,502.49,27.63,8.41,1102.44
2009-04-19,47403.76,0.0,469.12,30.85,13.22,1518.6
2009-04-20,47546.16,0.0,481.97,32.14,12.98,1494.75
2009-04-21,47687.69,0.0,434.79,33.45,16.91,1926.12
2009-04-22,47828.31,0.0,416.11,30.53,15.74,1787.62
2009-04-23,47968.0,0.67,405.5,21.75,8.97,1144.84
2009-04-24,48106.69,0.0,444.02,20.08,5.83,924.01
2009-04-25,48244.36,0.0,495.73,21.07,3.82,802.71
2009-04-26,48380.97,0.0,477.78,20.78,4.74,856.04
2009-04-27,48516.46,0.0,425.36,18.64,5.51,903.7
2009-04-28,48650.8,0.0,447.86,17.94,3.83,803.11
2009-04-29,48783.95,0.0,508.93,20.16,2.27,719.17
2009-04-30,48915.85,0.0,499.5,21.78,4.32,831.6
2009-05-01,49046.47,19.9,183.65,18.78,11.89,1391.9
2009-05-02,49175.75,3.71,169.35,17.28,11.11,1321.99
2009-05-03,49303.66,2.99,245.97,20.81,11.48,1354.27
2009-05-04,49430.14,8.23,302.24,23.01,11.02,1313.86
2009-05-05,49555.15,0.0,426.19,24.77,11.8,1383.82
2009-05-06,49678.63,0.0,467.65,25.48,10.51,1269.65
2009-05-07,49800.54,0.0,438.37,25.58,11.94,1396.4
2009-05-08,49920.83,0.0,496.92,27.22,9.93,1221.5
2009-05-09,50039.45,0.0,471.92,28.84,12.44,1443.31
2009-05-10,50156.35,0.0,489.02,29.13,11.47,1353.2
2009-05-11,50271.47,0.0,475.77,27.55,11.01,1312.81
2009-05-12,50384.76,0.0,507.28,26.18,7.91,1065.71
2009-05-13,50496.18,0.0,472.76,27.34,10.89,1302.71
2009-05-14,50605.67,0.0,494.76,28.6,10.51,1222.39
2009-05-15,50713.17,0.0,516.86,32.38,11.9,1258.17
2009-05-16,50818.64,0.0,520.88,36.67,14.49,1455.46
2009-05-17,50922.03,0.0,477.56,38.15,18.72,1922.23
2009-05-18,51023.27,0.0,432.54,33.58,18.06,1861.88
2009-05-19,51122.32,0.0,490.55,30.09,12.4,1201.02
2009-05-20,51219.12,0.0,519.15,30.37,10.79,1048.32
2009-05-21,51313.63,0.0,523.73,31.87,11.56,1086.55
2009-05-22,51405.79,0.0,509.63,30.63,11.49,1104.12
2009-05-23,51495.55,0.0,494.32,28.02,10.26,1025.27
2009-05-24,51582.85,0.0,490.86,26.63,9.36,913.08
2009-05-25,51667.65,0.0,541.46,30.81,9.42,801.93
2009-05-26,51749.9,0.0,542.52,33.84,11.56,901.15
2009-05-27,51829.55,0.0,475.54,35.67,17.56,1405.58
2009-05-28,51906.55,0.0,461.17,34.21,17.09,1402.77
2009-05-29,51980.84,0.0,449.49,30.92,14.97,1270.37
2009-05-30,52052.4,0.0,480.62,29.12,11.88,1009.6
2009-05-31,52121.16,0.0,465.51,28.38,11.95,960.16
2009-06-01,52187.09,0.0,448.35,27.22,11.76,853.35
2009-06-02,52250.14,0.0,454.51,26.61,11.08,635.29
2009-06-03,52310.27,1.32,440.13,27.47,12.47,710.68
2009-06-04,52367.45,0.0,357.94,22.88,11.39,859.12
2009-06-05,52421.62,0.0,376.83,23.08,10.95,798.63
2009-06-06,52472.76,0.0,458.25,26.01,10.35,614.0
2009-06-07,52520.83,0.0,501.71,27.81,9.75,518.08
2009-06-08,52565.79,0.0,483.3,27.12,10.11,559.88
2009-06-09,52607.62,0.0,447.18,24.73,9.7,612.7
2009-06-10,52646.29,0.0,396.94,24.92,12.01,797.32
2009-06-11,52681.76,0.0,456.64,26.51,11.08,639.56
2009-06-12,52714.01,0.0,455.17,25.69,10.41,620.62
2009-06-13,52743.03,0.0,418.03,26.18,12.55,773.05
2009-06-14,52768.78,0.0,490.42,26.92,10.04,546.45
2009-06-15,52791.24,0.0,503.87,28.22,10.61,538.83
2009-06-16,52810.42,0.0,498.82,29.44,12.09,590.46
2009-06-17,52826.27,0.0,517.22,32.04,13.27,587.09
2009-06-18,52838.81,0.0,544.68,34.36,13.29,566.55
2009-06-19,52848.01,0.0,445.0,32.45,17.37,914.8
2009-06-20,52853.87,0.0,482.39,27.73,11.69,506.07
2009-06-21,52856.39,0.0,530.96,28.6,9.61,436.62
2009-06-22,52855.56,0.0,547.2,32.55,11.78,509.65
2009-06-23,52851.38,0.0,548.68,36.15,14.59,619.85
2009-06-24,52843.87,0.0,497.86,35.79,18.05,784.32
2009-06-25,52833.01,0.0,532.68,34.09,14.31,608.08
2009-06-26,52818.83,0.0,563.01,36.82,13.79,586.34
2009-06-27,52801.33,0.0,563.98,40.96,16.68,714.89
2009-06-28,52780.52,0.0,523.54,41.79,20.94,949.98
2009-06-29,52756.42,0.0,504.5,40.73,21.39,978.33
2009-06-30,52729.05,0.0,527.42,36.92,16.46,704.41
2009-07-01,52698.43,0.0,516.08,36.31,16.64,713.19
2009-07-02,52664.58,0.0,523.5,36.42,16.07,686.01
2009-07-03,52627.52,0.0,510.38,35.6,16.17,690.6
2009-07-04,52587.29,0.0,469.63,32.95,16.12,688.16
2009-07-05,52543.9,0.0,484.77,31.11,13.48,573.87
2009-07-06,52497.39,0.0,524.84,31.39,11.01,482.56
2009-07-07,52447.79,0.0,522.03,31.94,11.64,504.28
2009-07-08,52395.15,0.0,514.43,32.34,12.45,534.24
2009-07-09,52339.48,0.0,504.44,32.82,13.43,572.01
2009-07-10,52280.84,0.0,499.2,32.84,13.64,580.18
2009-07-11,52219.25,0.0,452.13,32.83,16.3,696.96
2009-07-12,52154.77,0.0,450.96,34.25,17.62,762.08
2009-07-13,52087.43,0.0,533.13,36.3,13.84,588.55
2009-07-14,52017.28,0.0,512.09,39.47,18.08,785.99
2009-07-15,51944.36,0.0,485.46,39.93,20.26,908.25
2009-07-16,51868.72,0.0,506.85,40.46,19.13,843.06
2009-07-17,51790.4,0.0,476.44,41.14,21.73,1000.69
2009-07-18,51709.46,0.0,505.17,42.35,20.73,936.78
2009-07-19,51625.94,0.0,448.22,40.62,22.84,1075.4
2009-07-20,51539.89,0.0,455.98,37.57,19.71,876.23
2009-07-21,51451.36,0.0,477.5,35.98,17.02,731.74
2009-07-22,51360.41,0.0,498.51,35.76,15.45,657.46
2009-07-23,51267.08,0.0,492.07,34.98,15.2,646.56
2009-07-24,51171.43,0.0,475.47,33.75,15.12,642.99
2009-07-25,51073.5,0.0,522.88,36.53,14.13,600.31
2009-07-26,50973.36,0.0,519.42,39.18,16.62,712.21
2009-07-27,50871.05,0.0,490.3,38.29,18.1,787.05
2009-07-28,50766.63,0.0,447.89,35.24,18.03,783.41
2009-07-29,50660.14,0.0,444.72,33.04,16.24,693.99
2009-07-30,50551.65,0.0,454.45,33.25,15.94,679.93
2009-07-31,50441.2,0.0,479.54,33.63,14.78,628.11
2009-08-01,50328.84,0.0,469.62,33.88,15.62,665.29
2009-08-02,50214.64,0.0,455.38,31.24,14.06,597.43
2009-08-03,50098.63,0.0,467.48,30.85,12.95,553.19
2009-08-04,49980.87,0.0,470.61,31.78,13.56,577.16
2009-08-05,49861.42,0.0,389.21,29.15,15.36,653.39
2009-08-06,49740.32,0.0,371.19,26.93,14.13,600.49
2009-08-07,49617.62,0.0,484.98,30.44,11.63,504.1
2009-08-08,49493.38,0.0,486.11,33.71,14.46,614.23
2009-08-09,49367.64,0.0,477.7,36.95,17.79,770.93
2009-08-10,49240.44,0.0,455.51,37.85,19.88,885.85
2009-08-11,49111.85,0.0,431.12,36.96,20.41,917.63
2009-08-12,48981.89,0.0,481.08,37.02,17.47,754.43
2009-08-13,48850.63,0.0,439.71,34.15,17.5,755.71
2009-08-14,48718.11,0.0,443.59,32.21,15.53,660.94
2009-08-15,48584.37,0.0,496.93,34.27,13.92,591.69
2009-08-16,48449.45,0.0,468.07,35.47,16.92,726.62
2009-08-17,48313.4,0.0,464.71,36.44,17.99,780.95
2009-08-18,48176.26,0.0,488.72,37.1,16.76,718.77
2009-08-19,48038.08,0.0,457.32,35.06,17.02,731.7
2009-08-20,47898.89,0.0,476.09,34.88,15.55,662.17
2009-08-21,47758.73,0.0,494.69,37.98,16.66,713.93
2009-08-22,47617.65,0.0,390.63,34.73,20.21,905.4
2009-08-23,47475.69,0.0,402.11,31.55,16.76,718.77
2009-08-24,47332.87,0.0,482.27,32.96,13.27,565.52
2009-08-25,47189.25,0.0,491.86,34.42,13.71,583.18
2009-08-26,47044.85,0.0,484.44,36.03,15.58,663.36
2009-08-27,46899.71,0.0,496.58,37.85,15.81,673.81
2009-08-28,46753.86,0.0,468.75,38.9,18.77,823.12
2009-08-29,46607.35,0.0,435.9,38.41,20.49,922.47
2009-08-30,46460.21,0.0,415.17,35.09,18.75,822.14
2009-08-31,46312.46,0.0,439.0,33.71,16.03,684.11
2009-09-01,46164.14,0.0,471.42,36.67,16.11,687.87
2009-09-02,46015.29,0.0,436.65,38.06,19.7,875.7
2009-09-03,45865.93,0.0,415.35,36.76,19.81,881.94
2009-09-04,45716.09,0.0,412.72,32.45,15.96,680.72
2009-09-05,45565.81,0.0,429.95,29.94,12.4,532.05
2009-09-06,45415.11,0.0,402.97,29.22,13.3,566.95
2009-09-07,45264.02,0.0,441.83,31.17,12.54,537.5
2009-09-08,45112.58,0.0,446.81,32.97,13.66,581.05
2009-09-09,44960.81,0.0,446.94,35.53,15.68,667.93
2009-09-10,44808.74,0.0,445.41,37.31,17.1,735.64
2009-09-11,44656.39,0.0,389.53,35.79,19.47,862.33
2009-09-12,44503.8,0.0,327.55,28.68,16.11,687.9
2009-09-13,44350.98,3.28,249.92,25.12,12.45,534.07
2009-09-14,44197.97,0.0,332.41,26.56,13.93,592.03
2009-09-15,44044.8,0.0,426.24,30.23,11.91,514.21
2009-09-16,43891.48,0.0,418.98,32.32,14.16,601.77
2009-09-17,43738.05,0.0,424.84,34.72,15.72,669.85
2009-09-18,43584.53,0.0,407.33,36.17,18.11,787.18
2009-09-19,43430.95,0.0,381.02,34.59,18.35,800.35
2009-09-20,43277.32,0.0,425.36,35.25,15.67,667.7
2009-09-21,43123.69,0.0,420.7,36.98,17.2,740.82
2009-09-22,42970.06,0.0,398.95,37.16,18.78,823.39
2009-09-23,42816.48,0.0,400.0,36.95,18.36,800.8
2009-09-24,42662.96,0.0,395.32,36.38,18.08,785.64
2009-09-25,42509.52,0.0,415.43,37.6,17.28,744.6
2009-09-26,42356.21,0.0,409.75,38.27,18.14,788.89
2009-09-27,42203.03,0.0,359.41,36.14,19.98,891.68
2009-09-28,42050.02,0.0,306.7,29.71,17.05,733.39
2009-09-29,41897.21,0.0,277.82,22.34,11.43,496.92
2009-09-30,41744.61,0.0,376.7,23.9,7.39,371.75
2009-10-01,41592.26,0.0,403.34,27.45,8.44,401.37
2009-10-02,41440.19,0.0,348.56,26.84,11.76,508.88
2009-10-03,41288.41,0.0,279.06,21.93,10.81,475.82
2009-10-04,41136.97,0.0,327.01,20.28,6.71,353.7
2009-10-05,40985.88,0.0,359.27,22.24,6.5,348.22
2009-10-06,40835.18,0.0,374.29,24.91,7.66,379.01
2009-10-07,40684.9,0.0,364.39,25.83,9.12,421.35
2009-10-08,40535.06,0.0,358.17,25.28,8.93,415.7
2009-10-09,40385.69,0.0,369.28,25.91,8.51,403.28
2009-10-10,40236.83,0.0,332.53,24.14,9.45,431.63
2009-10-11,40088.51,0.0,300.4,20.68,8.01,388.94
2009-10-12,39940.76,12.7,187.66,18.75,8.45,529.5
2009-10-13,39793.61,39.28,131.16,19.68,12.54,950.99
2009-10-14,39647.09,0.0,228.06,24.6,14.47,1389.7
2009-10-15,39501.25,0.0,235.07,26.33,15.76,1472.41
2009-10-16,39356.1,0.0,276.98,26.91,14.18,1213.67
2009-10-17,39211.7,0.0,285.74,27.71,14.38,1201.75
2009-10-18,39068.07,0.0,235.1,22.62,12.41,1223.56
2009-10-19,38925.25,2.04,134.89,17.65,10.22,1245.73
2009-10-20,38783.28,0.0,309.7,20.83,6.73,754.68
2009-10-21,38642.19,0.0,296.15,22.39,9.0,890.99
2009-10-22,38502.03,0.0,302.0,24.05,10.06,933.99
2009-10-23,38362.83,0.0,286.4,24.81,11.69,1067.85
2009-10-24,38224.64,0.0,249.82,22.99,12.11,1196.38
2009-10-25,38087.5,0.0,314.15,26.15,10.91,953.82
2009-10-26,37951.44,0.0,249.3,24.11,13.24,1282.54
2009-10-27,37816.52,0.0,249.87,18.53,8.09,952.8
2009-10-28,37682.77,0.0,247.25,17.31,7.02,900.82
2009-10-29,37550.23,0.0,321.75,19.99,4.2,639.16
2009-10-30,37418.96,0.0,310.87,21.88,6.63,757.28
2009-10-31,37289.0,0.0,308.35,22.97,7.66,809.8
2009-11-01,37160.4,0.0,294.48,24.12,9.62,939.71
2009-11-02,37033.19,0.0,297.52,25.46,10.15,959.69
2009-11-03,36907.44,0.0,290.54,26.1,11.0,1026.24
2009-11-04,36783.19,0.0,269.83,23.63,10.34,1042.27
2009-11-05,36660.48,0.0,259.36,21.62,9.23,1002.94
2009-11-06,36539.37,0.0,237.9,20.14,9.2,1052.09
2009-11-07,36419.9,0.0,213.05,18.27,8.88,1088.48
2009-11-08,36302.14,0.0,294.69,19.67,4.48,698.56
2009-11-09,36186.12,0.0,269.2,18.82,5.78,804.06
2009-11-10,36071.9,0.0,227.71,18.64,8.25,1019.82
2009-11-11,35959.54,2.44,130.65,17.66,10.05,1231.06
2009-11-12,35849.07,0.0,207.02,16.0,6.72,982.57
2009-11-13,35740.56,0.0,232.45,15.33,4.51,819.5
2009-11-14,35634.07,0.0,250.79,16.75,4.37,783.16
2009-11-15,35529.63,0.0,273.31,18.02,3.36,700.06
2009-11-16,35427.3,0.0,270.8,19.68,4.79,766.85
2009-11-17,35327.15,2.79,175.81,17.45,5.56,906.71
2009-11-18,35229.21,0.0,215.86,14.95,4.36,833.58
2009-11-19,35133.54,0.0,235.52,15.06,3.03,754.72
2009-11-20,35040.19,13.51,128.41,12.78,4.88,864.74
2009-11-21,34949.23,0.0,224.92,14.1,2.89,751.44
2009-11-22,34860.68,0.0,191.05,14.01,4.95,869.23
2009-11-23,34774.62,0.0,245.29,15.71,2.5,730.84
2009-11-24,34691.08,0.0,245.6,17.95,4.34,832.67
2009-11-25,34610.12,0.0,255.56,20.96,5.44,899.14
2009-11-26,34531.79,0.0,219.94,18.73,6.79,987.1
2009-11-27,34456.13,4.86,128.56,15.53,7.03,1003.33
2009-11-28,34383.19,0.0,244.38,18.84,4.48,840.64
2009-11-29,34313.02,0.0,233.42,16.99,3.9,807.15
2009-11-30,34245.66,0.0,239.31,17.2,3.41,779.8
2009-12-01,34181.16,0.0,225.52,16.22,3.79,800.9
2009-12-02,34119.56,0.0,215.7,15.23,3.71,796.79
2009-12-03,34060.89,0.0,229.03,15.26,2.58,735.2
2009-12-04,34005.21,0.0,202.86,14.36,3.87,805.76
2009-12-05,33952.54,0.0,187.89,11.11,1.85,698.0
2009-12-06,33902.93,17.23,129.01,7.35,-0.78,576.77
2009-12-07,33856.4,0.0,157.07,6.21,-1.04,565.84
2009-12-08,33812.99,0.0,219.51,7.48,-3.73,463.68
2009-12-09,33772.73,0.0,228.78,8.23,-3.86,459.25
2009-12-10,33735.65,5.77,153.02,9.7,-0.57,585.65
2009-12-11,33701.78,13.31,119.59,11.2,3.58,789.09
2009-12-12,33671.14,36.01,81.04,12.19,7.21,1015.82
2009-12-13,33643.75,8.84,81.47,11.71,6.78,986.69
2009-12-14,33619.63,0.0,170.31,14.58,6.38,959.61
2009-12-15,33598.8,0.0,180.37,15.29,6.55,970.78
2009-12-16,33581.28,0.4,181.63,15.25,6.55,971.21
2009-12-17,33567.07,0.0,180.29,13.54,5.1,878.04
2009-12-18,33556.19,0.0,177.45,12.56,4.39,835.62
2009-12-19,33548.66,0.0,190.6,13.42,4.47,840.21
2009-12-20,33544.46,0.67,194.96,15.28,5.86,925.46
2009-12-21,33543.61,9.41,89.37,12.44,7.35,1025.52
2009-12-22,33546.1,0.0,184.43,11.1,2.79,746.42
2009-12-23,33551.94,0.0,227.02,11.01,-0.27,598.92
2009-12-24,33561.12,0.0,248.04,13.9,-0.05,608.5
2009-12-25,33573.63,0.0,241.75,14.57,1.49,680.23
2009-12-26,33589.47,4.33,144.93,11.97,3.3,773.93
2009-12-27,33608.62,1.24,152.52,12.15,5.73,917.3
2009-12-28,33631.07,1.39,181.45,10.85,3.18,767.4
2009-12-29,33656.79,1.37,215.9,12.43,2.63,737.64
2009-12-30,33685.79,0.0,194.92,13.09,4.78,858.53
2009-12-31,33718.02,0.0,178.28,13.95,6.64,976.68
2010-01-01,33753.63,0.0,178.93,14.24,7.72,1052.05
2010-01-02,33792.29,0.0,212.99,14.94,6.62,975.71
2010-01-03,33834.11,0.0,236.07,13.56,3.79,801.31
2010-01-04,33879.07,0.0,234.54,14.0,4.38,834.94
2010-01-05,33927.13,0.0,221.41,12.23,3.75,799.03
2010-01-06,33978.27,0.0,181.27,11.29,5.0,871.67
2010-01-07,34032.43,0.0,180.12,11.02,4.82,861.0
2010-01-08,34089.6,0.76,204.71,12.25,4.88,864.59
2010-01-09,34149.72,0.0,187.96,12.27,5.76,919.34
2010-01-10,34212.77,0.0,201.53,12.69,5.57,907.17
2010-01-11,34278.69,4.81,186.84,16.33,5.91,928.88
2010-01-12,34347.45,13.9,186.01,17.44,7.08,1006.95
2010-01-13,34419.0,0.0,236.84,16.77,7.49,1035.71
2010-01-14,34493.29,0.0,257.79,15.06,4.46,839.78
2010-01-15,34570.28,0.0,259.94,15.82,5.06,875.46
2010-01-16,34649.92,0.0,268.69,16.54,4.96,869.72
2010-01-17,34732.16,13.42,121.21,13.48,8.3,1094.51
2010-01-18,34816.96,16.88,98.46,12.67,8.61,1117.51
2010-01-19,34904.26,17.84,105.84,11.59,7.27,1020.4
2010-01-20,34994.01,21.52,86.23,10.57,7.16,1012.22
2010-01-21,35086.16,25.76,96.74,8.43,4.65,851.05
2010-01-22,35180.67,2.72,155.24,8.92,2.48,729.96
2010-01-23,35277.47,0.0,240.96,10.6,2.63,738.1
2010-01-24,35376.51,4.78,185.1,11.1,2.89,751.81
2010-01-25,35477.75,10.49,156.53,12.36,5.89,927.7
2010-01-26,35581.13,0.53,170.03,12.12,7.11,1009.03
2010-01-27,35686.6,0.0,234.85,12.98,5.53,904.83
2010-01-28,35794.1,0.0,288.72,14.6,3.89,806.87
2010-01-29,35903.58,5.04,208.41,15.78,5.94,931.04
2010-01-30,36014.99,0.0,268.22,15.23,6.23,950.01
2010-01-31,36128.28,0.0,304.68,15.59,3.8,801.88
2010-02-01,36243.4,0.0,285.02,15.86,5.85,924.85
2010-02-02,36360.29,1.7,292.72,15.62,5.25,887.12
2010-02-03,36478.9,2.6,210.48,16.32,6.83,989.52
2010-02-04,36599.19,12.21,189.88,15.7,7.83,1059.87
2010-02-05,36721.1,7.9,151.8,15.11,9.33,1172.93
2010-02-06,36844.58,1.91,146.46,11.99,8.12,1081.15
2010-02-07,36969.58,0.83,207.49,12.38,6.76,984.72
2010-02-08,37096.06,7.44,148.34,13.05,7.78,1056.12
2010-02-09,37223.96,0.89,238.53,13.06,6.54,970.31
2010-02-10,37353.25,0.0,330.07,13.85,2.74,743.52
2010-02-11,37483.86,0.0,305.12,15.63,6.23,949.96
2010-02-12,37615.76,0.0,316.91,17.73,7.49,1035.45
2010-02-13,37748.91,0.0,347.56,17.59,4.99,871.36
2010-02-14,37883.24,0.0,353.04,17.58,4.64,850.25
2010-02-15,38018.74,0.0,345.75,18.61,6.53,969.5
2010-02-16,38155.34,0.0,334.66,19.06,7.89,1064.04
2010-02-17,38293.01,0.0,347.95,19.9,7.5,1036.28
2010-02-18,38431.7,0.0,322.2,17.34,7.18,1013.96
2010-02-19,38571.38,0.0,236.6,13.91,7.57,1041.49
2010-02-20,38712.0,3.26,154.58,12.6,7.26,1019.44
2010-02-21,38853.53,2.47,211.89,12.82,5.05,874.97
2010-02-22,38995.93,0.0,373.65,14.08,1.22,667.23
2010-02-23,39139.16,13.57,208.73,12.36,4.85,862.73
2010-02-24,39283.18,5.54,163.84,13.37,7.79,1056.77
2010-02-25,39427.95,0.0,371.1,17.3,4.8,859.85
2010-02-26,39573.45,28.93,214.56,16.51,8.56,1113.77
2010-02-27,39719.63,0.57,292.6,15.36,7.42,1030.73
2010-02-28,39866.46,0.0,392.81,18.21,4.43,838.06
2010-03-01,40013.92,2.55,249.26,17.19,7.58,1041.75
2010-03-02,40161.95,14.45,128.21,12.38,8.33,1096.61
2010-03-03,40310.55,28.51,182.52,11.11,5.33,892.21
2010-03-04,40459.66,0.0,359.43,13.07,3.3,773.89
2010-03-05,40609.26,0.0,402.34,15.05,2.64,738.21
2010-03-06,40759.33,0.0,390.51,17.98,6.08,939.77
2010-03-07,40909.82,0.0,362.63,15.75,5.69,914.89
2010-03-08,41060.72,0.26,289.16,12.53,5.42,897.61
2010-03-09,41211.99,5.37,294.83,12.1,0.82,648.21
2010-03-10,41363.6,0.0,377.19,13.37,2.82,747.69
2010-03-11,41515.52,0.0,410.14,14.81,2.25,718.11
2010-03-12,41667.74,11.29,216.25,13.24,6.1,941.38
2010-03-13,41820.21,0.0,416.02,14.22,1.75,693.01
2010-03-14,41972.92,0.0,446.51,17.35,2.01,705.96
2010-03-15,42125.83,0.0,451.54,21.74,4.96,869.77
2010-03-16,42278.93,0.0,440.65,23.59,7.74,1053.26
2010-03-17,42432.18,0.0,424.37,23.9,9.59,1194.33
2010-03-18,42585.56,0.0,450.77,24.71,7.8,1058.07
2010-03-19,42739.04,0.0,428.4,23.21,8.93,1142.24
2010-03-20,42892.59,0.0,413.41,21.93,8.96,1144.31
2010-03-21,43046.2,0.0,412.81,20.57,7.81,1058.62
2010-03-22,43199.83,0.0,408.31,19.99,7.46,1033.71
2010-03-23,43353.46,0.0,444.63,21.61,6.47,965.45
2010-03-24,43507.07,1.0,390.37,20.49,8.85,1135.77
2010-03-25,43660.63,0.71,326.29,16.43,7.69,1050.19
2010-03-26,43814.11,0.0,437.61,18.18,4.29,829.95
2010-03-27,43967.49,0.0,474.58,21.32,4.13,820.34
2010-03-28,44120.74,0.0,433.98,22.99,8.54,1112.14
2010-03-29,44273.83,5.03,273.29,17.67,7.23,1017.39
2010-03-30,44426.75,15.27,183.81,14.17,7.92,1066.53
2010-03-31,44579.46,0.0,403.87,14.03,2.61,736.81
2010-04-01,44731.93,0.0,401.54,14.26,2.79,746.21
2010-04-02,44884.14,5.31,232.47,11.5,3.42,780.25
2010-04-03,45036.07,0.0,350.79,13.01,3.61,791.07
2010-04-04,45187.68,20.55,270.96,13.05,3.41,780.0
2010-04-05,45338.95,0.0,404.11,14.77,3.51,785.58
2010-04-06,45489.85,0.0,476.53,18.27,2.86,749.89
2010-04-07,45640.34,0.0,481.09,21.05,4.68,852.97
2010-04-08,45790.41,0.0,434.46,20.88,7.43,1031.26
2010-04-09,45940.01,0.0,439.49,19.95,6.35,957.61
2010-04-10,46089.13,0.0,194.36,14.53,9.65,1199.25
2010-04-11,46237.72,16.08,198.38,14.2,7.48,1035.02
2010-04-12,46385.76,3.47,202.7,13.85,7.12,1009.44
2010-04-13,46533.21,0.0,395.9,17.16,6.49,966.98
2010-04-14,46680.05,0.0,461.47,18.67,5.21,884.94
2010-04-15,46826.23,0.0,492.61,21.06,5.5,902.89
2010-04-16,46971.73,0.0,457.74,21.51,8.06,1076.38
2010-04-17,47116.51,0.0,494.98,23.02,7.22,1016.86
2010-04-18,47260.53,0.0,484.79,23.71,8.55,1113.2
2010-04-19,47403.76,9.97,287.33,20.0,10.0,1227.39
2010-04-20,47546.16,20.17,205.32,13.33,7.02,1002.83
2010-04-21,47687.69,5.11,234.32,12.99,5.82,923.36
2010-04-22,47828.31,0.0,424.14,17.41,6.74,983.68
2010-04-23,47968.0,0.0,458.68,19.91,7.63,1045.63
2010-04-24,48106.69,0.0,474.43,22.99,9.43,1181.6
2010-04-25,48244.36,0.0,496.25,24.85,9.74,1206.0
2010-04-26,48380.97,0.0,450.89,23.42,11.13,1323.18
2010-04-27,48516.46,13.99,163.57,13.91,9.25,1167.21
2010-04-28,48650.8,8.65,268.29,13.73,5.78,920.68
2010-04-29,48783.95,0.0,517.39,17.85,3.23,770.08
2010-04-30,48915.85,0.0,539.74,21.12,4.14,821.29
2010-05-01,49046.47,0.0,535.61,24.26,6.77,985.6
2010-05-02,49175.75,0.0,520.93,26.0,9.08,1153.57
2010-05-03,49303.66,0.0,500.08,26.43,10.71,1286.58
2010-05-04,49430.14,0.0,466.35,23.26,9.9,1219.03
2010-05-05,49555.15,0.0,469.73,21.08,7.84,1060.79
2010-05-06,49678.63,0.0,531.4,22.99,5.79,921.34
2010-05-07,49800.54,0.0,523.14,23.69,7.01,1002.41
2010-05-08,49920.83,0.0,467.63,20.76,7.71,1051.32
2010-05-09,50039.45,0.65,362.14,16.8,7.98,1071.09
2010-05-10,50156.35,9.98,245.12,15.15,7.35,1026.02
2010-05-11,50271.47,0.0,529.66,21.14,4.45,838.83
2010-05-12,50384.76,0.0,533.95,24.95,6.81,988.08
2010-05-13,50496.18,0.0,521.03,26.73,8.97,1145.5
2010-05-14,50605.67,0.0,486.3,27.4,11.67,1371.73
2010-05-15,50713.17,0.0,494.76,27.42,11.21,1330.63
2010-05-16,50818.64,0.0,438.17,24.44,11.58,1363.71
2010-05-17,50922.03,2.28,265.74,18.65,9.46,1184.01
2010-05-18,51023.27,0.0,391.54,22.91,12.29,1428.82
2010-05-19,51122.32,0.0,372.3,20.92,11.14,1324.02
2010-05-20,51219.12,0.0,424.47,21.16,9.45,1182.88
2010-05-21,51313.63,0.0,411.83,18.63,7.53,1038.64
2010-05-22,51405.79,0.0,499.52,19.34,4.34,832.72
2010-05-23,51495.55,0.0,531.26,21.3,3.97,811.13
2010-05-24,51582.85,0.0,444.93,20.42,7.73,1052.45
2010-05-25,51667.65,7.88,348.03,20.64,7.15,1011.88
2010-05-26,51749.9,8.64,281.78,20.56,10.44,1264.25
2010-05-27,51829.55,5.65,298.8,18.68,7.84,1060.66
2010-05-28,51906.55,0.0,501.39,21.94,6.17,939.8
2010-05-29,51980.84,0.0,535.98,27.65,8.5,1043.92
2010-05-30,52052.4,0.0,519.44,28.76,10.55,1202.76
2010-05-31,52121.16,0.0,386.58,25.7,14.43,1642.68
2010-06-01,52187.09,0.0,446.67,26.26,12.71,1431.94
2010-06-02,52250.14,0.0,497.96,28.21,12.03,1227.64
2010-06-03,52310.27,0.0,449.25,28.68,14.77,1525.34
2010-06-04,52367.45,0.0,428.64,29.65,16.44,1718.75
2010-06-05,52421.62,0.0,492.28,31.61,15.11,1476.91
2010-06-06,52472.76,0.0,472.45,30.93,15.65,1560.74
2010-06-07,52520.83,0.0,497.05,29.42,13.08,1302.27
2010-06-08,52565.79,0.0,450.98,27.63,13.71,1407.99
2010-06-09,52607.62,0.0,418.55,24.87,12.48,1357.7
2010-06-10,52646.29,0.0,477.29,25.8,10.88,1154.52
2010-06-11,52681.76,0.0,516.24,30.49,12.75,1182.14
2010-06-12,52714.01,0.0,505.56,32.36,14.88,1357.13
2010-06-13,52743.03,0.0,508.52,34.97,16.6,1488.15
2010-06-14,52768.78,0.0,482.33,33.4,16.93,1574.45
2010-06-15,52791.24,0.0,493.12,29.21,12.9,1229.94
2010-06-16,52810.42,0.0,523.76,29.28,10.85,1043.11
2010-06-17,52826.27,0.0,470.53,28.1,12.74,1252.78
2010-06-18,52838.81,0.0,493.56,27.61,10.95,1093.2
2010-06-19,52848.01,0.0,509.84,26.54,8.94,947.91
2010-06-20,52853.87,0.0,538.03,28.85,8.66,891.5
2010-06-21,52856.39,0.0,522.97,31.96,12.1,1114.6
2010-06-22,52855.56,0.0,504.37,34.28,15.08,1361.27
2010-06-23,52851.38,0.0,464.89,33.78,16.85,1587.09
2010-06-24,52843.87,1.34,448.58,30.29,14.75,1433.97
2010-06-25,52833.01,0.0,504.61,31.33,12.35,1158.37
2010-06-26,52818.83,0.0,525.64,35.83,14.02,1232.0
2010-06-27,52801.33,0.0,501.65,39.44,18.16,1618.16
2010-06-28,52780.52,0.0,431.54,39.13,22.03,2189.65
2010-06-29,52756.42,0.0,474.24,35.48,17.29,1490.28
2010-06-30,52729.05,0.0,459.55,32.52,15.54,1380.38
2010-07-01,52698.43,0.0,499.75,31.27,12.13,1063.78
2010-07-02,52664.58,0.0,500.32,32.47,13.06,1094.25
2010-07-03,52627.52,0.0,494.33,34.7,15.07,1238.78
2010-07-04,52587.29,0.0,494.5,36.46,16.66,1203.31
2010-07-05,52543.9,0.0,437.34,34.31,17.94,1446.48
2010-07-06,52497.39,0.0,468.11,31.71,14.17,1106.12
2010-07-07,52447.79,0.0,508.95,33.91,13.5,979.93
2010-07-08,52395.15,0.0,500.72,35.31,15.0,1083.58
2010-07-09,52339.48,0.0,499.42,36.58,15.88,1140.22
2010-07-10,52280.84,0.0,501.14,37.96,16.7,1187.8
2010-07-11,52219.25,0.0,460.78,35.64,17.54,1202.98
2010-07-12,52154.77,0.0,442.91,32.66,15.96,1116.97
2010-07-13,52087.43,0.0,476.55,33.7,15.1,985.89
2010-07-14,52017.28,0.0,522.57,37.15,14.83,862.98
2010-07-15,51944.36,0.0,479.98,39.12,19.13,1216.46
2010-07-16,51868.72,0.0,470.39,39.91,20.27,1325.67
2010-07-17,51790.4,0.0,474.11,38.78,19.05,1230.75
2010-07-18,51709.46,0.0,457.68,38.96,20.03,1351.02
2010-07-19,51625.94,0.0,452.32,37.18,19.09,1176.41
2010-07-20,51539.89,0.0,479.99,34.81,16.16,690.37
2010-07-21,51451.36,0.0,492.44,34.2,15.0,637.62
2010-07-22,51360.41,0.0,523.96,35.68,13.94,592.71
2010-07-23,51267.08,0.0,505.57,36.73,16.14,689.04
2010-07-24,51171.43,0.0,490.19,37.0,17.31,746.39
2010-07-25,51073.5,0.0,457.12,33.83,16.38,700.49
2010-07-26,50973.36,0.0,456.81,30.89,13.76,591.82
2010-07-27,50871.05,0.0,480.29,31.0,12.69,543.25
2010-07-28,50766.63,0.0,507.57,33.16,12.72,544.23
2010-07-29,50660.14,0.0,507.07,34.21,13.6,578.65
2010-07-30,50551.65,0.0,484.58,34.29,15.12,642.84
2010-07-31,50441.2,0.0,489.58,34.42,14.86,631.2
2010-08-01,50328.84,0.0,496.96,35.14,14.92,634.12
2010-08-02,50214.64,0.0,484.19,35.2,15.81,673.87
2010-08-03,50098.63,0.0,497.39,36.06,15.6,664.14
2010-08-04,49980.87,0.0,469.09,34.81,16.27,695.56
2010-08-05,49861.42,0.0,483.77,33.46,14.06,597.3
2010-08-06,49740.32,0.0,494.31,33.94,13.71,583.17
2010-08-07,49617.62,0.0,463.97,32.59,14.47,614.65
2010-08-08,49493.38,0.0,461.85,32.07,14.13,600.57
2010-08-09,49367.64,0.0,475.15,32.14,13.37,569.59
2010-08-10,49240.44,0.0,444.68,31.42,14.5,615.78
2010-08-11,49111.85,0.0,443.78,29.48,12.7,543.54
2010-08-12,48981.89,0.0,494.48,33.11,12.7,543.58
2010-08-13,48850.63,0.0,439.6,32.74,15.91,678.33
2010-08-14,48718.11,0.0,466.68,32.58,14.13,600.48
2010-08-15,48584.37,0.0,488.0,34.38,14.22,604.31
2010-08-16,48449.45,0.0,483.91,35.37,15.29,650.55
2010-08-17,48313.4,0.0,444.64,33.27,15.9,678.14
2010-08-18,48176.26,0.0,466.86,33.51,14.68,623.79
2010-08-19,48038.08,0.0,497.96,35.64,14.11,599.47
2010-08-20,47898.89,0.0,432.85,32.7,15.85,675.88
2010-08-21,47758.73,0.0,426.25,29.04,12.87,550.05
2010-08-22,47617.65,0.0,497.71,32.61,11.33,493.48
2010-08-23,47475.69,0.0,499.81,37.66,15.29,650.19
2010-08-24,47332.87,0.0,502.28,42.21,18.46,805.98
2010-08-25,47189.25,0.0,399.11,39.9,23.69,1135.43
2010-08-26,47044.85,0.0,418.45,34.7,17.99,781.09
2010-08-27,46899.71,0.0,406.35,29.28,13.7,582.9
2010-08-28,46753.86,0.0,348.29,24.62,12.12,521.72
2010-08-29,46607.35,0.0,420.98,26.45,10.33,459.68
2010-08-30,46460.21,0.0,444.06,28.79,11.09,485.36
2010-08-31,46312.46,0.0,488.0,32.42,10.97,481.09
2010-09-01,46164.14,0.0,464.2,36.36,16.19,691.65
2010-09-02,46015.29,0.0,436.57,38.2,19.68,874.24
2010-09-03,45865.93,0.0,433.31,37.83,19.45,861.14
2010-09-04,45716.09,0.0,432.66,35.9,17.73,767.78
2010-09-05,45565.81,0.0,443.0,34.26,15.48,658.8
2010-09-06,45415.11,0.0,437.79,33.72,15.23,647.74
2010-09-07,45264.02,0.0,336.54,28.32,15.75,671.18
2010-09-08,45112.58,0.0,272.98,22.45,12.85,549.17
2010-09-09,44960.81,0.0,425.45,26.31,9.2,423.95
2010-09-10,44808.74,0.0,455.88,30.52,10.68,471.21
2010-09-11,44656.39,0.0,441.91,32.73,13.59,578.28
2010-09-12,44503.8,0.0,409.44,31.8,14.85,630.98
2010-09-13,44350.98,0.0,413.18,29.98,12.84,549.02
2010-09-14,44197.97,0.0,438.08,30.7,11.62,503.84
2010-09-15,44044.8,0.0,436.64,31.59,12.36,530.81
2010-09-16,43891.48,0.0,401.1,30.58,13.81,587.41
2010-09-17,43738.05,0.0,358.89,28.59,14.37,610.31
2010-09-18,43584.53,0.0,354.94,27.51,13.61,579.11
2010-09-19,43430.95,0.0,370.22,26.87,12.12,521.98
2010-09-20,43277.32,0.0,387.08,27.74,11.84,511.48
2010-09-21,43123.69,0.0,345.65,25.76,12.33,529.59
2010-09-22,42970.06,0.0,396.86,25.47,9.14,422.04
2010-09-23,42816.48,0.0,423.7,28.78,10.19,454.95
2010-09-24,42662.96,0.0,437.68,33.33,12.56,538.12
2010-09-25,42509.52,0.0,428.75,36.7,15.93,679.52
2010-09-26,42356.21,0.0,408.99,36.92,17.56,758.9
2010-09-27,42203.03,0.0,429.25,38.63,16.49,705.89
2010-09-28,42050.02,0.0,383.45,38.91,20.6,928.85
2010-09-29,41897.21,0.0,355.39,37.42,21.16,963.6
2010-09-30,41744.61,0.0,356.13,34.18,18.19,791.89
2010-10-01,41592.26,0.0,363.1,33.15,16.73,717.55
2010-10-02,41440.19,0.0,329.13,32.28,18.0,781.62
2010-10-03,41288.41,0.0,287.63,26.81,15.11,642.19
2010-10-04,41136.97,0.0,259.58,21.74,11.61,503.48
2010-10-05,40985.88,0.0,296.56,23.2,11.31,492.8
2010-10-06,40835.18,0.0,291.09,23.74,12.11,521.55
2010-10-07,40684.9,0.0,305.44,24.61,12.1,521.23
2010-10-08,40535.06,0.0,350.37,25.56,10.01,449.25
2010-10-09,40385.69,0.0,364.8,28.17,11.17,487.9
2010-10-10,40236.83,0.0,353.89,30.53,14.02,595.83
2010-10-11,40088.51,0.0,349.34,31.36,14.99,637.09
2010-10-12,39940.76,0.0,364.67,33.27,15.13,643.2
2010-10-13,39793.61,0.0,359.79,34.85,16.66,714.04
2010-10-14,39647.09,0.0,345.48,34.79,17.63,762.5
2010-10-15,39501.25,0.0,325.18,32.65,17.2,740.66
2010-10-16,39356.1,0.86,266.74,25.47,14.06,597.38
2010-10-17,39211.7,2.42,122.05,19.9,13.16,1050.97
2010-10-18,39068.07,0.0,256.43,21.85,11.1,485.71
2010-10-19,38925.25,0.0,326.63,25.27,9.92,446.43
2010-10-20,38783.28,0.0,301.59,24.62,10.94,480.05
2010-10-21,38642.19,0.0,268.82,20.82,9.17,422.89
2010-10-22,38502.03,3.79,187.13,20.88,10.04,592.49
2010-10-23,38362.83,29.1,107.42,16.75,10.86,1026.74
2010-10-24,38224.64,51.43,86.5,16.58,11.89,1391.23
2010-10-25,38087.5,0.0,225.8,18.4,8.8,1131.7
2010-10-26,37951.44,0.0,287.7,19.18,6.06,924.58
2010-10-27,37816.52,0.0,335.89,22.39,4.69,782.31
2010-10-28,37682.77,0.0,298.4,23.42,8.86,1079.27
2010-10-29,37550.23,2.72,150.24,19.11,10.73,1288.3
2010-10-30,37418.96,2.24,104.48,17.13,11.6,1365.56
2010-10-31,37289.0,0.0,262.71,21.7,9.87,1217.08
2010-11-01,37160.4,0.0,296.73,23.11,8.43,1079.31
2010-11-02,37033.19,0.0,294.2,25.05,9.9,1183.91
2010-11-03,36907.44,0.0,292.41,27.48,11.58,1311.61
2010-11-04,36783.19,0.0,272.36,28.22,13.6,1527.83
2010-11-05,36660.48,0.0,262.88,26.5,12.7,1467.38
2010-11-06,36539.37,5.24,147.81,20.13,11.18,1328.11
2010-11-07,36419.9,27.35,90.85,13.83,8.87,1137.34
2010-11-08,36302.14,0.0,219.19,15.56,6.0,934.96
2010-11-09,36186.12,3.11,200.63,16.35,3.63,792.2
2010-11-10,36071.9,0.0,187.2,15.42,7.57,1041.24
2010-11-11,35959.54,0.0,280.95,18.3,4.17,822.94
2010-11-12,35849.07,0.0,259.95,17.35,5.13,879.73
2010-11-13,35740.56,0.0,271.42,18.41,5.02,873.12
2010-11-14,35634.07,0.0,277.95,21.13,6.43,962.94
2010-11-15,35529.63,0.0,264.97,21.76,7.97,1069.9
2010-11-16,35427.3,0.0,243.14,20.74,8.63,1118.92
2010-11-17,35327.15,0.0,244.23,19.92,7.65,1046.74
2010-11-18,35229.21,0.0,212.85,17.73,7.86,1062.23
2010-11-19,35133.54,23.45,98.74,11.38,6.0,934.85
2010-11-20,35040.19,15.66,112.51,9.73,3.65,793.02
2010-11-21,34949.23,3.7,90.81,9.57,4.77,858.32
2010-11-22,34860.68,14.74,85.49,10.73,6.18,946.7
2010-11-23,34774.62,3.54,141.99,9.65,1.6,685.4
2010-11-24,34691.08,0.0,235.73,9.79,-1.19,559.95
2010-11-25,34610.12,0.0,251.85,11.4,-1.17,560.71
2010-11-26,34531.79,4.62,179.97,11.55,0.04,612.69
2010-11-27,34456.13,13.48,75.5,7.39,3.49,784.03
2010-11-28,34383.19,0.0,186.14,9.88,2.02,706.23
2010-11-29,34313.02,0.0,238.62,11.08,-0.48,589.91
2010-11-30,34245.66,0.0,236.03,13.44,1.78,694.28
2010-12-01,34181.16,0.0,238.96,14.15,2.12,711.61
2010-12-02,34119.56,2.04,143.11,12.21,3.81,802.38
2010-12-03,34060.89,0.0,173.95,14.89,7.38,1027.66
2010-12-04,34005.21,7.62,144.76,17.76,9.04,1150.6
2010-12-05,33952.54,14.25,147.32,18.91,9.93,1221.37
2010-12-06,33902.93,0.0,199.71,17.97,8.82,1133.54
2010-12-07,33856.4,3.46,161.69,16.34,6.05,938.14
2010-12-08,33812.99,7.68,125.37,14.55,7.37,1026.9
2010-12-09,33772.73,0.49,185.8,18.54,10.1,1235.26
2010-12-10,33735.65,0.0,148.02,17.54,11.18,1327.47
2010-12-11,33701.78,0.0,177.78,17.62,9.81,1211.99
2010-12-12,33671.14,0.0,189.35,16.2,7.9,1065.07
2010-12-13,33643.75,3.18,93.46,12.91,8.07,1077.25
2010-12-14,33619.63,11.4,81.58,12.54,8.48,1108.12
2010-12-15,33598.8,0.0,207.98,12.16,3.55,787.35
2010-12-16,33581.28,8.44,186.68,13.2,0.82,648.16
2010-12-17,33567.07,31.89,146.69,13.12,5.23,886.13
2010-12-18,33556.19,24.47,97.92,13.91,9.1,1155.4
2010-12-19,33548.66,11.77,98.87,12.37,7.58,1042.09
2010-12-20,33544.46,0.0,134.9,11.56,6.7,980.84
2010-12-21,33543.61,9.91,148.87,13.69,5.65,912.38
2010-12-22,33546.1,0.0,154.48,13.55,7.72,1051.67
2010-12-23,33551.94,0.0,190.79,14.95,7.25,1019.01
2010-12-24,33561.12,0.0,220.45,15.43,5.81,922.22
2010-12-25,33573.63,26.72,148.34,14.14,6.27,952.48
2010-12-26,33589.47,0.0,177.2,13.34,6.73,983.1
2010-12-27,33608.62,0.0,201.82,12.97,5.02,872.93
2010-12-28,33631.07,31.47,95.98,10.46,6.03,936.97
2010-12-29,33656.79,0.0,181.73,9.2,2.73,743.25
2010-12-30,33685.79,0.0,243.94,9.02,-1.25,557.25
2010-12-31,33718.02,4.46,177.81,8.92,-0.65,582.52
2011-01-01,33753.63,13.13,115.87,8.63,2.92,753.05
2011-01-02,33792.29,4.54,79.36,10.02,6.23,949.75
2011-01-03,33834.11,0.0,172.02,10.64,4.14,821.2
2011-01-04,33879.07,0.0,227.83,11.99,2.28,719.66
2011-01-05,33927.13,0.0,211.21,10.09,1.67,689.05
2011-01-06,33978.27,0.0,187.6,8.59,1.56,683.47
2011-01-07,34032.43,0.0,180.75,8.09,1.43,677.31
2011-01-08,34089.6,0.0,143.28,5.44,0.46,631.34
2011-01-09,34149.72,0.0,144.79,4.46,-0.53,587.75
2011-01-10,34212.77,0.0,246.92,7.82,-2.43,470.83
2011-01-11,34278.69,0.28,235.12,11.01,1.55,615.74
2011-01-12,34347.45,0.0,228.88,14.02,4.86,762.47
2011-01-13,34419.0,2.75,158.14,13.09,5.0,872.15
2011-01-14,34493.29,0.0,230.48,15.4,6.2,843.78
2011-01-15,34570.28,0.0,218.89,14.02,5.67,840.1
2011-01-16,34649.92,0.0,163.41,13.86,8.09,1078.82
2011-01-17,34732.16,0.0,185.16,13.4,6.81,967.76
2011-01-18,34816.96,0.0,212.11,14.02,6.26,882.81
2011-01-19,34904.26,0.0,250.26,14.11,4.29,718.44
2011-01-20,34994.01,0.0,285.13,16.46,3.49,620.93
2011-01-21,35086.16,0.0,285.17,16.94,4.17,646.21
2011-01-22,35180.67,0.0,284.22,18.08,5.55,701.65
2011-01-23,35277.47,0.0,281.37,17.15,5.26,697.33
2011-01-24,35376.51,0.0,281.62,16.38,4.78,678.62
2011-01-25,35477.75,0.0,277.6,16.12,5.08,699.02
2011-01-26,35581.13,0.0,271.36,15.73,5.36,722.74
2011-01-27,35686.6,0.0,256.61,14.57,5.37,751.39
2011-01-28,35794.1,0.0,258.61,13.56,4.43,708.18
2011-01-29,35903.58,19.36,190.0,11.71,2.98,740.45
2011-01-30,36014.99,18.55,162.22,11.28,4.35,833.3
2011-01-31,36128.28,0.0,293.03,12.58,1.33,672.4
2011-02-01,36243.4,0.0,318.02,16.28,1.87,683.41
2011-02-02,36360.29,0.0,312.94,14.48,1.07,655.62
2011-02-03,36478.9,0.0,304.71,14.89,2.41,723.31
2011-02-04,36599.19,0.0,322.52,17.83,3.18,713.31
2011-02-05,36721.1,0.0,330.73,21.17,4.82,771.06
2011-02-06,36844.58,0.0,306.44,21.21,7.83,972.83
2011-02-07,36969.58,0.0,288.85,18.84,7.13,962.29
2011-02-08,37096.06,0.0,308.59,16.78,3.82,759.18
2011-02-09,37223.96,0.0,328.21,15.44,1.01,615.39
2011-02-10,37353.25,0.0,332.36,17.2,2.25,653.2
2011-02-11,37483.86,0.0,336.42,19.27,3.7,705.98
2011-02-12,37615.76,0.0,337.45,20.44,4.64,744.33
2011-02-13,37748.91,0.0,317.72,18.96,5.31,806.96
2011-02-14,37883.24,0.62,260.42,15.0,5.24,884.96
2011-02-15,38018.74,24.26,79.78,13.34,9.82,1212.31
2011-02-16,38155.34,11.15,116.15,10.43,5.32,891.65
2011-02-17,38293.01,23.52,94.6,7.88,3.92,808.36
2011-02-18,38431.7,19.78,119.9,9.17,4.13,820.27
2011-02-19,38571.38,0.33,290.73,10.64,0.65,640.25
2011-02-20,38712.0,0.0,334.48,12.14,-0.24,600.14
2011-02-21,38853.53,0.0,296.48,12.52,2.46,729.13
2011-02-22,38995.93,0.0,337.12,13.33,1.12,662.22
2011-02-23,39139.16,0.0,319.94,11.88,0.96,654.51
2011-02-24,39283.18,23.48,177.7,9.9,2.75,744.15
2011-02-25,39427.95,11.94,189.58,8.69,1.15,663.59
2011-02-26,39573.45,0.0,367.2,11.55,-1.62,542.49
2011-02-27,39719.63,0.0,384.33,13.0,-1.6,543.08
2011-02-28,39866.46,0.0,370.0,14.74,1.16,664.12
2011-03-01,40013.92,0.54,385.48,16.28,1.26,668.9
2011-03-02,40161.95,3.76,182.31,17.08,9.48,1184.85
2011-03-03,40310.55,0.0,328.35,17.46,6.51,968.29
2011-03-04,40459.66,0.0,365.74,18.01,5.11,878.77
2011-03-05,40609.26,9.4,239.66,17.39,7.16,1012.4
2011-03-06,40759.33,11.15,105.08,13.76,9.96,1224.3
2011-03-07,40909.82,0.0,265.07,14.85,7.47,1034.3
2011-03-08,41060.72,0.0,380.2,17.07,4.81,860.77
2011-03-09,41211.99,0.0,360.48,17.76,6.66,978.33
2011-03-10,41363.6,0.0,254.97,15.4,8.64,1120.06
2011-03-11,41515.52,0.0,359.62,16.5,6.1,941.06
2011-03-12,41667.74,0.0,393.17,17.28,5.33,892.22
2011-03-13,41820.21,10.1,297.85,19.18,7.0,1001.59
2011-03-14,41972.92,2.95,240.39,19.63,11.1,1320.94
2011-03-15,42125.83,23.95,193.75,17.06,10.83,1297.28
2011-03-16,42278.93,0.0,341.61,15.56,6.99,1000.52
2011-03-17,42432.18,0.0,418.55,14.73,2.75,744.19
2011-03-18,42585.56,16.75,259.12,12.19,3.56,787.93
2011-03-19,42739.04,17.45,192.52,10.27,4.33,832.0
2011-03-20,42892.59,3.91,161.42,10.57,5.7,915.24
2011-03-21,43046.2,1.88,322.17,12.81,5.12,879.03
2011-03-22,43199.83,2.94,276.66,13.72,4.58,846.5
2011-03-23,43353.46,19.76,117.67,9.96,6.68,979.94
2011-03-24,43507.07,28.79,214.33,10.45,4.29,829.66
2011-03-25,43660.63,18.91,235.29,11.91,5.11,878.7
2011-03-26,43814.11,4.21,221.01,12.05,5.78,920.8
2011-03-27,43967.49,1.18,427.51,15.05,4.33,832.27
2011-03-28,44120.74,0.0,447.76,17.75,5.85,925.13
2011-03-29,44273.83,0.0,486.7,21.26,5.98,933.11
2011-03-30,44426.75,0.0,490.76,25.49,8.45,1105.32
2011-03-31,44579.46,0.0,482.65,25.6,9.76,1207.66
2011-04-01,44731.93,0.0,464.26,25.96,11.6,1365.45
2011-04-02,44884.14,0.0,409.65,20.33,10.09,1234.79
2011-04-03,45036.07,0.0,497.99,20.95,5.36,894.26
2011-04-04,45187.68,0.0,499.31,22.92,6.72,982.03
2011-04-05,45338.95,0.0,448.84,21.59,9.16,1159.97
2011-04-06,45489.85,1.96,434.97,18.74,7.35,1025.37
2011-04-07,45640.34,1.55,475.9,16.03,2.95,755.0
2011-04-08,45790.41,0.0,491.1,14.59,0.8,647.09
2011-04-09,45940.01,0.0,509.73,17.12,1.37,674.42
2011-04-10,46089.13,0.0,492.22,17.52,3.08,761.77
2011-04-11,46237.72,0.0,462.28,18.51,5.75,918.73
2011-04-12,46385.76,0.0,464.24,17.08,4.48,840.96
2011-04-13,46533.21,1.36,435.7,16.26,5.01,872.66
2011-04-14,46680.05,0.0,509.92,19.1,3.18,767.41
2011-04-15,46826.23,0.0,505.62,22.43,6.03,936.94
2011-04-16,46971.73,0.0,479.07,24.08,9.25,1167.38
2011-04-17,47116.51,1.39,438.16,21.19,8.89,1138.95
2011-04-18,47260.53,1.97,276.37,18.9,12.12,1412.54
2011-04-19,47403.76,0.5,328.14,20.7,12.31,1431.01
2011-04-20,47546.16,3.45,269.88,20.29,10.96,1308.91
2011-04-21,47687.69,0.0,396.05,19.12,8.7,1124.47
2011-04-22,47828.31,0.0,456.88,20.12,6.92,995.87
2011-04-23,47968.0,0.0,399.03,19.74,8.89,1138.7
2011-04-24,48106.69,2.36,294.05,21.04,10.23,1246.23
2011-04-25,48244.36,1.78,418.95,19.5,7.76,1055.14
2011-04-26,48380.97,0.0,477.76,21.01,6.34,957.15
2011-04-27,48516.46,0.0,508.86,22.34,5.49,902.5
2011-04-28,48650.8,0.0,445.74,20.23,7.25,1018.63
2011-04-29,48783.95,0.0,505.18,20.05,4.08,817.64
2011-04-30,48915.85,0.0,505.06,23.9,7.32,1023.49
2011-05-01,49046.47,0.0,510.09,27.36,9.61,1195.58
2011-05-02,49175.75,0.0,497.71,27.35,10.35,1256.27
2011-05-03,49303.66,0.0,531.4,27.99,8.11,1080.35
2011-05-04,49430.14,0.0,522.83,31.71,11.36,1343.72
2011-05-05,49555.15,0.0,480.79,31.66,14.43,1643.26
2011-05-06,49678.63,0.0,474.91,27.15,11.26,1334.81
2011-05-07,49800.54,0.0,472.86,23.32,8.19,1086.23
2011-05-08,49920.83,0.0,371.71,17.95,7.64,1045.93
2011-05-09,50039.45,0.0,494.22,22.03,6.1,941.25
2011-05-10,50156.35,0.0,519.93,25.39,7.11,1009.32
2011-05-11,50271.47,0.0,501.07,25.54,8.42,1103.56
2011-05-12,50384.76,0.0,514.64,26.49,8.13,1081.8
2011-05-13,50496.18,0.0,457.68,24.15,9.46,1183.63
2011-05-14,50605.67,16.45,230.98,16.45,8.11,1080.49
2011-05-15,50713.17,12.79,264.27,14.93,5.47,900.92
2011-05-16,50818.64,3.92,271.57,15.18,5.52,903.92
2011-05-17,50922.03,13.25,203.47,15.94,8.97,1145.33
2011-05-18,51023.27,0.0,421.08,20.63,8.54,1112.48
2011-05-19,51122.32,0.0,517.02,25.28,7.49,1035.33
2011-05-20,51219.12,0.0,489.86,26.27,9.8,1210.58
2011-05-21,51313.63,0.0,421.87,24.82,11.79,1382.5
2011-05-22,51405.79,0.0,449.93,22.88,8.9,1139.81
2011-05-23,51495.55,0.0,474.54,22.31,7.14,1011.08
2011-05-24,51582.85,0.0,462.35,21.75,7.16,1012.21
2011-05-25,51667.65,8.2,246.67,18.18,8.96,1144.1
2011-05-26,51749.9,0.0,463.15,21.16,6.7,981.0
2011-05-27,51829.55,0.0,433.75,20.71,7.7,1050.37
2011-05-28,51906.55,4.14,307.23,19.0,7.11,1009.17
2011-05-29,51980.84,0.0,456.83,20.68,6.78,986.43
2011-05-30,52052.4,0.0,454.92,21.09,7.32,1023.45
2011-05-31,52121.16,0.0,373.17,19.97,9.57,1192.77
2011-06-01,52187.09,9.06,295.98,19.6,8.64,1119.93
2011-06-02,52250.14,0.0,426.27,20.37,8.4,1101.85
2011-06-03,52310.27,1.62,425.55,18.74,7.17,1013.06
2011-06-04,52367.45,10.6,228.67,19.89,12.17,1417.69
2011-06-05,52421.62,10.99,262.41,21.56,12.58,1455.98
2011-06-06,52472.76,0.0,391.45,21.03,10.93,1306.03
2011-06-07,52520.83,0.0,508.56,25.37,9.65,1198.49
2011-06-08,52565.79,0.0,516.23,27.87,11.1,1318.35
2011-06-09,52607.62,0.0,516.74,29.21,12.13,1401.99
2011-06-10,52646.29,0.0,467.96,26.94,13.13,1510.08
2011-06-11,52681.76,0.0,495.54,25.41,10.63,1279.9
2011-06-12,52714.01,0.0,548.12,29.49,10.09,1185.0
2011-06-13,52743.03,0.0,527.27,32.08,13.29,1458.66
2011-06-14,52768.78,0.0,521.6,34.0,14.93,1553.84
2011-06-15,52791.24,0.0,443.18,32.67,18.23,2035.46
2011-06-16,52810.42,0.0,454.42,30.41,15.75,1742.07
2011-06-17,52826.27,0.0,503.79,31.33,13.84,1437.8
2011-06-18,52838.81,0.0,517.29,31.82,13.48,1333.26
2011-06-19,52848.01,0.0,516.58,32.87,14.28,1383.74
2011-06-20,52853.87,0.0,520.57,36.5,16.37,1542.28
2011-06-21,52856.39,0.0,485.45,38.41,19.91,1958.94
2011-06-22,52855.56,0.0,460.97,36.58,20.15,1939.55
2011-06-23,52851.38,0.0,489.7,32.54,15.85,1304.65
2011-06-24,52843.87,0.0,525.26,31.77,13.14,935.42
2011-06-25,52833.01,0.0,526.09,32.01,13.23,908.26
2011-06-26,52818.83,0.0,532.61,33.16,13.54,899.49
2011-06-27,52801.33,0.0,458.51,30.32,15.2,1155.06
2011-06-28,52780.52,13.55,241.74,23.89,14.25,1569.24
2011-06-29,52756.42,0.0,424.36,25.04,11.92,1103.3
2011-06-30,52729.05,0.0,523.95,30.97,11.85,918.09
2011-07-01,52698.43,0.0,531.81,35.5,14.58,1048.38
2011-07-02,52664.58,0.0,501.94,37.67,18.09,1352.32
2011-07-03,52627.52,0.0,475.91,38.01,19.69,1551.64
2011-07-04,52587.29,0.0,483.47,38.98,19.71,1528.66
2011-07-05,52543.9,0.0,473.84,38.92,19.98,1578.94
2011-07-06,52497.39,0.0,437.25,37.51,20.65,1731.87
2011-07-07,52447.79,0.0,461.19,36.8,18.87,1489.81
2011-07-08,52395.15,0.0,464.79,36.38,18.3,1434.53
2011-07-09,52339.48,0.0,462.1,34.02,16.5,1305.18
2011-07-10,52280.84,0.0,473.28,31.62,13.8,1098.76
2011-07-11,52219.25,0.0,445.02,29.21,13.11,1113.5
2011-07-12,52154.77,0.0,460.77,28.67,11.91,1012.29
2011-07-13,52087.43,0.0,422.31,27.36,12.63,1122.18
2011-07-14,52017.28,0.0,465.33,27.66,10.92,944.53
2011-07-15,51944.36,0.0,461.33,28.3,11.61,990.09
2011-07-16,51868.72,0.0,451.26,28.06,11.86,1022.92
2011-07-17,51790.4,0.0,443.94,29.5,13.51,1130.82
2011-07-18,51709.46,0.0,469.29,30.53,13.15,1046.02
2011-07-19,51625.94,0.0,491.14,32.57,13.63,1026.67
2011-07-20,51539.89,0.0,487.22,35.65,16.46,1184.08
2011-07-21,51451.36,0.0,472.66,35.69,17.3,1279.41
2011-07-22,51360.41,0.0,466.01,35.16,17.17,1289.09
2011-07-23,51267.08,0.0,464.54,34.54,16.69,1260.05
2011-07-24,51171.43,0.0,475.28,33.91,15.61,1143.78
2011-07-25,51073.5,0.0,492.25,33.63,14.36,1017.1
2011-07-26,50973.36,0.0,494.93,34.93,15.21,1061.14
2011-07-27,50871.05,0.0,496.11,36.6,16.32,1124.89
2011-07-28,50766.63,0.0,464.22,36.19,17.66,1297.16
2011-07-29,50660.14,0.0,437.3,34.78,17.79,1381.52
2011-07-30,50551.65,0.0,439.37,33.8,16.88,1310.72
2011-07-31,50441.2,0.0,459.24,33.95,16.01,1201.61
2011-08-01,50328.84,0.0,484.73,35.8,15.99,1139.27
2011-08-02,50214.64,0.0,483.88,35.99,16.11,1150.47
2011-08-03,50098.63,0.0,448.68,33.92,16.42,1261.48
2011-08-04,49980.87,0.0,459.38,31.91,14.14,1089.17
2011-08-05,49861.42,0.0,482.73,33.81,14.27,1046.0
2011-08-06,49740.32,0.0,447.67,33.15,15.69,1218.43
2011-08-07,49617.62,0.0,460.26,33.15,14.95,1141.66
2011-08-08,49493.38,0.0,481.81,34.67,14.81,1083.94
2011-08-09,49367.64,0.0,480.42,35.16,15.17,1110.52
2011-08-10,49240.44,0.0,446.95,34.76,16.72,1298.37
2011-08-11,49111.85,0.0,453.11,33.76,15.47,1197.31
2011-08-12,48981.89,0.0,466.47,34.72,15.3,1154.74
2011-08-13,48850.63,0.0,438.44,35.71,17.98,1248.99
2011-08-14,48718.11,0.0,454.91,34.38,16.17,942.71
2011-08-15,48584.37,0.0,469.74,34.35,15.25,813.76
2011-08-16,48449.45,0.0,480.67,35.07,15.48,659.02
2011-08-17,48313.4,0.0,473.92,35.61,16.26,694.98
2011-08-18,48176.26,0.0,450.18,34.43,16.57,730.8
2011-08-19,48038.08,0.0,418.26,31.53,15.59,782.18
2011-08-20,47898.89,0.0,449.62,31.6,13.98,647.06
2011-08-21,47758.73,0.0,466.21,32.56,13.75,602.64
2011-08-22,47617.65,0.0,482.34,34.43,14.22,604.34
2011-08-23,47475.69,0.0,470.02,36.44,16.66,714.06
2011-08-24,47332.87,0.0,426.36,35.74,18.88,828.78
2011-08-25,47189.25,0.0,461.56,36.52,17.38,749.77
2011-08-26,47044.85,0.0,456.62,36.89,17.97,780.21
2011-08-27,46899.71,0.0,449.5,36.93,18.38,801.95
2011-08-28,46753.86,0.0,464.07,36.63,16.94,727.8
2011-08-29,46607.35,0.0,447.87,35.04,16.53,707.79
2011-08-30,46460.21,0.0,445.63,33.46,15.15,644.13
2011-08-31,46312.46,0.0,455.71,33.93,14.79,628.51
2011-09-01,46164.14,0.0,475.0,35.77,14.75,626.77
2011-09-02,46015.29,0.0,441.84,36.19,17.45,753.15
2011-09-03,45865.93,0.0,422.23,35.49,17.98,780.81
2011-09-04,45716.09,0.0,429.24,34.91,16.96,728.82
2011-09-05,45565.81,0.0,445.41,35.36,16.07,686.03
2011-09-06,45415.11,0.0,452.6,36.75,16.56,709.38
2011-09-07,45264.02,0.0,414.04,36.2,18.67,817.4
2011-09-08,45112.58,0.0,431.01,35.97,17.26,743.42
2011-09-09,44960.81,0.0,450.09,37.74,17.12,736.63
2011-09-10,44808.74,0.0,351.64,33.89,19.82,882.6
2011-09-11,44656.39,0.0,356.32,30.43,16.4,701.36
2011-09-12,44503.8,0.0,407.56,32.09,14.98,636.69
2011-09-13,44350.98,0.0,408.41,33.56,16.13,688.72
2011-09-14,44197.97,0.0,362.59,32.18,17.52,756.79
2011-09-15,44044.8,0.0,365.8,29.57,14.92,634.21
2011-09-16,43891.48,0.0,394.8,28.8,12.52,536.54
2011-09-17,43738.05,0.0,429.96,30.9,11.83,511.26
2011-09-18,43584.53,0.0,422.17,33.84,14.8,628.75
2011-09-19,43430.95,0.0,409.88,35.83,17.27,743.91
2011-09-20,43277.32,0.0,394.31,36.14,18.51,808.57
2011-09-21,43123.69,0.0,409.11,36.91,17.95,779.13
2011-09-22,42970.06,0.0,411.93,37.18,17.77,769.77
2011-09-23,42816.48,0.0,360.86,35.64,19.82,882.42
2011-09-24,42662.96,0.0,337.44,29.36,15.39,654.8
2011-09-25,42509.52,0.0,315.26,25.51,12.91,551.67
2011-09-26,42356.21,0.0,378.93,28.75,12.27,527.21
2011-09-27,42203.03,0.0,406.4,32.73,13.65,580.92
2011-09-28,42050.02,0.0,387.23,35.02,17.0,730.51
2011-09-29,41897.21,0.0,360.8,33.29,17.19,740.08
2011-09-30,41744.61,0.0,343.58,28.82,14.1,599.21
2011-10-01,41592.26,0.0,318.33,25.77,12.69,543.08
2011-10-02,41440.19,0.0,324.11,24.45,11.11,485.89
2011-10-03,41288.41,0.0,291.52,21.12,9.59,436.07
2011-10-04,41136.97,28.2,144.77,19.0,11.61,811.45
2011-10-05,40985.88,4.18,143.16,18.1,10.79,1012.78
2011-10-06,40835.18,9.03,183.46,18.22,8.81,834.37
2011-10-07,40684.9,0.0,376.01,21.55,4.97,415.24
2011-10-08,40535.06,0.0,351.52,23.96,8.82,558.8
2011-10-09,40385.69,0.0,320.42,23.23,10.0,672.31
2011-10-10,40236.83,17.22,134.51,20.59,13.55,1472.99
2011-10-11,40088.51,0.0,256.99,25.13,14.53,1341.13
2011-10-12,39940.76,0.0,346.45,27.48,11.6,906.99
2011-10-13,39793.61,0.0,349.47,29.29,12.75,958.45
2011-10-14,39647.09,0.0,319.31,30.14,15.33,1203.47
2011-10-15,39501.25,0.0,282.01,28.04,15.54,1343.2
2011-10-16,39356.1,0.0,276.59,26.66,14.56,1290.91
2011-10-17,39211.7,0.0,316.86,28.87,14.1,1137.56
2011-10-18,39068.07,0.0,309.87,27.75,13.52,1123.86
2011-10-19,38925.25,0.0,272.96,24.25,12.55,1169.22
2011-10-20,38783.28,0.0,308.0,25.76,11.81,1030.68
2011-10-21,38642.19,0.0,321.13,26.46,11.42,975.14
2011-10-22,38502.03,0.0,317.68,27.68,12.63,1055.04
2011-10-23,38362.83,0.0,294.55,27.4,13.83,1199.81
2011-10-24,38224.64,0.0,275.31,24.78,12.56,1172.35
2011-10-25,38087.5,0.0,287.62,21.44,8.67,912.05
2011-10-26,37951.44,0.0,312.47,21.68,7.04,781.27
2011-10-27,37816.52,0.0,308.01,22.98,8.44,857.54
2011-10-28,37682.77,0.0,303.85,23.88,9.44,918.56
2011-10-29,37550.23,0.0,303.67,24.18,9.53,924.16
2011-10-30,37418.96,0.0,297.55,25.39,10.83,1011.76
2011-10-31,37289.0,0.0,275.0,24.8,11.75,1127.52
2011-11-01,37160.4,0.0,292.92,24.33,9.8,964.84
2011-11-02,37033.19,0.0,302.34,22.85,7.34,816.32
2011-11-03,36907.44,0.45,223.98,17.85,7.82,1002.79
2011-11-04,36783.19,0.0,210.58,13.29,4.08,817.32
2011-11-05,36660.48,5.78,170.43,12.51,2.32,721.94
2011-11-06,36539.37,0.0,176.55,12.08,4.57,846.16
2011-11-07,36419.9,0.0,270.84,14.66,1.57,651.15
2011-11-08,36302.14,0.0,272.65,17.24,3.6,734.6
2011-11-09,36186.12,0.0,287.19,19.68,4.01,727.99
2011-11-10,36071.9,0.0,284.82,20.74,4.73,763.16
2011-11-11,35959.54,1.38,207.45,17.63,7.62,1045.05
2011-11-12,35849.07,0.0,199.04,18.0,8.5,1109.54
2011-11-13,35740.56,0.0,209.5,18.37,8.23,1088.98
2011-11-14,35634.07,0.0,208.97,17.99,7.85,1061.53
2011-11-15,35529.63,0.0,229.21,18.52,6.94,988.89
2011-11-16,35427.3,0.0,243.12,19.58,6.81,956.16
2011-11-17,35327.15,0.0,206.52,17.24,7.17,1013.36
2011-11-18,35229.21,1.55,153.18,13.7,6.75,984.57
2011-11-19,35133.54,5.76,148.6,13.3,4.02,813.86
2011-11-20,35040.19,0.0,184.88,15.15,6.57,972.0
2011-11-21,34949.23,0.0,235.51,15.76,3.87,805.64
2011-11-22,34860.68,0.0,220.04,15.64,4.83,861.84
2011-11-23,34774.62,0.0,187.07,13.79,5.13,880.04
2011-11-24,34691.08,2.61,118.71,13.61,6.52,968.93
2011-11-25,34610.12,0.0,195.5,15.83,6.63,976.38
2011-11-26,34531.79,0.0,232.66,16.7,4.85,862.87
2011-11-27,34456.13,0.0,190.62,16.88,7.93,1066.81
2011-11-28,34383.19,6.32,151.39,16.32,6.77,985.77
2011-11-29,34313.02,0.0,212.23,14.66,4.62,849.21
2011-11-30,34245.66,0.0,247.12,17.99,4.51,842.32
2011-12-01,34181.16,0.0,234.99,18.15,5.8,921.56
2011-12-02,34119.56,0.0,229.93,17.2,5.43,898.25
2011-12-03,34060.89,0.0,244.08,16.15,2.93,753.73
2011-12-04,34005.21,0.0,242.28,14.75,1.67,688.99
2011-12-05,33952.54,0.0,249.28,14.58,0.46,631.4
2011-12-06,33902.93,0.0,233.25,14.58,1.92,701.55
2011-12-07,33856.4,0.0,233.61,14.6,1.83,696.94
2011-12-08,33812.99,0.0,236.32,15.09,1.92,701.23
2011-12-09,33772.73,0.0,243.37,15.94,1.8,695.21
2011-12-10,33735.65,0.0,232.21,14.55,1.83,697.09
2011-12-11,33701.78,0.0,207.15,12.17,1.75,692.83
2011-12-12,33671.14,0.0,209.57,13.71,2.9,752.21
2011-12-13,33643.75,0.0,229.26,14.17,1.47,679.13
2011-12-14,33619.63,1.65,224.53,12.9,0.67,640.95
2011-12-15,33598.8,0.0,175.45,12.13,3.61,791.13
2011-12-16,33581.28,0.0,235.3,14.6,1.07,659.74
2011-12-17,33567.07,0.0,224.09,14.03,1.61,685.8
2011-12-18,33556.19,0.0,220.88,14.51,2.17,713.95
2011-12-19,33548.66,0.0,213.15,13.52,1.89,700.06
2011-12-20,33544.46,0.0,215.87,12.47,0.6,637.65
2011-12-21,33543.61,0.0,210.86,12.89,1.42,676.93
2011-12-22,33546.1,0.0,225.58,13.93,0.95,654.21
2011-12-23,33551.94,0.0,229.88,13.34,-0.17,603.23
2011-12-24,33561.12,0.0,236.14,14.84,0.21,620.0
2011-12-25,33573.63,0.0,226.11,15.5,1.85,697.73
2011-12-26,33589.47,0.0,226.58,14.04,0.49,632.9
2011-12-27,33608.62,0.0,231.72,15.43,1.01,657.24
2011-12-28,33631.07,0.0,183.84,14.75,4.65,850.98
2011-12-29,33656.79,0.0,199.61,16.14,4.74,856.48
2011-12-30,33685.79,0.0,148.29,14.7,6.99,1001.03
2011-12-31,33718.02,0.0,195.35,14.5,3.84,803.84
2012-01-01,33753.63,0.0,225.9,17.62,4.27,828.82
2012-01-02,33792.29,0.0,208.48,17.71,6.03,936.95
2012-01-03,33834.11,0.0,214.97,18.23,6.01,935.23
2012-01-04,33879.07,0.0,224.6,19.27,6.09,940.54
2012-01-05,33927.13,0.0,234.16,18.81,4.82,860.9
2012-01-06,33978.27,0.0,235.56,17.27,3.47,783.28
2012-01-07,34032.43,0.0,237.9,17.66,3.66,793.98
2012-01-08,34089.6,0.0,243.08,16.65,2.35,723.55
2012-01-09,34149.72,0.0,246.25,17.99,3.31,774.23
2012-01-10,34212.77,0.0,250.09,18.69,3.58,789.08
2012-01-11,34278.69,0.0,251.48,18.77,3.68,794.74
2012-01-12,34347.45,0.0,255.49,18.02,2.73,743.23
2012-01-13,34419.0,0.0,255.44,19.45,4.1,818.91
2012-01-14,34493.29,0.0,246.33,18.23,4.3,830.25
2012-01-15,34570.28,0.0,208.47,12.11,1.93,701.71
2012-01-16,34649.92,0.0,248.06,10.32,-2.61,503.97
2012-01-17,34732.16,0.0,267.88,12.01,-2.95,491.44
2012-01-18,34816.96,0.0,236.16,12.39,0.56,636.1
2012-01-19,34904.26,11.41,165.13,11.82,1.29,670.34
2012-01-20,34994.01,36.53,120.64,13.26,6.05,937.94
2012-01-21,35086.16,3.77,130.46,13.04,5.25,887.08
2012-01-22,35180.67,20.97,111.37,10.62,4.24,826.66
2012-01-23,35277.47,11.09,114.28,11.27,4.73,855.52
2012-01-24,35376.51,0.0,236.06,15.57,4.28,829.18
2012-01-25,35477.75,0.0,225.17,15.8,5.32,891.8
2012-01-26,35581.13,0.0,180.28,14.76,6.91,995.55
2012-01-27,35686.6,0.0,228.12,15.01,4.65,850.69
2012-01-28,35794.1,0.0,270.89,15.35,2.05,708.03
2012-01-29,35903.58,0.0,277.29,18.01,4.04,815.25
2012-01-30,36014.99,0.0,224.64,15.86,5.98,933.44
2012-01-31,36128.28,1.24,253.3,14.69,3.33,775.41
2012-02-01,36243.4,0.0,170.34,12.77,6.03,936.85
2012-02-02,36360.29,0.0,266.13,15.14,3.34,776.13
2012-02-03,36478.9,0.0,301.81,17.66,2.75,744.03
2012-02-04,36599.19,0.0,290.41,18.23,4.55,844.78
2012-02-05,36721.1,0.0,298.99,18.97,4.65,851.02
2012-02-06,36844.58,0.56,278.99,18.0,5.67,913.55
2012-02-07,36969.58,0.33,185.5,16.37,9.33,1173.29
2012-02-08,37096.06,0.0,306.87,20.12,5.94,930.63
2012-02-09,37223.96,0.0,304.83,20.76,6.95,998.08
2012-02-10,37353.25,0.0,271.28,17.81,6.99,1000.83
2012-02-11,37483.86,0.0,197.8,14.77,7.87,1062.74
2012-02-12,37615.76,14.95,167.1,12.97,5.38,895.53
2012-02-13,37748.91,4.09,173.44,11.18,3.56,787.88
2012-02-14,37883.24,0.0,297.37,13.52,2.77,745.11
2012-02-15,38018.74,0.0,321.87,15.36,3.09,762.61
2012-02-16,38155.34,0.0,351.21,17.3,2.54,732.95
2012-02-17,38293.01,0.0,322.71,16.01,4.02,813.91
2012-02-18,38431.7,0.0,286.36,14.26,4.61,848.3
2012-02-19,38571.38,0.0,325.8,13.83,2.1,710.61
2012-02-20,38712.0,0.0,301.72,14.85,4.46,839.64
2012-02-21,38853.53,0.0,359.82,18.16,3.45,782.1
2012-02-22,38995.93,0.0,353.69,20.91,6.28,952.69
2012-02-23,39139.16,0.0,344.14,21.31,7.54,1039.33
2012-02-24,39283.18,0.0,348.86,20.69,6.8,987.59
2012-02-25,39427.95,0.0,334.02,15.48,3.28,772.69
2012-02-26,39573.45,0.0,347.55,13.13,0.41,629.29
2012-02-27,39719.63,0.0,314.28,12.87,2.23,717.33
2012-02-28,39866.46,10.68,239.88,11.64,1.01,657.25
2012-02-29,40013.92,9.25,131.86,10.75,5.62,910.42
2012-03-01,40161.95,3.24,162.57,10.85,4.55,845.09
2012-03-02,40310.55,0.0,392.75,16.0,1.03,657.9
2012-03-03,40459.66,0.0,411.94,20.99,3.26,771.88
2012-03-04,40609.26,0.0,400.11,23.0,6.4,960.83
2012-03-05,40759.33,0.0,358.74,19.57,6.91,995.31
2012-03-06,40909.82,0.0,351.06,15.37,3.8,801.59
2012-03-07,41060.72,0.0,416.31,17.58,1.38,674.97
2012-03-08,41211.99,0.0,422.38,20.37,3.0,757.28
2012-03-09,41363.6,0.0,405.94,20.79,5.1,878.08
2012-03-10,41515.52,0.0,390.11,18.33,4.37,834.48
2012-03-11,41667.74,0.0,283.83,15.29,6.71,981.38
2012-03-12,41820.21,6.36,245.01,14.42,4.26,827.69
2012-03-13,41972.92,30.66,92.66,13.02,9.66,1199.99
2012-03-14,42125.83,14.89,131.11,15.49,10.57,1275.05
2012-03-15,42278.93,17.57,108.87,15.89,11.93,1395.44
2012-03-16,42432.18,28.62,125.86,11.77,7.41,1029.83
2012-03-17,42585.56,8.52,174.82,9.58,3.65,793.02
2012-03-18,42739.04,2.67,190.35,9.68,3.3,773.69
2012-03-19,42892.59,0.0,402.67,12.81,1.04,658.53
2012-03-20,43046.2,0.0,425.67,18.47,4.95,868.82
2012-03-21,43199.83,0.0,382.01,18.59,7.41,1030.28
2012-03-22,43353.46,0.0,335.72,16.58,7.61,1044.04
2012-03-23,43507.07,0.0,424.83,15.68,3.18,767.15
2012-03-24,43660.63,11.8,228.9,14.07,6.51,968.04
2012-03-25,43814.11,0.0,340.98,13.74,5.28,888.92
2012-03-26,43967.49,0.0,370.72,15.0,5.6,909.05
2012-03-27,44120.74,12.05,255.57,16.82,8.44,1104.85
2012-03-28,44273.83,0.0,385.07,18.46,8.54,1112.1
2012-03-29,44426.75,0.0,423.9,18.61,7.1,1008.11
2012-03-30,44579.46,0.0,360.3,18.67,9.62,1196.04
2012-03-31,44731.93,8.72,236.79,15.59,8.12,1080.9
2012-04-01,44884.14,0.0,401.23,15.89,5.85,924.92
2012-04-02,45036.07,0.0,493.46,18.59,3.41,779.73
2012-04-03,45187.68,4.44,325.44,18.2,6.97,999.02
2012-04-04,45338.95,0.0,435.52,15.05,4.21,825.01
2012-04-05,45489.85,0.0,491.6,14.58,0.88,651.07
2012-04-06,45640.34,0.0,521.32,17.83,1.09,661.04
2012-04-07,45790.41,0.0,524.77,22.0,3.91,807.74
2012-04-08,45940.01,0.0,511.28,22.47,6.03,936.9
2012-04-09,46089.13,0.0,491.57,20.91,6.7,980.78
2012-04-10,46237.72,17.21,258.44,15.46,7.83,1059.83
2012-04-11,46385.76,17.67,180.74,13.36,8.43,1104.09
2012-04-12,46533.21,36.06,175.66,12.91,8.13,1082.12
2012-04-13,46680.05,8.59,288.7,13.69,5.15,880.9
2012-04-14,46826.23,0.0,504.69,20.02,5.35,893.49
2012-04-15,46971.73,0.0,513.43,21.51,5.64,911.75
2012-04-16,47116.51,0.0,490.13,22.15,7.62,1045.17
2012-04-17,47260.53,0.0,488.95,22.37,7.73,1052.79
2012-04-18,47403.76,0.0,479.63,23.59,9.29,1169.85
2012-04-19,47546.16,0.0,509.06,26.79,9.7,1202.81
2012-04-20,47687.69,0.0,490.73,29.53,12.99,1496.27
2012-04-21,47828.31,0.0,474.25,31.67,15.5,1759.87
2012-04-22,47968.0,0.0,449.65,30.03,15.79,1793.33
2012-04-23,48106.69,0.0,442.89,24.99,11.97,1399.49
2012-04-24,48244.36,0.0,333.46,21.45,12.83,1480.3
2012-04-25,48380.97,18.54,201.69,18.65,12.07,1408.3
2012-04-26,48516.46,2.0,321.76,19.32,7.72,1052.34
2012-04-27,48650.8,0.0,509.57,22.4,6.22,948.76
2012-04-28,48783.95,0.0,509.84,25.73,8.74,1127.14
2012-04-29,48915.85,0.0,497.81,27.86,11.02,1313.66
2012-04-30,49046.47,0.0,428.64,26.44,13.46,1542.27
2012-05-01,49175.75,0.0,479.85,24.25,9.06,1152.2
2012-05-02,49303.66,0.0,467.44,20.95,6.97,999.09
2012-05-03,49430.14,0.0,388.92,18.78,8.22,1088.17
2012-05-04,49555.15,0.0,420.4,21.44,9.48,1185.53
2012-05-05,49678.63,0.0,518.32,24.94,7.31,1022.93
2012-05-06,49800.54,0.0,513.31,28.43,10.33,1255.02
2012-05-07,49920.83,0.0,514.51,31.05,12.12,1413.35
2012-05-08,50039.45,0.0,536.68,32.63,11.02,1313.55
2012-05-09,50156.35,0.0,491.25,29.82,12.76,1473.72
2012-05-10,50271.47,0.0,496.73,29.63,12.01,1402.86
2012-05-11,50384.76,0.0,497.44,31.66,13.09,1506.13
2012-05-12,50496.18,0.0,476.38,30.4,13.22,1518.41
2012-05-13,50605.67,0.0,471.46,27.46,11.01,1312.46
2012-05-14,50713.17,0.0,465.62,24.85,9.16,1159.69
2012-05-15,50818.64,0.0,512.61,28.84,9.42,1180.75
2012-05-16,50922.03,0.0,487.83,29.6,11.61,1365.87
2012-05-17,51023.27,0.0,465.79,27.88,11.51,1356.75
2012-05-18,51122.32,0.0,514.53,29.62,9.66,1199.69
2012-05-19,51219.12,0.0,506.83,31.71,11.71,1374.84
2012-05-20,51313.63,0.0,484.02,31.3,12.93,1489.64
2012-05-21,51405.79,0.0,429.39,28.17,13.41,1537.5
2012-05-22,51495.55,0.0,452.06,27.42,11.68,1372.33
2012-05-23,51582.85,0.0,451.13,26.21,10.67,1283.46
2012-05-24,51667.65,0.0,417.85,23.36,9.63,1197.33
2012-05-25,51749.9,1.73,397.35,20.5,7.8,1057.41
2012-05-26,51829.55,0.0,430.47,22.94,8.54,1112.46
2012-05-27,51906.55,0.0,490.35,25.22,7.39,1028.7
2012-05-28,51980.84,0.0,494.65,27.19,8.71,1125.4
2012-05-29,52052.4,0.0,501.54,29.39,9.95,1223.1
2012-05-30,52121.16,0.0,515.96,33.74,11.98,1356.88
2012-05-31,52187.09,0.0,489.34,35.81,15.24,1684.28
2012-06-01,52250.14,0.0,438.37,35.45,17.88,2047.64
2012-06-02,52310.27,0.0,444.09,32.79,15.45,1754.69
2012-06-03,52367.45,0.0,438.39,28.96,12.62,1459.84
2012-06-04,52421.62,4.4,218.08,19.52,10.27,1249.93
2012-06-05,52472.76,0.0,419.15,22.92,8.62,1118.6
2012-06-06,52520.83,0.0,500.1,27.38,8.13,1081.58
2012-06-07,52565.79,0.0,473.51,29.52,11.55,1360.93
2012-06-08,52607.62,0.0,442.22,27.98,12.0,1401.59
2012-06-09,52646.29,0.0,504.61,28.93,9.14,1151.73
2012-06-10,52681.76,0.0,505.6,33.12,12.22,1387.67
2012-06-11,52714.01,0.0,490.64,35.87,15.17,1664.96
2012-06-12,52743.03,0.0,461.09,35.67,16.98,1819.46
2012-06-13,52768.78,0.0,499.8,35.3,14.34,1450.32
2012-06-14,52791.24,0.0,474.37,35.54,16.28,1609.88
2012-06-15,52810.42,0.0,532.66,38.9,14.84,1241.66
2012-06-16,52826.27,0.0,492.88,40.29,18.84,1608.84
2012-06-17,52838.81,0.0,424.46,37.38,20.54,1948.99
2012-06-18,52848.01,0.0,441.9,33.17,16.41,1503.66
2012-06-19,52853.87,0.0,517.97,34.74,13.14,1102.86
2012-06-20,52856.39,0.0,474.91,34.17,15.35,1344.64
2012-06-21,52855.56,0.0,404.31,27.64,13.26,1322.27
2012-06-22,52851.38,0.0,396.09,23.8,10.19,1116.6
2012-06-23,52843.87,0.0,397.73,25.27,11.51,1158.47
2012-06-24,52833.01,0.0,474.2,25.99,8.53,864.37
2012-06-25,52818.83,0.0,465.21,26.0,8.95,898.69
2012-06-26,52801.33,0.0,502.78,28.87,9.4,811.07
2012-06-27,52780.52,0.0,504.27,32.2,12.1,942.29
2012-06-28,52756.42,0.0,472.49,31.79,13.67,1095.53
2012-06-29,52729.05,0.0,469.08,31.48,13.67,1103.7
2012-06-30,52698.43,0.0,464.45,30.78,13.49,1046.9
2012-07-01,52664.58,0.0,430.64,31.52,15.79,1271.74
2012-07-02,52627.52,0.0,488.86,34.08,14.93,1079.93
2012-07-03,52587.29,0.0,498.45,34.7,14.85,1019.16
2012-07-04,52543.9,0.0,454.62,34.81,17.21,1274.26
2012-07-05,52497.39,0.0,469.35,32.95,14.79,1080.93
2012-07-06,52447.79,0.0,515.55,35.42,13.93,929.7
2012-07-07,52395.15,0.0,487.39,36.72,16.76,1159.6
2012-07-08,52339.48,0.0,472.85,37.38,18.05,1285.43
2012-07-09,52280.84,0.0,502.91,38.03,16.66,1114.35
2012-07-10,52219.25,0.0,527.83,40.52,17.25,906.57
2012-07-11,52154.77,0.0,515.61,41.07,19.33,854.44
2012-07-12,52087.43,0.0,472.65,39.03,20.72,936.69
2012-07-13,52017.28,0.0,479.4,34.59,16.48,705.58
2012-07-14,51944.36,0.0,516.01,34.29,13.78,585.92
2012-07-15,51868.72,0.0,500.97,34.01,14.68,623.43
2012-07-16,51790.4,0.0,399.95,27.05,13.62,579.66
2012-07-17,51709.46,0.0,455.88,27.76,11.72,507.17
2012-07-18,51625.94,0.0,502.86,30.56,11.54,500.84
2012-07-19,51539.89,0.0,479.26,33.0,15.27,649.33
2012-07-20,51451.36,0.0,533.88,36.28,14.21,603.7
2012-07-21,51360.41,0.0,511.44,39.42,18.45,805.61
2012-07-22,51267.08,0.0,477.21,38.63,19.95,890.26
2012-07-23,51171.43,0.0,425.61,35.17,19.63,871.59
2012-07-24,51073.5,0.0,495.15,34.48,15.05,639.87
2012-07-25,50973.36,0.0,486.97,33.82,14.92,634.15
2012-07-26,50871.05,0.0,481.97,32.68,14.21,603.61
2012-07-27,50766.63,0.0,501.7,33.31,13.45,572.73
2012-07-28,50660.14,0.0,491.77,34.14,14.8,628.89
2012-07-29,50551.65,0.0,511.31,35.73,14.69,624.04
2012-07-30,50441.2,0.0,512.44,37.78,16.21,692.74
2012-07-31,50328.84,0.0,477.96,38.05,18.76,822.39
2012-08-01,50214.64,0.0,487.98,38.4,18.34,799.51
2012-08-02,50098.63,0.0,481.31,37.41,17.9,776.51
2012-08-03,49980.87,0.0,431.66,33.94,17.68,764.88
2012-08-04,49861.42,0.0,409.91,31.78,16.8,720.79
2012-08-05,49740.32,0.0,480.87,35.25,16.04,684.77
2012-08-06,49617.62,0.0,502.79,36.79,15.75,671.19
2012-08-07,49493.38,0.0,494.06,37.66,17.07,734.16
2012-08-08,49367.64,0.0,488.97,38.62,18.2,792.34
2012-08-09,49240.44,0.0,489.58,40.66,19.86,884.59
2012-08-10,49111.85,0.0,489.99,41.51,20.47,920.99
2012-08-11,48981.89,0.0,492.85,41.74,20.28,909.85
2012-08-12,48850.63,0.0,472.77,41.5,21.45,982.19
2012-08-13,48718.11,0.0,430.07,41.03,23.68,1135.32
2012-08-14,48584.37,0.0,395.47,39.02,23.77,1141.74
2012-08-15,48449.45,0.0,418.23,38.06,21.66,995.99
2012-08-16,48313.4,0.0,464.5,37.28,18.14,789.1
2012-08-17,48176.26,0.0,457.32,37.12,18.41,803.48
2012-08-18,48038.08,0.0,409.48,36.72,20.75,938.09
2012-08-19,47898.89,0.0,463.78,36.55,17.44,752.52
2012-08-20,47758.73,0.0,475.88,36.96,16.86,723.64
2012-08-21,47617.65,0.0,454.13,35.47,16.97,729.03
2012-08-22,47475.69,0.0,446.86,34.95,16.81,721.23
2012-08-23,47332.87,0.0,452.79,35.27,16.66,713.92
2012-08-24,47189.25,0.0,434.24,34.64,17.18,739.67
2012-08-25,47044.85,0.0,399.27,31.69,16.41,702.03
2012-08-26,46899.71,0.0,429.32,30.39,13.57,577.58
2012-08-27,46753.86,0.0,484.27,33.7,12.65,541.76
2012-08-28,46607.35,0.0,468.27,35.35,15.25,648.67
2012-08-29,46460.21,0.0,477.61,36.53,15.4,655.33
2012-08-30,46312.46,0.0,417.49,34.37,17.57,759.35
2012-08-31,46164.14,0.0,400.24,28.37,13.01,555.49
2012-09-01,46015.29,0.0,457.79,30.72,11.59,502.62
2012-09-02,45865.93,0.0,484.41,34.64,12.56,538.04
2012-09-03,45716.09,0.0,447.8,36.05,16.54,708.3
2012-09-04,45565.81,0.0,408.25,34.04,17.26,743.5
2012-09-05,45415.11,0.0,400.5,33.08,16.84,722.92
2012-09-06,45264.02,0.0,406.58,33.58,16.91,726.26
2012-09-07,45112.58,0.0,429.5,33.82,15.61,664.95
2012-09-08,44960.81,0.0,402.03,34.15,17.6,760.98
2012-09-09,44808.74,0.0,422.3,33.65,15.85,675.57
2012-09-10,44656.39,0.0,437.77,33.68,14.68,623.71
2012-09-11,44503.8,0.0,427.26,33.86,15.5,659.82
2012-09-12,44350.98,0.0,426.91,34.79,16.15,689.82
2012-09-13,44197.97,0.0,420.17,36.26,17.69,765.67
2012-09-14,44044.8,0.0,412.22,35.81,17.66,763.81
2012-09-15,43891.48,0.0,430.93,35.97,16.22,693.13
2012-09-16,43738.05,0.0,381.09,34.3,18.08,785.97
2012-09-17,43584.53,0.0,390.34,32.02,15.31,651.09
2012-09-18,43430.95,0.0,419.83,32.71,13.7,582.82
2012-09-19,43277.32,0.0,399.03,32.73,15.13,643.3
2012-09-20,43123.69,0.0,392.11,32.2,14.99,637.08
2012-09-21,42970.06,0.0,391.34,32.96,15.58,663.45
2012-09-22,42816.48,0.0,408.42,35.3,16.2,691.9
2012-09-23,42662.96,0.0,365.37,33.83,17.76,769.2
2012-09-24,42509.52,0.0,364.15,30.96,15.07,640.7
2012-09-25,42356.21,0.0,408.0,33.28,13.75,584.79
2012-09-26,42203.03,0.0,379.58,32.61,15.25,648.53
2012-09-27,42050.02,0.0,398.28,35.03,15.77,672.07
2012-09-28,41897.21,0.0,366.63,33.74,16.93,727.29
2012-09-29,41744.61,0.0,379.73,33.43,15.5,659.64
2012-09-30,41592.26,0.0,387.59,36.01,16.82,722.07
2012-10-01,41440.19,0.0,390.82,37.74,17.74,768.02
2012-10-02,41288.41,0.0,359.95,36.91,19.44,860.44
2012-10-03,41136.97,0.0,305.08,33.43,19.78,880.11
2012-10-04,40985.88,0.0,307.59,26.75,13.38,569.83
2012-10-05,40835.18,0.0,310.16,25.05,11.54,501.03
2012-10-06,40684.9,0.0,321.86,24.74,10.48,464.6
2012-10-07,40535.06,0.0,338.28,25.89,10.41,462.46
2012-10-08,40385.69,0.0,316.86,24.28,10.16,453.97
2012-10-09,40236.83,0.0,344.22,25.16,9.05,419.32
2012-10-10,40088.51,0.0,294.71,23.38,10.47,464.32
2012-10-11,39940.76,0.0,219.46,18.62,9.61,472.48
2012-10-12,39793.61,0.0,203.0,20.39,12.11,595.41
2012-10-13,39647.09,0.0,308.26,23.8,10.18,454.72
2012-10-14,39501.25,0.0,330.31,26.93,11.56,501.51
2012-10-15,39356.1,0.0,319.91,28.76,13.92,591.54
2012-10-16,39211.7,0.0,317.2,29.52,14.64,622.06
2012-10-17,39068.07,0.0,348.74,30.19,12.45,534.13
2012-10-18,38925.25,0.0,319.08,30.16,14.77,627.61
2012-10-19,38783.28,0.0,284.85,26.46,13.58,578.1
2012-10-20,38642.19,0.0,263.82,23.09,11.58,502.25
2012-10-21,38502.03,7.75,154.29,18.29,9.63,722.35
2012-10-22,38362.83,13.4,96.44,15.17,9.96,1039.21
2012-10-23,38224.64,0.0,243.51,17.18,7.11,419.75
2012-10-24,38087.5,0.0,256.36,17.96,7.24,390.79
2012-10-25,37951.44,0.0,265.65,20.18,8.98,417.21
2012-10-26,37816.52,0.0,322.47,22.52,7.23,367.43
2012-10-27,37682.77,0.0,326.53,25.38,9.34,428.27
2012-10-28,37550.23,0.0,313.14,26.5,11.39,495.56
2012-10-29,37418.96,0.0,312.13,26.64,11.44,497.52
2012-10-30,37289.0,0.0,269.84,23.84,11.98,516.53
2012-10-31,37160.4,5.34,154.72,19.28,10.74,834.26
2012-11-01,37033.19,0.6,209.25,20.08,11.5,817.3
2012-11-02,36907.44,0.0,267.39,20.69,9.01,557.81
2012-11-03,36783.19,0.0,293.5,22.81,9.05,485.92
2012-11-04,36660.48,0.0,295.32,24.71,10.41,512.79
2012-11-05,36539.37,0.0,311.62,27.92,11.37,494.96
2012-11-06,36419.9,0.0,311.91,28.65,11.59,502.73
2012-11-07,36302.14,0.0,298.62,26.52,10.79,509.93
2012-11-08,36186.12,4.24,143.61,15.27,7.02,847.49
2012-11-09,36071.9,0.0,168.96,10.96,3.97,713.48
2012-11-10,35959.54,0.0,219.22,12.19,2.66,561.48
2012-11-11,35849.07,0.0,273.11,14.21,0.81,413.11
2012-11-12,35740.56,0.0,276.35,17.21,3.13,459.02
2012-11-13,35634.07,0.0,284.73,19.3,4.0,460.71
2012-11-14,35529.63,0.0,272.4,21.62,7.15,575.52
2012-11-15,35427.3,0.0,268.84,21.87,7.51,596.14
2012-11-16,35327.15,9.08,142.03,17.7,8.9,1023.28
2012-11-17,35229.21,22.29,77.59,15.67,11.17,1326.93
2012-11-18,35133.54,0.0,103.42,14.38,10.0,1227.2
2012-11-19,35040.19,0.0,200.62,18.89,9.44,1181.83
2012-11-20,34949.23,7.92,159.54,19.2,8.82,1133.29
2012-11-21,34860.68,4.13,103.5,15.72,9.56,1191.4
2012-11-22,34774.62,0.0,214.44,17.5,6.94,997.33
2012-11-23,34691.08,0.0,241.4,20.43,7.22,1016.56
2012-11-24,34610.12,0.0,234.95,20.2,7.38,1027.49
2012-11-25,34531.79,0.0,240.54,19.16,5.91,928.98
2012-11-26,34456.13,0.0,253.56,19.56,4.73,855.75
2012-11-27,34383.19,0.0,202.26,17.34,7.24,1018.04
2012-11-28,34313.02,19.14,87.36,14.63,9.45,1182.96
2012-11-29,34245.66,25.79,103.86,17.07,10.76,1291.41
2012-11-30,34181.16,39.53,33.7,15.15,13.51,1547.64
2012-12-01,34119.56,26.2,59.55,15.55,12.17,1417.63
2012-12-02,34060.89,31.97,119.92,16.06,8.91,1140.43
2012-12-03,34005.21,0.0,218.08,17.1,6.33,956.51
2012-12-04,33952.54,12.94,100.7,15.84,10.09,1234.56
2012-12-05,33902.93,7.11,94.26,14.74,9.57,1192.11
2012-12-06,33856.4,1.24,118.91,14.21,9.51,1187.65
2012-12-07,33812.99,0.0,226.34,15.49,5.0,871.85
2012-12-08,33772.73,0.0,216.13,14.06,4.38,835.22
2012-12-09,33735.65,0.0,237.43,15.51,3.66,793.58
2012-12-10,33701.78,0.0,232.4,16.7,5.04,874.68
2012-12-11,33671.14,6.65,175.04,17.18,5.33,892.02
2012-12-12,33643.75,2.07,114.1,10.76,4.74,856.42
2012-12-13,33619.63,0.0,213.7,11.25,1.97,704.15
2012-12-14,33598.8,0.0,215.49,10.04,0.84,648.97
2012-12-15,33581.28,0.51,204.13,8.59,0.34,626.11
2012-12-16,33567.07,4.51,151.31,11.69,3.38,778.02
2012-12-17,33556.19,8.85,112.12,11.87,6.15,944.61
2012-12-18,33548.66,0.0,184.89,9.38,2.04,707.61
2012-12-19,33544.46,0.0,235.62,9.77,-1.08,564.46
2012-12-20,33543.61,0.0,253.86,13.91,0.21,620.19
2012-12-21,33546.1,10.2,154.51,12.42,3.48,783.46
2012-12-22,33551.94,21.25,82.62,11.24,7.12,1009.42
2012-12-23,33561.12,18.28,56.23,10.34,7.73,1052.44
2012-12-24,33573.63,0.0,191.39,12.2,4.72,855.0
2012-12-25,33589.47,23.09,129.2,9.52,3.27,771.96
2012-12-26,33608.62,1.93,152.8,9.35,4.11,819.4
2012-12-27,33631.07,0.0,211.12,9.8,1.87,698.93
2012-12-28,33656.79,0.0,222.55,8.95,0.3,624.14
2012-12-29,33685.79,0.0,243.35,12.87,2.11,710.91
2012-12-30,33718.02,0.0,228.57,11.13,1.64,687.47
2013-01-01,33753.63,0.0,209.81,10.77,0.14,617.06
2013-01-02,33792.29,0.0,242.99,13.12,-0.62,570.97
2013-01-03,33834.11,0.0,240.98,12.62,-0.76,568.8
2013-01-04,33879.07,0.0,228.42,13.42,1.27,664.17
2013-01-05,33927.13,13.53,138.21,11.39,2.62,737.35
2013-01-06,33978.27,2.81,111.92,10.21,3.46,782.47
2013-01-07,34032.43,0.0,189.08,10.18,1.31,671.31
2013-01-08,34089.6,0.0,229.47,13.0,1.15,663.81
2013-01-09,34149.72,3.53,109.04,11.35,4.86,863.3
2013-01-10,34212.77,0.0,198.36,8.94,-0.25,599.54
2013-01-11,34278.69,0.0,223.12,9.24,-1.51,546.71
2013-01-12,34347.45,0.0,207.57,7.44,-2.09,523.96
2013-01-13,34419.0,0.0,231.93,7.94,-3.2,482.35
2013-01-14,34493.29,0.0,238.46,8.55,-3.01,489.1
2013-01-15,34570.28,0.0,247.84,9.82,-2.5,508.36
2013-01-16,34649.92,0.0,251.73,13.27,0.46,631.51
2013-01-17,34732.16,0.0,270.3,16.94,1.8,695.56
2013-01-18,34816.96,0.0,267.95,17.95,3.2,768.09
2013-01-19,34904.26,0.0,271.39,17.94,3.03,755.66
2013-01-20,34994.01,0.0,263.44,16.71,3.07,761.55
2013-01-21,35086.16,0.0,265.98,17.88,4.02,812.95
2013-01-22,35180.67,0.0,285.1,20.72,4.36,799.23
2013-01-23,35277.47,0.0,229.14,17.79,7.23,1017.56
2013-01-24,35376.51,7.96,122.4,15.99,9.18,1161.53
2013-01-25,35477.75,0.0,196.25,18.73,10.19,1243.37
2013-01-26,35581.13,0.0,147.73,13.49,7.6,1043.49
2013-01-27,35686.6,0.0,246.23,12.7,1.99,704.91
2013-01-28,35794.1,0.0,268.97,12.36,0.21,620.27
2013-01-29,35903.58,0.0,265.39,13.41,1.63,686.8
2013-01-30,36014.99,0.0,279.67,15.82,2.85,749.6
2013-01-31,36128.28,0.0,295.9,18.15,3.43,770.41
2013-02-01,36243.4,0.0,305.7,19.07,3.37,753.9
2013-02-02,36360.29,0.0,266.01,17.65,5.93,929.9
2013-02-03,36478.9,0.0,284.33,16.76,3.94,809.72
2013-02-04,36599.19,0.0,276.78,16.3,4.18,823.23
2013-02-05,36721.1,0.0,229.89,12.92,3.89,806.9
2013-02-06,36844.58,0.0,287.65,14.4,1.89,700.08
2013-02-07,36969.58,0.0,249.78,12.1,2.28,719.86
2013-02-08,37096.06,0.89,262.46,12.11,1.64,687.48
2013-02-09,37223.96,0.0,296.48,11.55,-0.93,570.56
2013-02-10,37353.25,0.0,306.66,13.29,0.03,612.12
2013-02-11,37483.86,0.0,316.7,14.38,0.31,614.54
2013-02-12,37615.76,0.0,315.93,15.27,1.31,655.22
2013-02-13,37748.91,0.0,319.4,16.32,2.14,685.75
2013-02-14,37883.24,0.0,336.7,18.31,2.52,679.58
2013-02-15,38018.74,0.0,341.04,21.2,4.75,771.9
2013-02-16,38155.34,0.0,317.98,20.24,6.24,882.7
2013-02-17,38293.01,0.0,330.2,18.48,4.0,754.09
2013-02-18,38431.7,0.0,301.39,15.38,3.51,701.65
2013-02-19,38571.38,10.24,152.34,8.51,1.62,686.5
2013-02-20,38712.0,0.0,356.35,13.56,-1.36,440.77
2013-02-21,38853.53,0.0,365.07,16.52,0.91,491.3
2013-02-22,38995.93,1.6,338.66,15.05,1.78,553.16
2013-02-23,39139.16,0.0,247.99,13.89,5.29,831.52
2013-02-24,39283.18,0.0,350.93,15.59,1.63,539.23
2013-02-25,39427.95,0.0,359.25,16.71,2.0,537.72
2013-02-26,39573.45,0.0,374.35,18.75,2.7,536.44
2013-02-27,39719.63,0.0,381.08,19.63,3.04,535.85
2013-02-28,39866.46,0.0,359.83,20.64,5.83,664.67
2013-03-01,40013.92,0.0,378.02,22.34,6.1,640.89
2013-03-02,40161.95,0.0,346.4,22.68,8.91,816.09
2013-03-03,40310.55,0.0,243.78,17.44,9.06,1031.2
2013-03-04,40459.66,0.0,359.86,18.56,4.83,623.4
2013-03-05,40609.26,13.99,229.02,16.98,6.19,875.11
2013-03-06,40759.33,3.22,161.98,12.78,5.85,925.19
2013-03-07,40909.82,0.0,300.23,13.91,3.93,694.32
2013-03-08,41060.72,0.0,373.54,16.28,2.78,519.63
2013-03-09,41211.99,0.0,399.71,18.88,3.51,500.91
2013-03-10,41363.6,0.0,388.8,17.76,3.3,510.36
2013-03-11,41515.52,0.0,408.75,21.33,5.31,534.49
2013-03-12,41667.74,0.0,412.5,23.34,6.97,576.14
2013-03-13,41820.21,0.0,422.88,24.98,7.76,579.32
2013-03-14,41972.92,0.0,418.29,25.17,8.46,609.7
2013-03-15,42125.83,0.0,382.53,23.9,9.86,732.79
2013-03-16,42278.93,0.0,418.8,23.59,7.45,576.58
2013-03-17,42432.18,0.0,396.28,20.7,6.49,587.7
2013-03-18,42585.56,0.0,398.78,20.3,6.12,571.53
2013-03-19,42739.04,13.6,287.54,21.79,8.24,820.02
2013-03-20,42892.59,4.52,175.96,17.61,10.3,1252.26
2013-03-21,43046.2,0.0,336.2,17.36,6.52,808.09
2013-03-22,43199.83,0.0,380.01,17.26,4.68,667.41
2013-03-23,43353.46,0.0,430.89,19.48,4.11,578.21
2013-03-24,43507.07,0.0,453.71,22.43,5.18,578.03
2013-03-25,43660.63,0.0,420.49,21.44,6.56,675.95
2013-03-26,43814.11,0.0,432.07,22.39,6.81,665.63
2013-03-27,43967.49,0.0,408.67,21.44,7.45,728.04
2013-03-28,44120.74,0.0,366.13,21.99,10.13,926.15
2013-03-29,44273.83,0.0,458.88,26.0,8.89,696.5
2013-03-30,44426.75,18.34,335.34,24.87,8.39,848.09
2013-03-31,44579.46,1.66,336.07,21.36,10.9,1142.79
2013-04-01,44731.93,2.08,262.95,20.73,9.74,1177.55
2013-04-02,44884.14,0.0,418.79,21.4,7.52,833.02
2013-04-03,45036.07,2.58,335.27,24.64,8.54,973.53
2013-04-04,45187.68,5.16,204.28,18.45,10.42,1262.37
2013-04-05,45338.95,0.0,280.54,19.28,10.96,1292.45
2013-04-06,45489.85,0.0,316.32,19.48,10.11,1107.63
2013-04-07,45640.34,7.95,242.95,19.8,10.17,1212.04
2013-04-08,45790.41,0.0,389.94,19.5,7.75,879.39
2013-04-09,45940.01,0.0,422.2,21.32,8.17,851.89
2013-04-10,46089.13,0.0,495.76,26.88,8.87,744.42
2013-04-11,46237.72,0.0,437.8,23.88,9.98,894.97
2013-04-12,46385.76,0.0,494.57,26.1,8.7,738.85
2013-04-13,46533.21,0.0,459.87,24.25,9.42,828.89
2013-04-14,46680.05,0.0,451.04,21.96,7.93,775.0
2013-04-15,46826.23,1.61,393.29,17.39,6.3,784.03
2013-04-16,46971.73,0.0,467.87,18.45,4.14,612.15
2013-04-17,47116.51,0.0,474.37,19.43,4.76,625.07
2013-04-18,47260.53,0.0,518.01,23.38,5.43,588.06
2013-04-19,47403.76,0.0,521.41,26.78,7.78,659.7
2013-04-20,47546.16,0.0,486.43,26.75,10.25,818.96
2013-04-21,47687.69,0.0,501.49,28.89,11.02,822.9
2013-04-22,47828.31,0.0,486.23,29.22,12.37,915.98
2013-04-23,47968.0,0.0,486.27,28.45,11.82,887.62
2013-04-24,48106.69,0.0,530.36,30.81,10.42,736.04
2013-04-25,48244.36,0.0,478.28,24.23,8.65,706.72
2013-04-26,48380.97,0.0,523.57,27.91,8.87,635.71
2013-04-27,48516.46,0.0,535.58,30.42,9.81,642.48
2013-04-28,48650.8,0.0,511.6,31.02,12.31,784.51
2013-04-29,48783.95,0.0,485.53,31.16,14.18,925.63
2013-04-30,48915.85,0.0,432.11,28.04,14.05,1037.33
2013-05-01,49046.47,0.0,472.68,30.85,14.5,965.58
2013-05-02,49175.75,0.0,495.72,33.01,14.98,933.05
2013-05-03,49303.66,0.0,510.03,32.19,13.33,820.55
2013-05-04,49430.14,0.0,500.1,31.8,13.43,842.85
2013-05-05,49555.15,0.0,463.74,26.52,10.68,791.15
2013-05-06,49678.63,6.21,263.42,23.43,12.22,1262.58
2013-05-07,49800.54,1.13,301.44,22.01,12.7,1273.31
2013-05-08,49920.83,0.0,391.27,24.18,11.63,1023.67
2013-05-09,50039.45,0.0,492.25,27.21,9.64,741.22
2013-05-10,50156.35,0.0,498.53,30.36,12.08,826.9
2013-05-11,50271.47,0.0,506.9,34.14,14.62,926.59
2013-05-12,50384.76,0.0,511.39,34.93,14.95,930.02
2013-05-13,50496.18,0.0,502.8,34.56,15.16,958.72
2013-05-14,50605.67,0.0,479.84,32.1,14.4,970.53
2013-05-15,50713.17,0.17,475.58,28.83,11.66,841.24
2013-05-16,50818.64,1.87,334.56,22.57,11.88,1134.48
2013-05-17,50922.03,0.0,481.2,25.18,8.14,694.45
2013-05-18,51023.27,0.0,522.53,27.69,7.81,616.73
2013-05-19,51122.32,0.0,485.61,28.6,11.01,803.4
2013-05-20,51219.12,0.0,500.38,32.78,13.73,898.14
2013-05-21,51313.63,0.0,433.98,27.91,13.13,923.73
2013-05-22,51405.79,0.0,497.36,24.31,6.68,557.07
2013-05-23,51495.55,0.0,511.82,23.89,5.4,499.34
2013-05-24,51582.85,0.0,524.76,27.27,7.69,533.15
2013-05-25,51667.65,0.0,488.18,26.33,9.07,634.29
2013-05-26,51749.9,0.0,459.32,24.62,9.07,682.53
2013-05-27,51829.55,1.43,362.36,20.05,8.86,841.34
2013-05-28,51906.55,0.0,415.81,25.78,12.35,917.79
2013-05-29,51980.84,0.0,443.19,27.6,12.95,888.3
2013-05-30,52052.4,0.0,520.55,30.2,11.1,655.74
2013-05-31,52121.16,0.0,530.19,33.24,12.97,701.61
2013-06-01,52187.09,0.0,543.23,36.43,14.53,729.15
2013-06-02,52250.14,0.0,520.01,36.87,16.61,872.33
2013-06-03,52310.27,0.0,506.13,34.45,15.49,855.08
2013-06-04,52367.45,0.0,466.56,29.88,13.92,726.39
2013-06-05,52421.62,0.0,513.39,31.68,12.92,555.07
2013-06-06,52472.76,0.0,523.74,34.38,14.39,611.49
2013-06-07,52520.83,0.0,549.16,39.96,16.75,718.38
2013-06-08,52565.79,0.0,523.06,42.35,20.8,941.12
2013-06-09,52607.62,0.0,389.97,29.12,15.95,957.08
2013-06-10,52646.29,0.0,392.03,24.92,12.09,778.53
2013-06-11,52681.76,0.0,514.29,31.37,12.3,530.29
2013-06-12,52714.01,0.0,498.9,32.02,13.85,605.56
2013-06-13,52743.03,0.0,543.06,31.41,10.27,457.59
2013-06-14,52768.78,0.0,507.27,31.98,13.2,567.1
2013-06-15,52791.24,0.0,508.51,33.3,14.1,599.1
2013-06-16,52810.42,0.0,521.06,33.24,13.17,561.8
2013-06-17,52826.27,0.0,499.58,31.23,12.73,566.82
2013-06-18,52838.81,0.0,438.25,26.47,11.72,507.33
2013-06-19,52848.01,0.0,503.91,26.77,8.64,407.24
2013-06-20,52853.87,0.0,521.3,29.93,10.29,458.5
2013-06-21,52856.39,0.0,518.2,31.79,12.13,522.36
2013-06-22,52855.56,0.0,534.04,34.35,13.14,560.58
2013-06-23,52851.38,0.0,303.1,25.27,15.59,917.19
2013-06-24,52843.87,9.73,139.27,22.36,16.45,1673.51
2013-06-25,52833.01,2.23,224.07,26.41,16.7,1425.1
2013-06-26,52818.83,0.0,467.51,32.57,16.19,691.55
2013-06-27,52801.33,0.0,519.99,36.79,16.68,715.13
2013-06-28,52780.52,0.0,511.38,40.22,20.04,895.56
2013-06-29,52756.42,0.0,497.48,41.8,22.28,1037.08
2013-06-30,52729.05,0.0,504.06,42.36,22.28,1037.03
2013-07-01,52698.43,0.0,503.93,42.26,22.25,1034.81
2013-07-02,52664.58,0.0,492.76,42.06,22.86,1076.41
2013-07-03,52627.52,0.0,497.35,41.0,21.66,996.05
2013-07-04,52587.29,0.0,477.73,41.82,23.5,1122.28
2013-07-05,52543.9,0.0,462.86,34.52,18.05,784.05
2013-07-06,52497.39,0.0,509.13,34.72,15.53,661.02
2013-07-07,52447.79,0.0,519.51,36.4,16.33,697.98
2013-07-08,52395.15,0.0,525.27,36.74,16.21,692.47
2013-07-09,52339.48,0.0,532.41,39.87,17.98,780.76
2013-07-10,52280.84,0.0,508.14,38.44,18.45,805.48
2013-07-11,52219.25,0.0,512.88,34.78,14.93,634.56
2013-07-12,52154.77,0.0,505.9,34.16,14.83,629.99
2013-07-13,52087.43,0.0,523.96,36.87,15.85,675.96
2013-07-14,52017.28,0.0,509.86,36.66,16.66,714.28
2013-07-15,51944.36,0.0,470.24,32.71,15.65,666.59
2013-07-16,51868.72,0.0,464.14,29.94,13.52,575.32
2013-07-17,51790.4,0.0,531.97,34.27,12.95,553.11
2013-07-18,51709.46,0.0,520.11,36.57,15.67,667.59
2013-07-19,51625.94,0.0,520.59,37.5,16.32,697.82
2013-07-20,51539.89,0.0,506.97,38.8,18.39,802.58
2013-07-21,51451.36,0.0,458.65,36.77,19.67,873.79
2013-07-22,51360.41,0.0,460.99,35.55,18.53,809.72
2013-07-23,51267.08,0.0,402.78,32.49,18.48,807.03
2013-07-24,51171.43,0.0,494.04,37.64,17.93,777.86
2013-07-25,51073.5,0.0,466.2,38.23,19.97,891.29
2013-07-26,50973.36,0.0,455.28,36.5,19.03,837.23
2013-07-27,50871.05,0.0,473.72,35.6,17.17,739.31
2013-07-28,50766.63,0.0,462.8,34.9,17.21,741.26
2013-07-29,50660.14,0.0,457.99,32.36,15.21,646.56
2013-07-30,50551.65,0.0,489.53,33.75,14.55,618.27
2013-07-31,50441.2,0.0,481.75,33.2,14.56,618.28
2013-08-01,50328.84,0.0,480.52,31.95,13.48,573.99
2013-08-02,50214.64,0.0,501.81,33.94,13.78,586.17
2013-08-03,50098.63,0.0,492.29,34.22,14.62,621.0
2013-08-04,49980.87,0.0,478.62,33.46,14.75,626.44
2013-08-05,49861.42,0.0,483.83,33.71,14.59,619.83
2013-08-06,49740.32,0.0,481.06,32.34,13.52,575.47
2013-08-07,49617.62,0.0,418.19,28.25,13.27,565.39
2013-08-08,49493.38,0.0,470.5,30.17,12.32,529.1
2013-08-09,49367.64,0.0,465.48,29.7,12.18,523.97
2013-08-10,49240.44,0.0,473.15,31.14,13.02,555.84
2013-08-11,49111.85,0.0,481.32,32.6,13.77,585.79
2013-08-12,48981.89,0.0,493.47,33.79,13.96,593.24
2013-08-13,48850.63,0.0,505.84,36.05,14.9,632.96
2013-08-14,48718.11,0.0,479.77,36.38,16.96,728.56
2013-08-15,48584.37,0.0,480.67,36.72,17.04,732.88
2013-08-16,48449.45,0.0,483.53,37.33,17.31,746.18
2013-08-17,48313.4,0.0,464.98,36.69,17.99,781.3
2013-08-18,48176.26,0.0,472.46,38.06,18.65,816.38
2013-08-19,48038.08,0.0,457.86,40.32,21.48,984.2
2013-08-20,47898.89,0.0,433.04,36.92,19.99,892.28
2013-08-21,47758.73,0.0,463.01,36.43,17.61,761.16
2013-08-22,47617.65,0.0,438.55,32.36,15.34,652.72
2013-08-23,47475.69,0.0,459.39,32.34,14.0,594.89
2013-08-24,47332.87,0.0,450.95,32.41,14.53,617.1
2013-08-25,47189.25,0.0,447.39,32.7,14.9,633.08
2013-08-26,47044.85,0.0,441.45,31.69,14.29,606.91
2013-08-27,46899.71,0.0,457.29,34.21,15.43,656.66
2013-08-28,46753.86,0.0,438.75,34.5,16.77,719.24
2013-08-29,46607.35,0.0,445.43,34.23,16.03,684.22
2013-08-30,46460.21,0.0,450.04,35.82,17.01,731.3
2013-08-31,46312.46,0.0,426.41,35.96,18.58,812.34
2013-09-01,46164.14,0.0,416.73,34.15,17.5,755.79
2013-09-02,46015.29,0.0,301.72,29.04,18.26,795.35
2013-09-03,45865.93,0.0,396.88,31.24,16.01,683.4
2013-09-04,45716.09,0.0,417.44,31.69,15.28,649.69
2013-09-05,45565.81,0.0,420.97,30.95,14.32,608.37
2013-09-06,45415.11,0.0,463.94,34.64,14.39,611.31
2013-09-07,45264.02,0.0,463.27,36.91,16.14,689.09
2013-09-08,45112.58,0.0,433.7,37.94,19.13,842.82
2013-09-09,44960.81,0.0,425.89,37.35,19.0,835.96
2013-09-10,44808.74,0.0,382.35,33.36,18.07,785.11
2013-09-11,44656.39,0.0,355.11,28.71,15.18,645.46
2013-09-12,44503.8,0.0,417.75,32.08,14.8,628.86
2013-09-13,44350.98,0.0,408.68,33.12,16.23,693.64
2013-09-14,44197.97,0.0,402.46,32.98,16.44,703.47
2013-09-15,44044.8,0.0,418.65,31.72,14.17,601.88
2013-09-16,43891.48,0.0,412.76,31.35,14.12,599.82
2013-09-17,43738.05,0.0,373.44,27.71,13.1,558.73
2013-09-18,43584.53,0.0,404.85,28.97,12.34,529.81
2013-09-19,43430.95,0.0,444.63,32.86,12.5,535.86
2013-09-20,43277.32,0.0,347.34,28.12,14.61,620.83
2013-09-21,43123.69,19.8,167.39,20.98,12.99,712.08
2013-09-22,42970.06,0.0,359.2,22.69,8.93,415.84
2013-09-23,42816.48,0.0,419.76,27.92,9.84,443.89
2013-09-24,42662.96,0.0,358.04,26.18,12.14,522.67
2013-09-25,42509.52,0.0,316.57,21.76,10.02,449.69
2013-09-26,42356.21,0.0,376.91,23.07,8.07,390.76
2013-09-27,42203.03,0.0,389.37,24.79,8.8,411.74
2013-09-28,42050.02,0.0,437.11,29.84,9.02,418.3
2013-09-29,41897.21,0.0,379.9,27.22,11.36,494.58
2013-09-30,41744.61,0.0,343.48,26.81,13.11,559.41
2013-10-01,41592.26,0.0,350.5,25.66,11.56,501.72
2013-10-02,41440.19,0.0,375.41,26.49,10.47,464.13
2013-10-03,41288.41,0.0,359.96,24.32,9.29,426.66
2013-10-04,41136.97,0.0,389.52,27.61,9.98,448.19
2013-10-05,40985.88,0.0,397.93,28.98,10.16,454.22
2013-10-06,40835.18,0.0,399.32,29.94,10.61,468.8
2013-10-07,40684.9,0.0,389.93,29.96,11.31,492.76
2013-10-08,40535.06,0.0,322.79,25.21,11.72,507.25
2013-10-09,40385.69,0.0,302.64,21.24,9.06,419.65
2013-10-10,40236.83,0.0,349.62,22.72,7.5,374.81
2013-10-11,40088.51,0.0,352.26,24.05,8.31,397.6
2013-10-12,39940.76,0.0,363.81,25.15,8.21,394.73
2013-10-13,39793.61,0.0,337.49,23.28,8.3,397.34
2013-10-14,39647.09,0.0,354.9,24.93,8.31,397.5
2013-10-15,39501.25,0.0,355.94,26.66,9.59,436.04
2013-10-16,39356.1,0.0,358.23,27.95,10.29,458.25
2013-10-17,39211.7,0.0,344.94,27.02,10.29,458.31
2013-10-18,39068.07,0.0,356.95,28.11,9.84,443.69
2013-10-19,38925.25,0.0,351.98,28.99,10.91,479.17
2013-10-20,38783.28,0.0,340.72,28.2,10.87,477.84
2013-10-21,38642.19,0.0,326.4,27.75,11.22,489.76
2013-10-22,38502.03,0.0,331.59,29.59,12.09,520.67
2013-10-23,38362.83,0.0,318.6,28.09,11.67,505.46
2013-10-24,38224.64,0.0,282.22,24.55,10.89,478.41
2013-10-25,38087.5,0.0,310.56,25.3,9.2,423.78
2013-10-26,37951.44,0.0,325.6,27.47,9.48,432.64
2013-10-27,37816.52,0.0,275.4,25.28,11.43,496.93
2013-10-28,37682.77,0.0,182.15,17.67,9.33,628.5
2013-10-29,37550.23,0.0,193.96,16.83,7.98,549.66
2013-10-30,37418.96,0.0,293.69,19.65,4.62,302.85
2013-10-31,37289.0,0.0,307.03,21.86,5.24,317.19
2013-11-01,37160.4,0.0,307.02,24.92,7.8,383.04
2013-11-02,37033.19,0.0,303.5,24.7,7.61,377.68
2013-11-03,36907.44,0.0,220.82,17.43,6.66,440.52
2013-11-04,36783.19,0.0,277.01,19.7,5.14,314.82
2013-11-05,36660.48,0.0,277.61,19.94,5.24,317.15
2013-11-06,36539.37,0.0,295.22,23.18,6.47,347.58
2013-11-07,36419.9,0.0,285.68,25.7,9.44,431.14
2013-11-08,36302.14,0.0,284.2,24.8,8.39,399.71
2013-11-09,36186.12,0.0,286.24,24.98,8.06,390.34
2013-11-10,36071.9,0.0,277.84,25.06,8.72,409.57
2013-11-11,35959.54,0.0,269.17,23.58,7.99,388.35
2013-11-12,35849.07,0.0,215.72,22.38,10.78,561.39
2013-11-13,35740.56,0.0,268.98,24.79,8.82,412.33
2013-11-14,35634.07,0.0,229.24,21.13,8.51,462.74
2013-11-15,35529.63,0.0,246.56,19.35,5.45,357.73
2013-11-16,35427.3,0.0,230.88,17.99,5.28,396.36
2013-11-17,35327.15,0.0,254.0,18.88,4.23,322.76
2013-11-18,35229.21,0.0,242.8,18.96,5.2,365.9
2013-11-19,35133.54,17.43,122.37,16.95,8.37,853.23
2013-11-20,35040.19,17.35,62.01,14.64,10.51,1269.96
2013-11-21,34949.23,0.0,166.18,17.63,8.84,1135.35
2013-11-22,34860.68,0.0,245.4,21.43,6.52,861.12
2013-11-23,34774.62,0.0,231.15,17.18,3.84,757.81
2013-11-24,34691.08,0.0,236.16,17.48,3.61,738.84
2013-11-25,34610.12,0.0,236.76,18.19,4.13,761.85
2013-11-26,34531.79,0.0,221.13,18.04,5.25,845.74
2013-11-27,34456.13,0.0,229.85,20.15,6.09,871.5
2013-11-28,34383.19,0.0,230.55,21.86,7.23,930.85
2013-11-29,34313.02,0.0,225.03,20.6,6.55,905.19
2013-11-30,34245.66,0.0,223.55,19.87,5.98,877.96
2013-12-01,34181.16,0.0,221.31,19.53,5.86,876.84
2013-12-02,34119.56,0.75,221.08,20.25,6.5,912.71
2013-12-03,34060.89,0.0,162.49,11.39,2.64,738.53
2013-12-04,34005.21,0.0,238.28,12.55,-2.34,508.74
2013-12-05,33952.54,0.0,213.59,8.85,-3.44,473.81
2013-12-06,33902.93,14.36,152.47,8.1,-3.27,480.03
2013-12-07,33856.4,5.71,124.32,6.9,-1.74,537.67
2013-12-08,33812.99,0.0,202.29,6.66,-4.32,443.38
2013-12-09,33772.73,0.0,241.85,9.32,-5.53,404.49
2013-12-10,33735.65,0.0,219.39,10.63,-1.97,528.6
2013-12-11,33701.78,0.0,238.2,14.28,-0.71,579.98
2013-12-12,33671.14,0.0,242.28,16.81,0.72,643.38
2013-12-13,33643.75,0.0,236.46,16.28,0.98,655.71
2013-12-14,33619.63,0.0,237.73,16.1,0.49,632.84
2013-12-15,33598.8,0.0,219.53,16.62,2.99,757.25
2013-12-16,33581.28,0.0,218.23,19.29,5.39,896.2
2013-12-17,33567.07,0.0,204.41,20.26,7.57,1041.26
2013-12-18,33556.19,0.0,183.51,17.82,7.2,1014.9
2013-12-19,33548.66,0.0,188.67,14.62,3.83,803.42
2013-12-20,33544.46,0.0,198.23,13.11,1.5,680.5
2013-12-21,33543.61,0.0,205.46,14.2,1.79,694.8
2013-12-22,33546.1,0.0,221.7,16.53,2.35,711.37
2013-12-23,33551.94,0.0,224.67,18.44,3.68,767.33
2013-12-24,33561.12,0.0,211.27,18.16,4.84,849.86
2013-12-25,33573.63,0.0,227.27,19.71,4.54,804.15
2013-12-26,33589.47,0.0,223.9,20.08,5.23,845.44
2013-12-27,33608.62,0.0,206.6,17.28,4.53,841.65
2013-12-28,33631.07,0.0,227.8,18.12,3.23,740.87
2013-12-29,33656.79,0.0,227.48,18.14,3.33,745.89
2013-12-30,33685.79,0.0,223.94,18.89,4.41,804.06
2013-12-31,33718.02,0.0,218.07,19.37,5.48,870.57
2014-01-01,33753.63,0.0,216.73,18.31,4.63,849.65
2014-01-02,33792.29,0.0,218.97,19.1,5.2,884.35
2014-01-03,33834.11,0.0,217.32,19.23,5.55,906.16
2014-01-04,33879.07,0.0,222.73,18.5,4.46,839.48
2014-01-05,33927.13,0.0,232.97,18.51,3.48,783.49
2014-01-06,33978.27,0.0,214.23,18.08,5.09,877.46
2014-01-07,34032.43,0.0,200.14,18.39,6.62,975.46
2014-01-08,34089.6,0.0,172.81,13.98,4.56,845.67
2014-01-09,34149.72,0.0,194.15,15.6,4.69,853.39
2014-01-10,34212.77,0.0,213.9,16.85,4.38,835.09
2014-01-11,34278.69,0.3,139.29,12.87,5.66,913.19
2014-01-12,34347.45,0.0,204.25,14.9,3.56,788.26
2014-01-13,34419.0,0.0,233.5,17.29,3.39,778.84
2014-01-14,34493.29,0.0,231.58,19.2,5.4,896.55
2014-01-15,34570.28,0.0,246.05,20.83,5.46,900.4
2014-01-16,34649.92,0.0,250.06,21.52,5.79,921.26
2014-01-17,34732.16,0.0,257.06,22.44,5.91,929.17
2014-01-18,34816.96,0.0,258.57,22.54,6.05,937.74
2014-01-19,34904.26,0.0,260.43,22.57,6.08,940.12
2014-01-20,34994.01,0.0,258.79,21.62,5.73,917.23
2014-01-21,35086.16,0.0,264.01,21.98,5.64,911.38
2014-01-22,35180.67,0.0,232.75,18.84,6.12,942.77
2014-01-23,35277.47,0.0,253.94,20.54,5.94,930.62
2014-01-24,35376.51,0.0,264.82,24.54,8.32,1096.19
2014-01-25,35477.75,0.0,264.73,23.66,7.86,1062.34
2014-01-26,35581.13,0.0,249.54,20.52,6.86,991.52
2014-01-27,35686.6,0.0,255.6,19.3,5.48,901.65
2014-01-28,35794.1,0.0,242.68,19.98,7.26,1019.61
2014-01-29,35903.58,8.92,114.64,15.92,8.87,1137.57
2014-01-30,36014.99,4.8,130.74,16.02,7.97,1070.21
2014-01-31,36128.28,0.0,223.67,14.61,4.12,820.13
2014-02-01,36243.4,0.0,271.25,14.72,1.15,663.79
2014-02-02,36360.29,0.0,222.56,11.74,1.83,696.87
2014-02-03,36478.9,0.0,243.69,13.66,2.59,735.55
2014-02-04,36599.19,0.0,270.31,13.38,0.79,646.46
2014-02-05,36721.1,1.12,264.99,12.77,0.79,646.72
2014-02-06,36844.58,0.74,142.15,10.65,5.07,876.28
2014-02-07,36969.58,21.94,80.62,10.98,6.92,996.04
2014-02-08,37096.06,62.34,81.69,13.11,9.04,1150.22
2014-02-09,37223.96,44.02,52.3,13.95,11.62,1366.93
2014-02-10,37353.25,9.87,111.54,16.54,10.98,1310.66
2014-02-11,37483.86,0.0,272.27,17.7,6.55,971.06
2014-02-12,37615.76,0.0,284.35,18.36,6.62,975.52
2014-02-13,37748.91,0.0,294.19,21.52,8.95,1143.5
2014-02-14,37883.24,0.0,229.5,19.09,10.55,1273.29
2014-02-15,38018.74,2.46,178.57,18.39,9.76,1207.94
2014-02-16,38155.34,0.0,289.64,18.08,7.23,1017.04
2014-02-17,38293.01,0.0,328.66,17.94,4.91,866.32
2014-02-18,38431.7,0.0,323.0,17.65,5.37,894.92
2014-02-19,38571.38,0.0,314.66,17.52,6.09,940.51
2014-02-20,38712.0,0.0,325.08,17.35,5.61,909.76
2014-02-21,38853.53,0.0,354.12,19.75,5.74,918.19
2014-02-22,38995.93,0.0,365.3,20.88,5.89,927.35
2014-02-23,39139.16,0.0,360.98,21.49,7.14,1010.84
2014-02-24,39283.18,0.0,379.77,23.04,6.71,981.68
2014-02-25,39427.95,0.0,355.69,23.1,9.37,1176.23
2014-02-26,39573.45,18.85,260.77,20.03,7.61,1044.4
2014-02-27,39719.63,12.63,185.95,17.87,10.48,1267.74
2014-02-28,39866.46,24.92,160.0,15.67,9.62,1196.41
2014-03-01,40013.92,5.11,231.73,19.06,9.37,1176.75
2014-03-02,40161.95,4.75,222.6,17.33,8.44,1105.04
2014-03-03,40310.55,11.14,195.99,15.54,8.27,1091.85
2014-03-04,40459.66,0.0,275.49,18.16,10.37,1257.78
2014-03-05,40609.26,15.59,263.87,20.36,9.25,1166.86
2014-03-06,40759.33,0.0,301.56,19.08,10.53,1271.33
2014-03-07,40909.82,0.0,402.82,20.32,6.41,961.26
2014-03-08,41060.72,0.0,402.27,20.39,6.47,965.27
2014-03-09,41211.99,4.85,279.6,22.65,10.25,1247.97
2014-03-10,41363.6,0.0,343.92,20.55,9.9,1219.06
2014-03-11,41515.52,0.0,409.36,21.1,6.31,954.8
2014-03-12,41667.74,0.0,390.89,25.21,10.91,1303.8
2014-03-13,41820.21,0.0,426.02,23.63,6.88,993.44
2014-03-14,41972.92,0.0,413.06,22.79,7.48,1035.12
2014-03-15,42125.83,0.0,410.5,24.1,8.86,1136.69
2014-03-16,42278.93,0.0,414.02,25.87,9.95,1222.88
2014-03-17,42432.18,0.0,363.56,19.56,7.75,1054.22
2014-03-18,42585.56,0.0,400.59,19.87,6.11,941.88
2014-03-19,42739.04,0.0,425.79,23.17,7.28,1020.66
2014-03-20,42892.59,0.0,410.94,24.04,9.13,1157.68
2014-03-21,43046.2,0.0,422.27,22.97,7.55,1040.06
2014-03-22,43199.83,0.0,424.87,22.12,6.72,982.5
2014-03-23,43353.46,0.0,420.94,22.62,7.55,1039.74
2014-03-24,43507.07,0.0,447.21,25.99,8.33,1096.69
2014-03-25,43660.63,4.89,270.42,19.71,8.38,1100.09
2014-03-26,43814.11,9.67,110.8,12.57,8.73,1126.42
2014-03-27,43967.49,3.81,234.77,17.02,8.23,1089.0
2014-03-28,44120.74,0.0,375.74,19.72,8.48,1108.07
2014-03-29,44273.83,22.81,214.95,16.05,8.28,1092.69
2014-03-30,44426.75,5.04,258.28,15.84,6.17,945.48
2014-03-31,44579.46,14.25,281.78,17.03,6.14,943.5
2014-04-01,44731.93,12.01,219.36,13.08,5.34,892.63
2014-04-02,44884.14,0.0,377.3,15.51,4.78,858.61
2014-04-03,45036.07,0.0,436.56,18.39,4.62,849.09
2014-04-04,45187.68,0.0,378.91,17.23,6.29,953.77
2014-04-05,45338.95,0.0,464.15,19.8,4.25,827.12
2014-04-06,45489.85,0.0,470.03,24.5,7.77,1055.82
2014-04-07,45640.34,0.0,466.59,26.62,9.71,1203.48
2014-04-08,45790.41,0.0,457.13,28.4,11.76,1379.44
2014-04-09,45940.01,0.0,388.15,25.82,13.41,1537.15
2014-04-10,46089.13,0.0,451.33,28.07,12.04,1405.7
2014-04-11,46237.72,0.0,419.62,26.33,12.51,1449.57
2014-04-12,46385.76,0.0,421.46,22.14,9.04,1150.83
2014-04-13,46533.21,0.0,467.53,24.88,8.91,1140.83
2014-04-14,46680.05,0.0,461.19,24.59,9.19,1162.68
2014-04-15,46826.23,0.0,458.95,26.44,10.9,1303.68
2014-04-16,46971.73,0.0,453.22,26.13,11.0,1312.18
2014-04-17,47116.51,0.0,466.11,28.06,11.75,1379.27
2014-04-18,47260.53,0.0,448.98,26.36,11.54,1360.25
2014-04-19,47403.76,0.0,423.71,23.87,10.8,1294.71
2014-04-20,47546.16,0.0,491.57,26.19,8.96,1144.05
2014-04-21,47687.69,0.0,456.08,25.49,10.68,1284.19
2014-04-22,47828.31,0.0,417.46,20.31,8.14,1082.52
2014-04-23,47968.0,0.0,491.61,21.08,5.26,887.67
2014-04-24,48106.69,15.22,351.22,22.69,7.89,1064.61
2014-04-25,48244.36,16.6,180.06,13.73,7.61,1044.16
2014-04-26,48380.97,0.0,433.03,19.23,6.5,967.71
2014-04-27,48516.46,0.0,422.72,19.22,6.95,998.14
2014-04-28,48650.8,0.0,490.41,22.67,6.44,963.24
2014-04-29,48783.95,0.0,491.36,27.24,9.91,1219.85
2014-04-30,48915.85,0.0,492.57,31.77,13.01,1498.04
2014-05-01,49046.47,0.0,478.05,32.3,14.17,1615.41
2014-05-02,49175.75,0.0,463.25,30.96,14.01,1598.92
2014-05-03,49303.66,0.0,458.94,26.87,11.02,1313.5
2014-05-04,49430.14,0.0,427.56,23.45,9.61,1195.96
2014-05-05,49555.15,0.0,370.29,21.78,10.55,1273.33
2014-05-06,49678.63,8.54,304.31,22.33,9.8,1210.88
2014-05-07,49800.54,0.0,455.95,22.19,7.58,1041.75
2014-05-08,49920.83,0.0,386.29,21.87,10.36,1257.59
2014-05-09,50039.45,0.0,361.62,23.27,12.56,1454.24
2014-05-10,50156.35,0.0,467.0,21.79,7.0,1001.66
2014-05-11,50271.47,0.0,491.61,25.92,9.12,1143.24
2014-05-12,50384.76,0.0,518.74,29.81,10.29,1173.16
2014-05-13,50496.18,0.0,517.93,33.25,12.78,1360.78
2014-05-14,50605.67,0.0,493.36,34.8,15.59,1648.6
2014-05-15,50713.17,0.0,487.84,35.98,16.71,1768.62
2014-05-16,50818.64,0.0,492.42,33.49,14.6,1553.82
2014-05-17,50922.03,0.0,426.38,27.56,13.41,1537.6
2014-05-18,51023.27,0.0,420.6,24.97,11.5,1356.48
2014-05-19,51122.32,0.0,423.24,23.83,10.41,1261.71
2014-05-20,51219.12,0.0,404.83,22.45,10.06,1232.36
2014-05-21,51313.63,0.92,505.08,27.97,9.86,1147.27
2014-05-22,51405.79,0.0,509.29,30.75,11.58,1266.68
2014-05-23,51495.55,0.0,505.24,32.88,13.38,1415.14
2014-05-24,51582.85,0.0,469.33,33.08,15.67,1681.35
2014-05-25,51667.65,0.0,490.9,35.42,15.8,1652.32
2014-05-26,51749.9,0.0,496.8,34.54,14.63,1530.17
2014-05-27,51829.55,0.0,476.81,31.86,13.72,1479.8
2014-05-28,51906.55,0.0,449.41,27.38,11.6,1296.6
2014-05-29,51980.84,0.0,505.08,30.49,11.12,1147.49
2014-05-30,52052.4,0.0,495.7,30.32,11.82,1125.96
2014-05-31,52121.16,0.0,521.51,30.93,10.62,989.51
2014-06-01,52187.09,0.0,533.74,33.6,11.72,1011.09
2014-06-02,52250.14,0.0,486.99,30.63,12.61,1097.76
2014-06-03,52310.27,0.0,514.29,30.95,11.03,954.56
2014-06-04,52367.45,0.0,541.54,35.42,12.48,893.25
2014-06-05,52421.62,0.0,495.44,35.3,15.59,1170.08
2014-06-06,52472.76,0.0,481.52,35.01,16.1,1235.48
2014-06-07,52520.83,0.0,513.85,36.67,15.14,1094.34
2014-06-08,52565.79,0.0,510.26,39.59,17.48,1211.09
2014-06-09,52607.62,0.0,493.49,41.69,20.02,1440.92
2014-06-10,52646.29,0.0,486.53,40.36,19.4,1412.16
2014-06-11,52681.76,0.0,503.68,35.26,14.29,1025.99
2014-06-12,52714.01,0.0,472.23,30.02,11.83,953.25
2014-06-13,52743.03,0.0,488.78,30.27,11.11,885.19
2014-06-14,52768.78,0.0,475.96,31.38,12.82,1000.16
2014-06-15,52791.24,0.0,473.68,30.44,12.15,967.37
2014-06-16,52810.42,0.0,432.09,27.86,11.95,1034.42
2014-06-17,52826.27,0.0,485.93,28.34,9.48,810.03
2014-06-18,52838.81,0.0,482.93,32.53,13.15,1001.45
2014-06-19,52848.01,0.0,517.83,35.37,12.99,919.24
2014-06-20,52853.87,0.0,509.49,36.23,14.22,1002.18
2014-06-21,52856.39,0.0,471.14,35.06,15.67,1178.5
2014-06-22,52855.56,0.0,491.63,34.07,13.62,1006.82
2014-06-23,52851.38,0.0,493.56,35.05,14.23,1037.46
2014-06-24,52843.87,0.0,447.97,34.01,16.07,1222.33
2014-06-25,52833.01,0.0,442.29,30.53,13.53,1003.53
2014-06-26,52818.83,0.0,395.37,28.67,14.1,1113.54
2014-06-27,52801.33,0.0,456.73,30.88,13.19,924.78
2014-06-28,52780.52,0.0,495.03,33.46,13.81,648.81
2014-06-29,52756.42,0.0,515.74,37.63,16.24,694.01
2014-06-30,52729.05,0.0,506.1,40.5,19.38,857.12
2014-07-01,52698.43,0.0,481.2,37.86,18.84,826.74
2014-07-02,52664.58,0.0,497.92,37.11,17.07,734.28
2014-07-03,52627.52,0.0,489.26,36.69,17.26,743.89
2014-07-04,52587.29,0.0,508.24,38.44,17.53,757.3
2014-07-05,52543.9,0.0,504.75,38.68,17.96,779.75
2014-07-06,52497.39,0.0,498.98,39.12,18.69,818.8
2014-07-07,52447.79,0.0,459.52,37.31,19.61,870.37
2014-07-08,52395.15,0.0,448.07,38.82,21.64,994.51
2014-07-09,52339.48,0.0,480.2,36.07,17.46,753.59
2014-07-10,52280.84,0.0,457.94,33.09,16.12,688.22
2014-07-11,52219.25,0.0,465.19,33.03,15.73,670.41
2014-07-12,52154.77,0.0,508.8,35.99,15.61,664.59
2014-07-13,52087.43,0.0,534.94,39.03,16.0,682.84
2014-07-14,52017.28,0.0,500.4,42.37,21.4,978.96
2014-07-15,51944.36,0.0,422.89,36.23,20.63,930.87
2014-07-16,51868.72,0.0,390.67,31.87,18.14,788.91
2014-07-17,51790.4,0.0,436.8,31.27,15.51,660.24
2014-07-18,51709.46,0.0,450.65,31.93,15.46,657.99
2014-07-19,51625.94,0.0,505.99,35.54,15.42,656.31
2014-07-20,51539.89,0.0,381.7,30.58,17.55,758.42
2014-07-21,51451.36,0.0,424.65,31.56,16.65,713.71
2014-07-22,51360.41,0.0,445.35,32.01,16.14,689.42
2014-07-23,51267.08,0.0,475.65,31.39,14.02,595.74
2014-07-24,51171.43,0.0,503.49,35.55,15.94,679.99
2014-07-25,51073.5,0.0,513.87,38.74,17.78,770.24
2014-07-26,50973.36,0.0,495.6,39.88,19.89,886.57
2014-07-27,50871.05,0.0,451.4,39.01,21.83,1006.95
2014-07-28,50766.63,0.0,439.4,36.87,20.63,930.75
2014-07-29,50660.14,0.0,443.35,38.46,21.9,1011.46
2014-07-30,50551.65,0.0,466.03,38.83,21.01,954.13
2014-07-31,50441.2,0.0,473.34,39.82,21.39,978.67
2014-08-01,50328.84,0.0,491.29,42.21,22.16,1029.18
2014-08-02,50214.64,0.0,497.28,40.4,20.19,904.43
2014-08-03,50098.63,0.0,413.01,32.51,18.09,786.19
2014-08-04,49980.87,0.0,392.0,31.39,18.1,786.71
2014-08-05,49861.42,0.0,284.95,28.69,19.72,876.42
2014-08-06,49740.32,0.0,428.18,33.72,18.85,827.55
2014-08-07,49617.62,0.0,480.31,35.7,17.75,768.38
2014-08-08,49493.38,0.0,475.49,36.13,18.4,802.79
2014-08-09,49367.64,0.0,477.15,35.01,17.23,742.22
2014-08-10,49240.44,0.0,474.17,33.44,15.96,680.81
2014-08-11,49111.85,0.0,517.11,37.26,16.16,689.96
2014-08-12,48981.89,0.0,468.6,33.74,16.57,709.61
2014-08-13,48850.63,0.0,483.75,32.58,14.64,621.99
2014-08-14,48718.11,0.0,493.7,34.44,15.44,657.18
2014-08-15,48584.37,0.0,471.69,35.63,17.76,769.22
2014-08-16,48449.45,0.0,474.66,36.23,17.95,779.2
2014-08-17,48313.4,0.0,484.96,36.53,17.37,749.35
2014-08-18,48176.26,0.0,481.48,35.08,16.32,697.54
2014-08-19,48038.08,0.0,442.45,30.54,14.44,613.51
2014-08-20,47898.89,0.0,411.71,29.4,14.91,633.76
2014-08-21,47758.73,0.0,476.98,33.03,14.4,611.7
2014-08-22,47617.65,0.0,452.54,32.71,15.6,664.16
2014-08-23,47475.69,0.0,465.46,32.69,14.72,625.55
2014-08-24,47332.87,0.0,487.42,33.61,13.95,593.12
2014-08-25,47189.25,0.0,430.18,30.21,14.51,616.41
2014-08-26,47044.85,0.0,473.06,32.34,13.72,583.39
2014-08-27,46899.71,0.0,464.25,35.17,16.66,714.06
2014-08-28,46753.86,0.0,462.26,36.23,17.55,758.56
2014-08-29,46607.35,0.0,446.94,34.99,17.38,749.84
2014-08-30,46460.21,0.0,447.46,35.69,17.87,775.02
2014-08-31,46312.46,0.0,460.29,35.12,16.44,703.6
2014-09-01,46164.14,0.0,472.48,37.1,17.09,734.96
2014-09-02,46015.29,0.0,434.32,35.54,18.22,793.44
2014-09-03,45865.93,0.0,448.15,34.54,16.19,691.69
2014-09-04,45716.09,0.0,451.83,34.78,15.78,672.49
2014-09-05,45565.81,0.0,432.71,33.88,16.08,686.22
2014-09-06,45415.11,0.0,443.02,34.6,15.88,677.09
2014-09-07,45264.02,0.0,448.25,34.87,15.54,661.5
2014-09-08,45112.58,0.0,382.12,30.25,15.41,655.49
2014-09-09,44960.81,0.0,445.51,32.18,13.09,558.47
2014-09-10,44808.74,0.0,458.67,35.6,14.89,632.5
2014-09-11,44656.39,0.0,441.48,37.15,17.36,748.86
2014-09-12,44503.8,0.0,433.46,38.54,18.98,834.38
2014-09-13,44350.98,0.0,408.91,39.12,21.08,959.03
2014-09-14,44197.97,0.0,440.33,39.06,18.45,805.31
2014-09-15,44044.8,0.0,387.87,35.44,18.93,831.82
2014-09-16,43891.48,0.0,413.95,34.41,16.19,691.72
2014-09-17,43738.05,0.0,411.24,34.54,16.34,698.85
2014-09-18,43584.53,0.0,314.39,29.03,16.7,715.82
2014-09-19,43430.95,0.0,345.43,29.51,15.55,661.87
2014-09-20,43277.32,2.15,271.46,31.18,16.13,688.97
2014-09-21,43123.69,0.0,333.87,28.77,15.37,654.08
2014-09-22,42970.06,0.0,381.15,31.42,15.08,640.97
2014-09-23,42816.48,0.0,384.71,32.71,15.93,679.26
2014-09-24,42662.96,3.15,282.11,30.39,14.17,602.22
2014-09-25,42509.52,11.24,147.5,21.25,13.82,864.74
2014-09-26,42356.21,0.0,352.53,25.03,10.67,470.92
2014-09-27,42203.03,3.42,256.32,26.1,12.25,526.53
2014-09-28,42050.02,0.0,273.15,22.66,12.32,529.37
2014-09-29,41897.21,0.0,372.76,27.02,11.22,489.55
2014-09-30,41744.61,0.0,364.49,27.66,12.26,526.86
2014-10-01,41592.26,0.0,371.75,29.43,13.34,568.43
2014-10-02,41440.19,0.0,402.67,32.61,13.48,573.97
2014-10-03,41288.41,0.0,400.26,35.15,15.6,664.35
2014-10-04,41136.97,0.0,390.39,35.32,16.39,701.0
2014-10-05,40985.88,0.0,382.7,34.65,16.23,693.68
2014-10-06,40835.18,0.0,370.74,35.17,17.46,753.67
2014-10-07,40684.9,0.0,366.94,34.85,17.3,745.84
2014-10-08,40535.06,0.0,371.91,34.58,16.31,697.49
2014-10-09,40385.69,0.0,348.92,31.57,15.33,652.26
2014-10-10,40236.83,0.0,347.87,29.79,13.7,582.9
2014-10-11,40088.51,0.0,361.85,31.5,14.01,595.4
2014-10-12,39940.76,0.0,346.67,30.85,14.49,615.37
2014-10-13,39793.61,0.0,378.35,33.9,13.97,593.82
2014-10-14,39647.09,0.0,303.61,27.42,14.0,595.01
2014-10-15,39501.25,0.0,227.27,23.83,14.53,617.15
2014-10-16,39356.1,0.0,305.25,25.31,11.9,513.87
2014-10-17,39211.7,0.0,308.77,24.66,11.01,482.51
2014-10-18,39068.07,0.0,316.73,25.97,11.48,498.68
2014-10-19,38925.25,0.0,343.18,28.33,11.29,492.27
2014-10-20,38783.28,0.3,271.73,23.71,11.82,511.0
2014-10-21,38642.19,0.0,309.03,21.74,7.46,373.52
2014-10-22,38502.03,0.0,314.64,23.73,8.78,411.28
2014-10-23,38362.83,0.0,288.47,24.94,11.64,504.45
2014-10-24,38224.64,0.0,334.69,28.26,10.82,476.15
2014-10-25,38087.5,8.19,119.27,19.37,12.35,1057.8
2014-10-26,37951.44,0.0,248.55,20.24,8.88,614.15
2014-10-27,37816.52,0.0,293.94,21.5,7.14,449.38
2014-10-28,37682.77,0.0,311.41,24.52,8.25,428.77
2014-10-29,37550.23,0.0,307.68,26.69,10.33,483.86
2014-10-30,37418.96,0.0,312.53,28.01,10.78,480.09
2014-10-31,37289.0,18.07,117.02,19.87,12.44,1293.46
2014-11-01,37160.4,0.0,197.12,18.3,8.97,1031.47
2014-11-02,37033.19,0.0,243.88,17.71,5.9,765.64
2014-11-03,36907.44,0.0,277.94,19.16,4.91,657.71
2014-11-04,36783.19,0.0,274.19,20.51,6.35,723.13
2014-11-05,36660.48,0.0,275.12,22.7,8.15,799.29
2014-11-06,36539.37,0.0,290.47,27.0,10.33,859.27
2014-11-07,36419.9,0.0,277.73,24.6,9.28,845.67
2014-11-08,36302.14,0.0,269.54,25.94,10.97,954.95
2014-11-09,36186.12,0.0,265.45,26.35,11.51,997.62
2014-11-10,36071.9,0.0,254.31,24.28,10.48,974.99
2014-11-11,35959.54,0.0,178.15,16.87,8.37,1054.63
2014-11-12,35849.07,6.91,142.09,18.74,9.56,1192.0
2014-11-13,35740.56,0.34,95.78,15.37,11.11,1321.4
2014-11-14,35634.07,0.0,191.14,18.65,9.42,1152.2
2014-11-15,35529.63,0.0,217.91,18.53,7.72,983.8
2014-11-16,35427.3,0.0,211.72,16.09,5.8,889.19
2014-11-17,35327.15,0.0,236.23,18.06,5.96,851.48
2014-11-18,35229.21,0.0,264.07,19.99,5.23,761.64
2014-11-19,35133.54,0.28,175.84,16.86,8.46,1106.12
2014-11-20,35040.19,6.8,102.54,14.32,8.12,1081.2
2014-11-21,34949.23,3.47,135.57,14.83,6.43,962.93
2014-11-22,34860.68,7.15,88.04,13.66,8.52,1110.48
2014-11-23,34774.62,0.0,204.17,14.72,5.18,883.21
2014-11-24,34691.08,0.0,236.92,15.86,3.71,796.52
2014-11-25,34610.12,0.0,243.8,18.69,5.35,893.62
2014-11-26,34531.79,0.0,247.31,21.11,6.93,984.51
2014-11-27,34456.13,0.0,235.42,21.78,8.58,1113.8
2014-11-28,34383.19,5.08,175.75,19.49,6.69,980.2
2014-11-29,34313.02,5.41,121.84,17.33,9.75,1206.8
2014-11-30,34245.66,8.5,69.81,14.23,10.17,1241.31
2014-12-01,34181.16,8.06,158.26,20.81,9.76,1207.91
2014-12-02,34119.56,25.2,100.45,15.99,9.93,1221.92
2014-12-03,34060.89,25.36,93.04,17.56,11.99,1400.71
2014-12-04,34005.21,4.88,120.44,19.42,11.99,1400.87
2014-12-05,33952.54,3.11,113.97,18.42,11.62,1366.95
2014-12-06,33902.93,0.0,175.5,19.75,11.72,1376.59
2014-12-07,33856.4,0.0,195.18,18.68,9.68,1201.56
2014-12-08,33812.99,0.0,217.18,19.37,8.81,1132.78
2014-12-09,33772.73,0.0,195.69,17.62,8.87,1137.11
2014-12-10,33735.65,0.0,217.92,18.35,7.99,1071.63
2014-12-11,33701.78,68.92,147.81,18.23,9.3,1170.57
2014-12-12,33671.14,0.04,134.95,12.58,7.26,1019.41
2014-12-13,33643.75,0.0,202.08,12.6,3.76,799.24
2014-12-14,33619.63,0.0,178.07,11.82,4.42,837.3
2014-12-15,33598.8,7.73,109.54,12.86,7.04,1003.84
2014-12-16,33581.28,11.97,143.37,16.25,7.93,1067.14
2014-12-17,33567.07,4.73,92.91,11.99,7.27,1020.44
2014-12-18,33556.19,0.0,209.43,15.75,6.59,973.64
2014-12-19,33548.66,19.21,114.9,12.21,6.36,958.44
2014-12-20,33544.46,3.06,73.94,13.35,9.72,1204.48
2014-12-21,33543.61,1.05,149.75,16.81,10.97,1309.35
2014-12-22,33546.1,0.0,195.68,16.54,8.3,1094.18
2014-12-23,33551.94,0.0,219.8,17.15,7.17,1012.83
2014-12-24,33561.12,2.37,118.44,12.06,6.16,944.93
2014-12-25,33573.63,0.0,217.16,12.72,3.72,797.13
2014-12-26,33589.47,0.0,238.47,12.62,2.02,706.66
2014-12-27,33608.62,0.0,255.48,13.18,0.52,634.33
2014-12-28,33631.07,0.0,253.81,12.96,0.71,642.94
2014-12-29,33656.79,0.0,222.36,10.5,1.52,681.79
2014-12-30,33685.79,0.0,262.3,13.05,-0.75,578.39
2014-12-31,33718.02,0.0,262.61,13.06,-0.77,577.22
2015-01-01,33753.63,0.0,233.18,9.96,-2.02,526.55
2015-01-02,33792.29,0.0,233.26,10.61,-1.33,554.2
2015-01-03,33834.11,0.0,241.54,12.78,-0.11,605.86
2015-01-04,33879.07,0.0,226.23,12.72,1.35,673.49
2015-01-05,33927.13,0.0,224.31,14.8,3.48,783.51
2015-01-06,33978.27,0.0,241.8,19.65,6.1,941.46
2015-01-07,34032.43,0.0,250.84,20.83,6.06,938.69
2015-01-08,34089.6,0.0,246.96,20.14,6.16,944.81
2015-01-09,34149.72,0.0,178.26,16.01,7.91,1065.74
2015-01-10,34212.77,0.0,187.51,17.61,8.91,1140.82
2015-01-11,34278.69,0.0,212.89,17.07,6.9,994.88
2015-01-12,34347.45,0.0,226.2,17.09,6.04,937.38
2015-01-13,34419.0,0.0,225.51,14.43,3.8,801.51
2015-01-14,34493.29,0.0,243.56,15.65,3.58,789.41
2015-01-15,34570.28,0.0,245.03,17.05,4.81,860.53
2015-01-16,34649.92,0.0,200.16,15.35,6.53,969.73
2015-01-17,34732.16,0.0,159.19,14.21,7.6,1043.55
2015-01-18,34816.96,0.0,202.97,16.72,7.79,1057.2
2015-01-19,34904.26,0.0,183.96,14.89,7.18,1014.1
2015-01-20,34994.01,0.0,166.22,13.22,6.51,968.04
2015-01-21,35086.16,0.0,227.94,13.61,3.73,797.67
2015-01-22,35180.67,0.0,207.87,13.82,5.18,882.8
2015-01-23,35277.47,0.0,234.7,15.6,5.36,894.26
2015-01-24,35376.51,0.0,198.71,15.01,6.93,996.63
2015-01-25,35477.75,0.0,257.04,19.05,7.14,1010.79
2015-01-26,35581.13,0.0,244.25,18.37,7.61,1043.92
2015-01-27,35686.6,0.78,221.96,17.83,8.6,1116.78
2015-01-28,35794.1,0.0,255.97,17.85,6.64,977.17
2015-01-29,35903.58,0.0,273.11,19.16,6.67,978.82
2015-01-30,36014.99,0.0,288.26,19.72,5.98,933.44
2015-01-31,36128.28,0.0,301.02,21.67,6.26,951.99
2015-02-01,36243.4,0.0,282.67,18.78,6.02,936.08
2015-02-02,36360.29,0.0,285.08,20.34,7.34,1024.94
2015-02-03,36478.9,0.0,282.05,21.04,8.34,1097.08
2015-02-04,36599.19,0.0,293.25,21.67,8.04,1075.49
2015-02-05,36721.1,0.0,251.42,19.63,9.51,1187.48
2015-02-06,36844.58,29.53,192.67,21.01,10.65,1281.65
2015-02-07,36969.58,19.7,135.95,19.56,13.09,1505.71
2015-02-08,37096.06,35.1,107.25,17.52,12.69,1466.47
2015-02-09,37223.96,0.0,267.47,19.18,9.1,1154.96
2015-02-10,37353.25,0.0,283.83,15.94,5.39,896.01
2015-02-11,37483.86,0.0,324.63,18.49,4.82,860.83
2015-02-12,37615.76,0.0,317.92,21.52,8.06,1076.94
2015-02-13,37748.91,0.0,333.57,24.74,9.22,1164.52
2015-02-14,37883.24,0.0,318.6,22.7,9.31,1171.71
2015-02-15,38018.74,0.0,319.62,21.89,8.66,1121.76
2015-02-16,38155.34,0.0,312.4,22.21,9.49,1186.04
2015-02-17,38293.01,0.0,266.83,19.43,9.8,1211.21
2015-02-18,38431.7,0.0,287.16,18.15,7.69,1049.55
2015-02-19,38571.38,0.0,246.65,16.42,8.03,1074.41
2015-02-20,38712.0,0.0,223.63,15.6,8.29,1093.42
2015-02-21,38853.53,0.0,212.26,13.39,6.71,981.6
2015-02-22,38995.93,0.0,324.07,18.86,6.89,993.6
2015-02-23,39139.16,0.0,348.78,18.34,4.81,860.59
2015-02-24,39283.18,0.0,366.01,16.68,2.19,715.1
2015-02-25,39427.95,0.0,360.99,17.48,3.42,780.52
2015-02-26,39573.45,0.0,363.77,20.17,5.55,905.78
2015-02-27,39719.63,2.52,221.52,17.1,7.06,1005.82
2015-02-28,39866.46,3.4,169.59,13.45,6.52,968.99
2015-03-01,40013.92,0.0,341.08,16.75,4.93,867.94
2015-03-02,40161.95,11.16,243.23,16.03,5.4,896.7
2015-03-03,40310.55,0.0,375.51,17.12,3.6,790.58
2015-03-04,40459.66,0.0,396.46,18.14,3.01,758.19
2015-03-05,40609.26,0.0,395.59,20.4,5.13,880.04
2015-03-06,40759.33,0.0,385.39,21.1,6.76,984.71
2015-03-07,40909.82,0.0,390.23,22.32,7.47,1034.45
2015-03-08,41060.72,0.0,377.14,23.31,9.32,1172.65
2015-03-09,41211.99,0.0,372.77,22.39,8.82,1133.29
2015-03-10,41363.6,0.84,380.58,24.05,9.58,1193.44
2015-03-11,41515.52,3.36,200.59,19.95,11.5,1356.06
2015-03-12,41667.74,0.0,373.37,22.39,8.96,1144.19
2015-03-13,41820.21,0.0,389.35,24.61,9.94,1222.57
2015-03-14,41972.92,0.0,392.22,28.78,13.11,1507.54
2015-03-15,42125.83,0.0,362.25,25.58,12.69,1466.74
2015-03-16,42278.93,0.0,381.36,24.56,10.9,1303.27
2015-03-17,42432.18,0.0,354.19,22.39,10.64,1281.17
2015-03-18,42585.56,0.0,403.67,22.26,7.94,1067.59
2015-03-19,42739.04,0.0,414.62,24.62,9.15,1159.28
2015-03-20,42892.59,0.0,388.39,23.62,10.02,1229.23
2015-03-21,43046.2,0.0,407.89,23.77,8.96,1144.58
2015-03-22,43199.83,3.29,273.64,21.46,9.27,1168.75
2015-03-23,43353.46,0.0,307.65,19.27,9.69,1201.96
2015-03-24,43507.07,0.0,380.89,19.76,7.21,966.99
2015-03-25,43660.63,0.0,422.43,22.98,8.07,919.42
2015-03-26,43814.11,0.0,456.38,28.01,9.9,963.11
2015-03-27,43967.49,0.0,452.91,28.59,10.78,1018.88
2015-03-28,44120.74,0.0,441.07,27.0,10.5,1017.72
2015-03-29,44273.83,0.0,449.71,27.6,10.37,992.27
2015-03-30,44426.75,0.0,459.08,28.59,10.26,965.34
2015-03-31,44579.46,0.0,402.51,22.58,8.72,970.42
2015-04-01,44731.93,0.0,422.8,20.3,5.6,780.43
2015-04-02,44884.14,0.0,424.38,21.02,6.26,809.0
2015-04-03,45036.07,0.0,475.24,23.79,5.4,702.92
2015-04-04,45187.68,0.0,460.41,22.2,5.25,715.76
2015-04-05,45338.95,2.19,268.13,15.72,4.5,842.02
2015-04-06,45489.85,7.1,314.33,16.45,2.56,733.44
2015-04-07,45640.34,26.04,246.01,15.63,5.74,917.85
2015-04-08,45790.41,0.0,385.32,16.46,4.43,837.64
2015-04-09,45940.01,0.0,460.78,20.3,4.21,764.76
2015-04-10,46089.13,0.0,470.5,23.37,6.15,847.57
2015-04-11,46237.72,0.0,431.23,22.8,7.99,995.94
2015-04-12,46385.76,0.0,451.24,25.32,9.17,1041.21
2015-04-13,46533.21,0.0,463.16,25.92,9.01,1014.05
2015-04-14,46680.05,0.0,377.43,18.62,6.79,982.05
2015-04-15,46826.23,0.0,452.64,22.71,7.04,912.32
2015-04-16,46971.73,0.0,474.18,26.42,8.89,988.18
2015-04-17,47116.51,0.0,479.15,27.22,9.2,997.96
2015-04-18,47260.53,0.0,497.62,29.12,9.41,981.06
2015-04-19,47403.76,0.0,456.51,29.23,12.28,1231.43
2015-04-20,47546.16,0.0,444.45,26.34,10.58,1131.07
2015-04-21,47687.69,0.0,390.83,21.33,8.63,1073.57
2015-04-22,47828.31,0.0,434.36,22.9,8.05,982.87
2015-04-23,47968.0,0.0,439.01,25.03,9.7,1077.12
2015-04-24,48106.69,30.55,257.95,21.26,10.36,1257.28
2015-04-25,48244.36,0.0,374.27,21.17,9.31,1171.88
2015-04-26,48380.97,0.0,497.36,25.6,7.08,924.42
2015-04-27,48516.46,0.0,478.3,28.58,10.84,1186.56
2015-04-28,48650.8,0.0,459.23,29.16,12.51,1336.37
2015-04-29,48783.95,0.0,455.13,27.88,11.79,1286.15
2015-04-30,48915.85,0.0,483.35,31.62,13.1,1342.25
2015-05-01,49046.47,0.0,476.18,32.63,14.3,1450.86
2015-05-02,49175.75,0.0,455.61,29.96,13.39,1408.3
2015-05-03,49303.66,0.0,454.81,27.35,11.37,1249.74
2015-05-04,49430.14,0.0,447.41,25.74,10.46,1192.57
2015-05-05,49555.15,0.0,442.35,24.8,9.83,1153.19
2015-05-06,49678.63,2.69,339.21,24.08,8.59,1116.2
2015-05-07,49800.54,6.5,205.54,16.97,8.94,1143.19
2015-05-08,49920.83,0.0,446.58,21.25,6.61,898.44
2015-05-09,50039.45,0.0,488.92,25.46,8.3,877.92
2015-05-10,50156.35,0.0,496.24,27.56,10.14,788.42
2015-05-11,50271.47,0.0,464.36,24.9,9.48,811.79
2015-05-12,50384.76,0.0,409.88,20.48,7.86,821.58
2015-05-13,50496.18,0.0,452.2,21.62,7.25,733.44
2015-05-14,50605.67,16.97,339.12,21.49,6.85,842.35
2015-05-15,50713.17,0.0,429.55,22.28,8.74,910.42
2015-05-16,50818.64,0.0,482.19,24.49,8.38,815.8
2015-05-17,50922.03,0.0,433.79,23.03,9.43,940.39
2015-05-18,51023.27,0.0,450.36,23.54,9.35,911.05
2015-05-19,51122.32,0.0,487.3,24.64,8.62,819.14
2015-05-20,51219.12,0.0,488.79,24.82,8.72,820.66
2015-05-21,51313.63,0.0,396.55,21.24,9.44,995.18
2015-05-22,51405.79,0.0,404.15,23.99,11.77,1124.22
2015-05-23,51495.55,3.9,317.93,25.1,11.85,1256.28
2015-05-24,51582.85,0.0,510.07,28.78,10.98,912.22
2015-05-25,51667.65,0.0,485.55,27.56,11.22,965.37
2015-05-26,51749.9,0.0,488.46,27.53,11.12,954.46
2015-05-27,51829.55,0.0,511.79,29.19,11.22,918.18
2015-05-28,51906.55,0.0,490.43,29.41,12.66,1035.5
2015-05-29,51980.84,0.0,536.03,32.81,12.46,918.7
2015-05-30,52052.4,0.0,529.89,33.63,13.64,970.23
2015-05-31,52121.16,0.0,494.22,28.48,11.65,935.4
2015-06-01,52187.09,0.0,509.53,27.77,10.31,777.54
2015-06-02,52250.14,0.0,510.77,29.06,11.32,818.45
2015-06-03,52310.27,0.0,491.26,28.83,12.2,895.71
2015-06-04,52367.45,0.0,505.66,29.31,11.76,845.66
2015-06-05,52421.62,0.0,502.52,31.86,14.08,965.07
2015-06-06,52472.76,0.0,496.77,31.88,14.17,979.71
2015-06-07,52520.83,0.0,521.98,35.72,15.62,997.02
2015-06-08,52565.79,0.0,516.6,40.37,19.45,1239.04
2015-06-09,52607.62,0.0,451.26,37.65,21.1,1558.86
2015-06-10,52646.29,0.0,194.65,24.83,18.78,2166.9
2015-06-11,52681.76,0.0,494.13,35.05,16.98,1102.42
2015-06-12,52714.01,0.0,526.87,39.06,17.86,1062.99
2015-06-13,52743.03,0.0,525.34,38.54,17.41,1039.98
2015-06-14,52768.78,0.0,488.09,34.11,16.09,1059.95
2015-06-15,52791.24,0.0,500.67,33.35,14.66,951.38
2015-06-16,52810.42,0.0,532.7,35.9,14.41,863.71
2015-06-17,52826.27,0.0,513.91,37.55,16.91,1035.39
2015-06-18,52838.81,0.0,493.03,34.74,15.86,1029.08
2015-06-19,52848.01,0.0,521.57,35.85,14.81,904.23
2015-06-20,52853.87,0.0,506.34,37.33,16.83,1046.25
2015-06-21,52856.39,0.0,497.15,33.96,14.54,915.09
2015-06-22,52855.56,0.0,494.29,33.3,14.01,894.35
2015-06-23,52851.38,0.0,504.56,35.51,15.17,927.67
2015-06-24,52843.87,0.0,500.85,36.98,16.53,1006.8
2015-06-25,52833.01,0.0,504.76,40.16,18.68,1118.12
2015-06-26,52818.83,0.0,482.09,40.45,20.26,1289.11
2015-06-27,52801.33,0.0,462.36,37.0,18.55,1233.27
2015-06-28,52780.52,0.0,454.83,35.78,17.98,1217.7
2015-06-29,52756.42,0.0,507.52,38.55,17.16,1023.56
2015-06-30,52729.05,0.0,488.8,43.01,21.66,1366.92
2015-07-01,52698.43,0.0,415.44,40.41,23.49,1794.88
2015-07-02,52664.58,0.53,348.26,36.51,23.1,2032.91
2015-07-03,52627.52,0.0,451.55,37.45,19.43,1336.33
2015-07-04,52587.29,0.0,452.86,38.66,20.33,1399.16
2015-07-05,52543.9,0.0,417.33,32.72,17.1,1250.29
2015-07-06,52497.39,0.0,460.9,33.58,15.9,988.6
2015-07-07,52447.79,0.0,448.55,32.09,15.85,688.26
2015-07-08,52395.15,0.0,447.77,30.55,14.55,648.9
2015-07-09,52339.48,0.0,389.93,27.0,13.74,762.83
2015-07-10,52280.84,0.0,392.57,28.22,14.64,791.08
2015-07-11,52219.25,0.0,473.73,31.48,14.02,595.83
2015-07-12,52154.77,0.0,465.84,31.36,14.39,611.35
2015-07-13,52087.43,0.0,502.58,34.14,14.88,632.08
2015-07-14,52017.28,0.0,458.83,32.55,15.86,676.42
2015-07-15,51944.36,0.0,498.85,34.76,15.65,666.55
2015-07-16,51868.72,0.0,500.88,36.44,17.03,732.24
2015-07-17,51790.4,0.0,503.35,37.62,17.88,775.19
2015-07-18,51709.46,0.0,491.47,35.53,16.81,721.19
2015-07-19,51625.94,0.0,494.58,35.17,16.34,698.7
2015-07-20,51539.89,0.0,457.95,36.36,19.41,858.54
2015-07-21,51451.36,0.0,428.16,35.82,20.34,954.44
2015-07-22,51360.41,0.0,448.44,32.36,16.37,729.64
2015-07-23,51267.08,0.0,459.72,31.08,14.74,647.92
2015-07-24,51171.43,0.0,491.39,33.0,14.91,633.63
2015-07-25,51073.5,0.0,485.97,33.21,15.48,659.09
2015-07-26,50973.36,0.0,511.63,35.19,15.55,661.89
2015-07-27,50871.05,0.0,513.9,35.51,15.59,663.72
2015-07-28,50766.63,0.0,534.69,39.06,16.7,715.75
2015-07-29,50660.14,0.0,510.31,41.59,20.74,937.96
2015-07-30,50551.65,0.0,490.4,39.99,20.86,945.06
2015-07-31,50441.2,0.0,456.07,36.61,19.96,890.84
2015-08-01,50328.84,0.0,402.7,33.3,19.51,864.48
2015-08-02,50214.64,0.0,461.43,34.52,17.77,769.48
2015-08-03,50098.63,0.0,465.19,32.5,15.75,671.15
2015-08-04,49980.87,0.0,396.38,27.04,13.98,594.27
2015-08-05,49861.42,0.0,522.99,33.89,13.03,556.34
2015-08-06,49740.32,0.0,446.62,31.7,15.9,677.89
2015-08-07,49617.62,0.0,452.93,33.67,17.31,746.08
2015-08-08,49493.38,0.0,459.81,32.27,15.55,661.88
2015-08-09,49367.64,0.0,482.2,34.79,16.3,696.6
2015-08-10,49240.44,0.0,429.08,31.51,16.3,696.8
2015-08-11,49111.85,0.0,477.34,32.46,14.44,613.35
2015-08-12,48981.89,0.0,485.46,33.11,14.44,613.41
2015-08-13,48850.63,0.0,467.15,33.31,15.71,669.25
2015-08-14,48718.11,0.0,475.6,32.99,14.84,630.63
2015-08-15,48584.37,0.0,503.42,37.33,16.54,708.28
2015-08-16,48449.45,0.0,498.88,40.59,19.46,861.88
2015-08-17,48313.4,0.0,486.39,41.19,20.79,940.81
2015-08-18,48176.26,0.0,451.25,36.06,18.72,820.23
2015-08-19,48038.08,0.0,444.79,34.39,17.53,757.5
2015-08-20,47898.89,0.0,448.4,33.02,16.01,683.12
2015-08-21,47758.73,0.0,426.3,32.02,16.23,693.63
2015-08-22,47617.65,0.0,453.39,33.46,15.94,679.7
2015-08-23,47475.69,0.0,442.86,33.4,16.44,703.43
2015-08-24,47332.87,0.0,458.63,34.81,16.65,713.33
2015-08-25,47189.25,0.0,475.01,36.51,16.89,725.19
2015-08-26,47044.85,0.0,471.7,37.56,17.94,778.32
2015-08-27,46899.71,0.0,451.18,38.53,20.17,903.13
2015-08-28,46753.86,0.0,451.76,39.27,20.71,935.96
2015-08-29,46607.35,0.0,390.91,31.0,16.78,719.96
2015-08-30,46460.21,0.0,460.19,31.91,13.57,577.6
2015-08-31,46312.46,0.0,458.42,33.36,14.76,627.06
2015-09-01,46164.14,0.0,437.76,33.7,16.29,696.14
2015-09-02,46015.29,0.0,407.54,30.87,15.39,654.98
2015-09-03,45865.93,0.0,401.43,28.77,13.64,580.15
2015-09-04,45716.09,0.0,417.33,28.07,12.15,522.79
2015-09-05,45565.81,0.0,443.98,28.41,10.66,470.71
2015-09-06,45415.11,0.0,471.45,32.33,11.91,513.99
2015-09-07,45264.02,0.0,469.51,35.08,14.16,601.46
2015-09-08,45112.58,0.0,462.88,37.77,16.79,720.33
2015-09-09,44960.81,0.0,456.98,40.69,19.35,855.45
2015-09-10,44808.74,0.0,423.02,39.55,20.89,947.02
2015-09-11,44656.39,0.0,393.5,39.29,22.48,1050.57
2015-09-12,44503.8,0.0,272.71,31.01,20.84,943.6
2015-09-13,44350.98,0.0,321.94,33.09,20.7,934.9
2015-09-14,44197.97,0.0,295.5,29.05,18.16,790.21
2015-09-15,44044.8,0.0,313.35,26.13,14.74,626.1
2015-09-16,43891.48,0.0,375.61,25.17,10.93,479.63
2015-09-17,43738.05,0.0,371.38,25.93,11.83,511.23
2015-09-18,43584.53,0.0,428.1,29.99,11.89,513.57
2015-09-19,43430.95,0.0,445.96,34.32,13.92,591.61
2015-09-20,43277.32,0.0,452.03,38.24,16.11,688.0
2015-09-21,43123.69,0.0,432.0,38.38,17.89,776.04
2015-09-22,42970.06,0.0,380.22,32.75,16.7,716.05
2015-09-23,42816.48,0.0,412.04,32.21,13.83,588.21
2015-09-24,42662.96,0.0,398.57,34.78,16.98,729.55
2015-09-25,42509.52,0.0,412.74,36.0,16.73,717.6
2015-09-26,42356.21,0.0,379.45,34.76,18.0,781.41
2015-09-27,42203.03,0.0,363.91,33.14,17.48,754.87
2015-09-28,42050.02,0.0,373.08,33.18,16.7,716.23
2015-09-29,41897.21,0.0,294.97,26.41,14.78,628.15
2015-09-30,41744.61,1.81,290.71,26.41,15.02,638.42
2015-10-01,41592.26,4.92,164.77,23.7,15.34,841.21
2015-10-02,41440.19,0.0,368.11,29.6,13.65,580.57
2015-10-03,41288.41,0.0,360.65,28.71,13.15,560.86
2015-10-04,41136.97,0.0,350.61,26.02,11.14,487.04
2015-10-05,40985.88,0.0,356.36,26.61,11.23,489.93
2015-10-06,40835.18,0.0,342.14,27.68,13.1,559.0
2015-10-07,40684.9,0.0,363.63,29.28,13.07,557.72
2015-10-08,40535.06,0.0,355.76,31.75,15.81,673.68
2015-10-09,40385.69,0.0,348.94,33.27,17.61,761.59
2015-10-10,40236.83,0.0,368.28,32.95,15.65,666.55
2015-10-11,40088.51,0.0,355.55,31.95,15.59,663.85
2015-10-12,39940.76,0.0,374.48,34.96,16.01,683.16
2015-10-13,39793.61,0.0,359.49,35.71,17.64,763.11
2015-10-14,39647.09,0.0,337.05,34.06,17.68,764.97
2015-10-15,39501.25,0.0,307.43,32.14,17.79,770.62
2015-10-16,39356.1,17.8,219.55,31.29,17.78,770.12
2015-10-17,39211.7,15.92,125.52,21.78,14.51,1272.81
2015-10-18,39068.07,0.0,205.12,21.75,12.81,1151.36
2015-10-19,38925.25,0.0,275.76,24.18,11.7,858.35
2015-10-20,38783.28,0.0,339.24,28.94,11.68,671.69
2015-10-21,38642.19,0.0,324.54,26.96,10.98,690.45
2015-10-22,38502.03,0.0,303.41,27.82,13.11,840.62
2015-10-23,38362.83,0.0,317.83,27.69,11.79,742.2
2015-10-24,38224.64,0.0,310.15,28.43,12.87,811.28
2015-10-25,38087.5,0.0,296.28,27.79,13.22,874.54
2015-10-26,37951.44,0.0,326.47,28.33,11.02,689.82
2015-10-27,37816.52,1.34,226.12,23.94,13.58,1143.34
2015-10-28,37682.77,0.0,206.71,22.21,12.93,1196.5
2015-10-29,37550.23,0.0,296.93,24.73,9.78,750.11
2015-10-30,37418.96,0.0,296.01,27.01,11.55,827.21
2015-10-31,37289.0,0.0,277.95,26.82,12.37,922.56
2015-11-01,37160.4,16.18,142.39,21.86,12.78,1409.65
2015-11-02,37033.19,13.56,52.95,13.9,11.08,1319.31
2015-11-03,36907.44,0.0,200.49,17.17,8.02,1073.36
2015-11-04,36783.19,0.0,268.29,18.31,4.93,830.87
2015-11-05,36660.48,0.0,281.06,18.58,4.0,765.69
2015-11-06,36539.37,0.0,275.16,18.65,4.37,792.23
2015-11-07,36419.9,0.0,280.49,20.27,5.16,822.98
2015-11-08,36302.14,5.35,179.46,17.25,5.46,900.23
2015-11-09,36186.12,16.84,95.66,13.04,7.49,1035.87
2015-11-10,36071.9,0.0,227.49,16.33,5.54,905.1
2015-11-11,35959.54,0.0,271.78,15.67,1.71,690.95
2015-11-12,35849.07,0.0,272.18,16.99,2.77,745.14
2015-11-13,35740.56,0.0,263.16,18.26,4.54,844.58
2015-11-14,35634.07,0.0,278.52,20.79,4.89,865.04
2015-11-15,35529.63,8.37,135.74,13.77,5.58,908.1
2015-11-16,35427.3,0.0,211.92,13.72,3.68,795.01
2015-11-17,35327.15,0.0,223.68,13.54,2.62,737.5
2015-11-18,35229.21,0.0,251.69,17.38,3.8,801.79
2015-11-19,35133.54,0.0,250.7,19.46,5.63,910.96
2015-11-20,35040.19,0.0,236.82,19.99,7.24,1017.98
2015-11-21,34949.23,0.0,244.72,21.37,7.58,1041.96
2015-11-22,34860.68,0.0,259.95,22.09,6.4,960.74
2015-11-23,34774.62,0.0,241.03,20.37,6.81,988.5
2015-11-24,34691.08,5.18,131.25,12.55,4.31,830.68
2015-11-25,34610.12,0.0,194.58,11.47,2.27,718.94
2015-11-26,34531.79,0.0,213.12,11.21,0.78,646.1
2015-11-27,34456.13,0.0,235.3,13.53,1.04,658.28
2015-11-28,34383.19,0.0,261.6,14.56,-1.01,567.41
2015-11-29,34313.02,0.0,250.06,14.15,-0.1,606.4
2015-11-30,34245.66,0.0,215.2,12.25,1.25,668.57
2015-12-01,34181.16,0.0,239.95,15.42,1.76,693.19
2015-12-02,34119.56,0.0,199.63,15.7,5.08,877.1
2015-12-03,34060.89,12.28,182.44,19.7,4.3,830.57
2015-12-04,34005.21,0.0,201.95,16.07,5.02,873.01
2015-12-05,33952.54,0.0,191.56,13.61,3.53,786.52
2015-12-06,33902.93,0.0,217.83,19.65,6.89,993.88
2015-12-07,33856.4,0.0,160.33,17.94,9.61,1195.37
2015-12-08,33812.99,0.0,139.17,14.9,8.02,1073.42
2015-12-09,33772.73,4.43,130.45,17.5,8.31,1095.17
2015-12-10,33735.65,10.21,99.67,15.61,8.97,1145.41
2015-12-11,33701.78,0.0,152.35,12.84,5.39,896.26
2015-12-12,33671.14,6.56,142.76,12.43,2.77,745.1
2015-12-13,33643.75,7.81,143.51,11.96,2.34,722.57
2015-12-14,33619.63,0.0,217.71,11.95,0.43,629.95
2015-12-15,33598.8,0.0,227.46,11.91,-0.67,581.46
2015-12-16,33581.28,0.0,227.12,11.3,-1.3,555.39
2015-12-17,33567.07,0.0,212.15,13.47,1.97,704.05
2015-12-18,33556.19,10.43,162.19,14.13,2.23,717.34
2015-12-19,33548.66,0.0,193.62,12.14,2.3,720.51
2015-12-20,33544.46,13.7,129.38,10.6,2.29,720.3
2015-12-21,33543.61,60.62,77.11,11.05,6.46,965.01
2015-12-22,33546.1,0.0,120.33,14.83,9.41,1179.38
2015-12-23,33551.94,1.01,199.46,13.09,3.47,783.27
2015-12-24,33561.12,11.56,145.25,10.35,1.28,669.84
2015-12-25,33573.63,0.0,208.49,10.2,0.14,616.94
2015-12-26,33589.47,0.0,217.37,10.26,-0.46,590.76
2015-12-27,33608.62,1.13,196.66,7.75,-1.24,557.77
2015-12-28,33631.07,0.0,172.39,8.0,0.6,638.09
2015-12-29,33656.79,0.0,230.65,9.63,-1.6,543.27
2015-12-30,33685.79,0.0,230.2,10.8,-0.44,591.5
2015-12-31,33718.02,0.0,236.65,10.77,-0.95,569.76
2016-01-01,33753.63,0.0,234.74,9.16,-0.77,577.22
2016-01-02,33792.29,0.0,236.41,11.96,1.75,692.7
2016-01-03,33834.11,0.0,254.58,15.03,2.62,737.42
2016-01-04,33879.07,16.7,169.89,14.14,4.6,847.83
2016-01-05,33927.13,19.32,96.64,12.69,8.11,1080.51
2016-01-06,33978.27,9.01,72.94,9.83,6.54,969.91
2016-01-07,34032.43,0.0,183.04,10.79,4.12,819.66
2016-01-08,34089.6,0.0,238.89,11.37,1.48,679.85
2016-01-09,34149.72,0.56,179.07,11.82,5.36,894.27
2016-01-10,34212.77,0.0,208.45,14.03,6.05,938.07
2016-01-11,34278.69,0.0,234.63,15.1,5.49,902.01
2016-01-12,34347.45,3.58,190.6,15.74,4.52,843.35
2016-01-13,34419.0,0.48,245.75,16.43,6.02,935.97
2016-01-14,34493.29,11.81,153.8,11.01,3.65,793.13
2016-01-15,34570.28,5.53,168.47,13.61,5.11,878.78
2016-01-16,34649.92,2.17,163.85,14.6,6.47,965.58
2016-01-17,34732.16,28.43,147.53,14.44,7.47,1033.91
2016-01-18,34816.96,9.21,170.31,16.38,7.79,1057.07
2016-01-19,34904.26,10.12,95.86,13.87,9.69,1202.18
2016-01-20,34994.01,0.0,243.85,18.34,8.73,1126.77
2016-01-21,35086.16,12.18,197.18,18.62,7.64,1046.24
2016-01-22,35180.67,21.65,139.25,16.42,10.11,1236.22
2016-01-23,35277.47,2.82,106.88,13.41,8.88,1138.58
2016-01-24,35376.51,0.0,199.46,13.43,6.86,992.07
2016-01-25,35477.75,0.0,259.83,14.43,4.85,863.08
2016-01-26,35581.13,0.0,289.97,15.46,3.5,784.61
2016-01-27,35686.6,0.0,293.43,18.06,5.54,905.68
2016-01-28,35794.1,1.08,260.73,14.29,5.07,876.05
2016-01-29,35903.58,26.11,161.81,15.73,8.7,1124.63
2016-01-30,36014.99,1.52,161.59,13.69,8.82,1133.58
2016-01-31,36128.28,0.0,158.84,11.31,6.73,982.91
2016-02-01,36243.4,0.0,289.37,11.92,1.86,698.23
2016-02-02,36360.29,0.0,254.23,9.67,1.93,702.09
2016-02-03,36478.9,0.0,317.06,12.95,0.97,655.34
2016-02-04,36599.19,0.0,310.79,14.57,3.0,757.43
2016-02-05,36721.1,0.0,329.42,17.42,3.25,771.23
2016-02-06,36844.58,0.0,330.54,19.1,4.52,842.95
2016-02-07,36969.58,0.0,321.87,19.26,5.94,930.67
2016-02-08,37096.06,0.0,331.37,22.19,7.07,1006.38
2016-02-09,37223.96,0.0,327.02,23.83,9.0,1147.34
2016-02-10,37353.25,0.0,315.84,21.98,8.95,1143.81
2016-02-11,37483.86,0.0,324.08,23.05,9.21,1163.48
2016-02-12,37615.76,0.0,324.09,22.31,8.8,1132.34
2016-02-13,37748.91,0.0,318.59,21.27,8.53,1111.94
2016-02-14,37883.24,0.0,336.1,22.82,8.25,1090.75
2016-02-15,38018.74,0.0,319.31,21.61,8.88,1138.43
2016-02-16,38155.34,0.0,339.1,24.56,9.48,1184.85
2016-02-17,38293.01,18.0,251.37,22.16,8.09,1078.96
2016-02-18,38431.7,0.0,264.74,14.79,5.79,921.37
2016-02-19,38571.38,0.0,347.3,19.06,4.72,855.04
2016-02-20,38712.0,0.0,322.19,17.83,5.69,915.01
2016-02-21,38853.53,0.0,348.46,19.12,4.9,866.16
2016-02-22,38995.93,0.0,354.98,20.08,5.06,875.89
2016-02-23,39139.16,0.0,350.83,19.82,5.2,883.99
2016-02-24,39283.18,0.0,342.22,20.77,6.76,985.35
2016-02-25,39427.95,0.0,338.67,22.52,8.64,1119.71
2016-02-26,39573.45,0.0,327.17,21.95,9.07,1153.23
2016-02-27,39719.63,0.0,283.24,18.79,8.69,1123.74
2016-02-28,39866.46,0.0,305.49,19.0,7.84,1060.28
2016-02-29,40013.92,0.0,356.36,22.89,8.05,1075.75
2016-03-01,40161.95,0.0,336.82,22.77,9.19,1162.64
2016-03-02,40310.55,0.0,350.96,23.26,8.75,1128.33
2016-03-03,40459.66,4.59,180.44,20.03,11.47,1353.26
2016-03-04,40609.26,26.36,177.28,20.98,12.64,1462.33
2016-03-05,40759.33,37.4,135.81,17.35,11.4,1347.47
2016-03-06,40909.82,26.47,154.27,14.45,7.96,1069.3
2016-03-07,41060.72,0.0,194.3,11.08,5.28,888.84
2016-03-08,41211.99,0.0,325.4,13.73,3.21,768.85
2016-03-09,41363.6,0.0,370.63,19.09,6.01,935.53
2016-03-10,41515.52,3.69,178.57,18.33,11.13,1323.37
2016-03-11,41667.74,27.58,99.33,14.24,10.62,1279.48
2016-03-12,41820.21,22.81,198.13,15.34,7.87,1062.53
2016-03-13,41972.92,46.52,117.27,13.8,9.73,1205.22
2016-03-14,42125.83,0.0,316.51,16.07,7.21,1015.99
2016-03-15,42278.93,0.0,405.23,18.16,5.28,889.23
2016-03-16,42432.18,0.0,432.43,20.76,5.72,917.02
2016-03-17,42585.56,0.0,427.53,23.15,8.24,1089.91
2016-03-18,42739.04,0.0,406.39,23.11,9.86,1216.19
2016-03-19,42892.59,0.0,405.39,22.05,9.05,1151.39
2016-03-20,43046.2,3.72,297.88,21.58,9.29,1170.04
2016-03-21,43199.83,9.58,250.17,18.22,9.13,1157.26
2016-03-22,43353.46,0.0,344.78,16.66,7.5,1036.36
2016-03-23,43507.07,0.0,442.4,18.8,5.02,872.88
2016-03-24,43660.63,0.0,445.41,20.51,6.46,964.82
2016-03-25,43814.11,0.0,403.73,18.83,7.5,1036.5
2016-03-26,43967.49,0.0,432.63,21.18,8.23,1089.39
2016-03-27,44120.74,0.0,435.51,20.88,7.94,1067.58
2016-03-28,44273.83,0.0,336.4,14.66,6.45,963.93
2016-03-29,44426.75,0.0,464.33,17.29,3.36,777.18
2016-03-30,44579.46,0.0,484.24,19.88,4.16,821.89
2016-03-31,44731.93,0.0,472.83,21.3,6.34,957.13
2016-04-01,44884.14,0.0,471.08,21.93,7.16,1012.8
2016-04-02,45036.07,0.0,476.0,24.29,8.53,1111.78
2016-04-03,45187.68,0.0,441.67,24.68,11.13,1323.78
2016-04-04,45338.95,0.0,473.61,24.39,8.65,1120.97
2016-04-05,45489.85,0.0,453.61,24.98,10.37,1257.98
2016-04-06,45640.34,0.0,478.85,29.54,11.64,1369.31
2016-04-07,45790.41,0.0,377.36,23.3,12.41,1440.0
2016-04-08,45940.01,13.3,285.82,23.03,12.11,1412.4
2016-04-09,46089.13,17.7,70.26,15.24,13.28,1524.14
2016-04-10,46237.72,0.0,171.98,16.93,12.75,1472.29
2016-04-11,46385.76,0.0,344.42,19.38,10.33,1255.13
2016-04-12,46533.21,0.0,349.93,19.97,10.62,1279.26
2016-04-13,46680.05,4.8,302.27,20.54,9.24,1166.31
2016-04-14,46826.23,0.0,382.11,18.18,7.99,1071.42
2016-04-15,46971.73,0.0,490.94,21.73,6.11,941.76
2016-04-16,47116.51,0.0,492.54,24.81,8.51,1109.76
2016-04-17,47260.53,0.0,507.7,28.5,9.97,1224.91
2016-04-18,47403.76,0.0,482.92,29.44,12.6,1458.18
2016-04-19,47546.16,0.0,466.63,29.07,13.4,1536.82
2016-04-20,47687.69,0.0,457.59,25.46,10.98,1310.58
2016-04-21,47828.31,0.0,437.93,23.4,10.17,1241.2
2016-04-22,47968.0,25.37,148.66,15.61,10.75,1290.13
2016-04-23,48106.69,0.0,445.07,20.67,7.85,1061.32
2016-04-24,48244.36,0.0,460.0,21.88,8.21,1087.82
2016-04-25,48380.97,0.0,471.95,18.67,4.84,862.03
2016-04-26,48516.46,0.0,476.36,20.27,6.05,937.76
2016-04-27,48650.8,2.44,336.87,19.73,6.75,984.51
2016-04-28,48783.95,0.0,519.2,24.41,6.63,976.59
2016-04-29,48915.85,0.0,484.29,24.24,8.9,1139.66
2016-04-30,49046.47,0.0,504.7,26.94,9.74,1206.16
2016-05-01,49175.75,0.0,509.81,28.14,10.26,1248.86
2016-05-02,49303.66,0.0,498.89,28.55,11.35,1342.68
2016-05-03,49430.14,0.0,471.77,27.78,12.41,1440.28
2016-05-04,49555.15,0.0,375.38,24.76,14.13,1611.59
2016-05-05,49678.63,1.77,164.24,15.6,11.7,1374.59
2016-05-06,49800.54,2.17,176.51,17.52,11.89,1391.98
2016-05-07,49920.83,0.63,239.95,18.11,12.43,1441.99
2016-05-08,50039.45,0.0,401.11,22.66,12.14,1414.44
2016-05-09,50156.35,0.0,477.02,25.76,11.36,1343.4
2016-05-10,50271.47,0.0,500.03,28.51,11.86,1388.8
2016-05-11,50384.76,0.0,508.12,30.3,12.4,1439.03
2016-05-12,50496.18,0.0,510.99,32.72,13.61,1557.44
2016-05-13,50605.67,0.0,449.91,25.86,11.92,1394.03
2016-05-14,50713.17,0.0,494.34,24.98,8.76,1129.03
2016-05-15,50818.64,0.0,530.81,27.41,8.09,1079.11
2016-05-16,50922.03,0.0,498.89,28.26,11.02,1314.1
2016-05-17,51023.27,0.0,484.07,32.25,14.97,1701.3
2016-05-18,51122.32,0.0,504.37,34.01,14.77,1679.75
2016-05-19,51219.12,0.0,476.12,29.71,13.51,1547.83
2016-05-20,51313.63,0.0,317.75,19.22,10.66,1282.52
2016-05-21,51405.79,3.05,308.99,19.8,8.14,1082.66
2016-05-22,51495.55,0.0,496.27,22.24,6.28,952.77
2016-05-23,51582.85,0.0,501.46,23.84,7.23,1017.03
2016-05-24,51667.65,0.0,471.67,24.49,9.37,1176.32
2016-05-25,51749.9,0.0,491.71,26.2,9.65,1198.99
2016-05-26,51829.55,0.0,508.96,28.95,10.64,1280.96
2016-05-27,51906.55,0.0,512.25,30.15,11.15,1324.83
2016-05-28,51980.84,0.0,491.69,31.93,13.82,1579.58
2016-05-29,52052.4,0.0,512.69,33.59,13.41,1537.87
2016-05-30,52121.16,0.0,492.55,34.91,15.69,1781.87
2016-05-31,52187.09,0.0,494.71,37.66,17.25,1967.48
2016-06-01,52250.14,0.0,492.93,37.79,17.39,1984.8
2016-06-02,52310.27,0.0,509.91,37.45,15.83,1775.5
2016-06-03,52367.45,0.0,489.71,38.63,17.99,1985.26
2016-06-04,52421.62,0.0,437.32,36.11,19.22,2119.63
2016-06-05,52472.76,0.0,489.44,37.59,17.3,1693.01
2016-06-06,52520.83,0.0,451.6,36.98,18.79,1927.46
2016-06-07,52565.79,0.0,461.46,34.84,16.48,1666.44
2016-06-08,52607.62,0.0,508.13,34.61,13.27,1301.34
2016-06-09,52646.29,0.0,470.14,31.53,13.24,1349.84
2016-06-10,52681.76,0.0,464.6,30.27,12.72,1221.79
2016-06-11,52714.01,0.0,476.86,30.53,12.53,1084.78
2016-06-12,52743.03,0.0,474.19,31.89,14.47,860.6
2016-06-13,52768.78,0.0,429.09,29.45,14.45,965.71
2016-06-14,52791.24,0.0,428.98,26.47,11.82,839.1
2016-06-15,52810.42,0.0,420.27,23.03,9.07,738.5
2016-06-16,52826.27,0.0,501.84,26.75,8.53,582.57
2016-06-17,52838.81,0.0,490.85,28.31,10.61,670.76
2016-06-18,52848.01,0.0,417.97,29.1,14.81,1012.59
2016-06-19,52853.87,0.0,524.18,34.52,13.86,684.02
2016-06-20,52856.39,0.0,527.58,37.45,16.22,692.87
2016-06-21,52855.56,0.0,528.3,38.47,16.89,725.28
2016-06-22,52851.38,0.0,504.86,36.44,16.65,713.73
2016-06-23,52843.87,0.0,500.01,34.13,14.82,660.64
2016-06-24,52833.01,0.0,503.04,33.91,14.37,638.48
2016-06-25,52818.83,0.0,529.47,37.66,15.76,671.4
2016-06-26,52801.33,0.0,517.52,39.46,18.06,784.77
2016-06-27,52780.52,0.0,504.8,40.86,19.99,892.7
2016-06-28,52756.42,0.0,493.84,40.77,20.59,928.66
2016-06-29,52729.05,0.0,491.8,39.04,19.25,851.74
2016-06-30,52698.43,0.0,530.26,40.0,17.43,752.12
2016-07-01,52664.58,0.0,490.26,38.93,19.21,855.23
2016-07-02,52627.52,0.0,478.68,37.03,18.29,849.9
2016-07-03,52587.29,0.0,473.15,35.78,17.54,834.33
2016-07-04,52543.9,0.0,487.65,34.63,15.69,723.04
2016-07-05,52497.39,0.0,470.11,32.7,14.98,740.0
2016-07-06,52447.79,0.0,462.38,31.76,14.53,742.32
2016-07-07,52395.15,0.0,478.13,32.44,14.31,698.4
2016-07-08,52339.48,0.0,491.27,32.8,14.25,605.28
2016-07-09,52280.84,0.0,454.6,30.59,14.31,607.87
2016-07-10,52219.25,0.0,498.35,30.21,11.45,497.79
2016-07-11,52154.77,0.0,501.67,33.22,13.92,591.63
2016-07-12,52087.43,0.0,519.72,35.64,14.67,623.1
2016-07-13,52017.28,0.0,527.46,38.95,16.67,714.47
2016-07-14,51944.36,0.0,517.23,39.49,17.75,768.81
2016-07-15,51868.72,0.0,499.2,38.0,17.67,764.28
2016-07-16,51790.4,0.0,462.99,35.02,17.29,744.93
2016-07-17,51709.46,0.0,467.37,33.34,15.5,659.83
2016-07-18,51625.94,0.0,463.54,31.7,14.14,601.01
2016-07-19,51539.89,0.0,479.64,32.56,14.02,595.84
2016-07-20,51451.36,0.0,510.21,36.05,15.05,639.72
2016-07-21,51360.41,0.0,473.95,34.11,15.77,672.29
2016-07-22,51267.08,0.0,508.9,36.32,15.37,653.76
2016-07-23,51171.43,0.0,517.03,39.55,17.39,750.31
2016-07-24,51073.5,0.0,501.35,40.46,19.28,851.14
2016-07-25,50973.36,0.0,494.33,39.61,19.06,839.05
2016-07-26,50871.05,0.0,505.0,41.41,19.73,877.09
2016-07-27,50766.63,0.0,491.21,41.74,20.98,952.28
2016-07-28,50660.14,0.0,464.94,40.88,21.97,1016.53
2016-07-29,50551.65,0.0,474.96,41.05,21.45,982.5
2016-07-30,50441.2,0.0,467.45,39.89,20.98,952.68
2016-07-31,50328.84,0.0,471.11,37.47,18.65,816.35
2016-08-01,50214.64,0.0,468.58,36.56,17.97,780.27
2016-08-02,50098.63,0.0,475.06,36.5,17.46,753.97
2016-08-03,49980.87,0.0,494.77,38.32,17.62,761.66
2016-08-04,49861.42,0.0,451.84,32.9,15.52,660.74
2016-08-05,49740.32,0.0,461.26,31.88,14.0,595.12
2016-08-06,49617.62,0.0,486.89,33.27,13.56,576.97
2016-08-07,49493.38,0.0,488.28,34.21,14.21,603.88
2016-08-08,49367.64,0.0,474.47,34.81,15.55,661.92
2016-08-09,49240.44,0.0,480.45,35.34,15.54,661.35
2016-08-10,49111.85,0.0,465.03,34.85,16.06,685.45
2016-08-11,48981.89,0.0,492.3,36.21,15.32,651.54
2016-08-12,48850.63,0.0,468.37,37.5,18.12,788.0
2016-08-13,48718.11,0.0,482.5,39.51,18.79,824.15
2016-08-14,48584.37,0.0,455.37,39.78,20.83,942.93
2016-08-15,48449.45,0.0,448.64,36.95,18.7,819.37
2016-08-16,48313.4,0.0,469.26,37.58,17.82,772.41
2016-08-17,48176.26,0.0,465.64,38.17,18.46,805.95
2016-08-18,48038.08,0.0,458.71,37.81,18.51,808.77
2016-08-19,47898.89,0.0,434.79,35.94,18.36,800.47
2016-08-20,47758.73,0.0,436.52,35.53,17.81,771.75
2016-08-21,47617.65,0.0,430.46,34.18,16.97,729.06
2016-08-22,47475.69,0.0,422.76,33.06,16.41,701.85
2016-08-23,47332.87,0.0,425.06,32.58,15.87,676.52
2016-08-24,47189.25,0.0,452.07,34.0,15.47,658.21
2016-08-25,47044.85,0.0,449.04,33.89,15.55,661.91
2016-08-26,46899.71,0.0,410.73,30.63,14.83,630.19
2016-08-27,46753.86,0.0,410.65,30.45,14.65,622.38
2016-08-28,46607.35,0.0,453.99,33.32,14.61,620.49
2016-08-29,46460.21,0.0,451.1,34.06,15.34,652.73
2016-08-30,46312.46,0.0,445.32,34.4,15.94,680.04
2016-08-31,46164.14,0.0,411.65,32.73,16.43,703.02
2016-09-01,46015.29,0.0,427.46,31.99,14.79,628.24
2016-09-02,45865.93,0.0,438.93,32.67,14.61,620.68
2016-09-03,45716.09,0.0,397.93,29.41,14.0,595.03
2016-09-04,45565.81,0.0,439.74,29.18,11.18,488.44
2016-09-05,45415.11,0.0,447.65,30.88,12.09,520.83
2016-09-06,45264.02,0.0,461.94,34.13,13.7,582.83
2016-09-07,45112.58,0.0,444.99,35.32,15.93,679.25
2016-09-08,44960.81,0.0,407.47,33.77,16.99,730.23
2016-09-09,44808.74,0.0,429.6,34.83,16.39,700.99
2016-09-10,44656.39,0.0,424.23,34.49,16.36,699.86
2016-09-11,44503.8,0.0,379.14,30.43,15.4,655.1
2016-09-12,44350.98,0.0,396.66,26.25,10.51,465.74
2016-09-13,44197.97,0.0,412.57,25.58,8.86,413.5
2016-09-14,44044.8,0.0,432.04,27.91,9.52,433.71
2016-09-15,43891.48,0.0,444.93,31.23,11.32,493.3
2016-09-16,43738.05,0.0,437.61,32.58,12.93,552.21
2016-09-17,43584.53,0.0,442.43,35.62,14.9,633.02
2016-09-18,43430.95,0.0,436.0,37.48,16.74,718.12
2016-09-19,43277.32,0.0,424.5,38.57,18.38,802.01
2016-09-20,43123.69,0.0,365.98,33.88,18.27,795.85
2016-09-21,42970.06,0.0,367.0,29.62,14.21,603.55
2016-09-22,42816.48,0.0,367.2,24.35,9.16,422.73
2016-09-23,42662.96,0.0,402.04,27.29,9.49,432.74
2016-09-24,42509.52,0.0,404.28,31.16,12.66,542.11
2016-09-25,42356.21,0.0,404.74,35.48,16.13,688.59
2016-09-26,42203.03,0.0,409.84,37.37,16.96,728.57
2016-09-27,42050.02,0.0,392.66,36.46,17.41,751.46
2016-09-28,41897.21,0.0,375.0,35.6,17.86,774.27
2016-09-29,41744.61,0.0,362.42,32.03,15.41,655.75
2016-09-30,41592.26,0.0,318.13,25.03,11.49,499.31
2016-10-01,41440.19,0.0,416.42,29.21,7.78,382.49
2016-10-02,41288.41,2.01,239.85,21.61,7.87,385.09
2016-10-03,41136.97,0.0,302.9,20.64,7.79,382.87
2016-10-04,40985.88,0.0,313.63,22.33,8.8,411.87
2016-10-05,40835.18,0.0,348.84,24.28,8.38,399.55
2016-10-06,40684.9,0.0,363.5,26.29,9.09,420.41
2016-10-07,40535.06,0.0,383.42,29.72,10.26,457.33
2016-10-08,40385.69,0.0,382.83,31.87,11.86,512.36
2016-10-09,40236.83,0.0,388.94,33.19,11.94,515.11
2016-10-10,40088.51,0.0,340.14,29.93,13.28,565.84
2016-10-11,39940.76,0.0,306.85,25.08,10.85,476.96
2016-10-12,39793.61,0.0,318.36,25.14,10.02,449.74
2016-10-13,39647.09,0.0,295.99,24.92,11.14,486.86
2016-10-14,39501.25,24.92,141.1,21.97,13.62,942.14
2016-10-15,39356.1,23.12,145.41,23.2,14.42,1208.21
2016-10-16,39211.7,54.76,49.02,17.22,14.8,1682.66
2016-10-17,39068.07,0.0,228.86,21.35,10.92,1305.17
2016-10-18,38925.25,0.0,284.25,21.95,8.39,1101.25
2016-10-19,38783.28,0.0,273.91,20.81,8.03,1074.76
2016-10-20,38642.19,0.0,322.1,26.24,9.07,1111.61
2016-10-21,38502.03,0.0,312.92,27.34,10.46,1226.1
2016-10-22,38362.83,0.0,274.11,24.95,11.14,1324.25
2016-10-23,38224.64,0.0,289.95,25.97,10.77,1291.7
2016-10-24,38087.5,0.0,188.22,21.77,13.11,1507.75
2016-10-25,37951.44,0.0,171.61,21.49,13.74,1571.02
2016-10-26,37816.52,0.0,282.71,26.52,11.86,1388.87
2016-10-27,37682.77,25.92,109.09,18.29,12.07,1408.58
2016-10-28,37550.23,23.19,112.29,20.63,14.17,1615.44
2016-10-29,37418.96,5.86,142.8,21.66,13.33,1529.14
2016-10-30,37289.0,22.53,117.68,18.49,11.94,1396.32
2016-10-31,37160.4,4.12,150.99,17.7,9.37,1176.13
2016-11-01,37033.19,0.0,247.54,20.19,9.2,1163.35
2016-11-02,36907.44,0.0,293.28,21.3,6.7,980.65
2016-11-03,36783.19,0.0,298.56,24.06,8.12,1081.08
2016-11-04,36660.48,0.0,278.24,23.4,9.28,1169.58
2016-11-05,36539.37,0.0,280.92,22.9,8.48,1107.8
2016-11-06,36419.9,0.0,248.35,21.74,10.02,1228.89
2016-11-07,36302.14,0.0,245.67,22.94,11.3,1338.41
2016-11-08,36186.12,0.0,264.69,24.88,11.58,1363.43
2016-11-09,36071.9,0.0,263.77,25.8,12.27,1427.36
2016-11-10,35959.54,0.0,265.33,26.27,12.3,1429.33
2016-11-11,35849.07,0.0,268.01,26.15,11.78,1381.31
2016-11-12,35740.56,0.0,257.44,24.95,11.59,1364.38
2016-11-13,35634.07,0.0,257.25,24.13,10.6,1277.82
2016-11-14,35529.63,0.0,262.71,24.29,9.87,1216.41
2016-11-15,35427.3,1.52,244.05,20.65,8.0,1072.51
2016-11-16,35327.15,1.15,221.28,15.79,5.16,881.94
2016-11-17,35229.21,0.0,257.77,16.44,2.82,748.08
2016-11-18,35133.54,0.0,272.07,19.38,3.51,785.52
2016-11-19,35040.19,26.42,149.72,17.65,8.0,1072.43
2016-11-20,34949.23,7.1,75.33,14.98,10.62,1279.12
2016-11-21,34860.68,0.0,191.53,15.98,7.16,1012.26
2016-11-22,34774.62,5.24,167.71,15.47,4.69,853.28
2016-11-23,34691.08,0.0,217.89,15.23,4.73,855.62
2016-11-24,34610.12,0.0,249.26,15.97,2.54,733.37
2016-11-25,34531.79,0.0,207.14,13.91,4.0,813.0
2016-11-26,34456.13,38.96,116.76,12.06,5.05,874.88
2016-11-27,34383.19,6.51,115.78,13.23,6.17,945.71
2016-11-28,34313.02,0.0,99.1,10.04,5.76,919.5
2016-11-29,34245.66,0.0,225.98,13.43,1.76,693.46
2016-11-30,34181.16,0.0,197.05,13.2,3.51,785.31
2016-12-01,34119.56,0.0,218.97,12.86,1.57,683.82
2016-12-02,34060.89,0.0,218.13,14.97,3.56,787.95
2016-12-03,34005.21,0.0,220.85,13.23,1.81,695.74
2016-12-04,33952.54,0.0,229.34,14.91,2.55,733.86
2016-12-05,33902.93,0.0,200.41,12.79,2.92,753.4
2016-12-06,33856.4,0.0,218.66,13.43,2.12,711.37
2016-12-07,33812.99,4.21,146.67,9.33,-0.04,608.98
2016-12-08,33772.73,0.0,211.04,13.64,2.92,753.24
2016-12-09,33735.65,14.44,110.63,17.46,10.48,1267.51
2016-12-10,33701.78,24.22,86.08,15.08,9.97,1225.17
2016-12-11,33671.14,0.0,153.28,13.3,6.52,969.08
2016-12-12,33643.75,0.0,148.77,12.5,6.1,941.2
2016-12-13,33619.63,0.0,175.03,15.32,7.48,1035.09
2016-12-14,33598.8,12.69,113.1,17.01,10.47,1266.26
2016-12-15,33581.28,38.59,97.35,15.04,9.7,1203.13
2016-12-16,33567.07,0.0,198.63,11.0,2.41,726.25
2016-12-17,33556.19,0.0,215.58,9.46,-0.07,607.82
2016-12-18,33548.66,0.0,238.47,9.91,-1.46,548.86
2016-12-19,33544.46,0.0,231.35,10.46,-0.32,596.73
2016-12-20,33543.61,0.0,229.6,13.36,2.26,718.42
2016-12-21,33546.1,0.0,232.73,14.07,2.5,731.26
2016-12-22,33551.94,0.28,247.31,15.25,1.73,691.99
2016-12-23,33561.12,10.86,109.59,9.39,3.58,789.2
2016-12-24,33573.63,0.0,219.43,10.17,0.33,625.56
2016-12-25,33589.47,0.0,229.27,9.22,-1.32,554.56
2016-12-26,33608.62,0.0,248.02,12.01,-0.88,572.67
2016-12-27,33631.07,0.0,249.72,13.38,-0.05,608.7
2016-12-28,33656.79,0.0,235.83,13.44,1.44,677.5
2016-12-29,33685.79,0.0,253.27,17.98,3.01,757.83
2016-12-30,33718.02,1.85,247.97,15.75,1.93,701.93
2017-01-01,33753.63,1.34,147.98,8.59,3.43,780.75
2017-01-02,33792.29,13.12,125.3,8.66,2.74,743.85
2017-01-03,33834.11,22.94,119.16,11.22,5.57,907.48
2017-01-04,33879.07,27.47,96.97,11.86,7.37,1027.34
2017-01-05,33927.13,0.0,178.22,9.61,3.27,771.94
2017-01-06,33978.27,3.49,196.6,11.08,-1.1,563.39
2017-01-07,34032.43,21.17,196.69,16.42,3.46,782.48
2017-01-08,34089.6,37.82,161.69,19.0,10.14,1238.75
2017-01-09,34149.72,38.12,82.49,13.61,9.88,1217.33
2017-01-10,34212.77,54.37,54.03,12.36,10.04,1230.9
2017-01-11,34278.69,13.87,129.01,12.18,6.22,948.87
2017-01-12,34347.45,1.12,130.35,8.27,4.04,815.31
2017-01-13,34419.0,0.0,254.27,11.67,1.28,669.75
2017-01-14,34493.29,0.0,246.26,10.99,1.42,676.89
2017-01-15,34570.28,0.0,213.53,9.29,1.82,696.52
2017-01-16,34649.92,0.0,258.96,10.15,-0.06,607.9
2017-01-17,34732.16,2.62,207.29,12.5,0.49,632.92
2017-01-18,34816.96,18.76,145.32,10.84,4.39,835.28
2017-01-19,34904.26,27.2,115.61,11.93,7.0,1001.07
2017-01-20,34994.01,21.07,90.42,9.91,6.2,947.82
2017-01-21,35086.16,14.92,105.86,10.13,5.77,920.02
2017-01-22,35180.67,49.59,157.84,13.03,6.0,934.95
2017-01-23,35277.47,7.08,150.04,10.94,4.53,843.73
2017-01-24,35376.51,0.0,263.61,11.25,1.75,693.13
2017-01-25,35477.75,0.0,284.13,12.26,1.27,669.57
2017-01-26,35581.13,0.0,281.25,13.33,2.65,739.06
2017-01-27,35686.6,0.0,297.32,12.62,0.79,646.52
2017-01-28,35794.1,0.0,310.71,15.04,1.42,676.77
2017-01-29,35903.58,0.0,307.01,15.72,2.88,750.85
2017-01-30,36014.99,0.0,306.27,17.1,4.4,835.99
2017-01-31,36128.28,0.0,301.71,16.58,4.51,842.73
2017-02-01,36243.4,1.25,291.06,16.89,5.81,922.73
2017-02-02,36360.29,9.89,173.44,16.72,9.14,1158.35
2017-02-03,36478.9,20.11,164.54,17.84,10.7,1286.29
2017-02-04,36599.19,0.0,279.23,17.02,7.02,1003.01
2017-02-05,36721.1,14.24,190.78,15.55,7.25,1018.68
2017-02-06,36844.58,32.73,92.05,13.93,10.53,1271.2
2017-02-07,36969.58,20.28,169.19,16.27,9.55,1190.91
2017-02-08,37096.06,12.35,98.56,17.12,13.44,1540.63
2017-02-09,37223.96,66.66,95.89,16.58,13.05,1501.54
2017-02-10,37353.25,16.07,190.01,15.69,8.13,1081.85
2017-02-11,37483.86,0.0,306.47,16.93,6.61,974.8
2017-02-12,37615.76,0.0,329.22,15.82,4.2,824.22
2017-02-13,37748.91,0.0,328.7,16.6,5.08,876.99
2017-02-14,37883.24,0.0,349.4,19.55,5.62,910.7
2017-02-15,38018.74,5.72,243.68,18.76,7.38,1028.0
2017-02-16,38155.34,3.53,216.91,19.02,9.91,1219.93
2017-02-17,38293.01,5.2,150.06,15.48,10.03,1229.43
2017-02-18,38431.7,0.0,229.06,15.27,8.95,1143.82
2017-02-19,38571.38,29.58,158.21,12.62,7.01,1002.19
2017-02-20,38712.0,46.36,135.72,14.16,9.41,1179.4
2017-02-21,38853.53,20.37,162.87,14.27,8.53,1111.64
2017-02-22,38995.93,7.21,221.58,12.86,4.58,846.58
2017-02-23,39139.16,0.0,333.91,10.93,1.2,665.99
2017-02-24,39283.18,0.0,366.69,12.04,0.47,632.01
2017-02-25,39427.95,0.0,350.61,13.14,2.65,739.06
2017-02-26,39573.45,3.13,290.44,13.84,0.87,650.51
2017-02-27,39719.63,0.0,357.75,12.96,2.48,730.07
2017-02-28,39866.46,0.0,396.98,14.56,1.33,672.35
2017-03-01,40013.92,0.0,405.4,15.92,1.9,700.33
2017-03-02,40161.95,0.0,407.43,18.08,3.67,794.56
2017-03-03,40310.55,0.0,393.08,18.42,5.55,905.7
2017-03-04,40459.66,15.31,229.48,14.09,6.16,944.94
2017-03-05,40609.26,0.66,238.17,8.97,3.39,778.93
2017-03-06,40759.33,0.0,353.81,12.76,3.34,775.72
2017-03-07,40909.82,0.0,393.09,14.97,3.41,779.82
2017-03-08,41060.72,0.0,420.05,19.06,4.66,851.47
2017-03-09,41211.99,0.0,403.89,20.41,7.17,1012.97
2017-03-10,41363.6,0.0,371.41,21.05,9.67,1200.49
2017-03-11,41515.52,0.0,411.94,23.58,8.91,1140.48
2017-03-12,41667.74,0.0,403.72,23.56,9.56,1191.61
2017-03-13,41820.21,0.0,431.78,25.7,8.67,1122.22
2017-03-14,41972.92,0.0,425.44,27.6,10.78,1292.91
2017-03-15,42125.83,0.0,397.23,24.5,10.92,1304.72
2017-03-16,42278.93,0.0,409.05,22.78,8.92,1140.93
2017-03-17,42432.18,0.0,403.52,22.99,9.56,1191.78
2017-03-18,42585.56,0.0,335.72,21.81,11.93,1395.36
2017-03-19,42739.04,0.0,365.69,22.34,11.08,1319.42
2017-03-20,42892.59,12.14,195.18,18.58,11.51,1356.89
2017-03-21,43046.2,19.82,215.27,18.26,10.39,1260.07
2017-03-22,43199.83,8.42,213.69,15.36,7.73,1052.76
2017-03-23,43353.46,2.08,294.7,16.83,5.01,872.73
2017-03-24,43507.07,5.74,96.77,12.37,9.25,1166.99
2017-03-25,43660.63,0.38,335.54,17.27,8.05,1075.78
2017-03-26,43814.11,4.17,275.42,17.16,6.87,992.47
2017-03-27,43967.49,0.0,329.55,17.23,8.4,1102.13
2017-03-28,44120.74,0.0,449.0,21.26,6.63,976.05
2017-03-29,44273.83,2.55,343.11,22.61,7.12,1009.76
2017-03-30,44426.75,0.0,282.95,18.52,11.18,1328.06
2017-03-31,44579.46,0.0,425.63,21.2,8.44,1104.58
2017-04-01,44731.93,0.0,470.53,23.11,7.25,1018.92
2017-04-02,44884.14,0.0,447.37,24.29,9.95,1222.87
2017-04-03,45036.07,0.0,453.05,22.1,7.71,1051.38
2017-04-04,45187.68,0.0,440.67,23.74,9.69,1201.71
2017-04-05,45338.95,0.0,395.09,22.63,10.98,1310.11
2017-04-06,45489.85,29.87,205.47,17.75,10.73,1288.33
2017-04-07,45640.34,20.82,203.08,15.73,9.05,1151.71
2017-04-08,45790.41,10.0,242.6,12.43,4.59,847.58
2017-04-09,45940.01,0.0,477.94,16.77,2.52,732.05
2017-04-10,46089.13,0.0,495.92,19.22,3.51,785.55
2017-04-11,46237.72,0.0,447.8,21.46,8.45,1105.24
2017-04-12,46385.76,14.75,274.68,19.64,10.32,1253.96
2017-04-13,46533.21,0.5,356.64,15.97,7.45,1032.84
2017-04-14,46680.05,0.0,480.72,16.63,3.31,774.41
2017-04-15,46826.23,0.0,513.85,20.18,4.11,819.42
2017-04-16,46971.73,10.57,298.46,18.57,8.71,1125.26
2017-04-17,47116.51,13.53,187.54,16.54,10.98,1310.24
2017-04-18,47260.53,0.0,434.21,21.13,9.9,1218.8
2017-04-19,47403.76,0.0,477.69,20.23,7.0,1001.65
2017-04-20,47546.16,0.0,438.61,20.46,8.97,1145.13
2017-04-21,47687.69,0.0,499.11,23.61,8.34,1097.11
2017-04-22,47828.31,0.0,464.01,22.17,9.18,1161.16
2017-04-23,47968.0,0.0,450.68,21.74,9.22,1164.77
2017-04-24,48106.69,0.0,357.77,18.44,9.62,1196.57
2017-04-25,48244.36,0.0,442.04,21.03,9.04,1150.54
2017-04-26,48380.97,0.78,241.56,16.59,11.01,1313.22
2017-04-27,48516.46,0.0,454.22,22.58,10.12,1236.89
2017-04-28,48650.8,0.0,490.18,21.89,7.85,1061.24
2017-04-29,48783.95,0.0,523.65,25.56,8.29,1093.42
2017-04-30,48915.85,0.0,516.17,27.41,10.17,1241.09
2017-05-01,49046.47,0.0,492.1,30.04,13.83,1580.01
2017-05-02,49175.75,0.0,466.09,30.69,15.92,1808.41
2017-05-03,49303.66,0.0,437.81,30.09,16.94,1929.17
2017-05-04,49430.14,0.0,452.94,32.7,18.19,2088.3
2017-05-05,49555.15,0.0,461.94,25.77,12.37,1436.06
2017-05-06,49678.63,0.0,429.52,19.32,8.03,1074.18
2017-05-07,49800.54,0.0,434.77,21.37,9.55,1191.2
2017-05-08,49920.83,0.0,521.87,28.2,10.2,1243.65
2017-05-09,50039.45,0.0,522.94,29.96,11.26,1334.79
2017-05-10,50156.35,0.0,472.41,24.96,10.72,1287.69
2017-05-11,50271.47,0.0,488.56,23.86,8.94,1142.83
2017-05-12,50384.76,0.0,429.54,20.59,8.71,1125.52
2017-05-13,50496.18,0.0,521.69,21.92,5.09,877.62
2017-05-14,50605.67,0.0,524.09,22.52,5.33,892.48
2017-05-15,50713.17,0.0,532.03,24.72,6.47,965.45
2017-05-16,50818.64,1.08,377.33,18.38,8.26,1091.44
2017-05-17,50922.03,0.0,425.51,22.95,10.52,1270.94
2017-05-18,51023.27,0.0,526.89,28.04,9.02,1149.29
2017-05-19,51122.32,0.0,528.9,31.97,11.41,1347.8
2017-05-20,51219.12,0.0,509.03,33.78,14.01,1598.4
2017-05-21,51313.63,0.0,498.43,34.97,15.6,1731.51
2017-05-22,51405.79,0.0,490.78,36.43,17.35,1792.06
2017-05-23,51495.55,0.0,475.2,37.11,18.88,1903.9
2017-05-24,51582.85,0.0,447.12,29.4,14.25,1479.27
2017-05-25,51667.65,0.0,452.22,24.35,9.63,1116.88
2017-05-26,51749.9,0.0,452.24,23.94,9.06,1077.02
2017-05-27,51829.55,0.0,487.06,26.78,9.66,1070.83
2017-05-28,51906.55,0.0,518.99,31.74,11.54,1136.43
2017-05-29,51980.84,0.0,470.4,31.35,14.24,1418.8
2017-05-30,52052.4,4.26,340.58,28.84,12.74,1469.0
2017-05-31,52121.16,5.41,327.52,27.27,12.32,1432.01
2017-06-01,52187.09,0.0,486.27,29.57,11.89,1239.06
2017-06-02,52250.14,0.0,505.29,33.21,13.43,1322.17
2017-06-03,52310.27,0.0,479.44,33.6,15.39,1470.01
2017-06-04,52367.45,0.0,476.43,32.25,14.39,1388.93
2017-06-05,52421.62,0.0,518.9,33.65,12.56,1173.45
2017-06-06,52472.76,0.0,487.38,33.99,14.75,1392.71
2017-06-07,52520.83,0.0,468.76,30.6,13.1,1296.66
2017-06-08,52565.79,1.72,257.93,21.42,13.37,1533.27
2017-06-09,52607.62,0.0,356.37,24.22,12.62,1444.43
2017-06-10,52646.29,0.0,485.67,25.03,7.72,926.5
2017-06-11,52681.76,20.27,291.71,20.93,8.34,1097.65
2017-06-12,52714.01,0.0,429.89,22.43,8.09,1055.63
2017-06-13,52743.03,0.0,498.04,28.1,9.52,1067.49
2017-06-14,52768.78,0.0,524.47,32.97,11.49,1159.09
2017-06-15,52791.24,0.0,488.96,34.34,14.72,1466.16
2017-06-16,52810.42,0.0,469.0,36.74,17.56,1769.8
2017-06-17,52826.27,0.0,442.37,37.91,19.87,2084.86
2017-06-18,52838.81,0.0,430.27,41.05,22.74,2487.02
2017-06-19,52848.01,0.0,405.99,40.63,23.79,2641.93
2017-06-20,52853.87,0.0,429.72,41.62,23.64,2410.75
2017-06-21,52856.39,0.0,486.78,41.97,20.82,1837.44
2017-06-22,52855.56,0.0,457.39,42.37,22.83,2133.7
2017-06-23,52851.38,0.0,468.67,41.27,21.45,1897.07
2017-06-24,52843.87,0.0,462.14,38.6,19.81,1746.28
2017-06-25,52833.01,0.0,468.37,36.94,18.19,1549.96
2017-06-26,52818.83,0.0,467.25,33.43,15.44,1329.66
2017-06-27,52801.33,0.0,466.23,32.56,14.82,1286.73
2017-06-28,52780.52,0.0,492.55,33.67,14.22,1175.37
2017-06-29,52756.42,0.0,507.59,35.79,14.8,1181.63
2017-06-30,52729.05,0.0,483.15,35.55,16.05,1324.51
2017-07-01,52698.43,0.0,483.53,34.88,15.45,1279.05
2017-07-02,52664.58,0.0,484.08,36.26,16.5,1357.01
2017-07-03,52627.52,0.0,476.96,36.67,17.2,1428.94
2017-07-04,52587.29,0.0,478.72,37.12,17.4,1440.89
2017-07-05,52543.9,0.0,482.67,36.99,17.09,1407.15
2017-07-06,52497.39,0.0,495.34,39.38,18.74,1243.92
2017-07-07,52447.79,0.0,484.87,41.21,21.4,1181.49
2017-07-08,52395.15,0.0,486.71,41.57,21.71,1022.36
2017-07-09,52339.48,0.0,501.53,41.28,20.37,914.92
2017-07-10,52280.84,0.0,474.82,39.03,20.03,975.1
2017-07-11,52219.25,0.0,457.87,36.75,18.87,969.41
2017-07-12,52154.77,0.0,478.0,36.71,18.12,787.97
2017-07-13,52087.43,0.0,477.08,36.85,18.28,796.38
2017-07-14,52017.28,0.0,497.41,38.55,18.47,806.8
2017-07-15,51944.36,0.0,500.09,39.36,18.94,832.35
2017-07-16,51868.72,0.0,486.3,40.73,20.99,953.1
2017-07-17,51790.4,0.0,489.01,39.91,20.07,896.96
2017-07-18,51709.46,0.0,487.51,37.11,17.71,766.48
2017-07-19,51625.94,0.0,497.23,36.25,16.24,693.76
2017-07-20,51539.89,0.0,496.53,35.99,16.0,682.52
2017-07-21,51451.36,0.0,498.13,36.62,16.42,702.58
2017-07-22,51360.41,0.0,512.21,39.1,17.44,752.68
2017-07-23,51267.08,0.0,470.0,40.16,21.21,967.15
2017-07-24,51171.43,0.0,467.79,37.69,19.2,846.96
2017-07-25,51073.5,0.0,476.09,35.58,16.82,721.69
2017-07-26,50973.36,0.0,495.36,38.0,17.59,760.23
2017-07-27,50871.05,0.0,486.41,38.67,18.68,818.3
2017-07-28,50766.63,0.0,484.55,39.15,19.18,845.59
2017-07-29,50660.14,0.0,486.31,38.1,18.15,789.39
2017-07-30,50551.65,0.0,494.33,39.35,18.59,813.05
2017-07-31,50441.2,0.0,482.55,39.19,19.21,847.7
2017-08-01,50328.84,0.0,483.06,41.35,20.94,949.84
2017-08-02,50214.64,0.0,428.13,40.7,23.7,1136.13
2017-08-03,50098.63,0.0,428.71,39.1,22.3,1038.39
2017-08-04,49980.87,0.0,379.22,37.84,23.65,1132.52
2017-08-05,49861.42,0.0,372.62,34.76,21.24,968.71
2017-08-06,49740.32,0.0,448.34,34.46,17.31,745.96
2017-08-07,49617.62,0.0,469.19,34.99,16.55,708.65
2017-08-08,49493.38,0.0,466.31,35.52,17.21,741.19
2017-08-09,49367.64,0.0,455.78,34.83,17.19,740.11
2017-08-10,49240.44,0.0,468.5,35.61,17.05,733.4
2017-08-11,49111.85,0.0,492.62,37.22,16.71,716.67
2017-08-12,48981.89,0.0,436.46,37.02,20.05,895.98
2017-08-13,48850.63,0.0,457.18,35.34,17.38,749.46
2017-08-14,48718.11,0.0,399.1,30.7,16.26,694.76
2017-08-15,48584.37,0.0,430.1,29.7,13.84,588.63
2017-08-16,48449.45,0.0,446.24,31.96,15.05,639.57
2017-08-17,48313.4,0.0,464.95,34.86,16.5,706.38
2017-08-18,48176.26,0.0,466.91,35.53,16.93,727.32
2017-08-19,48038.08,0.0,457.91,35.86,17.75,768.36
2017-08-20,47898.89,0.0,448.54,33.98,16.65,713.43
2017-08-21,47758.73,0.0,377.8,30.28,16.93,727.01
2017-08-22,47617.65,0.0,468.58,35.09,16.41,702.23
2017-08-23,47475.69,0.0,464.69,36.99,18.21,792.95
2017-08-24,47332.87,0.0,429.38,35.15,18.72,820.48
2017-08-25,47189.25,0.0,483.84,37.52,17.12,736.51
2017-08-26,47044.85,0.0,486.09,40.95,19.61,870.13
2017-08-27,46899.71,0.0,424.8,41.59,24.36,1185.83
2017-08-28,46753.86,0.0,465.42,44.06,23.54,1124.58
2017-08-29,46607.35,0.0,415.55,39.9,23.37,1112.84
2017-08-30,46460.21,0.0,461.7,38.78,19.38,857.09
2017-08-31,46312.46,0.0,489.85,39.75,17.68,764.92
2017-09-01,46164.14,0.0,464.41,42.24,21.62,993.06
2017-09-02,46015.29,0.0,425.89,42.91,24.76,1216.54
2017-09-03,45865.93,0.0,385.99,42.12,26.3,1340.57
2017-09-04,45716.09,0.0,341.39,36.78,23.75,1139.98
2017-09-05,45565.81,0.0,378.99,33.4,18.85,827.42
2017-09-06,45415.11,0.0,397.77,35.38,19.63,871.57
2017-09-07,45264.02,0.0,349.06,28.87,16.08,686.66
2017-09-08,45112.58,0.0,419.77,32.67,15.84,675.06
2017-09-09,44960.81,0.0,428.83,33.65,16.03,683.99
2017-09-10,44808.74,0.0,440.48,36.58,17.69,765.33
2017-09-11,44656.39,0.0,425.76,37.01,18.91,830.85
2017-09-12,44503.8,0.0,368.31,34.71,20.25,908.1
2017-09-13,44350.98,0.0,370.53,30.46,16.15,689.57
2017-09-14,44197.97,0.0,327.0,26.43,14.43,613.1
2017-09-15,44044.8,0.0,407.2,28.82,12.43,533.26
2017-09-16,43891.48,0.0,412.36,29.95,13.03,556.22
2017-09-17,43738.05,0.0,331.48,27.37,15.03,638.83
2017-09-18,43584.53,0.0,369.2,27.83,13.59,578.33
2017-09-19,43430.95,0.0,398.39,26.17,10.27,457.85
2017-09-20,43277.32,0.0,359.54,24.65,10.9,478.76
2017-09-21,43123.69,0.0,339.1,22.68,10.06,451.03
2017-09-22,42970.06,0.0,385.28,24.24,9.07,419.89
2017-09-23,42816.48,0.0,413.18,26.38,9.04,419.0
2017-09-24,42662.96,0.0,427.92,27.95,9.13,421.83
2017-09-25,42509.52,0.0,422.97,29.45,10.77,474.27
2017-09-26,42356.21,0.0,428.6,32.79,12.86,549.58
2017-09-27,42203.03,0.0,403.81,33.21,15.24,648.26
2017-09-28,42050.02,0.0,410.5,33.75,14.86,631.21
2017-09-29,41897.21,0.0,394.77,32.01,14.45,613.62
2017-09-30,41744.61,0.0,371.66,28.42,12.8,547.37
2017-10-01,41592.26,0.0,352.05,26.88,12.59,539.49
2017-10-02,41440.19,0.0,373.41,25.2,9.58,435.71
2017-10-03,41288.41,0.0,387.63,25.18,8.32,397.75
2017-10-04,41136.97,0.0,389.93,26.43,8.92,415.46
2017-10-05,40985.88,0.0,399.08,27.8,9.0,417.91
2017-10-06,40835.18,0.0,405.73,30.34,10.12,452.96
2017-10-07,40684.9,0.0,377.06,30.76,12.82,548.06
2017-10-08,40535.06,0.0,327.56,26.63,12.41,532.61
2017-10-09,40385.69,0.0,340.87,27.88,12.63,540.79
2017-10-10,40236.83,0.0,370.4,29.41,11.58,502.38
2017-10-11,40088.51,0.0,353.97,25.91,9.54,434.4
2017-10-12,39940.76,0.0,339.12,23.36,8.0,388.73
2017-10-13,39793.61,0.0,339.82,22.93,7.32,369.87
2017-10-14,39647.09,0.0,319.52,23.78,9.27,425.93
2017-10-15,39501.25,0.0,374.82,29.1,9.19,423.68
2017-10-16,39356.1,0.0,361.33,30.14,11.17,488.13
2017-10-17,39211.7,0.0,338.39,29.62,12.41,532.55
2017-10-18,39068.07,0.0,344.17,28.83,10.81,475.72
2017-10-19,38925.25,7.53,216.7,23.11,9.4,450.69
2017-10-20,38783.28,0.0,188.26,16.79,8.57,567.46
2017-10-21,38642.19,0.0,286.24,20.88,7.34,370.3
2017-10-22,38502.03,0.0,311.29,23.2,7.59,377.29
2017-10-23,38362.83,0.0,322.33,28.31,11.2,489.0
2017-10-24,38224.64,0.0,299.57,30.44,14.89,632.86
2017-10-25,38087.5,0.0,309.0,31.29,14.74,626.08
2017-10-26,37951.44,0.0,309.6,31.33,14.56,618.58
2017-10-27,37816.52,0.0,313.27,31.78,14.38,611.05
2017-10-28,37682.77,0.0,295.64,30.79,14.91,633.45
2017-10-29,37550.23,0.0,282.32,28.12,13.39,570.16
2017-10-30,37418.96,0.0,258.64,22.46,9.63,437.22
2017-10-31,37289.0,0.0,252.04,19.34,6.93,359.49
2017-11-01,37160.4,0.0,282.55,22.09,7.28,368.69
2017-11-02,37033.19,0.0,196.86,17.36,7.99,542.11
2017-11-03,36907.44,3.09,107.83,18.73,11.84,1096.31
2017-11-04,36783.19,2.12,104.06,15.97,9.52,986.2
2017-11-05,36660.48,0.0,235.27,16.57,5.44,384.27
2017-11-06,36539.37,0.0,261.68,17.95,5.09,317.1
2017-11-07,36419.9,0.0,282.95,19.39,4.63,303.13
2017-11-08,36302.14,13.95,193.17,20.08,6.88,502.81
2017-11-09,36186.12,4.01,107.55,18.48,11.65,1265.54
2017-11-10,36071.9,0.0,183.56,19.34,10.62,970.56
2017-11-11,35959.54,0.0,233.37,19.13,7.61,679.15
2017-11-12,35849.07,0.0,227.3,18.51,7.4,689.77
2017-11-13,35740.56,3.28,182.01,21.03,8.39,836.04
2017-11-14,35634.07,0.0,203.64,18.97,9.18,892.06
2017-11-15,35529.63,37.79,97.67,16.35,10.43,1263.05
2017-11-16,35427.3,43.4,67.63,15.4,11.51,1357.0
2017-11-17,35327.15,0.0,203.76,16.38,7.0,1001.23
2017-11-18,35229.21,0.0,265.32,18.58,4.23,826.32
2017-11-19,35133.54,0.0,250.78,18.66,5.34,892.89
2017-11-20,35040.19,0.0,157.97,16.71,9.51,1187.82
2017-11-21,34949.23,0.0,205.54,20.9,10.73,1288.98
2017-11-22,34860.68,0.0,243.71,23.95,10.37,1258.12
2017-11-23,34774.62,0.0,204.94,22.66,12.33,1432.5
2017-11-24,34691.08,0.0,225.41,24.37,12.3,1429.55
2017-11-25,34610.12,0.0,205.82,21.61,11.42,1349.05
2017-11-26,34531.79,49.94,52.09,14.85,12.09,1410.42
2017-11-27,34456.13,0.0,166.86,13.22,6.28,953.0
2017-11-28,34383.19,0.0,245.94,16.32,4.06,816.37
2017-11-29,34313.02,0.0,236.93,15.82,4.34,832.91
2017-11-30,34245.66,0.0,241.72,17.55,5.3,890.36
2017-12-01,34181.16,0.0,246.04,17.54,4.79,859.04
2017-12-02,34119.56,3.92,165.4,15.85,5.38,895.33
2017-12-03,34060.89,0.0,196.21,14.63,5.77,920.11
2017-12-04,34005.21,0.0,246.8,16.6,3.19,768.01
2017-12-05,33952.54,0.0,230.18,15.52,3.78,800.71
2017-12-06,33902.93,0.0,244.58,16.65,3.19,767.59
2017-12-07,33856.4,0.0,255.69,19.62,3.88,806.36
2017-12-08,33812.99,0.0,238.21,18.46,5.2,884.2
2017-12-09,33772.73,0.0,239.3,18.44,4.75,856.58
2017-12-10,33735.65,0.0,241.56,19.67,5.17,882.33
2017-12-11,33701.78,0.0,238.46,19.03,4.85,863.11
2017-12-12,33671.14,0.0,232.16,17.76,4.38,835.01
2017-12-13,33643.75,0.0,230.09,17.3,4.13,820.57
2017-12-14,33619.63,0.0,234.33,19.06,4.94,868.02
2017-12-15,33598.8,0.0,226.02,17.87,4.59,847.14
2017-12-16,33581.28,0.0,201.27,16.76,5.63,910.94
2017-12-17,33567.07,0.0,208.13,14.68,3.09,762.46
2017-12-18,33556.19,0.0,230.84,17.49,3.33,775.28
2017-12-19,33548.66,9.1,166.18,16.51,3.46,782.76
2017-12-20,33544.46,0.0,146.06,10.91,3.68,794.7
2017-12-21,33543.61,0.0,202.08,11.87,0.96,654.88
2017-12-22,33546.1,0.0,212.34,11.61,-0.05,608.5
2017-12-23,33551.94,0.0,191.0,13.91,3.74,798.31
2017-12-24,33561.12,0.0,167.07,13.12,4.67,851.88
2017-12-25,33573.63,0.0,184.08,14.84,5.22,885.31
2017-12-26,33589.47,0.0,226.51,16.41,2.83,748.4
2017-12-27,33608.62,0.0,211.65,16.3,4.05,815.85
2017-12-28,33631.07,0.0,217.02,17.38,4.56,845.33
2017-12-29,33656.79,0.0,215.22,18.37,5.6,909.4
2017-12-30,33685.79,0.0,190.03,16.13,5.75,918.45
2017-12-31,33718.02,0.0,200.44,17.51,6.29,953.48
2018-01-01,33753.63,0.0,238.05,19.64,7.26,1019.5
2018-01-02,33792.29,0.0,194.85,16.62,8.13,1082.08
2018-01-03,33834.11,5.28,156.32,16.99,7.64,1046.18
2018-01-04,33879.07,3.04,152.64,19.24,10.02,1229.28
2018-01-05,33927.13,14.01,137.97,19.45,11.45,1352.0
2018-01-06,33978.27,0.0,201.11,16.65,7.98,1070.94
2018-01-07,34032.43,9.16,146.92,13.82,5.71,916.16
2018-01-08,34089.6,56.75,132.8,16.64,9.37,1176.7
2018-01-09,34149.72,14.86,109.38,15.27,9.58,1193.23
2018-01-10,34212.77,15.35,102.78,12.72,7.55,1039.5
2018-01-11,34278.69,0.0,220.68,15.83,6.36,958.12
2018-01-12,34347.45,0.0,228.54,15.56,5.67,913.3
2018-01-13,34419.0,0.0,216.67,15.06,6.07,938.97
2018-01-14,34493.29,0.0,196.17,16.37,8.5,1109.27
2018-01-15,34570.28,0.0,224.71,17.62,8.05,1075.86
2018-01-16,34649.92,0.0,205.78,16.57,8.32,1095.88
2018-01-17,34732.16,0.0,219.5,16.37,7.44,1032.4
2018-01-18,34816.96,8.93,159.72,16.44,7.96,1069.28
2018-01-19,34904.26,0.0,253.78,14.45,3.65,793.29
2018-01-20,34994.01,0.0,262.1,11.83,0.78,646.21
2018-01-21,35086.16,3.48,200.71,12.33,0.9,651.95
2018-01-22,35180.67,0.0,201.47,13.29,5.93,929.95
2018-01-23,35277.47,0.0,259.69,15.64,4.85,863.06
2018-01-24,35376.51,10.25,174.51,13.6,4.83,861.68
2018-01-25,35477.75,0.0,205.3,12.14,4.89,865.34
2018-01-26,35581.13,0.0,254.34,12.69,2.97,755.72
2018-01-27,35686.6,0.0,281.47,16.25,4.34,832.36
2018-01-28,35794.1,0.0,293.51,17.26,4.24,826.76
2018-01-29,35903.58,0.0,253.45,16.29,6.71,981.46
2018-01-30,36014.99,0.0,282.01,19.25,7.48,1034.59
2018-01-31,36128.28,0.0,294.45,19.19,6.5,967.32
2018-02-01,36243.4,0.0,289.48,19.94,7.71,1051.53
2018-02-02,36360.29,0.0,300.66,21.26,7.83,1060.11
2018-02-03,36478.9,0.0,295.05,21.99,9.1,1154.93
2018-02-04,36599.19,0.0,304.0,22.84,8.94,1142.79
2018-02-05,36721.1,0.0,297.79,21.5,8.63,1119.45
2018-02-06,36844.58,0.0,311.21,21.83,7.69,1049.52
2018-02-07,36969.58,0.0,315.18,23.43,8.53,1111.5
2018-02-08,37096.06,0.0,312.45,23.0,8.53,1111.48
2018-02-09,37223.96,0.0,314.54,22.81,8.18,1085.11
2018-02-10,37353.25,0.0,286.01,19.4,7.72,1052.31
2018-02-11,37483.86,0.0,306.02,16.2,3.63,792.26
2018-02-12,37615.76,0.0,301.64,14.69,2.68,740.56
2018-02-13,37748.91,0.0,322.62,16.72,2.97,755.67
2018-02-14,37883.24,0.0,336.9,17.91,2.77,745.45
2018-02-15,38018.74,0.0,337.6,16.76,1.8,695.49
2018-02-16,38155.34,0.0,339.75,17.92,2.66,739.25
2018-02-17,38293.01,0.0,349.51,19.71,3.23,770.18
2018-02-18,38431.7,0.0,268.54,14.01,3.93,808.88
2018-02-19,38571.38,0.0,323.88,11.38,-1.54,545.73
2018-02-20,38712.0,0.0,331.82,11.15,-2.15,521.44
2018-02-21,38853.53,0.0,308.2,12.0,0.17,618.12
2018-02-22,38995.93,5.01,236.18,11.65,-0.45,591.07
2018-02-23,39139.16,0.0,334.52,10.93,-2.26,517.17
2018-02-24,39283.18,0.0,359.35,12.92,-2.27,516.87
2018-02-25,39427.95,4.31,252.98,15.06,1.35,673.4
2018-02-26,39573.45,7.83,129.38,8.62,2.88,751.12
2018-02-27,39719.63,0.0,333.15,13.66,0.89,651.53
2018-02-28,39866.46,6.08,260.08,13.95,0.34,626.08
2018-03-01,40013.92,21.34,144.46,11.45,5.1,877.88
2018-03-02,40161.95,10.68,140.41,9.51,3.55,787.8
2018-03-03,40310.55,2.48,218.68,11.91,2.09,709.89
2018-03-04,40459.66,0.0,315.82,13.1,2.32,721.51
2018-03-05,40609.26,0.0,395.79,16.32,0.41,629.22
2018-03-06,40759.33,0.0,404.86,19.64,2.56,734.46
2018-03-07,40909.82,0.69,394.33,21.92,5.58,907.72
2018-03-08,41060.72,0.0,341.86,21.79,9.2,1162.79
2018-03-09,41211.99,0.0,323.33,20.36,9.08,1153.47
2018-03-10,41363.6,0.0,266.73,17.2,8.73,1126.69
2018-03-11,41515.52,0.0,374.97,20.19,6.68,979.51
2018-03-12,41667.74,3.48,264.82,20.99,8.7,1124.14
2018-03-13,41820.21,39.15,194.14,17.19,9.29,1170.48
2018-03-14,41972.92,5.82,203.82,14.52,6.47,965.46
2018-03-15,42125.83,28.14,165.65,11.2,5.09,877.34
2018-03-16,42278.93,7.09,171.65,11.59,5.41,897.42
2018-03-17,42432.18,1.62,349.21,13.25,3.17,766.8
2018-03-18,42585.56,0.0,411.49,13.91,1.02,657.71
2018-03-19,42739.04,0.0,446.32,18.64,2.96,755.15
2018-03-20,42892.59,14.15,238.28,15.46,6.72,982.62
2018-03-21,43046.2,31.48,207.33,18.36,10.94,1306.82
2018-03-22,43199.83,14.02,219.14,17.06,9.41,1179.27
2018-03-23,43353.46,0.0,429.65,15.25,2.32,721.9
2018-03-24,43507.07,0.82,322.0,12.86,4.7,853.74
2018-03-25,43660.63,0.0,421.46,14.38,2.4,725.83
2018-03-26,43814.11,0.0,468.57,18.44,3.06,760.87
2018-03-27,43967.49,0.0,473.53,21.72,5.4,896.33
2018-03-28,44120.74,0.0,472.91,24.19,7.13,1010.2
2018-03-29,44273.83,0.0,452.22,25.35,9.9,1219.05
2018-03-30,44426.75,0.0,463.02,26.15,9.71,1204.0
2018-03-31,44579.46,0.0,460.44,26.76,10.27,1249.79
2018-04-01,44731.93,0.0,461.61,25.66,9.18,1161.75
2018-04-02,44884.14,0.0,430.79,22.98,9.07,1153.27
2018-04-03,45036.07,0.0,460.87,24.29,8.21,1087.74
2018-04-04,45187.68,0.0,440.74,24.07,9.53,1189.12
2018-04-05,45338.95,15.93,223.14,19.5,11.5,1356.22
2018-04-06,45489.85,55.21,148.6,16.18,11.31,1339.48
2018-04-07,45640.34,0.0,356.33,19.52,10.05,1231.79
2018-04-08,45790.41,0.0,458.44,19.78,5.99,934.26
2018-04-09,45940.01,0.0,477.79,23.85,8.02,1073.93
2018-04-10,46089.13,0.3,343.47,21.01,11.87,1389.75
2018-04-11,46237.72,2.89,306.1,18.96,7.77,1055.85
2018-04-12,46385.76,0.0,406.26,15.96,5.11,878.77
2018-04-13,46533.21,0.0,478.48,20.21,5.34,892.73
2018-04-14,46680.05,0.0,486.92,23.59,7.38,1027.88
2018-04-15,46826.23,5.09,308.87,21.35,9.33,1173.14
2018-04-16,46971.73,10.82,291.22,14.48,4.01,813.57
2018-04-17,47116.51,0.0,482.65,17.11,2.21,716.12
2018-04-18,47260.53,0.0,414.84,15.52,4.16,822.3
2018-04-19,47403.76,0.0,491.96,19.74,4.03,814.43
2018-04-20,47546.16,0.0,505.57,24.83,6.99,1000.42
2018-04-21,47687.69,0.0,467.29,24.87,9.42,1180.75
2018-04-22,47828.31,0.0,454.79,28.09,12.72,1469.91
2018-04-23,47968.0,0.0,452.4,29.13,13.55,1551.4
2018-04-24,48106.69,0.0,461.51,28.93,12.82,1479.42
2018-04-25,48244.36,0.0,469.37,27.15,11.02,1313.54
2018-04-26,48380.97,0.0,442.69,24.08,10.01,1227.86
2018-04-27,48516.46,0.0,402.06,20.27,8.58,1115.09
2018-04-28,48650.8,0.0,433.92,19.3,6.52,968.95
2018-04-29,48783.95,0.0,414.68,20.06,8.14,1082.43
2018-04-30,48915.85,0.0,453.18,20.64,7.15,1012.06
2018-05-01,49046.47,0.0,486.74,23.97,8.34,1097.69
2018-05-02,49175.75,0.0,494.86,24.16,8.03,1074.21
2018-05-03,49303.66,0.0,482.76,24.18,8.81,1132.75
2018-05-04,49430.14,0.0,519.6,29.59,10.39,1259.45
2018-05-05,49555.15,0.0,460.65,27.93,12.81,1478.93
2018-05-06,49678.63,0.0,468.67,24.61,9.43,1181.0
2018-05-07,49800.54,0.0,509.83,29.52,10.51,1269.67
2018-05-08,49920.83,0.0,485.81,30.39,12.75,1472.84
2018-05-09,50039.45,0.0,460.21,27.61,12.1,1410.78
2018-05-10,50156.35,0.0,484.65,28.14,10.97,1309.57
2018-05-11,50271.47,0.0,483.42,27.86,10.69,1285.37
2018-05-12,50384.76,0.0,447.12,27.9,12.61,1459.37
2018-05-13,50496.18,0.0,452.57,25.09,10.03,1229.67
2018-05-14,50605.67,0.0,444.54,23.95,9.5,1186.64
2018-05-15,50713.17,0.0,466.55,24.81,9.08,1153.61
2018-05-16,50818.64,1.59,400.08,21.76,9.36,1175.63
2018-05-17,50922.03,0.0,490.1,26.1,8.78,1130.68
2018-05-18,51023.27,0.0,480.77,27.44,10.28,1250.57
2018-05-19,51122.32,0.0,456.85,26.57,10.89,1302.25
2018-05-20,51219.12,0.0,436.95,23.8,9.59,1193.75
2018-05-21,51313.63,0.0,489.81,26.9,9.43,1181.57
2018-05-22,51405.79,0.0,480.52,27.35,10.31,1253.16
2018-05-23,51495.55,0.0,324.01,21.24,11.62,1366.77
2018-05-24,51582.85,7.44,350.28,25.09,9.36,1175.34
2018-05-25,51667.65,1.84,288.53,18.29,10.12,1237.62
2018-05-26,51749.9,0.0,446.91,24.28,9.88,1217.88
2018-05-27,51829.55,0.0,519.66,30.01,10.07,1233.3
2018-05-28,51906.55,0.0,499.58,33.12,13.58,1554.39
2018-05-29,51980.84,0.0,471.88,33.25,15.3,1737.7
2018-05-30,52052.4,0.0,418.9,26.71,12.74,1471.53
2018-05-31,52121.16,0.0,469.49,24.87,8.79,1131.62
2018-06-01,52187.09,0.0,521.99,28.76,8.62,1100.49
2018-06-02,52250.14,0.0,520.24,35.07,13.18,1446.99
2018-06-03,52310.27,0.0,492.18,38.16,17.25,1892.22
2018-06-04,52367.45,0.0,471.96,34.57,15.98,1788.43
2018-06-05,52421.62,0.0,481.44,30.86,12.56,1445.2
2018-06-06,52472.76,0.0,443.7,27.27,11.78,1381.8
2018-06-07,52520.83,0.0,481.35,29.85,11.88,1385.11
2018-06-08,52565.79,0.0,498.83,31.8,12.23,1391.17
2018-06-09,52607.62,0.0,400.06,26.23,12.83,1480.61
2018-06-10,52646.29,0.0,479.27,27.55,10.15,1239.77
2018-06-11,52681.76,0.0,515.31,31.54,10.89,1254.64
2018-06-12,52714.01,0.0,509.4,36.45,14.99,1505.63
2018-06-13,52743.03,0.0,471.26,37.59,18.22,1875.28
2018-06-14,52768.78,0.0,484.67,34.07,15.02,1430.84
2018-06-15,52791.24,0.0,475.9,32.76,14.42,1368.7
2018-06-16,52810.42,0.0,481.87,29.67,11.56,1142.84
2018-06-17,52826.27,0.0,456.19,26.11,9.88,1070.7
2018-06-18,52838.81,0.0,437.56,27.12,11.65,1217.58
2018-06-19,52848.01,0.0,495.04,34.06,14.38,1255.12
2018-06-20,52853.87,0.0,481.66,33.56,15.2,1152.37
2018-06-21,52856.39,0.0,528.19,35.66,14.11,877.61
2018-06-22,52855.56,0.0,522.32,38.22,16.26,998.45
2018-06-23,52851.38,0.0,474.85,38.5,19.44,1319.18
2018-06-24,52843.87,0.0,474.74,36.88,17.9,1211.93
2018-06-25,52833.01,0.0,458.67,32.18,14.74,1056.17
2018-06-26,52818.83,0.0,513.8,35.99,14.67,924.98
2018-06-27,52801.33,0.0,451.15,32.06,15.03,1091.3
2018-06-28,52780.52,0.0,478.44,33.04,14.42,994.0
2018-06-29,52756.42,0.0,503.43,35.52,14.85,958.57
2018-06-30,52729.05,0.0,495.56,38.83,17.91,1153.52
2018-07-01,52698.43,0.0,477.06,38.45,18.72,1260.1
2018-07-02,52664.58,0.0,460.62,35.0,16.88,1183.85
2018-07-03,52627.52,0.0,447.44,32.07,15.11,1106.79
2018-07-04,52587.29,0.0,421.34,29.47,14.09,1106.04
2018-07-05,52543.9,0.0,497.21,33.46,13.95,789.7
2018-07-06,52497.39,0.0,471.94,37.31,19.46,861.4
2018-07-07,52447.79,0.0,492.72,38.37,19.08,840.19
2018-07-08,52395.15,0.0,497.76,37.65,18.12,787.85
2018-07-09,52339.48,0.0,511.53,38.27,17.52,756.66
2018-07-10,52280.84,0.0,490.19,37.85,18.55,810.83
2018-07-11,52219.25,0.0,498.3,38.31,18.42,803.73
2018-07-12,52154.77,0.0,465.74,36.9,19.25,849.91
2018-07-13,52087.43,0.0,438.53,37.16,20.97,952.07
2018-07-14,52017.28,0.0,464.34,38.61,20.89,946.91
2018-07-15,51944.36,0.0,487.59,37.31,18.35,800.33
2018-07-16,51868.72,0.0,509.17,39.13,18.38,802.01
2018-07-17,51790.4,0.0,515.98,39.75,18.24,794.55
2018-07-18,51709.46,0.0,502.95,41.01,20.1,898.78
2018-07-19,51625.94,0.0,475.47,39.49,20.64,931.37
2018-07-20,51539.89,0.0,466.91,37.84,19.71,876.13
2018-07-21,51451.36,0.0,417.54,35.5,20.3,911.15
2018-07-22,51360.41,0.0,454.23,36.66,19.57,867.89
2018-07-23,51267.08,0.0,484.69,38.7,19.54,866.05
2018-07-24,51171.43,0.0,494.24,40.13,20.07,897.27
2018-07-25,51073.5,0.0,498.54,41.03,20.41,917.71
2018-07-26,50973.36,0.0,481.7,39.86,20.58,927.93
2018-07-27,50871.05,0.0,476.03,38.21,19.46,861.57
2018-07-28,50766.63,0.0,481.98,38.87,19.61,869.99
2018-07-29,50660.14,0.0,422.21,35.57,20.09,898.44
2018-07-30,50551.65,0.0,471.98,37.37,19.04,837.67
2018-07-31,50441.2,0.0,458.67,37.69,20.1,898.88
2018-08-01,50328.84,0.0,479.15,37.67,18.81,824.95
2018-08-02,50214.64,0.0,492.01,37.24,17.49,755.04
2018-08-03,50098.63,0.0,484.46,35.91,16.7,716.0
2018-08-04,49980.87,0.0,477.22,37.06,18.14,788.79
2018-08-05,49861.42,0.0,472.91,34.49,16.09,686.96
2018-08-06,49740.32,0.0,468.67,35.37,17.11,736.05
2018-08-07,49617.62,0.0,447.47,35.15,18.14,789.09
2018-08-08,49493.38,0.0,486.92,37.07,17.41,751.01
2018-08-09,49367.64,0.0,502.89,39.82,18.42,804.14
2018-08-10,49240.44,0.0,474.72,39.47,20.11,899.54
2018-08-11,49111.85,0.0,455.15,38.42,20.37,915.36
2018-08-12,48981.89,0.0,469.65,37.84,18.85,827.11
2018-08-13,48850.63,0.0,447.13,35.98,18.55,811.1
2018-08-14,48718.11,0.0,441.92,33.97,17.02,731.71
2018-08-15,48584.37,0.0,440.09,33.62,16.84,722.9
2018-08-16,48449.45,0.0,470.48,36.64,17.68,764.88
2018-08-17,48313.4,0.0,481.42,38.15,18.17,790.44
2018-08-18,48176.26,0.0,489.33,39.65,18.7,819.19
2018-08-19,48038.08,0.0,470.36,38.21,18.73,821.01
2018-08-20,47898.89,0.0,465.61,36.22,17.18,739.73
2018-08-21,47758.73,0.0,407.8,29.7,14.54,617.56
2018-08-22,47617.65,0.0,441.74,31.51,14.37,610.63
2018-08-23,47475.69,0.0,429.55,30.63,14.25,605.29
2018-08-24,47332.87,0.0,437.62,30.62,13.8,587.0
2018-08-25,47189.25,0.0,474.94,32.59,13.09,558.32
2018-08-26,47044.85,0.0,452.74,32.29,14.25,605.31
2018-08-27,46899.71,0.0,408.91,29.41,14.11,599.63
2018-08-28,46753.86,0.0,388.11,28.24,14.0,594.98
2018-08-29,46607.35,0.0,426.33,29.07,12.76,545.93
2018-08-30,46460.21,0.0,417.43,27.72,11.96,515.84
2018-08-31,46312.46,0.0,446.42,31.02,13.23,563.89
2018-09-01,46164.14,0.0,446.13,32.58,14.58,619.35
2018-09-02,46015.29,0.0,457.82,35.41,16.17,690.56
2018-09-03,45865.93,0.0,429.37,34.03,16.76,718.82
2018-09-04,45716.09,0.0,441.2,35.03,16.79,720.25
2018-09-05,45565.81,0.0,434.94,34.86,16.92,726.67
2018-09-06,45415.11,0.0,442.64,34.32,15.77,671.91
2018-09-07,45264.02,0.0,468.99,37.22,15.98,681.57
2018-09-08,45112.58,0.0,427.53,35.53,17.63,762.65
2018-09-09,44960.81,0.0,447.74,35.31,15.84,675.44
2018-09-10,44808.74,0.0,428.5,34.24,16.16,690.02
2018-09-11,44656.39,0.0,413.98,32.76,15.68,668.07
2018-09-12,44503.8,0.0,360.1,25.3,11.72,507.16
2018-09-13,44350.98,0.0,376.69,26.92,12.35,530.46
2018-09-14,44197.97,0.0,409.12,28.78,12.12,521.65
2018-09-15,44044.8,0.0,381.75,26.74,11.78,509.61
2018-09-16,43891.48,0.0,428.2,28.24,10.17,454.53
2018-09-17,43738.05,0.0,418.7,29.02,11.48,498.93
2018-09-18,43584.53,0.0,405.16,28.57,11.9,513.87
2018-09-19,43430.95,0.0,420.41,29.92,11.94,515.15
2018-09-20,43277.32,0.0,420.31,32.16,13.69,582.34
2018-09-21,43123.69,0.0,435.52,34.26,13.96,593.48
2018-09-22,42970.06,0.0,415.07,34.47,15.6,664.33
2018-09-23,42816.48,0.0,396.27,32.93,15.44,656.85
2018-09-24,42662.96,0.0,409.74,33.67,14.91,633.61
2018-09-25,42509.52,0.0,406.14,33.86,15.14,643.75
2018-09-26,42356.21,0.0,418.77,36.6,16.02,683.65
2018-09-27,42203.03,0.0,405.94,36.84,17.02,731.68
2018-09-28,42050.02,0.0,355.71,30.36,14.74,626.29
2018-09-29,41897.21,0.0,327.15,24.75,11.06,484.23
2018-09-30,41744.61,0.0,364.4,27.55,11.35,494.16
2018-10-01,41592.26,0.0,358.41,29.32,13.26,565.29
2018-10-02,41440.19,0.0,323.5,29.63,15.64,665.99
2018-10-03,41288.41,11.63,155.37,24.53,16.12,937.96
2018-10-04,41136.97,5.04,159.45,23.16,14.65,850.52
2018-10-05,40985.88,0.0,318.82,24.95,11.59,502.79
2018-10-06,40835.18,0.0,311.5,25.36,12.37,531.11
2018-10-07,40684.9,0.0,303.75,25.95,13.41,570.99
2018-10-08,40535.06,0.0,349.27,26.79,11.38,495.17
2018-10-09,40385.69,0.0,369.61,29.05,11.79,509.89
2018-10-10,40236.83,0.0,333.23,24.94,10.5,465.28
2018-10-11,40088.51,0.0,320.22,24.01,10.35,460.48
2018-10-12,39940.76,0.0,363.64,28.34,11.0,482.12
2018-10-13,39793.61,0.0,354.32,28.59,11.71,506.88
2018-10-14,39647.09,0.0,341.76,27.25,11.25,490.61
2018-10-15,39501.25,0.0,331.55,26.98,11.55,501.16
2018-10-16,39356.1,0.0,349.03,26.71,9.73,440.32
2018-10-17,39211.7,0.0,354.43,28.05,10.19,455.01
2018-10-18,39068.07,0.0,348.05,27.63,10.09,451.78
2018-10-19,38925.25,0.0,349.71,29.11,11.0,482.09
2018-10-20,38783.28,0.0,336.54,29.41,12.26,526.86
2018-10-21,38642.19,0.0,324.43,29.19,12.96,553.42
2018-10-22,38502.03,0.0,313.1,26.82,11.56,501.66
2018-10-23,38362.83,0.0,306.92,24.55,9.78,441.93
2018-10-24,38224.64,0.0,329.38,26.46,9.52,433.76
2018-10-25,38087.5,0.0,325.95,27.37,10.47,464.25
2018-10-26,37951.44,0.0,320.86,28.54,11.85,512.12
2018-10-27,37816.52,0.0,304.79,28.91,13.47,573.39
2018-10-28,37682.77,0.0,280.18,25.91,12.4,532.16
2018-10-29,37550.23,0.0,256.74,21.41,9.54,434.25
2018-10-30,37418.96,0.0,279.21,22.74,9.25,425.5
2018-10-31,37289.0,0.0,310.99,24.01,7.62,378.01
2018-11-01,37160.4,0.0,313.85,27.19,9.87,444.69
2018-11-02,37033.19,0.0,294.97,27.25,11.28,491.91
2018-11-03,36907.44,0.0,263.16,25.98,12.35,530.22
2018-11-04,36783.19,0.0,295.39,28.29,11.45,497.78
2018-11-05,36660.48,0.0,272.71,25.48,10.64,469.99
2018-11-06,36539.37,0.0,269.51,23.24,8.53,403.89
2018-11-07,36419.9,0.0,292.08,24.06,6.92,359.17
2018-11-08,36302.14,0.0,280.66,23.9,7.72,380.81
2018-11-09,36186.12,0.0,280.23,21.76,5.49,323.22
2018-11-10,36071.9,0.0,253.52,20.15,6.05,342.87
2018-11-11,35959.54,0.0,263.84,19.31,4.26,294.85
2018-11-12,35849.07,0.0,281.52,21.92,4.8,307.1
2018-11-13,35740.56,0.0,235.52,19.52,6.42,397.96
2018-11-14,35634.07,0.0,249.91,20.25,5.86,350.64
2018-11-15,35529.63,0.0,244.83,19.55,5.5,358.76
2018-11-16,35427.3,0.0,257.86,21.26,5.9,333.15
2018-11-17,35327.15,0.0,258.85,21.68,6.08,337.52
2018-11-18,35229.21,0.0,261.7,21.52,5.48,322.93
2018-11-19,35133.54,0.0,261.1,22.73,6.5,348.11
2018-11-20,35040.19,0.0,243.11,21.19,6.62,384.51
2018-11-21,34949.23,30.55,137.09,19.07,8.75,797.58
2018-11-22,34860.68,11.19,82.83,16.59,10.53,1271.21
2018-11-23,34774.62,31.09,53.4,14.04,10.43,1263.33
2018-11-24,34691.08,1.64,105.56,15.79,10.24,1247.26
2018-11-25,34610.12,0.0,175.77,18.47,8.75,1127.96
2018-11-26,34531.79,0.0,181.07,18.5,8.47,1107.41
2018-11-27,34456.13,3.47,84.62,14.68,8.91,1140.87
2018-11-28,34383.19,23.68,60.43,15.7,11.67,1371.69
2018-11-29,34313.02,16.68,50.02,13.33,10.22,1245.38
2018-11-30,34245.66,8.25,122.36,14.95,6.71,981.65
2018-12-01,34181.16,8.62,132.46,12.87,4.08,817.6
2018-12-02,34119.56,0.0,201.03,12.8,2.54,733.29
2018-12-03,34060.89,0.0,214.58,13.12,1.83,696.96
2018-12-04,34005.21,1.16,139.14,12.87,6.35,957.87
2018-12-05,33952.54,1.14,165.63,15.74,7.74,1053.09
2018-12-06,33902.93,0.0,219.99,16.35,4.64,850.59
2018-12-07,33856.4,0.0,215.42,16.2,4.98,870.63
2018-12-08,33812.99,0.0,207.63,14.97,4.57,845.97
2018-12-09,33772.73,0.0,167.81,11.6,4.05,815.82
2018-12-10,33735.65,0.0,185.99,12.96,4.38,835.16
2018-12-11,33701.78,0.0,201.22,12.85,3.42,780.37
2018-12-12,33671.14,0.0,218.2,15.25,4.5,841.94
2018-12-13,33643.75,0.0,230.01,15.93,4.04,815.03
2018-12-14,33619.63,0.0,231.33,17.15,4.96,869.76
2018-12-15,33598.8,0.0,228.99,17.17,5.25,887.01
2018-12-16,33581.28,29.46,170.96,17.24,5.47,900.72
2018-12-17,33567.07,0.0,196.26,16.35,7.33,1024.49
2018-12-18,33556.19,0.0,236.6,17.43,4.96,869.62
2018-12-19,33548.66,0.0,214.62,16.2,6.13,943.15
2018-12-20,33544.46,1.7,166.54,13.75,6.97,999.68
2018-12-21,33543.61,0.0,210.08,17.09,7.49,1035.72
2018-12-22,33546.1,0.0,174.59,11.69,4.62,848.92
2018-12-23,33551.94,0.0,186.56,14.32,6.36,958.09
2018-12-24,33561.12,25.33,80.35,11.87,7.75,1053.83
2018-12-25,33573.63,0.0,191.41,13.56,5.47,901.04
2018-12-26,33589.47,0.0,229.27,13.04,2.34,722.54
2018-12-27,33608.62,0.0,241.95,15.24,2.81,747.24
2018-12-28,33631.07,0.0,233.09,13.67,2.21,716.28
2018-12-29,33656.79,0.0,233.61,12.61,1.02,657.32
2018-12-30,33685.79,0.0,236.91,13.57,1.49,679.97
2018-12-31,33718.02,0.0,243.61,14.17,1.21,666.69
2019-01-01,33753.63,0.0,245.56,12.32,-0.14,604.41
2019-01-02,33792.29,0.0,244.42,12.01,-0.16,603.49
2019-01-03,33834.11,0.0,252.34,14.42,1.11,661.88
2019-01-04,33879.07,0.0,249.58,15.41,2.4,725.7
2019-01-05,33927.13,12.07,159.62,12.3,2.9,752.14
2019-01-06,33978.27,20.46,93.6,12.16,7.25,1018.52
2019-01-07,34032.43,0.0,149.66,15.37,9.26,1167.82
2019-01-08,34089.6,12.01,144.9,16.77,8.4,1101.68
2019-01-09,34149.72,29.68,100.76,15.75,10.36,1257.45
2019-01-10,34212.77,0.0,203.53,16.44,7.63,1045.47
2019-01-11,34278.69,0.0,248.14,17.31,5.15,881.22
2019-01-12,34347.45,0.0,252.26,17.91,5.38,895.52
2019-01-13,34419.0,0.0,238.68,16.96,5.94,930.82
2019-01-14,34493.29,2.47,159.37,14.62,5.72,916.8
2019-01-15,34570.28,19.3,69.55,11.8,8.42,1103.47
2019-01-16,34649.92,39.19,111.69,15.99,10.23,1246.1
2019-01-17,34732.16,11.58,70.14,13.67,10.25,1248.41
2019-01-18,34816.96,0.0,159.06,15.21,9.16,1160.13
2019-01-19,34904.26,0.0,221.27,19.03,9.67,1200.14
2019-01-20,34994.01,13.55,129.74,14.89,8.36,1098.49
2019-01-21,35086.16,0.0,221.12,13.77,5.06,875.77
2019-01-22,35180.67,0.0,233.28,12.46,3.27,772.07
2019-01-23,35277.47,0.0,272.03,14.49,2.49,730.76
2019-01-24,35376.51,0.0,272.13,15.02,3.16,766.05
2019-01-25,35477.75,0.0,286.64,18.03,4.49,841.19
2019-01-26,35581.13,0.0,283.0,18.11,5.19,883.39
2019-01-27,35686.6,0.0,293.3,20.81,6.46,964.81
2019-01-28,35794.1,0.0,247.93,17.9,8.07,1077.11
2019-01-29,35903.58,0.0,266.51,19.17,8.11,1080.68
2019-01-30,36014.99,0.0,274.74,19.11,7.62,1044.99
2019-01-31,36128.28,0.0,276.74,19.28,7.81,1058.53
2019-02-01,36243.4,15.67,155.17,16.61,9.46,1183.47
2019-02-02,36360.29,20.08,161.82,16.16,8.86,1136.84
2019-02-03,36478.9,31.68,114.43,12.39,7.77,1055.43
2019-02-04,36599.19,18.22,159.85,10.72,4.19,823.62
2019-02-05,36721.1,7.54,132.01,6.26,1.21,666.41
2019-02-06,36844.58,0.0,306.06,10.74,-0.26,599.46
2019-02-07,36969.58,0.0,310.99,10.98,-0.3,597.66
2019-02-08,37096.06,5.58,232.62,12.6,1.23,667.71
2019-02-09,37223.96,25.75,115.12,8.85,4.48,840.82
2019-02-10,37353.25,0.0,273.34,9.57,1.06,659.44
2019-02-11,37483.86,0.0,340.38,11.97,-0.83,574.83
2019-02-12,37615.76,13.39,262.04,14.21,0.29,623.72
2019-02-13,37748.91,20.38,240.03,16.62,5.2,884.03
2019-02-14,37883.24,23.04,208.75,17.39,8.26,1091.4
2019-02-15,38018.74,14.73,110.88,9.32,5.27,888.72
2019-02-16,38155.34,12.16,190.03,10.84,3.35,776.33
2019-02-17,38293.01,7.34,185.9,8.88,1.73,691.79
2019-02-18,38431.7,0.0,355.28,11.86,-0.94,570.03
2019-02-19,38571.38,0.0,351.84,11.41,-1.02,566.71
2019-02-20,38712.0,0.0,327.8,13.23,2.34,722.85
2019-02-21,38853.53,0.0,352.49,13.83,1.39,675.37
2019-02-22,38995.93,0.0,344.74,12.06,0.53,634.55
2019-02-23,39139.16,0.0,371.92,13.66,0.14,617.06
2019-02-24,39283.18,0.0,350.42,14.6,2.86,750.01
2019-02-25,39427.95,15.3,211.95,13.23,5.07,876.2
2019-02-26,39573.45,19.04,151.37,14.34,8.98,1145.99
2019-02-27,39719.63,10.58,244.19,17.26,7.43,1031.58
2019-02-28,39866.46,0.0,267.77,12.97,5.87,926.41
2019-03-01,40013.92,9.95,210.96,15.06,7.55,1039.67
2019-03-02,40161.95,26.42,164.01,14.06,8.65,1120.91
2019-03-03,40310.55,9.13,119.02,14.26,10.49,1268.12
2019-03-04,40459.66,1.98,280.35,15.38,8.31,1095.16
2019-03-05,40609.26,11.5,173.89,14.12,8.54,1112.56
2019-03-06,40759.33,8.38,192.05,16.94,10.62,1278.89
2019-03-07,40909.82,6.28,96.37,11.05,8.24,1089.8
2019-03-08,41060.72,0.0,292.8,12.74,5.82,923.05
2019-03-09,41211.99,0.0,362.68,12.0,2.86,749.9
2019-03-10,41363.6,1.05,402.49,15.15,3.92,808.65
2019-03-11,41515.52,0.0,440.17,17.77,3.01,758.3
2019-03-12,41667.74,0.0,420.1,16.37,3.77,800.04
2019-03-13,41820.21,0.0,418.65,16.03,3.8,801.79
2019-03-14,41972.92,0.0,444.69,17.0,2.77,745.11
2019-03-15,42125.83,0.0,446.74,19.1,4.42,837.33
2019-03-16,42278.93,0.0,448.12,21.09,5.88,926.76
2019-03-17,42432.18,0.0,446.53,22.45,6.97,999.53
2019-03-18,42585.56,0.0,457.84,25.23,7.54,1038.99
2019-03-19,42739.04,7.41,290.48,22.17,10.68,1284.34
2019-03-20,42892.59,3.41,214.67,16.19,9.14,1158.72
2019-03-21,43046.2,1.56,415.38,18.14,6.21,948.63
2019-03-22,43199.83,25.58,297.64,15.93,5.23,886.27
2019-03-23,43353.46,0.0,400.42,17.17,6.37,958.92
2019-03-24,43507.07,0.0,447.35,18.04,4.67,852.03
2019-03-25,43660.63,1.77,444.9,19.17,5.99,934.25
2019-03-26,43814.11,1.61,364.55,18.89,9.63,1196.97
2019-03-27,43967.49,6.21,281.45,17.66,8.15,1083.47
2019-03-28,44120.74,2.5,324.2,17.82,5.74,918.22
2019-03-29,44273.83,0.0,431.99,17.48,5.56,906.32
2019-03-30,44426.75,0.0,460.07,18.46,4.71,854.38
2019-03-31,44579.46,0.0,475.08,21.97,6.41,961.57
2019-04-01,44731.93,10.08,286.7,21.45,10.94,1306.92
2019-04-02,44884.14,4.57,192.57,17.44,11.16,1326.05
2019-04-03,45036.07,0.0,344.66,18.35,9.49,1185.88
2019-04-04,45187.68,0.0,299.73,17.31,9.88,1217.36
2019-04-05,45338.95,0.0,281.46,15.58,8.77,1129.91
2019-04-06,45489.85,0.0,403.07,20.47,9.24,1165.99
2019-04-07,45640.34,0.0,437.35,23.79,10.42,1262.25
2019-04-08,45790.41,0.62,409.32,23.41,11.45,1352.11
2019-04-09,45940.01,0.0,355.0,19.67,10.25,1248.38
2019-04-10,46089.13,0.0,433.24,19.98,7.66,1048.01
2019-04-11,46237.72,0.0,415.07,19.62,8.22,1088.4
2019-04-12,46385.76,0.0,496.12,22.3,6.09,940.3
2019-04-13,46533.21,0.0,500.36,24.06,7.13,1010.68
2019-04-14,46680.05,0.0,462.08,24.15,9.96,1224.24
2019-04-15,46826.23,10.37,208.51,15.67,9.06,1152.33
2019-04-16,46971.73,0.0,417.35,19.29,8.33,1096.65
2019-04-17,47116.51,0.0,506.94,22.77,6.69,980.28
2019-04-18,47260.53,0.0,495.31,27.27,10.95,1307.87
2019-04-19,47403.76,0.0,473.07,28.06,12.89,1486.08
2019-04-20,47546.16,0.0,396.23,20.66,10.27,1249.66
2019-04-21,47687.69,0.0,508.34,23.4,6.99,1000.48
2019-04-22,47828.31,0.0,516.23,28.28,9.76,1207.96
2019-04-23,47968.0,0.0,493.71,29.69,12.6,1457.82
2019-04-24,48106.69,0.0,481.55,31.49,14.68,1669.92
2019-04-25,48244.36,0.0,463.53,31.07,15.44,1753.42
2019-04-26,48380.97,0.0,474.46,29.83,13.74,1570.93
2019-04-27,48516.46,0.0,451.16,26.9,12.76,1473.25
2019-04-28,48650.8,0.0,475.48,26.05,10.73,1288.47
2019-04-29,48783.95,0.0,470.48,23.77,9.17,1160.89
2019-04-30,48915.85,0.0,406.42,21.08,9.77,1208.15
2019-05-01,49046.47,0.0,508.63,24.61,7.61,1044.45
2019-05-02,49175.75,0.0,510.79,26.79,8.88,1137.84
2019-05-03,49303.66,0.0,492.78,28.34,11.1,1320.75
2019-05-04,49430.14,0.0,496.87,28.1,10.41,1261.09
2019-05-05,49555.15,0.0,453.65,22.5,8.07,1077.47
2019-05-06,49678.63,0.0,426.84,21.05,7.98,1070.99
2019-05-07,49800.54,0.0,489.41,25.21,8.37,1099.75
2019-05-08,49920.83,0.0,472.29,26.1,10.02,1228.9
2019-05-09,50039.45,0.0,449.88,25.78,10.8,1294.72
2019-05-10,50156.35,0.0,473.19,26.78,10.34,1255.42
2019-05-11,50271.47,0.0,459.34,27.28,11.4,1347.52
2019-05-12,50384.76,0.0,471.46,28.21,11.51,1357.3
2019-05-13,50496.18,0.0,471.41,28.33,11.66,1370.63
2019-05-14,50605.67,1.66,429.21,25.43,11.38,1345.51
2019-05-15,50713.17,28.91,221.9,20.95,12.21,1420.97
2019-05-16,50818.64,13.39,143.7,15.2,9.96,1224.1
2019-05-17,50922.03,10.85,282.55,19.91,8.78,1130.53
2019-05-18,51023.27,30.55,269.42,17.93,7.69,1049.69
2019-05-19,51122.32,6.61,181.13,14.95,8.55,1113.11
2019-05-20,51219.12,1.9,457.55,19.89,5.88,926.85
2019-05-21,51313.63,15.46,274.15,18.61,8.37,1099.51
2019-05-22,51405.79,0.0,398.38,19.51,8.25,1090.34
2019-05-23,51495.55,5.79,359.42,24.63,9.38,1177.2
2019-05-24,51582.85,0.0,459.79,23.71,9.66,1199.41
2019-05-25,51667.65,2.19,306.83,23.36,11.53,1358.86
2019-05-26,51749.9,2.44,200.75,15.78,9.05,1151.53
2019-05-27,51829.55,0.0,426.05,20.51,8.67,1122.27
2019-05-28,51906.55,0.0,505.85,25.55,9.27,1168.58
2019-05-29,51980.84,0.0,498.07,28.33,11.88,1390.45
2019-05-30,52052.4,0.0,498.87,28.69,11.96,1398.43
2019-05-31,52121.16,0.0,484.86,28.4,12.59,1457.38
2019-06-01,52187.09,0.0,504.06,31.57,14.02,1530.83
2019-06-02,52250.14,0.0,491.17,29.59,13.36,1470.09
2019-06-03,52310.27,0.0,504.68,31.51,14.07,1507.42
2019-06-04,52367.45,0.0,500.68,34.11,16.2,1678.71
2019-06-05,52421.62,0.0,477.2,35.65,18.66,1951.03
2019-06-06,52472.76,0.0,431.91,28.71,15.48,1681.36
2019-06-07,52520.83,0.0,485.29,25.26,10.23,1166.43
2019-06-08,52565.79,0.0,521.35,30.78,12.52,1280.65
2019-06-09,52607.62,0.0,522.03,34.41,15.02,1475.42
2019-06-10,52646.29,0.0,507.97,37.77,18.16,1795.71
2019-06-11,52681.76,0.0,494.91,38.81,19.64,1984.05
2019-06-12,52714.01,0.0,481.39,38.85,20.47,2112.76
2019-06-13,52743.03,0.0,462.1,33.93,17.99,1874.42
2019-06-14,52768.78,0.0,507.36,33.18,14.62,1462.02
2019-06-15,52791.24,0.0,468.66,30.31,14.29,1496.68
2019-06-16,52810.42,0.0,509.17,32.37,13.39,1353.4
2019-06-17,52826.27,0.0,509.63,34.35,14.56,1445.76
2019-06-18,52838.81,0.0,465.83,37.34,19.16,1952.02
2019-06-19,52848.01,0.0,484.52,36.67,17.52,1721.4
2019-06-20,52853.87,0.0,445.93,31.09,15.14,1563.81
2019-06-21,52856.39,0.0,468.83,30.96,13.94,1324.05
2019-06-22,52855.56,0.0,507.9,34.43,14.29,1274.79
2019-06-23,52851.38,0.0,501.55,37.38,16.74,1479.36
2019-06-24,52843.87,0.0,444.84,34.95,18.01,1715.61
2019-06-25,52833.01,0.0,465.31,33.61,15.66,1448.2
2019-06-26,52818.83,0.0,417.91,27.69,12.92,1293.44
2019-06-27,52801.33,0.0,472.2,27.26,9.96,998.46
2019-06-28,52780.52,0.0,416.65,29.2,14.32,1394.59
2019-06-29,52756.42,0.0,475.65,31.29,13.2,1200.33
2019-06-30,52729.05,0.0,456.53,32.93,15.52,1411.97
2019-07-01,52698.43,0.0,478.74,31.82,13.51,1166.67
2019-07-02,52664.58,0.0,484.23,31.62,13.02,1100.91
2019-07-03,52627.52,0.0,498.3,32.97,13.22,1085.92
2019-07-04,52587.29,0.0,511.47,34.07,13.15,1055.24
2019-07-05,52543.9,0.0,501.39,35.37,14.78,1179.0
2019-07-06,52497.39,0.0,471.56,35.92,16.89,1400.05
2019-07-07,52447.79,0.0,424.85,32.49,16.41,1472.75
2019-07-08,52395.15,0.0,437.13,29.83,13.6,1228.22
2019-07-09,52339.48,0.0,475.21,31.62,13.17,1125.82
2019-07-10,52280.84,0.0,474.11,34.06,15.26,1271.13
2019-07-11,52219.25,0.0,472.77,35.57,16.53,1370.05
2019-07-12,52154.77,0.0,485.33,37.6,17.32,1401.0
2019-07-13,52087.43,0.0,472.93,37.95,18.22,1506.86
2019-07-14,52017.28,0.0,457.11,36.61,18.05,1534.73
2019-07-15,51944.36,0.0,454.86,35.75,17.58,1425.02
2019-07-16,51868.72,0.0,433.39,33.64,16.96,1431.56
2019-07-17,51790.4,0.0,466.49,34.93,16.34,1304.13
2019-07-18,51709.46,0.0,449.67,35.71,17.84,1464.07
2019-07-19,51625.94,0.0,452.63,33.3,15.73,1295.21
2019-07-20,51539.89,0.0,443.93,32.47,15.43,1294.37
2019-07-21,51451.36,0.0,480.15,35.76,16.07,1256.75
2019-07-22,51360.41,0.0,473.92,38.57,18.61,1466.2
2019-07-23,51267.08,0.0,432.21,37.78,20.28,1738.43
2019-07-24,51171.43,0.0,456.53,38.95,19.86,1626.83
2019-07-25,51073.5,0.0,431.54,39.67,21.67,1883.24
2019-07-26,50973.36,0.0,409.07,38.13,21.5,1941.24
2019-07-27,50871.05,0.0,466.61,40.07,19.92,1606.79
2019-07-28,50766.63,0.0,428.76,41.6,23.0,2039.91
2019-07-29,50660.14,0.0,410.74,36.46,19.93,1778.7
2019-07-30,50551.65,0.0,440.83,34.21,16.6,1403.04
2019-07-31,50441.2,0.0,468.99,36.01,16.43,1322.77
2019-08-01,50328.84,0.0,437.29,34.25,16.74,1425.71
2019-08-02,50214.64,0.0,466.56,35.99,16.5,1337.4
2019-08-03,50098.63,0.0,475.02,38.05,17.55,1397.63
2019-08-04,49980.87,0.0,436.14,37.48,19.33,1659.15
2019-08-05,49861.42,0.0,434.34,35.9,18.17,1561.64
2019-08-06,49740.32,0.0,431.47,38.11,19.97,1737.08
2019-08-07,49617.62,0.0,426.8,35.43,18.02,1572.08
2019-08-08,49493.38,0.0,398.84,30.7,15.43,1422.83
2019-08-09,49367.64,0.0,410.44,30.36,14.62,1335.04
2019-08-10,49240.44,0.0,393.18,29.96,15.1,1412.72
2019-08-11,49111.85,0.0,463.86,32.04,13.26,1132.57
2019-08-12,48981.89,0.0,474.67,35.33,15.15,1238.45
2019-08-13,48850.63,0.0,457.75,37.97,18.2,1504.66
2019-08-14,48718.11,0.0,461.45,39.47,19.72,1315.61
2019-08-15,48584.37,0.0,449.65,40.8,21.79,1300.34
2019-08-16,48449.45,0.0,463.98,40.57,21.14,1010.0
2019-08-17,48313.4,0.0,426.83,35.02,18.97,834.26
2019-08-18,48176.26,0.0,449.25,32.58,15.5,659.82
2019-08-19,48038.08,0.0,447.21,32.33,15.31,651.16
2019-08-20,47898.89,0.0,460.16,32.82,14.97,636.08
2019-08-21,47758.73,0.0,462.21,34.34,16.13,688.98
2019-08-22,47617.65,0.0,456.84,36.34,18.16,789.93
2019-08-23,47475.69,0.0,442.07,37.57,20.08,897.69
2019-08-24,47332.87,0.0,448.68,36.78,18.92,831.31
2019-08-25,47189.25,0.0,449.74,38.38,20.1,898.87
2019-08-26,47044.85,0.0,453.96,38.69,20.03,894.93
2019-08-27,46899.71,0.0,454.79,39.23,20.32,912.23
2019-08-28,46753.86,0.0,417.63,35.89,19.61,870.11
2019-08-29,46607.35,0.0,427.23,33.5,16.86,723.87
2019-08-30,46460.21,0.0,459.07,34.46,15.62,665.11
2019-08-31,46312.46,0.0,472.97,36.89,16.49,706.08
2019-09-01,46164.14,0.0,458.54,38.22,18.58,812.71
2019-09-02,46015.29,0.0,426.06,36.87,19.57,867.77
2019-09-03,45865.93,0.0,435.21,35.97,18.08,785.86
2019-09-04,45716.09,0.0,437.26,37.24,18.93,832.04
2019-09-05,45565.81,0.0,399.42,35.21,19.37,856.74
2019-09-06,45415.11,0.0,432.55,34.93,17.02,731.86
2019-09-07,45264.02,0.0,335.32,27.11,14.89,632.88
2019-09-08,45112.58,0.0,419.04,28.73,12.06,519.64
2019-09-09,44960.81,0.0,408.4,28.83,12.63,540.99
2019-09-10,44808.74,0.0,405.77,27.4,11.43,496.87
2019-09-11,44656.39,0.0,425.41,30.48,12.97,553.69
2019-09-12,44503.8,0.0,466.31,35.5,13.95,592.88
2019-09-13,44350.98,0.0,450.74,37.32,16.66,714.09
2019-09-14,44197.97,0.0,435.17,38.25,18.55,810.95
2019-09-15,44044.8,0.0,379.29,32.34,16.98,729.82
2019-09-16,43891.48,13.09,168.76,22.75,14.65,747.62
2019-09-17,43738.05,0.0,391.85,26.93,11.23,490.1
2019-09-18,43584.53,1.21,284.83,23.12,12.81,547.7
2019-09-19,43430.95,0.0,391.04,24.74,9.17,423.07
2019-09-20,43277.32,0.0,405.52,28.21,11.38,495.27
2019-09-21,43123.69,0.0,421.33,30.36,12.02,518.13
2019-09-22,42970.06,0.0,401.94,31.66,14.43,613.09
2019-09-23,42816.48,0.0,402.2,31.24,13.87,589.68
2019-09-24,42662.96,0.0,391.03,34.43,17.35,748.4
2019-09-25,42509.52,0.0,396.65,35.34,17.6,761.1
2019-09-26,42356.21,0.0,331.72,31.39,18.0,781.65
2019-09-27,42203.03,0.0,322.21,25.6,13.04,556.53
2019-09-28,42050.02,0.0,362.89,23.25,8.53,404.01
2019-09-29,41897.21,0.0,355.91,20.73,6.51,348.56
2019-09-30,41744.61,0.0,318.15,19.34,7.22,367.11
2019-10-01,41592.26,0.0,379.92,21.6,5.84,331.59
2019-10-02,41440.19,0.0,403.52,24.87,6.86,357.65
2019-10-03,41288.41,0.0,386.7,25.45,8.57,405.06
2019-10-04,41136.97,0.0,391.75,24.52,7.09,363.75
2019-10-05,40985.88,0.0,394.92,27.27,9.04,419.04
2019-10-06,40835.18,0.0,396.32,30.53,11.51,499.87
2019-10-07,40684.9,0.0,394.57,32.61,12.99,554.73
2019-10-08,40535.06,0.0,365.79,31.79,14.57,618.84
2019-10-09,40385.69,0.0,295.89,24.07,11.8,510.15
2019-10-10,40236.83,0.0,334.37,24.22,9.58,435.74
2019-10-11,40088.51,0.0,371.28,27.22,9.39,429.68
2019-10-12,39940.76,0.0,380.31,27.3,8.38,399.56
2019-10-13,39793.61,0.0,362.63,27.45,10.01,449.14
2019-10-14,39647.09,0.0,359.69,27.3,9.92,446.32
2019-10-15,39501.25,0.0,369.95,28.44,9.59,436.05
2019-10-16,39356.1,0.0,326.69,26.99,11.52,500.24
2019-10-17,39211.7,0.0,253.05,21.92,11.09,485.15
2019-10-18,39068.07,0.0,327.72,22.97,7.24,367.81
2019-10-19,38925.25,0.0,310.25,22.75,8.14,392.76
2019-10-20,38783.28,0.0,304.43,24.03,9.64,437.45
2019-10-21,38642.19,0.0,334.37,28.25,11.02,482.8
2019-10-22,38502.03,0.0,334.49,28.94,11.36,494.59
2019-10-23,38362.83,0.0,321.21,29.7,13.01,555.36
2019-10-24,38224.64,0.0,320.03,31.41,14.41,611.94
2019-10-25,38087.5,0.0,322.57,31.08,13.62,579.55
2019-10-26,37951.44,0.0,308.98,29.55,13.14,560.6
2019-10-27,37816.52,0.0,270.99,22.18,8.9,414.79
2019-10-28,37682.77,0.0,307.78,21.05,4.82,307.36
2019-10-29,37550.23,0.0,298.49,20.7,5.01,311.95
2019-10-30,37418.96,0.0,296.06,21.14,5.32,319.07
2019-10-31,37289.0,0.0,307.59,22.35,5.11,314.2
2019-11-01,37160.4,0.0,298.68,22.76,6.13,338.93
2019-11-02,37033.19,0.0,297.99,24.71,7.76,381.99
2019-11-03,36907.44,0.0,287.23,24.77,8.62,406.58
2019-11-04,36783.19,0.0,281.5,25.33,9.5,433.14
2019-11-05,36660.48,0.0,295.81,27.36,9.77,441.61
2019-11-06,36539.37,0.0,273.19,26.03,10.57,467.76
2019-11-07,36419.9,0.0,287.5,27.88,10.68,471.23
2019-11-08,36302.14,0.0,279.38,28.0,11.25,490.72
2019-11-09,36186.12,0.0,263.69,26.08,10.73,472.98
2019-11-10,36071.9,0.0,243.84,24.27,10.54,466.62
2019-11-11,35959.54,0.0,257.03,25.23,10.33,459.62
2019-11-12,35849.07,0.0,250.28,25.66,11.19,488.82
2019-11-13,35740.56,0.0,241.97,25.07,11.18,488.27
2019-11-14,35634.07,0.0,184.76,19.54,9.69,648.92
2019-11-15,35529.63,0.0,209.82,20.11,8.7,529.29
2019-11-16,35427.3,0.0,237.57,21.44,7.82,420.7
2019-11-17,35327.15,0.0,259.26,24.72,8.9,414.94
2019-11-18,35229.21,0.0,253.34,25.43,9.89,445.45
2019-11-19,35133.54,0.0,156.93,19.16,10.59,808.92
2019-11-20,35040.19,0.0,236.94,21.06,7.1,411.54
2019-11-21,34949.23,0.0,216.08,18.9,6.63,465.18
2019-11-22,34860.68,0.0,225.41,19.74,6.7,439.65
2019-11-23,34774.62,0.0,241.11,20.2,5.73,377.34
2019-11-24,34691.08,0.0,235.49,20.08,6.07,399.73
2019-11-25,34610.12,0.0,228.57,17.81,4.4,388.2
2019-11-26,34531.79,18.88,111.44,10.01,2.11,633.16
2019-11-27,34456.13,6.74,68.48,9.01,4.38,834.77
2019-11-28,34383.19,3.87,98.23,9.9,3.15,765.64
2019-11-29,34313.02,0.0,145.47,10.06,2.6,736.21
2019-11-30,34245.66,17.55,129.9,11.62,2.55,733.55
2019-12-01,34181.16,40.95,90.54,13.3,7.23,1017.59
2019-12-02,34119.56,4.37,56.07,13.91,10.35,1256.36
2019-12-03,34060.89,3.43,127.51,16.93,8.18,1085.51
2019-12-04,34005.21,10.52,57.41,12.68,9.21,1163.72
2019-12-05,33952.54,0.0,180.14,17.18,8.15,1083.23
2019-12-06,33902.93,13.89,167.1,19.95,7.43,1031.14
2019-12-07,33856.4,17.53,120.53,18.25,10.44,1263.76
2019-12-08,33812.99,0.0,165.78,16.01,8.24,1089.94
2019-12-09,33772.73,0.0,214.29,15.18,4.41,836.64
2019-12-10,33735.65,0.46,191.46,14.15,5.12,879.56
2019-12-11,33701.78,2.15,127.6,14.92,7.21,1016.02
2019-12-12,33671.14,0.0,168.14,17.64,9.96,1224.45
2019-12-13,33643.75,9.33,40.48,14.12,12.09,1410.62
2019-12-14,33619.63,0.0,132.53,13.43,8.01,1072.9
2019-12-15,33598.8,0.0,203.58,12.22,3.19,767.84
2019-12-16,33581.28,0.0,239.55,13.2,1.14,663.15
2019-12-17,33567.07,0.0,236.85,14.15,2.32,721.79
2019-12-18,33556.19,0.0,192.41,14.54,6.29,953.92
2019-12-19,33548.66,0.0,211.44,15.54,5.93,929.89
2019-12-20,33544.46,0.0,238.35,17.21,4.98,870.74
2019-12-21,33543.61,0.0,216.52,17.5,7.38,1027.78
2019-12-22,33546.1,6.07,144.63,13.55,5.52,904.02
2019-12-23,33551.94,0.0,181.16,12.65,5.49,902.28
2019-12-24,33561.12,0.0,205.57,10.98,2.71,741.99
2019-12-25,33573.63,0.0,186.01,11.74,4.67,852.18
2019-12-26,33589.47,0.0,232.62,13.55,3.26,771.35
2019-12-27,33608.62,0.0,256.01,13.23,0.02,611.5
2019-12-28,33631.07,0.0,253.02,13.37,0.48,632.43
2019-12-29,33656.79,0.0,211.2,12.65,3.73,797.68
2019-12-30,33685.79,0.0,227.17,12.95,2.86,749.78
2019-12-31,33718.02,0.0,236.23,13.84,2.77,745.34
2020-01-01,33753.63,0.0,239.77,16.25,4.01,813.27
2020-01-02,33792.29,0.0,240.8,16.95,4.62,849.01
2020-01-03,33834.11,0.0,243.6,16.83,4.3,830.22
2020-01-04,33879.07,0.51,223.62,15.63,5.19,883.34
2020-01-05,33927.13,0.0,208.78,14.49,5.27,888.61
2020-01-06,33978.27,0.0,231.35,12.93,2.31,721.09
2020-01-07,34032.43,1.98,239.73,13.25,1.97,703.97
2020-01-08,34089.6,11.12,105.44,11.4,5.95,931.22
2020-01-09,34149.72,3.04,137.66,10.43,3.11,763.59
2020-01-10,34212.77,3.59,191.46,12.63,0.25,622.04
2020-01-11,34278.69,0.18,214.14,12.95,3.94,809.42
2020-01-12,34347.45,1.43,220.65,10.61,1.43,677.12
2020-01-13,34419.0,1.6,182.86,11.97,4.82,860.81
2020-01-14,34493.29,0.0,223.73,12.17,2.87,750.55
2020-01-15,34570.28,0.0,238.52,10.88,0.78,646.27
2020-01-16,34649.92,16.33,135.7,10.97,4.11,819.48
2020-01-17,34732.16,0.0,213.24,11.25,2.86,750.26
2020-01-18,34816.96,0.0,228.42,12.0,2.79,746.55
2020-01-19,34904.26,0.0,181.81,10.97,4.26,828.14
2020-01-20,34994.01,0.0,216.61,14.09,5.6,908.86
2020-01-21,35086.16,1.01,201.31,13.86,6.23,949.83
2020-01-22,35180.67,0.0,168.76,14.83,8.66,1121.27
2020-01-23,35277.47,0.0,207.86,14.45,6.63,976.25
2020-01-24,35376.51,0.0,259.1,19.16,7.91,1066.06
2020-01-25,35477.75,14.7,173.36,16.83,7.8,1057.84
2020-01-26,35581.13,0.0,239.26,16.98,7.59,1042.54
2020-01-27,35686.6,0.0,272.61,17.72,6.13,943.15
2020-01-28,35794.1,0.0,270.74,16.09,5.02,873.07
2020-01-29,35903.58,0.0,281.81,16.4,4.63,849.44
2020-01-30,36014.99,0.0,271.54,17.11,6.21,948.57
2020-01-31,36128.28,0.0,292.06,19.28,6.56,971.5
2020-02-01,36243.4,0.0,296.97,20.54,7.35,1025.72
2020-02-02,36360.29,0.0,278.24,12.83,2.42,727.05
2020-02-03,36478.9,0.0,309.14,12.41,-0.21,601.37
2020-02-04,36599.19,0.0,312.25,12.02,-0.72,579.27
2020-02-05,36721.1,0.0,322.77,14.23,0.32,625.13
2020-02-06,36844.58,0.0,324.63,15.88,1.73,691.87
2020-02-07,36969.58,0.0,319.16,18.37,4.39,835.44
2020-02-08,37096.06,0.0,311.45,17.37,4.37,834.23
2020-02-09,37223.96,0.0,302.53,18.08,5.93,930.5
2020-02-10,37353.25,0.0,344.13,21.32,4.2,824.49
2020-02-11,37483.86,0.0,328.31,19.12,4.66,851.65
2020-02-12,37615.76,0.0,325.37,18.61,4.56,845.36
2020-02-13,37748.91,0.0,320.59,18.61,5.09,877.69
2020-02-14,37883.24,0.0,337.69,18.9,3.89,806.95
2020-02-15,38018.74,0.0,327.47,19.18,5.11,878.64
2020-02-16,38155.34,0.0,298.75,18.87,6.98,999.89
2020-02-17,38293.01,0.0,332.98,20.61,6.1,933.07
2020-02-18,38431.7,0.0,319.7,18.5,5.3,890.29
2020-02-19,38571.38,0.0,337.39,19.66,5.01,865.15
2020-02-20,38712.0,0.0,342.99,21.18,5.85,902.66
2020-02-21,38853.53,0.0,345.92,23.01,7.11,969.22
2020-02-22,38995.93,0.0,321.86,20.99,7.25,1011.55
2020-02-23,39139.16,0.0,320.31,17.83,4.69,853.37
2020-02-24,39283.18,0.0,346.65,21.12,5.79,891.0
2020-02-25,39427.95,0.0,340.05,21.78,6.91,962.72
2020-02-26,39573.45,0.0,356.98,24.13,7.68,982.47
2020-02-27,39719.63,0.0,362.3,24.54,7.67,972.74
2020-02-28,39866.46,0.0,368.64,24.54,7.22,935.92
2020-02-29,40013.92,0.0,271.45,18.71,8.23,1088.87
2020-03-01,40161.95,0.0,210.5,14.66,7.16,1012.72
2020-03-02,40310.55,0.0,357.93,21.26,6.09,889.74
2020-03-03,40459.66,0.0,369.55,22.12,6.05,871.01
2020-03-04,40609.26,0.0,386.15,25.1,7.3,913.08
2020-03-05,40759.33,0.0,357.99,24.05,8.74,1040.9
2020-03-06,40909.82,0.0,326.8,19.1,6.36,941.86
2020-03-07,41060.72,4.51,128.5,13.47,7.71,1050.93
2020-03-08,41211.99,0.0,261.28,16.08,7.02,1002.47
2020-03-09,41363.6,0.0,313.67,18.55,7.2,1015.56
2020-03-10,41515.52,0.0,380.58,22.43,7.14,930.1
2020-03-11,41667.74,0.0,357.06,22.21,8.62,1051.99
2020-03-12,41820.21,0.0,392.58,24.16,8.38,939.25
2020-03-13,41972.92,0.0,371.18,21.59,7.66,911.51
2020-03-14,42125.83,46.07,92.66,12.82,9.13,1157.98
2020-03-15,42278.93,45.24,131.53,11.16,5.97,932.96
2020-03-16,42432.18,12.15,87.8,6.7,3.59,789.9
2020-03-17,42585.56,0.0,309.28,12.04,2.74,743.93
2020-03-18,42739.04,0.0,324.22,13.12,3.4,779.11
2020-03-19,42892.59,0.43,390.7,15.29,2.64,738.23
2020-03-20,43046.2,0.0,399.52,17.22,4.1,818.75
2020-03-21,43199.83,0.0,404.62,17.71,4.44,838.55
2020-03-22,43353.46,0.0,424.32,20.01,5.49,902.4
2020-03-23,43507.07,0.94,324.75,16.45,7.08,1006.59
2020-03-24,43660.63,7.65,208.04,15.23,7.66,1047.48
2020-03-25,43814.11,1.04,335.6,13.69,4.5,842.25
2020-03-26,43967.49,0.27,394.1,13.65,2.41,726.46
2020-03-27,44120.74,0.0,444.54,15.56,1.81,695.98
2020-03-28,44273.83,1.86,308.35,11.92,4.19,824.05
2020-03-29,44426.75,0.0,394.13,17.57,6.76,984.83
2020-03-30,44579.46,0.0,401.38,18.13,7.04,1004.46
2020-03-31,44731.93,0.0,440.56,21.41,7.94,1067.69
2020-04-01,44884.14,0.0,410.42,17.32,6.04,937.29
2020-04-02,45036.07,0.0,470.44,17.95,3.62,791.58
2020-04-03,45187.68,0.0,488.98,18.9,3.35,767.96
2020-04-04,45338.95,25.05,278.34,13.41,4.32,831.35
2020-04-05,45489.85,41.62,213.26,12.42,6.01,935.15
2020-04-06,45640.34,3.59,284.7,12.02,2.91,752.7
2020-04-07,45790.41,0.0,461.65,17.63,4.73,855.6
2020-04-08,45940.01,0.0,405.38,17.09,6.8,987.92
2020-04-09,46089.13,1.24,325.39,16.87,9.33,1173.57
2020-04-10,46237.72,0.0,405.31,19.35,9.26,1167.9
2020-04-11,46385.76,0.0,412.36,19.34,9.22,1164.26
2020-04-12,46533.21,0.0,454.67,21.25,9.26,1167.88
2020-04-13,46680.05,0.0,490.42,22.4,8.01,1072.77
2020-04-14,46826.23,0.0,502.62,23.89,8.03,1074.67
2020-04-15,46971.73,0.0,504.08,24.78,8.31,1095.32
2020-04-16,47116.51,0.0,492.31,25.21,9.45,1168.46
2020-04-17,47260.53,0.0,396.11,19.96,9.65,1198.55
2020-04-18,47403.76,0.0,371.62,17.8,8.59,1116.27
2020-04-19,47546.16,0.0,483.14,20.61,6.62,975.42
2020-04-20,47687.69,0.0,451.92,20.14,7.85,1061.59
2020-04-21,47828.31,0.0,514.61,22.94,6.68,960.44
2020-04-22,47968.0,0.0,520.72,26.58,8.84,1085.96
2020-04-23,48106.69,0.0,474.93,26.7,11.92,1369.12
2020-04-24,48244.36,0.0,508.74,29.91,11.98,1323.65
2020-04-25,48380.97,0.0,501.61,29.7,12.38,1327.16
2020-04-26,48516.46,0.0,470.73,27.77,12.84,1410.26
2020-04-27,48650.8,0.0,504.3,27.77,10.58,1185.42
2020-04-28,48783.95,0.0,495.63,30.63,13.23,1399.25
2020-04-29,48915.85,0.0,420.42,25.92,13.26,1511.83
2020-04-30,49046.47,0.0,471.88,26.2,11.16,1267.08
2020-05-01,49175.75,0.0,518.11,26.84,8.67,1034.74
2020-05-02,49303.66,0.0,427.71,23.73,10.99,1307.09
2020-05-03,49430.14,0.0,462.79,23.95,9.73,1170.45
2020-05-04,49555.15,0.0,531.69,27.7,8.24,987.76
2020-05-05,49678.63,0.0,526.12,28.83,9.22,1052.03
2020-05-06,49800.54,0.0,511.14,27.63,9.21,1068.39
2020-05-07,49920.83,0.0,514.42,31.89,12.08,1260.8
2020-05-08,50039.45,0.0,480.51,31.64,14.02,1468.66
2020-05-09,50156.35,0.0,494.15,34.3,14.87,1516.14
2020-05-10,50271.47,0.0,458.38,28.28,12.13,1340.29
2020-05-11,50384.76,0.81,476.08,26.98,9.96,1152.75
2020-05-12,50496.18,0.0,301.24,21.03,11.89,1391.73
2020-05-13,50605.67,0.0,430.81,22.39,8.33,1093.35
2020-05-14,50713.17,0.0,390.4,21.89,9.65,1198.74
2020-05-15,50818.64,0.0,473.63,26.42,9.94,1153.98
2020-05-16,50922.03,0.0,461.28,28.1,12.0,1322.86
2020-05-17,51023.27,27.46,241.47,23.21,13.32,1528.24
2020-05-18,51122.32,8.38,174.66,18.12,11.42,1349.02
2020-05-19,51219.12,0.0,409.34,21.48,8.69,1123.55
2020-05-20,51313.63,0.0,446.67,24.55,9.73,1205.08
2020-05-21,51405.79,0.0,504.0,28.39,9.74,1169.95
2020-05-22,51495.55,0.0,444.65,25.4,10.6,1277.49
2020-05-23,51582.85,0.0,485.94,28.7,11.14,1295.78
2020-05-24,51667.65,0.0,512.8,31.61,11.64,1299.06
2020-05-25,51749.9,0.0,493.65,35.27,15.56,1671.25
2020-05-26,51829.55,0.0,489.56,38.04,17.59,1887.72
2020-05-27,51906.55,0.0,463.94,39.17,19.89,2211.69
2020-05-28,51980.84,0.0,487.5,39.52,18.58,1999.85
2020-05-29,52052.4,0.0,421.5,31.35,16.19,1839.11
2020-05-30,52121.16,0.0,351.39,25.51,14.19,1617.87
2020-05-31,52187.09,0.0,404.47,25.42,12.18,1418.36
2020-06-01,52250.14,0.0,439.99,29.77,14.2,1616.9
2020-06-02,52310.27,0.0,502.84,35.58,14.94,1588.5
2020-06-03,52367.45,0.0,492.85,38.96,17.85,1902.05
2020-06-04,52421.62,0.0,475.78,39.85,19.53,2132.11
2020-06-05,52472.76,0.0,427.72,29.3,14.3,1629.48
2020-06-06,52520.83,0.0,412.97,25.3,11.71,1375.22
2020-06-07,52565.79,0.0,450.45,23.01,8.14,1082.24
2020-06-08,52607.62,0.0,499.63,27.04,9.03,1109.11
2020-06-09,52646.29,0.0,525.27,31.78,10.87,1204.99
2020-06-10,52681.76,0.0,502.84,35.79,15.28,1604.86
2020-06-11,52714.01,0.0,492.21,36.31,16.09,1700.18
2020-06-12,52743.03,0.43,333.3,25.72,14.91,1694.4
2020-06-13,52768.78,0.0,403.18,25.04,11.7,1324.36
2020-06-14,52791.24,0.0,515.62,29.31,10.04,892.06
2020-06-15,52810.42,0.0,488.52,30.62,12.91,1035.62
2020-06-16,52826.27,0.0,463.82,27.32,11.17,979.91
2020-06-17,52838.81,0.0,485.97,30.81,12.77,1027.95
2020-06-18,52848.01,0.0,504.92,34.74,14.71,1099.79
2020-06-19,52853.87,0.0,492.54,36.84,17.04,1282.12
2020-06-20,52856.39,0.0,487.51,35.33,16.13,1230.78
2020-06-21,52855.56,0.0,492.81,36.47,16.6,1249.52
2020-06-22,52851.38,0.0,498.71,38.09,17.43,1284.98
2020-06-23,52843.87,0.0,484.75,37.86,18.28,1317.54
2020-06-24,52833.01,0.0,489.11,37.69,17.91,1269.83
2020-06-25,52818.83,0.0,476.83,38.72,19.45,1415.76
2020-06-26,52801.33,0.0,478.5,39.44,19.9,1445.35
2020-06-27,52780.52,0.0,464.44,37.35,19.14,1410.73
2020-06-28,52756.42,0.0,430.81,30.03,14.58,1173.27
2020-06-29,52729.05,0.0,472.95,31.07,13.29,1003.44
2020-06-30,52698.43,0.0,496.64,34.47,14.65,1027.45
2020-07-01,52664.58,0.0,481.47,35.29,16.14,1153.21
2020-07-02,52627.52,0.0,454.39,32.66,15.45,1174.98
2020-07-03,52587.29,0.0,487.47,33.26,14.21,1024.97
2020-07-04,52543.9,0.0,520.3,36.58,15.46,785.01
2020-07-05,52497.39,0.0,515.64,36.98,16.63,712.77
2020-07-06,52447.79,0.0,491.17,34.03,15.54,661.43
2020-07-07,52395.15,0.0,508.02,33.04,13.45,572.78
2020-07-08,52339.48,0.0,520.12,36.13,15.21,646.98
2020-07-09,52280.84,0.0,515.01,36.84,16.19,691.7
2020-07-10,52219.25,0.0,497.9,38.22,18.58,812.34
2020-07-11,52154.77,0.0,500.88,40.43,20.23,906.68
2020-07-12,52087.43,0.0,502.95,40.82,20.16,902.39
2020-07-13,52017.28,0.0,472.79,36.78,18.53,809.64
2020-07-14,51944.36,0.0,472.96,34.51,16.51,706.65
2020-07-15,51868.72,0.0,490.89,35.74,16.47,704.97
2020-07-16,51790.4,0.0,465.21,34.4,16.77,719.2
2020-07-17,51709.46,0.0,473.78,35.36,17.1,735.49
2020-07-18,51625.94,0.0,496.23,37.87,17.86,774.34
2020-07-19,51539.89,0.0,473.47,35.83,17.54,757.63
2020-07-20,51451.36,0.0,449.36,33.39,16.71,716.67
2020-07-21,51360.41,0.0,446.02,32.64,16.25,694.39
2020-07-22,51267.08,0.0,468.96,32.47,14.9,633.24
2020-07-23,51171.43,0.0,487.15,34.03,15.21,646.99
2020-07-24,51073.5,0.0,477.04,34.52,16.28,695.67
2020-07-25,50973.36,0.0,501.69,36.44,16.32,697.8
2020-07-26,50871.05,0.0,496.65,37.64,17.66,763.81
2020-07-27,50766.63,0.0,485.68,37.7,18.38,801.93
2020-07-28,50660.14,0.0,499.51,38.17,17.7,765.93
2020-07-29,50551.65,0.0,482.65,37.82,18.47,806.79
2020-07-30,50441.2,0.0,490.01,37.31,17.51,756.05
2020-07-31,50328.84,0.0,506.24,37.18,16.14,689.16
2020-08-01,50214.64,0.0,497.82,37.02,16.51,706.59
2020-08-02,50098.63,0.0,502.54,37.14,16.17,690.53
2020-08-03,49980.87,0.0,481.31,36.88,17.42,751.58
2020-08-04,49861.42,0.0,454.47,34.79,17.23,742.11
2020-08-05,49740.32,0.0,438.57,31.84,15.42,656.34
2020-08-06,49617.62,0.0,440.9,30.25,13.85,589.04
2020-08-07,49493.38,0.0,476.84,33.49,14.74,626.06
2020-08-08,49367.64,0.0,480.36,36.19,16.86,724.03
2020-08-09,49240.44,0.0,457.75,38.13,19.95,890.26
2020-08-10,49111.85,0.0,461.63,37.56,19.21,847.62
2020-08-11,48981.89,0.0,438.55,34.09,17.48,754.99
2020-08-12,48850.63,0.0,492.83,37.4,16.89,725.14
2020-08-13,48718.11,0.0,472.82,39.25,19.75,878.65
2020-08-14,48584.37,0.0,451.33,41.31,22.83,1074.8
2020-08-15,48449.45,0.0,433.96,42.57,24.85,1223.14
2020-08-16,48313.4,0.0,416.99,42.84,25.99,1315.28
2020-08-17,48176.26,0.0,401.39,40.93,25.22,1252.4
2020-08-18,48038.08,0.0,424.69,41.24,24.2,1173.84
2020-08-19,47898.89,0.0,386.82,39.45,24.61,1204.34
2020-08-20,47758.73,0.0,406.81,35.15,19.74,877.8
2020-08-21,47617.65,0.0,405.02,33.53,18.35,800.32
2020-08-22,47475.69,0.0,422.8,35.39,19.08,840.41
2020-08-23,47332.87,0.0,416.7,35.79,19.76,878.79
2020-08-24,47189.25,0.0,374.9,34.85,21.03,955.63
2020-08-25,47044.85,0.0,379.26,34.23,20.32,912.31
2020-08-26,46899.71,0.0,414.03,34.39,18.76,822.51
2020-08-27,46753.86,0.0,455.64,33.96,15.91,678.39
2020-08-28,46607.35,0.0,460.74,36.34,17.56,758.84
2020-08-29,46460.21,0.0,442.95,35.14,17.63,762.26
2020-08-30,46312.46,0.0,431.42,34.22,17.52,756.74
2020-08-31,46164.14,0.0,438.75,34.92,17.67,764.32
2020-09-01,46015.29,0.0,424.37,33.47,17.25,743.29
2020-09-02,45865.93,0.0,408.34,31.78,16.6,711.01
2020-09-03,45716.09,0.0,444.84,34.13,16.47,704.92
2020-09-04,45565.81,0.0,442.08,35.62,17.79,770.49
2020-09-05,45415.11,0.0,437.95,38.14,20.08,897.68
2020-09-06,45264.02,0.0,443.99,43.8,24.1,1166.15
2020-09-07,45112.58,0.0,390.66,41.38,25.56,1279.75
2020-09-08,44960.81,0.0,383.95,36.94,22.04,1021.03
2020-09-09,44808.74,0.0,357.01,31.52,18.48,807.44
2020-09-10,44656.39,0.0,357.68,30.12,17.14,737.8
2020-09-11,44503.8,0.0,407.75,31.44,15.8,673.4
2020-09-12,44350.98,0.0,410.66,31.38,15.53,661.12
2020-09-13,44197.97,0.0,412.68,32.91,16.72,717.16
2020-09-14,44044.8,0.0,407.35,32.04,16.17,690.64
2020-09-15,43891.48,0.0,416.8,32.88,16.2,692.11
2020-09-16,43738.05,0.0,415.5,33.19,16.37,700.26
2020-09-17,43584.53,0.0,422.96,33.23,15.71,669.32
2020-09-18,43430.95,0.0,338.23,28.28,15.92,678.96
2020-09-19,43277.32,0.0,416.81,29.44,12.43,533.38
2020-09-20,43123.69,0.0,426.59,32.16,13.87,589.51
2020-09-21,42970.06,0.0,415.74,33.56,15.69,668.51
2020-09-22,42816.48,0.0,359.34,30.41,16.32,697.98
2020-09-23,42662.96,0.0,411.56,32.72,14.81,629.13
2020-09-24,42509.52,0.0,401.95,31.17,13.87,589.78
2020-09-25,42356.21,0.0,383.69,29.53,13.44,572.35
2020-09-26,42203.03,0.0,374.86,30.63,14.93,634.35
2020-09-27,42050.02,0.0,364.14,33.2,17.86,774.25
2020-09-28,41897.21,0.0,386.02,36.12,18.79,823.97
2020-09-29,41744.61,0.0,389.69,36.71,18.76,822.43
2020-09-30,41592.26,0.0,349.55,34.76,19.73,877.42
2020-10-01,41440.19,0.0,368.13,35.95,19.37,856.46
2020-10-02,41288.41,0.0,373.68,35.78,18.56,811.77
2020-10-03,41136.97,0.0,358.81,34.04,17.95,778.77
2020-10-04,40985.88,0.0,381.81,35.61,17.34,747.75
2020-10-05,40835.18,0.0,382.53,35.12,16.58,710.25
2020-10-06,40684.9,0.0,368.19,34.42,17.01,731.1
2020-10-07,40535.06,0.0,350.44,32.05,16.02,683.55
2020-10-08,40385.69,0.0,271.13,24.53,13.54,576.22
2020-10-09,40236.83,0.0,327.42,25.17,10.92,479.51
2020-10-10,40088.51,0.0,319.56,25.22,11.28,491.75
2020-10-11,39940.76,0.0,336.28,26.75,11.45,497.8
2020-10-12,39793.61,0.0,359.42,30.15,12.5,536.08
2020-10-13,39647.09,0.0,353.06,31.39,13.86,589.26
2020-10-14,39501.25,0.0,313.73,31.98,17.2,740.72
2020-10-15,39356.1,0.0,324.95,33.44,17.56,758.65
2020-10-16,39211.7,0.0,343.47,33.6,15.93,679.32
2020-10-17,39068.07,0.0,343.5,33.63,15.66,667.01
2020-10-18,38925.25,0.0,327.25,33.12,16.28,695.96
2020-10-19,38783.28,0.0,310.87,31.49,15.93,679.38
2020-10-20,38642.19,0.0,319.37,31.6,15.19,646.04
2020-10-21,38502.03,0.0,310.47,30.73,14.96,635.76
2020-10-22,38362.83,0.0,278.35,27.4,14.0,594.84
2020-10-23,38224.64,0.0,289.6,25.29,11.19,488.7
2020-10-24,38087.5,0.0,305.36,23.59,8.29,397.03
2020-10-25,37951.44,0.0,239.3,20.02,9.07,422.51
2020-10-26,37816.52,0.0,303.57,23.31,7.88,385.33
2020-10-27,37682.77,0.0,293.42,22.68,7.9,385.84
2020-10-28,37550.23,0.0,312.99,24.98,8.18,393.72
2020-10-29,37418.96,0.0,308.02,26.44,9.77,441.61
2020-10-30,37289.0,0.0,307.26,26.48,9.56,435.01
2020-10-31,37160.4,0.0,298.75,26.62,10.25,457.04
2020-11-01,37033.19,0.0,301.64,28.11,11.07,484.64
2020-11-02,36907.44,0.0,296.6,27.99,11.19,488.52
2020-11-03,36783.19,0.0,286.75,27.43,11.43,496.96
2020-11-04,36660.48,0.0,286.5,26.48,10.42,462.5
2020-11-05,36539.37,0.0,284.39,26.91,10.78,474.73
2020-11-06,36419.9,0.0,140.66,17.65,10.82,883.24
2020-11-07,36302.14,0.0,197.06,16.13,6.43,509.99
2020-11-08,36186.12,0.0,188.38,13.22,4.07,479.77
2020-11-09,36071.9,0.0,255.3,12.99,-0.41,260.14
2020-11-10,35959.54,0.0,282.85,16.33,0.22,218.17
2020-11-11,35849.07,0.0,235.63,15.29,3.04,345.48
2020-11-12,35740.56,0.0,272.8,17.22,1.82,252.61
2020-11-13,35634.07,2.26,141.39,15.28,5.68,656.54
2020-11-14,35529.63,0.0,202.32,16.78,6.51,504.43
2020-11-15,35427.3,0.0,270.1,20.47,4.92,309.85
2020-11-16,35327.15,0.0,254.02,21.57,7.39,373.41
2020-11-17,35229.21,24.55,165.46,19.25,7.43,628.29
2020-11-18,35133.54,0.0,156.57,16.35,8.49,892.86
2020-11-19,35040.19,0.0,203.23,16.63,6.16,649.41
2020-11-20,34949.23,0.0,229.06,16.44,4.21,522.64
2020-11-21,34860.68,0.0,226.99,16.19,4.03,523.05
2020-11-22,34774.62,0.0,240.76,17.84,4.37,498.84
2020-11-23,34691.08,0.0,225.07,17.29,5.07,558.36
2020-11-24,34610.12,0.0,227.62,16.74,4.16,525.45
2020-11-25,34531.79,0.0,214.93,16.03,4.45,566.14
2020-11-26,34456.13,0.0,228.29,17.21,4.47,533.69
2020-11-27,34383.19,0.0,243.73,16.91,2.75,452.76
2020-11-28,34313.02,0.0,248.67,17.66,2.86,444.13
2020-11-29,34245.66,0.0,247.5,18.34,3.5,462.13
2020-11-30,34181.16,0.0,246.43,18.88,4.02,477.34
2020-12-01,34119.56,0.0,228.31,17.07,4.11,525.96
2020-12-02,34060.89,0.0,242.09,19.43,4.92,512.9
2020-12-03,34005.21,0.0,244.12,20.13,5.25,516.34
2020-12-04,33952.54,0.0,243.46,20.31,5.39,521.73
2020-12-05,33902.93,0.0,247.48,20.42,4.88,496.98
2020-12-06,33856.4,0.0,229.46,18.44,4.72,539.64
2020-12-07,33812.99,0.0,244.61,23.05,6.94,557.9
2020-12-08,33772.73,0.0,210.38,18.89,6.43,644.78
2020-12-09,33735.65,0.0,233.08,20.46,5.59,551.54
2020-12-10,33701.78,0.0,217.43,17.82,4.72,569.15
2020-12-11,33671.14,10.82,131.42,13.52,3.76,739.11
2020-12-12,33643.75,4.78,64.19,11.38,7.05,1004.69
2020-12-13,33619.63,13.89,43.79,10.76,8.03,1074.15
2020-12-14,33598.8,0.0,143.16,11.22,3.86,805.16
2020-12-15,33581.28,0.0,168.05,11.28,2.57,734.6
2020-12-16,33567.07,8.88,139.27,12.64,2.75,744.07
2020-12-17,33556.19,0.88,166.02,13.57,4.97,870.24
2020-12-18,33548.66,0.0,197.79,13.49,2.66,739.27
2020-12-19,33544.46,0.0,210.36,14.69,2.68,740.58
2020-12-20,33543.61,0.0,196.55,14.7,3.85,804.51
2020-12-21,33546.1,0.0,188.07,13.88,3.78,800.57
2020-12-22,33551.94,0.0,182.68,12.95,3.38,778.24
2020-12-23,33561.12,0.0,184.95,11.23,1.69,690.09
2020-12-24,33573.63,0.0,206.64,15.03,3.66,794.01
2020-12-25,33589.47,7.03,146.01,16.26,5.76,919.16
2020-12-26,33608.62,0.0,172.67,15.45,6.62,975.77
2020-12-27,33631.07,1.72,187.83,12.67,3.2,768.36
2020-12-28,33656.79,0.0,152.55,12.34,5.16,881.99
2020-12-29,33685.79,0.0,237.61,15.4,1.82,696.47
2020-12-30,33718.02,3.08,171.34,14.01,1.67,688.98
2021-01-01,33753.63,0.0,229.64,13.33,1.78,694.33
2021-01-02,33792.29,2.51,73.12,11.46,7.43,1031.55
2021-01-03,33834.11,1.44,197.89,15.9,6.64,977.02
2021-01-04,33879.07,8.75,113.35,13.7,7.19,1014.3
2021-01-05,33927.13,0.0,237.39,15.65,3.46,782.71
2021-01-06,33978.27,0.0,224.05,13.81,3.08,761.75
2021-01-07,34032.43,0.0,196.58,12.42,3.71,796.44
2021-01-08,34089.6,0.0,226.27,14.87,4.02,814.13
2021-01-09,34149.72,0.0,227.55,12.75,2.11,710.84
2021-01-10,34212.77,0.0,230.89,13.89,2.97,755.97
2021-01-11,34278.69,0.0,248.11,15.94,3.41,780.0
2021-01-12,34347.45,0.0,210.75,15.21,5.77,920.14
2021-01-13,34419.0,0.0,246.75,19.94,7.23,1017.07
2021-01-14,34493.29,0.0,225.37,17.39,6.96,998.39
2021-01-15,34570.28,0.0,245.22,20.21,7.89,1064.6
2021-01-16,34649.92,0.0,241.97,19.61,7.85,1061.07
2021-01-17,34732.16,0.0,264.01,22.18,7.85,1061.58
2021-01-18,34816.96,0.0,269.95,23.5,8.31,1094.97
2021-01-19,34904.26,0.0,254.59,20.09,7.61,1044.12
2021-01-20,34994.01,0.0,276.95,19.1,4.57,846.18
2021-01-21,35086.16,0.0,276.34,18.66,4.55,844.76
2021-01-22,35180.67,5.11,101.43,10.23,5.24,886.95
2021-01-23,35277.47,0.0,232.69,12.9,3.36,776.99
2021-01-24,35376.51,15.35,174.0,10.55,1.3,670.83
2021-01-25,35477.75,0.0,227.16,9.92,1.09,660.61
2021-01-26,35581.13,13.76,192.25,9.44,-0.99,568.29
2021-01-27,35686.6,44.72,142.64,9.95,3.02,758.57
2021-01-28,35794.1,34.5,91.8,9.86,5.61,910.09
2021-01-29,35903.58,0.0,166.95,10.26,4.39,835.46
2021-01-30,36014.99,0.0,264.31,15.09,4.3,830.1
2021-01-31,36128.28,0.0,267.73,18.39,7.16,1012.25
2021-02-01,36243.4,4.29,210.52,20.14,7.61,1044.22
2021-02-02,36360.29,15.47,170.84,16.03,7.38,1027.56
2021-02-03,36478.9,0.0,246.05,13.14,3.82,802.81
2021-02-04,36599.19,0.0,285.03,13.73,2.17,714.2
2021-02-05,36721.1,0.0,308.01,16.48,2.9,751.91
2021-02-06,36844.58,0.0,309.07,17.49,3.75,798.78
2021-02-07,36969.58,0.0,308.0,17.96,4.4,836.06
2021-02-08,37096.06,0.0,298.43,17.18,4.68,852.86
2021-02-09,37223.96,0.0,242.29,18.91,9.76,1207.63
2021-02-10,37353.25,0.0,265.12,18.4,8.3,1094.45
2021-02-11,37483.86,25.58,155.99,14.63,7.53,1038.31
2021-02-12,37615.76,3.21,184.36,15.02,6.5,967.73
2021-02-13,37748.91,0.49,292.05,16.72,5.87,926.44
2021-02-14,37883.24,4.35,183.67,12.4,4.35,833.12
2021-02-15,38018.74,4.5,133.44,12.68,7.24,1017.75
2021-02-16,38155.34,0.0,292.94,14.68,4.79,859.52
2021-02-17,38293.01,0.0,338.8,15.9,3.33,775.62
2021-02-18,38431.7,0.01,355.71,15.68,1.92,701.22
2021-02-19,38571.38,4.25,180.73,13.97,6.81,988.1
2021-02-20,38712.0,0.0,277.5,13.82,5.5,903.12
2021-02-21,38853.53,0.0,360.37,15.62,2.47,729.36
2021-02-22,38995.93,0.0,381.85,20.42,4.18,823.1
2021-02-23,39139.16,0.0,373.28,22.7,7.1,1008.28
2021-02-24,39283.18,0.0,374.97,20.02,5.02,873.07
2021-02-25,39427.95,0.0,360.92,17.6,4.38,834.91
2021-02-26,39573.45,0.0,371.52,18.14,4.01,813.29
2021-02-27,39719.63,0.0,364.11,16.59,3.19,767.98
2021-02-28,39866.46,0.0,382.38,18.38,3.2,768.25
2021-03-01,40013.92,0.0,385.54,20.73,4.96,869.6
2021-03-02,40161.95,0.0,385.34,20.9,5.26,887.65
2021-03-03,40310.55,0.0,352.57,18.54,5.84,924.36
2021-03-04,40459.66,0.0,388.14,18.92,3.69,795.28
2021-03-05,40609.26,5.59,293.68,20.49,4.7,854.15
2021-03-06,40759.33,0.0,360.08,17.89,4.89,865.44
2021-03-07,40909.82,0.0,381.41,17.71,3.55,787.7
2021-03-08,41060.72,0.0,281.03,14.24,5.5,903.02
2021-03-09,41211.99,14.98,238.19,13.57,3.6,790.59
2021-03-10,41363.6,1.17,243.17,10.01,3.08,761.76
2021-03-11,41515.52,0.0,381.06,14.6,1.82,696.57
2021-03-12,41667.74,0.0,424.17,18.21,1.94,702.5
2021-03-13,41820.21,0.0,397.44,16.91,2.84,748.85
2021-03-14,41972.92,11.56,256.91,13.16,2.33,722.06
2021-03-15,42125.83,0.0,298.44,11.05,2.21,716.19
2021-03-16,42278.93,0.0,402.14,14.14,0.38,627.67
2021-03-17,42432.18,0.0,386.33,14.95,1.94,702.25
2021-03-18,42585.56,23.59,234.23,16.9,7.14,1010.85
2021-03-19,42739.04,0.0,290.31,15.81,7.08,1007.18
2021-03-20,42892.59,0.0,348.33,15.26,4.52,843.15
2021-03-21,43046.2,0.0,419.11,18.15,3.47,783.14
2021-03-22,43199.83,2.51,297.35,17.75,4.39,835.83
2021-03-23,43353.46,0.0,386.21,18.95,6.16,945.33
2021-03-24,43507.07,0.0,404.8,18.36,4.85,863.15
2021-03-25,43660.63,0.0,376.38,16.83,5.09,877.42
2021-03-26,43814.11,0.0,440.55,21.29,5.59,908.68
2021-03-27,43967.49,0.0,452.32,22.16,5.53,904.51
2021-03-28,44120.74,0.0,454.79,24.52,7.29,1021.2
2021-03-29,44273.83,0.0,410.75,21.62,7.92,1066.16
2021-03-30,44426.75,0.0,444.97,24.3,8.16,1084.36
2021-03-31,44579.46,0.0,468.31,26.44,8.11,1080.29
2021-04-01,44731.93,0.0,467.95,28.26,9.54,1189.81
2021-04-02,44884.14,0.0,450.99,27.09,10.13,1238.17
2021-04-03,45036.07,0.0,414.25,20.46,6.98,1000.12
2021-04-04,45187.68,0.0,431.68,19.28,5.2,884.46
2021-04-05,45338.95,0.0,424.32,19.15,5.54,905.12
2021-04-06,45489.85,0.0,458.77,22.53,6.55,970.86
2021-04-07,45640.34,0.0,447.16,22.18,6.89,993.92
2021-04-08,45790.41,0.0,473.04,23.44,6.15,944.73
2021-04-09,45940.01,0.0,435.4,22.58,7.66,1047.82
2021-04-10,46089.13,0.0,471.77,23.73,6.37,959.01
2021-04-11,46237.72,0.0,468.59,25.05,7.73,1052.77
2021-04-12,46385.76,0.0,465.87,25.77,8.55,1113.02
2021-04-13,46533.21,0.0,424.59,22.76,8.4,1101.77
2021-04-14,46680.05,0.0,442.48,20.82,5.72,916.47
2021-04-15,46826.23,0.0,470.16,23.07,5.98,933.43
2021-04-16,46971.73,0.0,480.24,25.02,6.88,993.24
2021-04-17,47116.51,0.0,487.7,28.49,8.82,1133.6
2021-04-18,47260.53,0.0,460.96,29.4,11.32,1340.58
2021-04-19,47403.76,0.0,446.31,28.38,11.35,1342.59
2021-04-20,47546.16,0.0,409.91,23.73,9.45,1182.9
2021-04-21,47687.69,0.0,450.82,24.09,7.64,1046.25
2021-04-22,47828.31,0.0,436.65,23.73,8.1,1079.68
2021-04-23,47968.0,0.0,459.76,24.15,7.16,1012.31
2021-04-24,48106.69,0.0,395.0,21.66,8.25,1090.84
2021-04-25,48244.36,1.0,361.51,18.55,6.92,995.96
2021-04-26,48380.97,0.0,433.86,19.0,4.32,831.47
2021-04-27,48516.46,0.0,507.89,24.18,4.39,811.27
2021-04-28,48650.8,0.0,520.02,28.57,7.13,848.06
2021-04-29,48783.95,0.0,501.91,31.81,11.61,987.76
2021-04-30,48915.85,0.0,464.3,30.2,12.78,1128.44
2021-05-01,49046.47,0.0,482.22,27.4,9.43,901.63
2021-05-02,49175.75,0.0,488.71,28.29,9.84,911.29
2021-05-03,49303.66,0.0,445.9,29.15,12.99,1148.75
2021-05-04,49430.14,0.0,470.38,31.49,13.87,1050.21
2021-05-05,49555.15,0.0,484.93,33.18,14.36,1043.79
2021-05-06,49678.63,0.0,482.51,30.21,12.0,918.3
2021-05-07,49800.54,0.0,479.61,26.32,8.75,768.53
2021-05-08,49920.83,0.0,462.5,29.02,12.13,961.23
2021-05-09,50039.45,0.0,444.17,29.73,13.69,1085.81
2021-05-10,50156.35,0.0,465.88,31.18,13.88,1049.33
2021-05-11,50271.47,0.0,518.67,34.13,12.94,883.72
2021-05-12,50384.76,0.0,487.54,34.32,15.21,1074.25
2021-05-13,50496.18,0.0,516.2,33.4,13.11,671.8
2021-05-14,50605.67,0.0,491.74,29.33,11.12,621.27
2021-05-15,50713.17,0.0,469.92,26.08,9.4,601.16
2021-05-16,50818.64,0.0,472.89,26.09,9.39,557.41
2021-05-17,50922.03,0.0,457.19,25.86,10.16,564.42
2021-05-18,51023.27,0.0,514.91,29.21,10.07,457.47
2021-05-19,51122.32,0.0,427.72,23.93,9.75,605.12
2021-05-20,51219.12,0.0,461.5,21.11,5.53,439.08
2021-05-21,51313.63,1.49,439.42,21.97,7.49,481.59
2021-05-22,51405.79,0.0,499.17,24.99,7.32,397.26
2021-05-23,51495.55,0.0,471.57,25.77,9.58,489.68
2021-05-24,51582.85,0.0,522.99,30.65,10.99,481.64
2021-05-25,51667.65,0.0,467.73,29.19,12.75,575.26
2021-05-26,51749.9,0.0,527.83,30.88,10.61,468.8
2021-05-27,51829.55,0.0,525.57,30.7,10.63,469.61
2021-05-28,51906.55,0.0,505.36,31.52,12.83,548.56
2021-05-29,51980.84,0.0,487.99,30.27,12.75,545.57
2021-05-30,52052.4,0.0,543.01,35.6,13.59,578.38
2021-05-31,52121.16,0.0,529.85,39.54,17.91,777.09
2021-06-01,52187.09,0.0,517.16,38.33,17.86,774.19
2021-06-02,52250.14,0.0,507.55,37.41,17.68,764.83
2021-06-03,52310.27,0.0,517.37,36.95,16.54,708.17
2021-06-04,52367.45,0.0,483.49,35.74,17.72,767.11
2021-06-05,52421.62,0.0,500.95,34.67,15.7,668.86
2021-06-06,52472.76,0.0,476.07,32.1,14.89,632.81
2021-06-07,52520.83,0.0,452.88,27.52,11.83,511.26
2021-06-08,52565.79,0.0,444.53,23.97,8.98,417.1
2021-06-09,52607.62,0.0,422.65,23.29,9.38,429.44
2021-06-10,52646.29,0.0,526.24,26.17,6.52,348.81
2021-06-11,52681.76,0.0,526.26,28.3,8.47,402.13
2021-06-12,52714.01,0.0,511.63,32.65,13.44,572.29
2021-06-13,52743.03,0.0,480.94,32.13,14.87,631.9
2021-06-14,52768.78,0.0,474.3,31.19,14.38,610.67
2021-06-15,52791.24,0.0,506.31,31.85,13.05,556.9
2021-06-16,52810.42,0.0,543.87,37.08,14.63,621.44
2021-06-17,52826.27,0.0,533.97,41.7,19.15,844.28
2021-06-18,52838.81,0.0,538.47,43.33,19.79,880.89
2021-06-19,52848.01,0.0,474.78,41.26,22.69,1064.52
2021-06-20,52853.87,0.0,497.97,39.59,19.72,876.54
2021-06-21,52856.39,0.0,471.44,34.77,17.13,737.17
2021-06-22,52855.56,0.0,484.41,32.56,14.35,609.48
2021-06-23,52851.38,0.0,494.43,32.28,13.51,574.98
2021-06-24,52843.87,0.0,488.19,32.55,14.09,598.75
2021-06-25,52833.01,0.0,500.74,33.89,14.53,617.05
2021-06-26,52818.83,0.0,526.35,37.69,15.95,680.4
2021-06-27,52801.33,0.0,491.03,37.58,18.32,798.69
2021-06-28,52780.52,0.0,477.25,37.21,18.83,826.01
2021-06-29,52756.42,0.0,491.35,37.92,18.63,815.58
2021-06-30,52729.05,0.0,456.47,35.71,18.8,824.8
2021-07-01,52698.43,0.0,457.35,34.5,17.74,768.03
2021-07-02,52664.58,0.0,487.56,36.15,17.52,756.68
2021-07-03,52627.52,0.0,488.03,35.77,17.19,739.98
2021-07-04,52587.29,0.0,473.06,35.64,17.95,779.26
2021-07-05,52543.9,0.0,492.8,35.33,16.51,706.66
2021-07-06,52497.39,0.0,484.52,34.44,16.19,691.72
2021-07-07,52447.79,0.0,503.54,36.21,16.44,703.59
2021-07-08,52395.15,0.0,533.79,39.87,17.04,732.57
2021-07-09,52339.48,0.0,493.24,42.78,22.34,1040.91
2021-07-10,52280.84,0.0,482.19,44.06,24.09,1165.29
2021-07-11,52219.25,0.0,468.06,41.73,23.06,1090.39
2021-07-12,52154.77,0.0,455.89,37.64,20.26,908.67
2021-07-13,52087.43,0.0,457.94,34.74,17.55,758.5
2021-07-14,52017.28,0.0,493.42,35.35,15.93,679.67
2021-07-15,51944.36,0.0,463.74,32.98,15.59,664.06
2021-07-16,51868.72,0.0,496.07,34.53,15.1,642.09
2021-07-17,51790.4,0.0,499.58,37.13,17.19,740.13
2021-07-18,51709.46,0.0,475.54,38.31,19.82,882.52
2021-07-19,51625.94,0.0,456.29,38.49,21.09,959.18
2021-07-20,51539.89,0.0,446.07,36.24,19.7,875.54
2021-07-21,51451.36,0.0,482.71,36.3,17.64,763.2
2021-07-22,51360.41,0.0,462.33,37.09,19.53,865.81
2021-07-23,51267.08,0.0,494.79,38.38,18.61,814.24
2021-07-24,51171.43,0.0,488.99,38.13,18.74,821.2
2021-07-25,51073.5,0.0,482.55,37.57,18.64,816.0
2021-07-26,50973.36,0.0,397.82,33.31,19.34,854.78
2021-07-27,50871.05,0.0,450.65,36.99,20.14,901.55
2021-07-28,50766.63,0.0,484.29,39.22,20.06,896.52
2021-07-29,50660.14,0.0,481.36,39.97,20.86,944.99
2021-07-30,50551.65,0.0,466.07,40.19,21.92,1013.0
2021-07-31,50441.2,0.0,468.71,37.68,19.54,866.22
2021-08-01,50328.84,0.0,483.57,37.42,18.34,799.77
2021-08-02,50214.64,0.0,475.29,36.36,17.91,776.88
2021-08-03,50098.63,0.0,506.61,39.03,17.93,777.88
2021-08-04,49980.87,0.0,502.5,37.54,16.88,724.77
2021-08-05,49861.42,0.0,458.84,33.85,16.44,703.32
2021-08-06,49740.32,0.0,444.23,33.17,16.65,713.73
2021-08-07,49617.62,0.0,430.09,34.88,19.04,837.85
2021-08-08,49493.38,0.0,477.32,36.38,17.71,766.33
2021-08-09,49367.64,0.0,472.87,36.52,18.08,785.62
2021-08-10,49240.44,0.0,480.81,38.18,18.92,831.45
2021-08-11,49111.85,0.0,470.4,39.9,20.97,952.13
2021-08-12,48981.89,0.0,415.05,35.06,19.81,881.59
2021-08-13,48850.63,0.0,439.35,35.19,18.7,819.0
2021-08-14,48718.11,0.0,452.95,38.66,20.91,947.95
2021-08-15,48584.37,0.0,413.15,36.46,21.16,963.64
2021-08-16,48449.45,0.0,423.62,37.75,21.8,1005.13
2021-08-17,48313.4,0.0,404.9,33.38,18.83,826.46
2021-08-18,48176.26,0.0,399.22,29.87,15.88,677.06
2021-08-19,48038.08,0.0,443.0,30.5,14.22,604.29
2021-08-20,47898.89,0.0,406.95,30.28,15.9,678.15
2021-08-21,47758.73,0.0,390.54,28.07,14.6,620.4
2021-08-22,47617.65,0.0,455.62,30.58,13.64,580.3
2021-08-23,47475.69,0.0,457.53,31.67,14.49,615.38
2021-08-24,47332.87,0.0,460.61,32.02,14.57,619.0
2021-08-25,47189.25,0.0,459.01,32.67,15.06,640.2
2021-08-26,47044.85,0.0,485.02,35.07,15.18,645.33
2021-08-27,46899.71,0.0,477.58,37.16,17.4,750.85
2021-08-28,46753.86,0.0,476.78,38.73,18.63,815.4
2021-08-29,46607.35,0.0,474.4,40.21,19.85,884.03
2021-08-30,46460.21,0.0,453.51,38.94,20.2,904.76
2021-08-31,46312.46,0.0,452.81,35.39,17.1,735.75
2021-09-01,46164.14,0.0,418.48,30.1,14.37,610.58
2021-09-02,46015.29,0.0,439.02,29.85,12.97,553.84
2021-09-03,45865.93,0.0,465.7,32.57,13.52,575.48
2021-09-04,45716.09,0.0,477.41,35.7,15.07,640.59
2021-09-05,45565.81,0.0,471.42,37.95,17.18,739.41
2021-09-06,45415.11,0.0,471.54,39.76,18.33,799.15
2021-09-07,45264.02,0.0,432.21,40.11,21.55,989.06
2021-09-08,45112.58,0.0,445.66,41.06,21.18,965.01
2021-09-09,44960.81,1.51,418.74,38.15,20.53,924.7
2021-09-10,44808.74,0.0,377.68,33.11,18.43,804.29
2021-09-11,44656.39,0.0,436.52,34.34,15.73,670.08
2021-09-12,44503.8,0.0,430.71,35.77,17.2,740.72
2021-09-13,44350.98,0.0,415.2,35.89,18.23,793.8
2021-09-14,44197.97,0.0,417.89,36.14,18.06,784.76
2021-09-15,44044.8,0.0,397.45,33.16,16.59,710.71
2021-09-16,43891.48,0.0,395.68,30.22,13.85,588.74
2021-09-17,43738.05,0.0,408.3,31.04,13.57,577.33
2021-09-18,43584.53,1.69,354.66,26.21,12.16,523.18
2021-09-19,43430.95,0.0,346.81,27.24,13.44,572.29
2021-09-20,43277.32,0.0,396.06,31.45,14.27,606.29
2021-09-21,43123.69,0.0,421.77,36.38,16.45,703.95
2021-09-22,42970.06,0.0,410.74,36.07,16.83,722.3
2021-09-23,42816.48,0.0,382.92,35.17,17.9,776.35
2021-09-24,42662.96,0.0,383.12,35.39,17.91,777.18
2021-09-25,42509.52,0.0,375.32,33.32,16.51,706.62
2021-09-26,42356.21,0.0,336.98,28.08,13.97,593.58
2021-09-27,42203.03,0.0,375.79,27.42,10.96,480.63
2021-09-28,42050.02,0.0,349.63,26.43,11.63,504.12
2021-09-29,41897.21,0.0,382.37,27.06,9.99,448.72
2021-09-30,41744.61,0.0,401.94,29.79,10.7,471.95
2021-10-01,41592.26,0.0,389.63,31.87,13.31,567.27
2021-10-02,41440.19,0.0,354.74,31.32,15.2,646.41
2021-10-03,41288.41,0.0,354.38,31.16,14.97,636.29
2021-10-04,41136.97,0.0,380.76,33.45,14.88,632.45
2021-10-05,40985.88,0.0,339.83,29.07,13.85,589.01
2021-10-06,40835.18,0.0,326.47,26.65,12.41,532.58
2021-10-07,40684.9,1.8,291.45,24.23,12.06,519.74
2021-10-08,40535.06,0.0,290.12,21.42,9.48,432.66
2021-10-09,40385.69,0.0,344.24,22.92,7.68,379.75
2021-10-10,40236.83,0.0,361.53,25.42,8.49,402.77
2021-10-11,40088.51,0.0,252.65,20.61,10.38,461.43
2021-10-12,39940.76,0.0,303.72,20.23,7.41,372.25
2021-10-13,39793.61,0.0,352.21,23.29,6.99,361.09
2021-10-14,39647.09,0.0,366.05,24.27,6.48,347.62
2021-10-15,39501.25,0.0,373.38,27.81,8.61,406.13
2021-10-16,39356.1,0.0,358.16,28.88,10.76,473.84
2021-10-17,39211.7,4.96,262.64,26.82,9.31,427.14
2021-10-18,39068.07,0.0,256.18,17.67,6.73,354.29
2021-10-19,38925.25,0.0,325.8,20.63,5.13,314.55
2021-10-20,38783.28,5.62,174.0,21.28,11.11,676.62
2021-10-21,38642.19,5.65,205.46,25.33,12.86,588.68
2021-10-22,38502.03,7.31,109.15,17.25,11.14,1072.72
2021-10-23,38362.83,30.94,149.4,17.5,9.03,926.56
2021-10-24,38224.64,140.01,90.06,15.64,10.71,1287.09
2021-10-25,38087.5,19.8,127.49,17.49,10.36,1257.31
2021-10-26,37951.44,0.0,233.99,18.64,8.4,1101.86
2021-10-27,37816.52,0.0,266.71,21.76,9.31,1172.07
2021-10-28,37682.77,0.0,286.9,23.79,9.53,1189.32
2021-10-29,37550.23,0.0,287.59,25.61,10.85,1298.77
2021-10-30,37418.96,0.0,213.97,21.82,12.24,1423.98
2021-10-31,37289.0,0.0,219.31,19.26,9.72,1204.86
2021-11-01,37160.4,8.41,151.79,20.63,11.87,1389.68
2021-11-02,37033.19,0.0,231.5,21.52,11.19,1328.92
2021-11-03,36907.44,1.31,256.66,23.05,11.05,1316.62
2021-11-04,36783.19,1.54,227.08,20.12,10.22,1245.7
2021-11-05,36660.48,0.0,245.56,19.64,8.7,1124.19
2021-11-06,36539.37,0.0,182.08,17.49,9.98,1226.05
2021-11-07,36419.9,0.0,248.54,17.9,6.81,988.27
2021-11-08,36302.14,14.81,195.78,17.77,5.8,921.61
2021-11-09,36186.12,2.32,95.75,14.58,9.62,1196.8
2021-11-10,36071.9,0.0,220.54,19.8,10.2,1243.66
2021-11-11,35959.54,0.0,219.1,18.68,9.23,1165.06
2021-11-12,35849.07,0.0,236.18,19.79,9.26,1167.88
2021-11-13,35740.56,0.0,216.89,20.06,10.72,1288.09
2021-11-14,35634.07,0.0,182.77,19.35,11.95,1397.5
2021-11-15,35529.63,0.0,179.4,17.78,10.8,1294.51
2021-11-16,35427.3,0.0,222.02,17.6,8.64,1120.24
2021-11-17,35327.15,0.0,225.55,16.83,7.7,1050.81
2021-11-18,35229.21,0.0,235.86,16.85,7.14,1011.05
2021-11-19,35133.54,0.0,225.37,19.24,9.84,1214.04
2021-11-20,35040.19,0.0,248.08,17.78,6.95,998.04
2021-11-21,34949.23,0.0,275.41,20.14,5.76,919.04
2021-11-22,34860.68,0.0,268.59,19.84,5.97,932.75
2021-11-23,34774.62,0.0,250.34,18.1,5.97,932.65
2021-11-24,34691.08,0.0,235.51,16.0,5.1,877.77
2021-11-25,34610.12,0.0,260.31,18.69,4.84,862.45
2021-11-26,34531.79,0.0,246.53,18.65,6.1,941.37
2021-11-27,34456.13,0.0,238.35,18.9,6.98,999.91
2021-11-28,34383.19,0.0,243.71,21.1,8.24,1089.84
2021-11-29,34313.02,0.0,243.66,21.79,8.55,1113.36
2021-11-30,34245.66,0.0,231.75,20.39,8.34,1096.99
2021-12-01,34181.16,0.0,229.26,21.63,9.38,1177.61
2021-12-02,34119.56,0.0,233.74,21.06,8.3,1094.25
2021-12-03,34060.89,0.0,216.54,18.96,7.93,1067.29
2021-12-04,34005.21,0.0,159.1,14.4,7.31,1023.2
2021-12-05,33952.54,0.0,185.24,14.59,6.07,939.24
2021-12-06,33902.93,3.82,84.51,10.61,5.89,927.73
2021-12-07,33856.4,0.0,132.53,11.35,5.77,919.91
2021-12-08,33812.99,6.18,117.63,11.77,5.09,877.5
2021-12-09,33772.73,6.7,133.6,12.06,4.18,823.11
2021-12-10,33735.65,0.0,226.6,12.77,1.47,679.0
2021-12-11,33701.78,0.0,227.72,13.23,1.65,688.09
2021-12-12,33671.14,34.65,93.52,12.26,6.95,998.12
2021-12-13,33643.75,34.65,79.18,11.07,6.72,982.36
2021-12-14,33619.63,1.09,165.79,8.4,1.35,673.4
2021-12-15,33598.8,12.08,141.95,10.18,1.7,690.36
2021-12-16,33581.28,0.0,168.59,11.02,3.69,795.21
2021-12-17,33567.07,0.0,217.3,11.39,0.88,651.06
2021-12-18,33556.19,0.0,190.09,9.57,1.07,659.69
2021-12-19,33548.66,0.0,167.71,9.82,2.59,736.01
2021-12-20,33544.46,0.0,164.94,9.61,2.61,736.86
2021-12-21,33543.61,3.04,139.9,10.88,2.79,746.08
2021-12-22,33546.1,20.18,157.26,13.19,3.56,787.89
2021-12-23,33551.94,23.5,67.32,13.52,10.01,1228.1
2021-12-24,33561.12,3.31,80.97,11.85,7.73,1052.87
2021-12-25,33573.63,13.69,116.31,11.24,5.29,889.79
2021-12-26,33589.47,22.43,98.86,7.84,3.12,763.8
2021-12-27,33608.62,14.49,87.8,7.3,3.27,771.93
2021-12-28,33631.07,4.33,110.87,7.97,2.87,750.81
2021-12-29,33656.79,2.6,100.97,7.8,3.36,777.1
2021-12-30,33685.79,0.0,235.34,13.02,3.28,772.48
2021-12-31,33718.02,0.0,214.67,10.2,2.29,720.09
