Date,Daylength_s,P_mm,SRad_Wm2,Tmax_C,Tmin_C,VP_Pa
2000-01-01,35315.43,0.0,265.21,18.48,8.2,1087.11
2000-01-02,35347.3,0.0,253.9,21.59,10.03,1229.48
2000-01-03,35381.78,21.59,134.45,22.32,14.73,1674.57
2000-01-04,35418.86,18.03,221.8,18.79,4.25,827.16
2000-01-05,35458.5,0.0,312.72,11.03,-3.92,456.92
2000-01-06,35500.68,0.0,322.86,12.5,-3.77,462.08
2000-01-07,35545.38,0.0,332.72,14.18,-3.7,464.67
2000-01-08,35592.56,18.57,235.67,14.02,-1.27,556.55
2000-01-09,35642.19,29.2,182.82,17.59,7.43,1031.6
2000-01-10,35694.25,0.0,248.87,17.39,7.08,1007.16
2000-01-11,35748.7,0.0,329.32,20.35,2.6,736.54
2000-01-12,35805.5,0.0,316.86,18.9,3.36,776.9
2000-01-13,35864.63,3.75,228.28,18.83,4.58,846.52
2000-01-14,35926.04,0.0,295.77,9.17,-3.1,486.08
2000-01-15,35989.69,0.0,354.86,15.91,-4.4,440.86
2000-01-16,36055.56,6.96,251.9,16.58,-0.33,596.04
2000-01-17,36123.61,6.79,129.32,13.67,7.4,1028.99
2000-01-18,36193.78,0.0,253.14,16.03,6.15,944.53
2000-01-19,36266.05,4.22,135.39,9.87,3.52,785.87
2000-01-20,36340.37,0.0,230.09,8.46,0.23,621.17
2000-01-21,36416.71,0.0,290.69,4.79,-6.18,385.06
2000-01-22,36495.01,22.67,202.94,5.13,-4.75,429.42
2000-01-23,36575.25,24.2,126.07,4.46,-1.12,562.58
2000-01-24,36657.38,0.0,241.46,4.86,-3.47,472.71
2000-01-25,36741.35,0.0,302.79,3.88,-7.33,352.43
2000-01-26,36827.12,0.0,273.16,2.09,-7.41,350.13
2000-01-27,36914.66,0.0,338.11,5.7,-7.7,342.51
2000-01-28,37003.91,11.67,144.28,3.07,-3.13,484.77
2000-01-29,37094.85,8.75,80.97,3.4,0.11,615.71
2000-01-30,37187.41,0.0,213.83,4.7,-2.19,519.96
2000-01-31,37281.57,0.0,300.38,5.89,-4.63,433.34
2000-02-01,37377.28,0.0,377.87,11.19,-5.65,400.94
2000-02-02,37474.5,0.0,374.69,10.15,-6.2,384.31
2000-02-03,37573.18,0.0,404.45,14.42,-7.63,344.25
2000-02-04,37673.28,0.0,369.72,12.46,-3.38,476.09
2000-02-05,37774.77,0.0,347.19,7.95,-5.33,410.79
2000-02-06,37877.61,0.0,405.33,11.55,-8.1,331.94
2000-02-07,37981.74,0.0,410.78,15.82,-5.49,405.85
2000-02-08,38087.14,0.0,397.46,17.8,-1.42,550.38
2000-02-09,38193.76,0.0,397.84,18.31,-0.97,568.83
2000-02-10,38301.56,0.0,410.06,21.43,-0.28,598.49
2000-02-11,38410.51,0.0,359.97,22.73,6.99,1000.93
2000-02-12,38520.56,0.0,302.54,17.62,6.35,957.72
2000-02-13,38631.69,38.44,220.27,18.99,8.11,1080.39
2000-02-14,38743.84,0.0,346.29,17.87,4.67,852.15
2000-02-15,38856.99,0.0,428.65,21.08,-0.99,568.18
2000-02-16,38971.1,0.0,381.12,21.12,4.93,867.91
2000-02-17,39086.13,3.62,286.1,20.94,4.65,851.15
2000-02-18,39202.05,4.87,257.48,23.55,9.51,1187.76
2000-02-19,39318.83,0.0,326.19,16.83,4.63,849.7
2000-02-20,39436.43,0.0,346.36,12.35,-0.49,589.38
2000-02-21,39554.81,0.0,435.82,18.43,-2.64,502.86
2000-02-22,39673.95,0.0,422.82,20.91,0.91,652.1
2000-02-23,39793.81,0.0,379.59,22.66,6.19,946.99
2000-02-24,39914.37,0.0,347.86,24.71,10.08,1234.01
2000-02-25,40035.58,0.0,363.17,24.66,9.09,1154.83
2000-02-26,40157.42,0.0,352.37,24.39,9.63,1197.19
2000-02-27,40279.87,33.59,243.59,19.96,7.17,1013.03
2000-02-28,40402.88,0.0,406.77,20.01,1.98,704.2
2000-02-29,40526.44,0.0,434.23,22.29,1.29,670.23
2000-03-01,40650.51,0.0,396.58,24.73,6.58,972.9
2000-03-02,40775.07,0.0,364.62,19.49,4.36,833.68
2000-03-03,40900.08,11.66,279.24,20.33,4.74,856.51
2000-03-04,41025.53,0.0,303.27,17.01,5.6,909.38
2000-03-05,41151.38,0.0,429.68,20.41,1.47,679.23
2000-03-06,41277.61,0.0,463.09,25.15,1.94,702.64
2000-03-07,41404.19,0.0,457.4,27.06,4.34,832.58
2000-03-08,41531.11,0.0,429.51,26.65,6.94,997.12
2000-03-09,41658.32,0.0,317.13,23.22,10.95,1307.29
2000-03-10,41785.82,77.5,140.35,19.98,13.32,1528.87
2000-03-11,41913.57,2.77,233.36,16.79,5.9,928.12
2000-03-12,42041.54,0.0,367.48,12.44,-0.43,592.0
2000-03-13,42169.73,0.0,452.43,16.46,-1.75,537.18
2000-03-14,42298.1,0.0,471.59,20.83,0.37,627.37
2000-03-15,42426.63,2.05,298.11,22.74,7.22,1016.6
2000-03-16,42555.29,8.5,223.38,22.61,12.03,1404.89
2000-03-17,42684.07,0.0,254.13,16.43,8.11,1080.57
2000-03-18,42812.94,15.92,258.21,17.33,5.72,916.61
2000-03-19,42941.87,65.48,155.65,14.33,7.91,1065.69
2000-03-20,43070.85,0.0,318.51,15.14,5.01,872.65
2000-03-21,43199.86,0.0,480.39,20.51,1.58,684.59
2000-03-22,43328.86,0.0,458.4,23.81,6.21,948.64
2000-03-23,43457.85,0.0,474.08,25.03,6.29,953.37
2000-03-24,43586.78,0.0,425.31,25.11,9.61,1195.87
2000-03-25,43715.65,5.2,309.59,25.06,10.29,1251.48
2000-03-26,43844.43,4.41,238.8,22.25,11.99,1400.85
2000-03-27,43973.09,5.55,269.92,19.41,7.97,1070.09
2000-03-28,44101.62,0.0,501.48,23.5,3.78,800.51
2000-03-29,44229.99,14.2,263.38,16.19,5.44,899.0
2000-03-30,44358.18,0.0,422.8,21.59,7.68,1049.01
2000-03-31,44486.16,0.0,452.96,23.98,8.35,1098.08
2000-04-01,44613.9,28.68,334.35,25.39,9.96,1223.88
2000-04-02,44741.4,92.05,243.95,23.68,13.71,1568.31
2000-04-03,44868.62,56.79,211.88,20.38,12.18,1418.8
2000-04-04,44995.53,12.99,277.13,14.35,3.92,808.34
2000-04-05,45122.11,0.0,540.27,19.97,0.05,612.81
2000-04-06,45248.35,0.0,526.97,25.05,5.57,907.01
2000-04-07,45374.2,0.0,441.81,24.04,10.33,1254.45
2000-04-08,45499.65,0.0,456.91,16.65,3.15,765.38
2000-04-09,45624.66,0.0,541.85,17.69,-1.5,547.27
2000-04-10,45749.22,0.0,553.96,22.04,0.61,638.13
2000-04-11,45873.29,10.74,337.73,21.22,7.02,1002.98
2000-04-12,45996.85,6.31,201.8,18.08,10.76,1291.07
2000-04-13,46119.86,3.69,178.61,16.71,10.55,1273.31
2000-04-14,46242.31,9.65,184.64,14.51,8.38,1100.07
2000-04-15,46364.15,0.0,383.58,20.02,9.62,1196.36
2000-04-16,46485.37,0.0,517.41,26.08,8.46,1106.22
2000-04-17,46605.92,0.0,477.97,23.63,8.75,1128.47
2000-04-18,46725.79,0.0,487.07,22.32,6.97,999.36
2000-04-19,46844.93,0.0,547.93,28.07,7.0,1001.58
2000-04-20,46963.31,0.0,486.38,26.51,10.38,1259.02
2000-04-21,47080.91,0.0,342.58,17.38,8.2,1087.13
2000-04-22,47197.69,0.0,533.03,22.12,4.31,830.85
2000-04-23,47313.61,6.2,333.31,20.32,7.48,1034.69
2000-04-24,47428.65,4.25,313.28,22.26,10.36,1256.98
2000-04-25,47542.76,0.0,458.58,21.67,8.17,1084.87
2000-04-26,47655.91,0.0,520.42,22.48,5.59,908.32
2000-04-27,47768.07,11.48,410.22,23.58,4.66,851.64
2000-04-28,47879.2,0.0,449.31,20.27,7.22,1016.86
2000-04-29,47989.25,0.0,544.57,24.56,5.59,908.3
2000-04-30,48098.2,0.0,545.03,26.15,6.72,982.16
2000-05-01,48206.01,0.0,519.97,26.8,8.97,1145.23
2000-05-02,48312.63,0.0,449.99,27.14,12.88,1485.72
2000-05-03,48418.03,0.16,422.32,28.58,15.15,1721.29
2000-05-04,48522.17,0.0,391.32,28.61,16.37,1860.23
2000-05-05,48625.0,0.0,395.08,29.08,16.81,1913.79
2000-05-06,48726.5,0.0,444.21,29.56,15.35,1743.54
2000-05-07,48826.61,0.0,463.86,29.74,14.56,1656.86
2000-05-08,48925.29,0.0,445.42,30.01,15.64,1776.14
2000-05-09,49022.51,0.0,422.57,29.03,15.95,1812.08
2000-05-10,49118.22,0.0,375.05,26.22,15.53,1763.6
2000-05-11,49212.38,0.0,502.47,31.34,14.17,1615.71
2000-05-12,49304.95,0.0,414.48,31.07,18.04,2068.42
2000-05-13,49395.89,0.0,368.58,28.86,17.78,2035.09
2000-05-14,49485.15,0.0,429.75,24.88,11.97,1399.22
2000-05-15,49572.69,0.0,514.97,26.19,8.88,1138.4
2000-05-16,49658.47,0.0,494.81,29.06,12.34,1433.62
2000-05-17,49742.44,0.0,491.67,31.15,14.07,1605.23
2000-05-18,49824.57,0.0,435.47,31.55,17.16,1956.93
2000-05-19,49904.81,0.0,321.59,28.97,19.42,2254.8
2000-05-20,49983.12,14.77,238.05,27.49,18.37,2111.65
2000-05-21,50059.46,14.13,258.26,27.46,17.49,1997.55
2000-05-22,50133.79,0.0,456.54,28.77,14.56,1657.14
2000-05-23,50206.06,0.0,430.67,31.05,17.51,2000.17
2000-05-24,50276.24,0.0,369.54,31.32,20.05,2344.73
2000-05-25,50344.29,3.49,270.49,32.33,21.23,2521.91
2000-05-26,50410.16,5.19,252.38,30.5,20.64,2430.8
2000-05-27,50473.83,6.05,287.95,31.91,20.37,2391.84
2000-05-28,50535.24,0.0,364.33,27.8,17.65,2017.8
2000-05-29,50594.37,0.0,420.64,25.75,14.14,1612.61
2000-05-30,50651.18,0.0,496.64,28.51,13.36,1532.69
2000-05-31,50705.63,0.0,496.35,30.51,14.98,1702.47
2000-06-01,50757.69,0.0,521.69,32.21,14.63,1664.32
2000-06-02,50807.33,0.0,511.27,33.35,15.96,1812.85
2000-06-03,50854.52,0.0,479.73,33.19,17.55,2004.92
2000-06-04,50899.22,22.48,173.81,24.84,18.89,2180.72
2000-06-05,50941.41,8.54,128.5,23.13,18.96,2190.76
2000-06-06,50981.06,0.0,391.86,23.71,13.71,1568.06
2000-06-07,51018.14,0.0,541.45,27.1,10.02,1228.95
2000-06-08,51052.63,0.0,532.6,29.61,12.33,1432.32
2000-06-09,51084.5,0.0,517.67,32.22,14.94,1697.92
2000-06-10,51113.74,0.0,493.48,33.12,17.02,1938.94
2000-06-11,51140.32,0.0,490.98,34.12,17.77,2033.51
2000-06-12,51164.22,0.0,480.9,34.72,18.61,2143.05
2000-06-13,51185.44,0.0,391.0,32.06,20.47,2406.35
2000-06-14,51203.95,0.0,422.93,33.3,20.36,2389.22
2000-06-15,51219.74,2.09,308.32,32.81,20.53,2414.34
2000-06-16,51232.8,7.6,216.39,28.64,21.05,2493.98
2000-06-17,51243.13,0.0,408.87,31.53,19.88,2320.4
2000-06-18,51250.71,7.67,323.81,32.15,19.42,2255.22
2000-06-19,51255.53,8.19,286.25,31.54,20.72,2442.77
2000-06-20,51257.61,0.0,410.83,32.87,20.71,2442.15
2000-06-21,51256.92,0.0,408.51,33.26,21.15,2509.23
2000-06-22,51253.48,0.0,356.33,30.58,20.81,2457.28
2000-06-23,51247.29,0.0,492.82,34.19,18.03,2066.63
2000-06-24,51238.35,0.0,503.22,35.34,18.02,2065.13
2000-06-25,51226.67,8.31,299.52,31.68,20.01,2337.9
2000-06-26,51212.25,0.0,441.36,32.88,19.28,2235.54
2000-06-27,51195.11,0.0,398.26,31.45,19.78,2306.1
2000-06-28,51175.26,11.3,226.36,29.56,21.29,2530.57
2000-06-29,51152.71,7.55,228.41,27.44,19.45,2259.22
2000-06-30,51127.48,0.0,464.36,30.41,16.63,1891.97
2000-07-01,51099.58,0.0,490.82,31.64,16.37,1860.24
2000-07-02,51069.03,0.0,526.72,33.62,15.77,1723.18
2000-07-03,51035.86,0.0,514.62,34.52,17.59,1755.6
2000-07-04,51000.08,0.0,467.61,34.61,19.91,2049.37
2000-07-05,50961.73,0.0,472.72,35.09,19.76,2017.41
2000-07-06,50920.82,0.0,454.39,36.02,21.14,2227.14
2000-07-07,50877.38,0.0,435.99,35.66,21.7,2347.53
2000-07-08,50831.44,0.0,477.76,35.66,19.91,2024.69
2000-07-09,50783.04,0.0,417.46,36.57,23.22,2610.56
2000-07-10,50732.19,0.0,417.86,35.81,22.69,2535.03
2000-07-11,50678.94,0.0,432.09,37.16,23.32,2522.61
2000-07-12,50623.32,0.0,453.92,37.98,23.12,2391.22
2000-07-13,50565.35,0.0,441.56,36.32,22.39,2307.7
2000-07-14,50505.09,0.0,455.91,37.09,22.42,2202.25
2000-07-15,50442.55,3.02,361.8,37.29,20.6,2193.39
2000-07-16,50377.79,0.0,483.18,35.68,19.74,1847.0
2000-07-17,50310.83,0.0,518.81,35.28,17.34,1533.68
2000-07-18,50241.72,0.0,508.4,35.2,17.75,1593.32
2000-07-19,50170.5,0.0,491.61,38.41,20.77,1930.83
2000-07-20,50097.21,7.06,357.01,37.7,20.31,2187.59
2000-07-21,50021.88,0.0,393.5,33.02,20.59,2212.88
2000-07-22,49944.55,0.0,419.2,33.91,20.28,2110.83
2000-07-23,49865.28,0.0,393.17,32.65,20.32,2147.63
2000-07-24,49784.1,0.0,419.89,32.3,19.17,1927.19
2000-07-25,49701.05,0.0,396.31,31.51,19.34,2004.46
2000-07-26,49616.18,22.78,305.84,31.86,18.93,2149.41
2000-07-27,49529.52,0.0,463.8,33.67,18.24,1791.68
2000-07-28,49441.12,0.0,481.6,35.51,18.56,1783.21
2000-07-29,49351.03,11.84,309.39,34.76,20.51,2399.52
2000-07-30,49259.27,21.57,280.88,33.31,20.92,2473.17
2000-07-31,49165.91,0.0,342.66,31.54,20.69,2439.48
2000-08-01,49070.98,0.29,327.49,31.01,20.9,2470.18
2000-08-02,48974.51,12.5,215.43,29.98,21.41,2548.84
2000-08-03,48876.56,0.0,336.69,31.95,21.59,2576.89
2000-08-04,48777.16,1.97,388.75,33.1,20.73,2445.09
2000-08-05,48676.36,0.0,444.29,34.48,19.56,2203.58
2000-08-06,48574.2,0.0,422.37,35.99,21.58,2525.48
2000-08-07,48470.71,0.0,386.54,35.45,22.65,2749.55
2000-08-08,48365.95,0.0,371.57,35.37,23.18,2839.07
2000-08-09,48259.94,12.76,298.76,36.26,22.73,2763.53
2000-08-10,48152.72,27.32,325.44,36.77,21.43,2553.0
2000-08-11,48044.34,0.0,395.77,32.14,19.67,2289.62
2000-08-12,47934.84,0.0,458.71,32.0,16.75,1906.8
2000-08-13,47824.25,0.0,482.41,31.48,15.03,1707.8
2000-08-14,47712.61,0.0,502.01,33.56,15.23,1728.29
2000-08-15,47599.95,0.0,499.53,35.7,16.66,1884.55
2000-08-16,47486.32,0.0,491.92,37.67,18.31,2089.4
2000-08-17,47371.75,0.0,480.91,39.43,19.97,2323.07
2000-08-18,47256.27,0.0,453.67,39.18,21.44,2554.63
2000-08-19,47139.92,0.0,411.85,35.76,21.33,2536.88
2000-08-20,47022.73,0.0,496.21,35.29,16.28,1780.07
2000-08-21,46904.74,0.0,362.75,30.24,18.8,2168.51
2000-08-22,46785.97,0.0,400.91,32.61,19.18,2221.34
2000-08-23,46666.47,0.0,445.77,34.56,18.42,2114.68
2000-08-24,46546.26,0.0,437.34,35.82,19.61,2273.05
2000-08-25,46425.37,0.0,417.0,35.2,20.07,2347.35
2000-08-26,46303.84,0.0,425.79,32.46,17.55,2004.91
2000-08-27,46181.7,8.05,268.9,30.21,18.63,2145.62
2000-08-28,46058.96,0.0,430.72,36.24,20.04,2338.42
2000-08-29,45935.68,0.0,416.46,36.87,21.07,2496.79
2000-08-30,45811.86,0.0,367.85,34.45,21.41,2549.89
2000-08-31,45687.54,0.0,373.98,33.36,20.19,2364.52
2000-09-01,45562.76,0.0,328.3,31.64,20.51,2411.76
2000-09-02,45437.52,0.0,333.66,31.58,20.2,2365.96
2000-09-03,45311.87,0.0,381.66,33.94,20.05,2344.11
2000-09-04,45185.83,0.0,400.04,35.42,20.31,2334.51
2000-09-05,45059.42,0.0,324.48,31.88,20.69,2439.09
2000-09-06,44932.67,1.91,179.12,23.45,18.07,2071.88
2000-09-07,44805.6,3.02,143.49,22.44,16.79,1911.44
2000-09-08,44678.24,0.0,278.2,27.03,18.35,2109.19
2000-09-09,44550.62,0.0,219.15,27.92,21.11,2503.47
2000-09-10,44422.75,0.0,324.27,30.73,20.08,2349.12
2000-09-11,44294.67,0.0,404.44,33.25,18.66,2146.5
2000-09-12,44166.39,14.18,243.6,30.31,19.71,2296.16
2000-09-13,44037.94,0.0,329.9,31.64,20.76,2449.47
2000-09-14,43909.34,0.0,389.59,33.22,19.55,2273.19
2000-09-15,43780.62,0.0,371.51,29.01,17.13,1952.53
2000-09-16,43651.79,0.0,458.54,25.87,10.25,1248.42
2000-09-17,43522.88,0.0,486.77,27.35,9.29,1132.44
2000-09-18,43393.92,0.0,504.61,30.35,9.28,1085.84
2000-09-19,43264.93,0.0,498.47,32.28,10.83,1200.23
2000-09-20,43135.92,5.21,313.22,32.51,16.85,1918.11
2000-09-21,43006.92,15.83,260.7,30.15,18.39,2114.58
2000-09-22,42877.96,9.3,153.34,26.41,20.21,2367.73
2000-09-23,42749.06,26.54,250.26,31.74,20.45,2403.59
2000-09-24,42620.23,0.0,342.93,31.58,19.98,2334.7
2000-09-25,42491.51,4.84,245.93,26.71,16.51,1877.89
2000-09-26,42362.91,0.0,365.67,20.9,9.9,1219.22
2000-09-27,42234.45,0.0,470.31,24.8,6.97,999.68
2000-09-28,42106.17,0.0,467.64,25.93,7.7,1050.84
2000-09-29,41978.09,0.0,451.46,26.36,9.12,1156.9
2000-09-30,41850.22,0.0,413.11,27.13,12.16,1416.98
2000-10-01,41722.59,0.0,408.48,28.33,13.14,1510.81
2000-10-02,41595.23,0.0,426.69,30.07,12.79,1476.57
2000-10-03,41468.17,0.0,414.72,30.55,13.8,1576.9
2000-10-04,41341.41,0.0,417.81,30.07,12.98,1495.06
2000-10-05,41215.0,18.82,315.29,31.47,13.22,1518.21
2000-10-06,41088.95,18.44,240.08,22.32,11.32,1339.78
2000-10-07,40963.3,0.0,353.61,18.0,5.7,915.62
2000-10-08,40838.06,0.0,329.36,13.23,2.22,716.78
2000-10-09,40713.27,0.0,403.49,15.04,-0.29,598.02
2000-10-10,40588.95,0.0,450.1,20.51,-0.15,604.02
2000-10-11,40465.13,0.0,456.66,23.41,0.44,630.4
2000-10-12,40341.84,0.0,454.22,26.52,2.14,712.54
2000-10-13,40219.11,0.0,437.69,26.22,3.58,789.18
2000-10-14,40096.96,0.0,430.7,27.02,4.35,833.49
2000-10-15,39975.42,0.0,416.33,27.26,5.64,911.7
2000-10-16,39854.53,0.0,401.53,28.26,7.45,1032.6
2000-10-17,39734.32,0.0,349.83,27.99,11.31,1339.18
2000-10-18,39614.81,0.0,332.53,26.15,10.89,1302.44
2000-10-19,39496.04,0.0,353.81,25.7,9.07,1153.06
2000-10-20,39378.04,0.0,332.77,27.7,11.97,1398.81
2000-10-21,39260.85,0.0,288.33,27.08,13.91,1588.66
2000-10-22,39144.49,0.0,307.18,27.62,13.0,1497.08
2000-10-23,39029.01,0.0,317.38,28.12,12.53,1451.74
2000-10-24,38914.43,0.0,306.88,27.27,12.28,1428.27
2000-10-25,38800.79,0.0,327.66,28.76,11.8,1383.73
2000-10-26,38688.13,0.0,271.34,26.11,12.96,1493.32
2000-10-27,38576.48,0.0,318.89,27.67,11.19,1328.86
2000-10-28,38465.88,0.0,319.35,28.96,12.06,1407.64
2000-10-29,38356.37,0.0,297.07,28.41,13.04,1501.36
2000-10-30,38247.99,0.0,313.16,29.28,12.42,1441.31
2000-10-31,38140.76,0.0,306.14,29.7,13.06,1503.14
2000-11-01,38034.75,0.0,307.97,29.6,12.69,1467.34
2000-11-02,37929.97,0.0,298.23,28.84,12.67,1464.54
2000-11-03,37826.47,0.0,275.93,28.04,13.45,1541.66
2000-11-04,37724.3,12.2,120.01,21.41,13.88,1585.58
2000-11-05,37623.49,0.0,138.7,20.37,13.94,1591.58
2000-11-06,37524.09,24.66,87.26,20.04,14.72,1673.59
2000-11-07,37426.13,15.83,110.47,24.22,17.11,1949.71
2000-11-08,37329.65,70.5,109.8,26.09,18.89,2180.89
2000-11-09,37234.71,41.78,154.08,22.4,12.76,1473.83
2000-11-10,37141.33,0.0,213.86,12.68,3.52,785.96
2000-11-11,37049.57,0.0,308.51,15.46,0.78,646.34
2000-11-12,36959.46,0.0,342.08,18.63,0.47,631.68
2000-11-13,36871.06,0.0,264.5,14.51,2.9,752.32
2000-11-14,36784.39,0.0,271.85,11.55,-0.13,604.84
2000-11-15,36699.5,2.59,236.01,12.84,-1.9,531.34
2000-11-16,36616.44,25.05,154.86,9.95,1.75,692.89
2000-11-17,36535.24,0.0,155.75,9.04,3.13,764.36
2000-11-18,36455.96,14.61,62.93,2.62,-0.18,602.91
2000-11-19,36378.62,7.1,164.8,7.78,-0.51,588.4
2000-11-20,36303.28,0.0,313.95,12.21,-1.87,532.36
2000-11-21,36229.97,0.0,251.77,5.77,-3.95,456.09
2000-11-22,36158.74,0.0,355.98,13.59,-6.5,375.61
2000-11-23,36089.61,0.0,321.38,16.03,0.3,624.0
2000-11-24,36022.64,20.01,155.27,12.81,4.75,856.87
2000-11-25,35957.87,0.0,166.79,14.12,7.8,1057.97
2000-11-26,35895.32,0.0,262.39,16.12,5.24,886.53
2000-11-27,35835.04,0.0,315.33,15.55,0.63,639.12
2000-11-28,35777.06,0.0,336.21,17.94,-0.52,587.81
2000-11-29,35721.42,6.81,218.59,14.0,1.06,659.56
2000-11-30,35668.15,0.0,294.18,11.69,-1.09,564.08
2000-12-01,35617.29,0.0,332.67,14.44,-3.18,483.06
2000-12-02,35568.87,0.0,277.21,13.81,2.01,705.72
2000-12-03,35522.91,0.0,174.65,6.44,0.24,621.61
2000-12-04,35479.46,0.0,296.27,9.97,-3.0,489.5
2000-12-05,35438.53,0.0,317.61,11.03,-4.68,431.54
2000-12-06,35400.16,0.0,258.27,6.98,-3.73,463.71
2000-12-07,35364.37,0.0,309.45,12.15,-3.43,474.11
2000-12-08,35331.18,0.0,319.36,16.4,-1.7,539.2
2000-12-09,35300.62,0.0,256.51,14.15,2.38,724.92
2000-12-10,35272.7,0.0,161.48,11.59,4.97,870.3
2000-12-11,35247.45,0.0,179.15,14.45,7.01,1002.16
2000-12-12,35224.88,0.0,224.59,6.5,-2.58,505.37
2000-12-13,35205.01,14.32,205.21,9.9,-2.48,509.0
2000-12-14,35187.85,0.0,220.21,9.11,0.16,617.68
2000-12-15,35173.41,6.19,186.07,13.1,2.38,724.64
2000-12-16,35161.71,22.83,221.51,19.25,3.63,792.22
2000-12-17,35152.76,3.86,206.84,2.8,-7.69,342.8
2000-12-18,35146.55,8.92,258.96,7.99,-8.36,325.35
2000-12-19,35143.09,0.0,280.26,1.37,-9.58,295.61
2000-12-20,35142.39,2.74,243.32,2.37,-11.61,251.46
2000-12-21,35144.45,2.9,178.84,0.88,-7.94,336.03
2000-12-22,35149.25,0.0,254.46,0.48,-8.78,314.78
2000-12-23,35156.81,0.0,357.84,7.8,-9.31,301.82
2000-12-24,35167.12,0.0,321.98,10.42,-3.5,471.55
2000-12-25,35180.16,0.0,297.19,8.19,-4.0,454.41
2000-12-26,35195.94,0.0,237.96,8.66,-0.36,594.88
2000-12-27,35214.43,8.07,60.62,4.34,1.78,694.33
2000-12-28,35235.63,3.79,128.25,4.42,-1.34,553.53
2000-12-29,35259.52,0.0,265.79,3.95,-5.52,405.05
2000-12-30,35286.08,0.0,219.98,-1.31,-8.56,320.33
2001-01-01,35315.43,0.92,160.71,-1.59,-7.23,355.13
2001-01-02,35347.3,0.0,282.26,1.56,-9.4,299.66
2001-01-03,35381.78,0.0,344.11,4.02,-11.44,254.95
2001-01-04,35418.86,0.0,359.75,7.88,-9.58,295.54
2001-01-05,35458.5,0.0,371.17,13.64,-6.13,386.44
2001-01-06,35500.68,0.0,357.95,13.24,-4.29,444.51
2001-01-07,35545.38,24.93,239.35,13.94,-3.29,479.09
2001-01-08,35592.56,0.0,229.92,7.91,-1.65,541.21
2001-01-09,35642.19,0.0,219.1,3.28,-5.52,404.91
2001-01-10,35694.25,0.0,338.18,10.82,-8.0,334.4
2001-01-11,35748.7,10.25,188.96,5.51,-5.03,420.26
2001-01-12,35805.5,0.0,81.11,5.0,2.11,711.22
2001-01-13,35864.63,0.0,266.41,13.85,2.17,714.24
2001-01-14,35926.04,7.26,178.19,12.02,2.14,712.55
2001-01-15,35989.69,0.0,257.15,14.93,3.9,807.21
2001-01-16,36055.56,10.35,95.27,7.66,2.9,751.96
2001-01-17,36123.61,14.83,89.44,8.61,4.16,822.26
2001-01-18,36193.78,20.31,189.23,16.73,6.0,934.68
2001-01-19,36266.05,22.65,179.66,14.81,4.98,870.72
2001-01-20,36340.37,0.0,107.94,2.51,-1.28,556.01
2001-01-21,36416.71,0.0,265.21,4.3,-6.1,387.41
2001-01-22,36495.01,0.0,347.28,9.59,-7.23,355.15
2001-01-23,36575.25,0.0,354.25,11.09,-6.51,375.26
2001-01-24,36657.38,0.0,344.47,12.63,-3.72,464.12
2001-01-25,36741.35,0.0,279.82,6.55,-4.37,441.78
2001-01-26,36827.12,0.0,357.2,10.29,-6.74,368.75
2001-01-27,36914.66,0.0,343.56,12.85,-2.73,499.54
2001-01-28,37003.91,0.0,380.82,19.31,-2.59,504.64
2001-01-29,37094.85,31.78,251.54,18.14,2.93,753.97
2001-01-30,37187.41,0.0,284.91,18.06,6.6,974.07
2001-01-31,37281.57,0.0,313.09,17.08,3.93,808.96
2001-02-01,37377.28,0.0,266.01,10.43,0.52,634.24
2001-02-02,37474.5,0.0,263.4,8.51,-0.97,568.84
2001-02-03,37573.18,0.0,349.68,10.08,-4.23,446.36
2001-02-04,37673.28,0.0,389.12,14.24,-4.4,440.74
2001-02-05,37774.77,0.0,373.81,14.3,-2.08,524.46
2001-02-06,37877.61,0.0,405.59,18.41,-3.23,481.43
2001-02-07,37981.74,0.0,404.56,20.67,-1.27,556.54
2001-02-08,38087.14,0.0,404.75,23.56,0.69,642.07
2001-02-09,38193.76,20.38,252.54,21.67,7.25,1018.82
2001-02-10,38301.56,0.0,222.93,8.71,1.09,660.62
2001-02-11,38410.51,7.47,263.27,11.07,-3.1,486.13
2001-02-12,38520.56,23.2,151.7,9.8,2.9,752.16
2001-02-13,38631.69,11.18,147.88,13.54,6.78,986.18
2001-02-14,38743.84,0.95,270.73,18.83,8.98,1145.78
2001-02-15,38856.99,0.0,285.71,24.37,13.21,1517.7
2001-02-16,38971.1,22.9,260.14,25.51,10.51,1270.3
2001-02-17,39086.13,0.0,265.93,9.75,0.57,636.55
2001-02-18,39202.05,0.0,349.33,9.98,-3.1,485.83
2001-02-19,39318.83,0.0,428.73,18.72,-2.42,511.3
2001-02-20,39436.43,0.0,376.96,19.09,3.11,763.24
2001-02-21,39554.81,19.55,208.65,20.65,10.15,1239.33
2001-02-22,39673.95,0.0,222.53,15.8,8.15,1082.97
2001-02-23,39793.81,0.0,388.15,19.23,3.5,784.56
2001-02-24,39914.37,16.93,247.84,18.94,6.67,979.24
2001-02-25,40035.58,15.19,261.88,20.05,6.93,996.34
2001-02-26,40157.42,0.0,389.97,21.12,5.62,910.72
2001-02-27,40279.87,9.97,200.75,15.14,6.45,964.47
2001-02-28,40402.88,10.01,174.0,14.5,7.29,1021.38
2001-03-01,40526.44,0.0,385.76,19.92,5.92,929.23
2001-03-02,40650.51,18.88,187.55,17.13,9.33,1173.21
2001-03-03,40775.07,18.75,175.52,16.7,9.55,1191.2
2001-03-04,40900.08,1.38,231.77,13.75,6.93,996.42
2001-03-05,41025.53,0.0,321.8,11.36,1.76,693.44
2001-03-06,41151.38,0.0,365.92,10.43,-0.57,585.71
2001-03-07,41277.61,0.0,431.05,13.16,-1.16,561.06
2001-03-08,41404.19,0.0,495.46,19.95,-1.62,542.55
2001-03-09,41531.11,0.0,413.66,12.74,0.03,611.93
2001-03-10,41658.32,0.0,494.95,16.96,-2.35,513.73
2001-03-11,41785.82,8.99,375.63,20.44,-0.84,574.32
2001-03-12,41913.57,38.73,206.96,15.74,8.17,1084.54
2001-03-13,42041.54,0.0,384.87,20.91,9.19,1162.5
2001-03-14,42169.73,34.23,329.1,18.79,4.4,836.13
2001-03-15,42298.1,0.0,387.84,20.16,8.25,1090.53
2001-03-16,42426.63,0.0,311.54,15.57,6.94,997.47
2001-03-17,42555.29,0.0,369.75,12.45,2.09,710.26
2001-03-18,42684.07,0.0,439.47,15.86,2.33,722.35
2001-03-19,42812.94,49.8,263.97,11.79,2.23,717.11
2001-03-20,42941.87,26.69,121.62,4.47,0.66,640.78
2001-03-21,43070.85,0.0,339.53,11.61,3.08,761.84
2001-03-22,43199.86,0.0,517.0,20.03,1.47,679.27
2001-03-23,43328.86,0.0,515.8,21.51,2.66,739.3
2001-03-24,43457.85,0.0,471.71,20.05,5.04,874.46
2001-03-25,43586.78,0.0,460.64,14.69,1.13,662.66
2001-03-26,43715.65,0.0,428.56,11.24,-0.46,590.56
2001-03-27,43844.43,0.0,506.15,13.22,-2.79,497.29
2001-03-28,43973.09,0.0,499.19,13.04,-2.32,515.13
2001-03-29,44101.62,18.37,210.26,10.76,3.93,808.86
2001-03-30,44229.99,10.96,236.36,14.83,6.88,993.5
2001-03-31,44358.18,7.07,225.69,15.29,7.88,1063.68
2001-04-01,44486.16,0.0,408.28,16.09,5.28,889.28
2001-04-02,44613.9,0.0,546.33,24.35,3.08,761.67
2001-04-03,44741.4,108.7,179.82,18.15,12.05,1406.83
2001-04-04,44868.62,20.35,197.21,19.56,12.84,1481.13
2001-04-05,44995.53,0.0,241.54,19.36,13.32,1529.08
2001-04-06,45122.11,0.0,418.64,27.16,14.88,1690.84
2001-04-07,45248.35,0.0,417.11,27.03,15.14,1720.21
2001-04-08,45374.2,0.0,442.26,27.31,14.35,1634.35
2001-04-09,45499.65,0.0,443.79,28.85,15.76,1789.5
2001-04-10,45624.66,0.0,455.72,30.93,17.06,1943.64
2001-04-11,45749.22,0.0,442.75,29.92,16.82,1915.06
2001-04-12,45873.29,0.0,375.85,28.82,18.62,2144.11
2001-04-13,45996.85,14.91,240.52,23.57,15.79,1793.13
2001-04-14,46119.86,16.8,341.8,23.56,11.39,1346.3
2001-04-15,46242.31,9.46,337.79,25.72,13.39,1535.43
2001-04-16,46364.15,0.0,451.08,22.04,10.25,1248.17
2001-04-17,46485.37,0.0,336.71,13.29,5.87,926.41
2001-04-18,46605.92,0.0,551.02,17.07,0.77,645.66
2001-04-19,46725.79,0.0,583.01,21.75,0.57,636.68
2001-04-20,46844.93,0.0,544.44,23.56,5.81,922.36
2001-04-21,46963.31,0.0,503.77,27.23,11.59,1363.98
2001-04-22,47080.91,0.0,495.25,27.45,12.43,1441.65
2001-04-23,47197.69,0.0,482.31,27.46,13.17,1513.6
2001-04-24,47313.61,3.57,254.4,19.54,11.43,1350.39
2001-04-25,47428.65,0.0,526.05,21.04,5.72,916.72
2001-04-26,47542.76,0.0,573.66,23.66,3.93,808.97
2001-04-27,47655.91,0.0,584.4,27.22,4.77,858.32
2001-04-28,47768.07,0.0,571.55,29.26,7.36,1026.41
2001-04-29,47879.2,0.0,545.64,29.44,9.79,1210.33
2001-04-30,47989.25,0.0,436.14,26.29,13.4,1536.89
2001-05-01,48098.2,0.0,454.58,26.02,12.36,1435.55
2001-05-02,48206.01,0.0,483.53,27.35,12.3,1429.81
2001-05-03,48312.63,0.0,520.81,28.1,10.51,1269.48
2001-05-04,48418.03,0.0,518.05,29.01,11.06,1317.64
2001-05-05,48522.17,0.0,506.31,28.88,11.39,1346.69
2001-05-06,48625.0,0.0,498.83,30.14,12.72,1470.19
2001-05-07,48726.5,0.0,389.3,27.67,15.69,1781.63
2001-05-08,48826.61,11.38,222.15,23.57,15.17,1723.32
2001-05-09,48925.29,6.56,258.69,25.74,15.68,1780.98
2001-05-10,49022.51,0.0,439.42,27.05,13.42,1538.53
2001-05-11,49118.22,0.0,444.35,28.71,14.58,1658.72
2001-05-12,49212.38,7.02,303.68,27.49,15.09,1714.23
2001-05-13,49304.95,0.0,453.7,25.87,11.62,1367.47
2001-05-14,49395.89,0.0,524.11,27.83,9.33,1173.35
2001-05-15,49485.15,0.0,521.25,31.09,11.78,1382.04
2001-05-16,49572.69,0.0,479.89,30.79,13.96,1593.09
2001-05-17,49658.47,0.0,477.58,31.85,14.66,1667.48
2001-05-18,49742.44,0.0,449.57,31.5,15.82,1796.92
2001-05-19,49824.57,12.23,264.33,28.84,17.72,2026.99
2001-05-20,49904.81,18.21,261.01,30.82,19.71,2295.12
2001-05-21,49983.12,6.54,216.75,28.1,19.39,2250.64
2001-05-22,50059.46,13.84,245.79,23.17,13.87,1584.03
2001-05-23,50133.79,4.58,390.81,26.02,8.33,1096.68
2001-05-24,50206.06,14.3,334.3,26.53,12.44,1443.19
2001-05-25,50276.24,0.0,434.64,23.58,10.43,1262.86
2001-05-26,50344.29,0.0,503.02,26.51,9.83,1213.79
2001-05-27,50410.16,18.31,376.04,28.74,11.83,1385.89
2001-05-28,50473.83,34.87,289.51,28.19,16.64,1893.51
2001-05-29,50535.24,0.0,388.11,27.56,16.23,1844.03
2001-05-30,50594.37,6.23,336.95,28.24,14.44,1644.0
2001-05-31,50651.18,18.17,280.77,27.55,16.72,1902.56
2001-06-01,50705.63,10.94,280.69,26.81,16.17,1837.04
2001-06-02,50757.69,0.0,469.92,26.51,12.4,1439.6
2001-06-03,50807.33,11.03,340.8,29.85,15.9,1805.92
2001-06-04,50854.52,3.26,329.59,30.73,17.35,1980.51
2001-06-05,50899.22,0.0,337.57,27.9,18.69,2153.53
2001-06-06,50941.41,2.54,255.82,29.65,20.15,2358.54
2001-06-07,50981.06,18.14,192.54,27.42,20.6,2425.68
2001-06-08,51018.14,8.77,244.48,28.98,20.07,2347.38
2001-06-09,51052.63,0.0,321.93,27.8,19.25,2230.28
2001-06-10,51084.5,0.0,426.89,29.87,17.66,2019.69
2001-06-11,51113.74,13.35,237.23,27.37,19.13,2214.2
2001-06-12,51140.32,0.0,404.03,30.65,19.31,2238.56
2001-06-13,51164.22,0.0,439.98,32.42,19.5,2265.9
2001-06-14,51185.44,4.02,304.8,31.91,20.55,2417.99
2001-06-15,51203.95,9.02,296.66,31.24,20.51,2412.66
2001-06-16,51219.74,0.0,420.76,30.01,18.8,2168.99
2001-06-17,51232.8,0.0,500.1,31.62,16.7,1899.87
2001-06-18,51243.13,0.0,499.49,33.16,17.69,2023.27
2001-06-19,51250.71,0.0,460.94,30.92,17.85,2042.93
2001-06-20,51255.53,0.0,446.88,31.19,18.53,2133.32
2001-06-21,51257.61,11.71,335.11,31.49,18.67,2151.14
2001-06-22,51256.92,22.44,234.65,25.69,18.17,2085.17
2001-06-23,51253.48,0.0,486.75,27.02,13.72,1568.7
2001-06-24,51247.29,0.0,504.48,28.69,14.16,1614.12
2001-06-25,51238.35,0.0,516.27,29.69,14.31,1630.3
2001-06-26,51226.67,16.3,351.76,29.0,16.17,1837.35
2001-06-27,51212.25,6.28,345.39,29.72,17.06,1944.62
2001-06-28,51195.11,8.11,259.1,27.84,19.34,2243.11
2001-06-29,51175.26,16.0,310.43,29.67,18.89,2181.78
2001-06-30,51152.71,13.05,312.54,30.46,19.43,2256.11
2001-07-01,51127.48,0.0,419.36,30.28,19.2,2223.53
2001-07-02,51099.58,0.0,432.87,31.93,20.08,2349.29
2001-07-03,51069.03,17.06,308.62,32.04,21.0,2485.74
2001-07-04,51035.86,11.04,308.51,31.47,20.61,2426.26
2001-07-05,51000.08,17.17,328.25,30.35,18.71,2156.26
2001-07-06,50961.73,0.0,463.25,31.28,18.35,2108.81
2001-07-07,50920.82,0.0,454.43,32.44,19.44,2257.55
2001-07-08,50877.38,0.0,462.76,33.62,19.82,2311.44
2001-07-09,50831.44,13.49,310.67,34.04,22.03,2647.18
2001-07-10,50783.04,8.32,312.84,33.9,21.81,2611.96
2001-07-11,50732.19,0.0,395.52,32.72,21.61,2580.38
2001-07-12,50678.94,0.0,391.22,32.78,21.81,2612.59
2001-07-13,50623.32,0.0,356.77,30.09,20.76,2449.14
2001-07-14,50565.35,0.0,463.36,29.59,16.59,1887.46
2001-07-15,50505.09,0.0,459.94,31.08,17.82,2040.26
2001-07-16,50442.55,0.0,449.41,31.6,18.62,2145.14
2001-07-17,50377.79,0.0,446.24,32.05,19.15,2216.7
2001-07-18,50310.83,0.0,476.14,33.46,18.87,2178.3
2001-07-19,50241.72,0.0,452.08,33.77,20.19,2365.4
2001-07-20,50170.5,12.11,279.6,32.23,21.98,2639.87
2001-07-21,50097.21,0.0,297.9,28.47,21.03,2491.01
2001-07-22,50021.88,0.0,398.23,30.77,19.99,2336.26
2001-07-23,49944.55,0.0,426.7,32.12,20.09,2350.81
2001-07-24,49865.28,0.0,446.98,32.78,19.81,2309.68
2001-07-25,49784.1,13.12,303.86,32.42,21.21,2518.57
2001-07-26,49701.05,0.51,372.57,31.45,21.59,2576.96
2001-07-27,49616.18,0.0,417.59,33.05,21.36,2541.15
2001-07-28,49529.52,0.0,405.87,33.38,21.94,2633.88
2001-07-29,49441.12,7.93,239.85,31.72,23.35,2868.44
2001-07-30,49351.03,2.48,247.56,32.27,23.56,2905.45
2001-07-31,49259.27,0.0,367.04,32.7,22.84,2781.03
2001-08-01,49165.91,0.0,406.98,32.17,21.07,2497.08
2001-08-02,49070.98,0.0,438.98,32.98,20.43,2400.82
2001-08-03,48974.51,6.07,328.51,32.54,20.07,2347.7
2001-08-04,48876.56,0.0,362.32,31.1,21.6,2579.19
2001-08-05,48777.16,14.39,304.2,32.75,21.53,2568.36
2001-08-06,48676.36,30.49,184.34,27.85,22.01,2644.4
2001-08-07,48574.2,3.26,217.59,30.0,22.93,2797.1
2001-08-08,48470.71,0.0,344.2,31.76,23.05,2815.97
2001-08-09,48365.95,0.0,310.69,30.18,22.69,2755.98
2001-08-10,48259.94,10.26,143.1,26.46,22.26,2684.81
2001-08-11,48152.72,22.2,244.17,28.9,21.34,2538.3
2001-08-12,48044.34,6.91,243.93,29.45,21.86,2619.55
2001-08-13,47934.84,33.92,238.68,28.7,21.47,2558.51
2001-08-14,47824.25,0.0,414.61,30.93,20.63,2430.45
2001-08-15,47712.61,0.0,490.23,32.37,18.4,2114.96
2001-08-16,47599.95,0.0,501.32,32.79,17.89,2049.2
2001-08-17,47486.32,0.0,425.99,32.02,21.01,2488.14
2001-08-18,47371.75,12.79,320.7,30.98,20.16,2360.92
2001-08-19,47256.27,0.0,417.27,30.76,20.35,2387.77
2001-08-20,47139.92,0.0,437.01,30.17,19.03,2200.65
2001-08-21,47022.73,0.0,501.06,30.04,15.75,1788.18
2001-08-22,46904.74,0.0,510.12,31.89,16.21,1841.38
2001-08-23,46785.97,0.0,502.1,32.56,17.05,1943.38
2001-08-24,46666.47,0.0,476.47,32.98,18.73,2160.1
2001-08-25,46546.26,0.0,447.04,32.58,19.82,2310.66
2001-08-26,46425.37,0.0,418.12,32.25,20.76,2450.03
2001-08-27,46303.84,22.44,334.08,32.88,19.93,2326.85
2001-08-28,46181.7,0.0,354.91,28.91,20.08,2348.14
2001-08-29,46058.96,1.88,315.96,28.1,20.46,2404.37
2001-08-30,45935.68,2.43,179.73,26.63,21.09,2499.63
2001-08-31,45811.86,63.99,203.38,26.94,20.67,2436.57
2001-09-01,45687.54,11.31,178.44,25.34,20.08,2348.28
2001-09-02,45562.76,37.44,170.51,25.13,20.21,2367.51
2001-09-03,45437.52,80.73,160.3,25.28,20.7,2440.77
2001-09-04,45311.87,39.13,255.89,29.33,21.29,2530.03
2001-09-05,45185.83,0.0,408.68,31.72,20.88,2467.98
2001-09-06,45059.42,0.0,411.16,32.01,20.84,2462.14
2001-09-07,44932.67,0.0,383.08,31.3,21.28,2528.47
2001-09-08,44805.6,0.0,370.09,31.12,21.48,2559.72
2001-09-09,44678.24,0.0,349.99,30.71,21.65,2587.38
2001-09-10,44550.62,0.0,323.85,28.7,20.68,2437.36
2001-09-11,44422.75,0.0,425.98,30.89,18.67,2150.98
2001-09-12,44294.67,0.0,391.48,30.2,19.43,2255.51
2001-09-13,44166.39,0.0,396.2,29.17,18.33,2106.03
2001-09-14,44037.94,0.0,421.96,29.19,17.25,1967.88
2001-09-15,43909.34,0.0,432.4,26.87,14.92,1695.51
2001-09-16,43780.62,0.0,451.82,26.01,13.13,1509.97
2001-09-17,43651.79,0.0,454.35,26.29,13.03,1499.66
2001-09-18,43522.88,0.0,449.67,27.93,14.34,1633.76
2001-09-19,43393.92,5.36,283.38,27.46,17.15,1954.87
2001-09-20,43264.93,0.0,380.58,27.33,16.99,1935.78
2001-09-21,43135.92,0.0,478.63,28.86,12.64,1462.21
2001-09-22,43006.92,0.0,464.75,30.1,14.36,1635.81
2001-09-23,42877.96,5.57,327.58,30.22,16.21,1841.26
2001-09-24,42749.06,3.83,233.02,22.06,14.48,1648.3
2001-09-25,42620.23,0.0,415.35,19.21,8.34,1096.96
2001-09-26,42491.51,0.0,492.5,21.01,4.76,857.48
2001-09-27,42362.91,0.0,503.3,24.17,4.87,864.25
2001-09-28,42234.45,0.0,484.4,24.94,7.19,1014.47
2001-09-29,42106.17,0.0,459.02,23.99,8.25,1090.79
2001-09-30,41978.09,0.0,457.77,23.7,7.63,1045.5
2001-10-01,41850.22,0.0,472.11,25.15,6.65,977.3
2001-10-02,41722.59,0.0,474.15,27.51,7.21,1016.24
2001-10-03,41595.23,0.0,459.46,28.07,8.44,1104.53
2001-10-04,41468.17,0.0,444.76,27.64,9.04,1150.54
2001-10-05,41341.41,17.81,295.26,27.77,12.54,1452.34
2001-10-06,41215.0,0.0,331.85,20.34,9.22,1164.66
2001-10-07,41088.95,0.0,425.76,20.69,4.14,820.96
2001-10-08,40963.3,0.0,427.71,22.48,4.99,871.53
2001-10-09,40838.06,0.0,370.15,22.12,8.18,1085.75
2001-10-10,40713.27,0.0,353.66,25.97,12.08,1409.14
2001-10-11,40588.95,5.46,194.26,24.87,15.38,1747.07
2001-10-12,40465.13,4.52,140.09,24.6,17.85,2044.0
2001-10-13,40341.84,45.79,156.29,24.38,16.87,1920.3
2001-10-14,40219.11,0.0,322.25,24.09,11.86,1389.36
2001-10-15,40096.96,0.0,387.26,24.66,8.27,1092.02
2001-10-16,39975.42,0.0,284.72,16.17,6.15,944.15
2001-10-17,39854.53,0.0,363.07,15.89,1.96,703.27
2001-10-18,39734.32,0.0,419.43,20.21,1.02,657.55
2001-10-19,39614.81,0.0,412.19,22.69,3.17,766.59
2001-10-20,39496.04,0.0,399.36,25.31,5.97,933.04
2001-10-21,39378.04,0.0,383.1,27.32,8.71,1125.25
2001-10-22,39260.85,0.0,357.26,27.69,10.86,1300.14
2001-10-23,39144.49,0.0,358.98,28.77,11.29,1337.94
2001-10-24,39029.01,4.33,219.92,27.66,14.35,1634.25
2001-10-25,38914.43,0.0,317.11,22.13,8.1,1079.66
2001-10-26,38800.79,0.0,324.8,19.21,4.96,869.7
2001-10-27,38688.13,0.0,290.67,12.51,0.75,644.68
2001-10-28,38576.48,0.0,373.41,15.29,-2.25,517.75
2001-10-29,38465.88,0.0,387.51,18.5,-1.29,555.82
2001-10-30,38356.37,0.0,400.3,22.32,-0.56,586.33
2001-10-31,38247.99,0.0,387.19,23.22,1.54,682.71
2001-11-01,38140.76,0.0,369.56,26.07,5.56,906.87
2001-11-02,38034.75,0.0,319.6,26.53,10.38,1259.26
2001-11-03,37929.97,0.0,337.5,26.94,9.09,1154.21
2001-11-04,37826.47,0.0,338.44,24.23,6.55,971.02
2001-11-05,37724.3,0.0,351.27,23.33,4.12,819.61
2001-11-06,37623.49,0.0,363.14,23.31,2.33,722.13
2001-11-07,37524.09,0.0,362.1,24.67,3.05,760.3
2001-11-08,37426.13,0.0,343.62,24.02,4.3,830.24
2001-11-09,37329.65,0.0,328.34,21.93,3.76,799.57
2001-11-10,37234.71,0.0,349.69,22.27,1.18,665.1
2001-11-11,37141.33,0.0,334.16,22.75,2.75,744.33
2001-11-12,37049.57,0.0,327.46,22.49,2.7,741.71
2001-11-13,36959.46,0.0,262.61,20.57,6.22,949.04
2001-11-14,36871.06,0.0,293.52,22.53,5.45,899.43
2001-11-15,36784.39,0.0,309.38,21.83,3.06,760.56
2001-11-16,36699.5,0.0,330.18,22.94,1.29,670.66
2001-11-17,36616.44,0.0,338.22,25.32,1.7,690.4
2001-11-18,36535.24,0.0,311.04,24.65,4.36,833.65
2001-11-19,36455.96,0.0,291.61,23.56,5.23,885.97
2001-11-20,36378.62,0.0,206.05,14.67,3.51,785.2
2001-11-21,36303.28,0.0,313.42,16.9,-3.04,488.24
2001-11-22,36229.97,0.0,312.72,19.46,-0.99,568.18
2001-11-23,36158.74,25.06,178.67,17.44,3.59,789.66
2001-11-24,36089.61,40.71,103.92,22.06,14.04,1601.52
2001-11-25,36022.64,0.0,262.59,22.86,6.46,965.07
2001-11-26,35957.87,0.0,281.21,24.16,5.62,910.62
2001-11-27,35895.32,10.6,104.69,22.57,14.31,1630.64
2001-11-28,35835.04,0.0,154.19,24.18,15.0,1704.9
2001-11-29,35777.06,30.03,133.52,23.57,13.11,1508.2
2001-11-30,35721.42,0.0,183.71,15.32,5.36,894.16
2001-12-01,35668.15,0.0,234.09,16.38,3.23,770.13
2001-12-02,35617.29,0.0,275.82,19.67,2.7,741.62
2001-12-03,35568.87,0.0,288.61,21.5,2.83,748.28
2001-12-04,35522.91,0.0,283.03,22.41,4.06,816.32
2001-12-05,35479.46,0.0,273.27,22.36,4.97,870.32
2001-12-06,35438.53,0.0,272.4,23.66,6.12,942.4
2001-12-07,35400.16,0.0,234.12,21.92,8.01,1073.16
2001-12-08,35364.37,0.0,176.35,19.2,9.51,1187.34
2001-12-09,35331.18,16.81,88.97,14.55,8.46,1106.52
2001-12-10,35300.62,27.08,57.44,11.07,7.53,1038.38
2001-12-11,35272.7,0.0,83.05,11.58,7.78,1056.17
2001-12-12,35247.45,15.92,122.5,16.79,8.8,1132.16
2001-12-13,35224.88,58.39,84.57,17.73,12.34,1433.64
2001-12-14,35205.01,0.0,223.33,18.3,7.11,1009.14
2001-12-15,35187.85,0.0,290.41,18.71,2.08,709.33
2001-12-16,35173.41,0.0,195.85,17.82,8.55,1113.2
2001-12-17,35161.71,15.01,136.52,19.56,11.13,1323.74
2001-12-18,35152.76,0.0,215.47,15.69,6.04,937.62
2001-12-19,35146.55,0.0,297.05,17.12,1.23,667.61
2001-12-20,35143.09,0.0,264.66,11.46,-0.93,570.8
2001-12-21,35142.39,0.0,317.35,15.34,-3.08,486.89
2001-12-22,35144.45,0.0,320.95,17.87,-1.71,538.86
2001-12-23,35149.25,9.89,190.79,13.28,1.53,682.13
2001-12-24,35156.81,0.0,246.0,7.93,-2.92,492.54
2001-12-25,35167.12,0.0,237.04,4.41,-5.59,402.83
2001-12-26,35180.16,0.0,298.96,5.91,-8.54,320.73
2001-12-27,35195.94,0.0,305.74,9.74,-5.98,390.99
2001-12-28,35214.43,0.0,313.26,15.81,-1.96,528.8
2001-12-29,35235.63,0.0,271.42,12.45,-0.56,586.28
2001-12-30,35259.52,0.0,200.82,5.2,-3.16,484.0
2001-12-31,35286.08,0.0,177.43,2.8,-4.26,445.44
2002-01-01,35315.43,0.0,239.31,4.14,-7.06,359.92
2002-01-02,35347.3,0.0,168.24,3.76,-3.61,467.98
2002-01-03,35381.78,0.0,164.11,1.71,-5.39,408.96
2002-01-04,35418.86,0.0,295.4,6.5,-8.9,311.8
2002-01-05,35458.5,12.4,269.43,11.19,-7.68,342.9
2002-01-06,35500.68,7.77,110.36,5.79,0.15,617.22
2002-01-07,35545.38,0.0,117.04,3.75,-0.6,584.66
2002-01-08,35592.56,0.0,319.4,8.2,-6.06,388.62
2002-01-09,35642.19,0.0,370.76,17.74,-2.99,489.87
2002-01-10,35694.25,1.67,347.96,19.46,1.56,683.32
2002-01-11,35748.7,0.0,263.07,15.97,3.12,763.79
2002-01-12,35805.5,0.0,257.26,11.42,-0.62,583.91
2002-01-13,35864.63,0.0,323.9,15.04,-3.04,488.32
2002-01-14,35926.04,0.0,293.42,15.46,0.65,640.24
2002-01-15,35989.69,0.0,281.67,11.49,-1.93,529.96
2002-01-16,36055.56,0.0,339.91,16.01,-3.79,461.49
2002-01-17,36123.61,6.11,252.43,17.04,-2.42,511.23
2002-01-18,36193.78,12.34,186.98,14.5,3.16,766.33
2002-01-19,36266.05,45.99,195.84,15.46,3.42,780.31
2002-01-20,36340.37,14.77,178.95,11.98,1.56,683.75
2002-01-21,36416.71,0.0,297.73,16.0,1.71,690.96
2002-01-22,36495.01,15.66,247.1,16.07,-1.07,564.98
2002-01-23,36575.25,3.74,228.97,23.41,7.68,1048.85
2002-01-24,36657.38,53.91,157.35,21.14,11.83,1385.9
2002-01-25,36741.35,0.0,266.96,13.37,1.79,695.05
2002-01-26,36827.12,0.0,354.91,18.37,-0.99,568.29
2002-01-27,36914.66,0.0,318.99,17.79,2.54,733.05
2002-01-28,37003.91,0.0,333.29,22.21,5.2,884.03
2002-01-29,37094.85,0.0,296.35,25.21,10.92,1304.78
2002-01-30,37187.41,0.0,271.99,25.27,12.68,1466.31
2002-01-31,37281.57,14.99,182.32,23.31,12.65,1463.18
2002-02-01,37377.28,0.0,271.69,17.63,6.09,940.64
2002-02-02,37474.5,0.0,280.32,10.65,-0.87,573.32
2002-02-03,37573.18,3.44,111.18,6.82,1.42,676.93
2002-02-04,37673.28,0.0,256.47,10.26,0.57,636.33
2002-02-05,37774.77,13.16,130.69,4.57,-1.56,544.66
2002-02-06,37877.61,22.92,121.98,4.83,-0.84,574.47
2002-02-07,37981.74,2.96,105.97,4.67,-0.07,607.78
2002-02-08,38087.14,0.0,357.5,13.97,-0.9,571.92
2002-02-09,38193.76,0.0,398.19,18.14,-1.27,556.46
2002-02-10,38301.56,0.0,372.85,18.16,1.78,694.65
2002-02-11,38410.51,0.0,282.0,10.56,0.54,635.32
2002-02-12,38520.56,0.0,403.2,14.9,-3.53,470.74
2002-02-13,38631.69,0.0,381.55,14.56,-1.39,551.5
2002-02-14,38743.84,0.0,405.22,15.07,-3.15,484.07
2002-02-15,38856.99,0.0,421.35,18.17,-2.37,513.25
2002-02-16,38971.1,0.0,358.01,15.72,1.95,703.07
2002-02-17,39086.13,0.0,389.87,15.29,-0.65,582.53
2002-02-18,39202.05,0.0,418.76,18.01,-1.15,561.5
2002-02-19,39318.83,19.32,283.38,17.4,2.05,708.0
2002-02-20,39436.43,13.77,258.26,20.68,7.28,1020.73
2002-02-21,39554.81,0.0,415.73,21.04,2.45,728.54
2002-02-22,39673.95,0.0,287.99,10.11,0.55,635.5
2002-02-23,39793.81,0.0,409.19,13.19,-3.17,483.5
2002-02-24,39914.37,0.0,453.71,19.56,-2.92,492.65
2002-02-25,40035.58,0.0,442.84,21.21,0.38,627.81
2002-02-26,40157.42,0.0,355.84,11.5,-1.18,560.31
2002-02-27,40279.87,0.0,285.97,1.4,-7.6,345.14
2002-02-28,40402.88,0.0,440.58,7.96,-9.58,295.48
2002-03-01,40526.44,8.06,378.28,13.25,-6.01,390.06
2002-03-02,40650.51,8.29,264.96,12.91,2.25,718.0
2002-03-03,40775.07,0.0,381.68,8.82,-2.59,504.81
2002-03-04,40900.08,0.0,402.52,4.49,-7.5,347.87
2002-03-05,41025.53,0.0,532.37,14.78,-7.06,359.79
2002-03-06,41151.38,0.0,530.6,18.58,-3.73,463.77
2002-03-07,41277.61,0.0,468.62,22.38,0.2,619.45
2002-03-08,41404.19,0.0,428.9,24.09,5.36,894.03
2002-03-09,41531.11,5.95,257.81,19.09,5.98,933.52
2002-03-10,41658.32,0.0,348.5,13.03,0.35,626.43
2002-03-11,41785.82,18.97,355.77,20.56,-1.5,547.02
2002-03-12,41913.57,30.13,204.58,15.17,5.71,916.14
2002-03-13,42041.54,0.0,228.89,15.06,7.32,1023.44
2002-03-14,42169.73,0.0,445.42,21.96,3.44,781.73
2002-03-15,42298.1,9.71,316.08,25.51,8.17,1084.73
2002-03-16,42426.63,16.4,253.6,26.35,13.58,1554.97
2002-03-17,42555.29,0.0,293.47,28.4,17.54,2003.88
2002-03-18,42684.07,0.0,275.14,25.7,16.0,1817.55
2002-03-19,42812.94,0.0,354.75,26.39,13.52,1548.18
2002-03-20,42941.87,23.66,235.85,24.6,13.84,1581.01
2002-03-21,43070.85,0.0,379.4,18.28,5.64,911.99
2002-03-22,43199.86,0.0,380.66,8.71,-3.24,480.82
2002-03-23,43328.86,0.0,512.72,17.33,-3.49,471.96
2002-03-24,43457.85,0.0,516.04,22.94,0.52,634.4
2002-03-25,43586.78,0.0,456.34,23.84,6.5,967.56
2002-03-26,43715.65,11.26,322.44,21.29,6.14,943.87
2002-03-27,43844.43,0.0,432.83,15.82,1.4,675.88
2002-03-28,43973.09,0.0,529.63,23.99,0.82,648.1
2002-03-29,44101.62,8.63,353.9,26.98,8.3,1094.15
2002-03-30,44229.99,33.46,138.21,19.99,14.33,1632.66
2002-03-31,44358.18,3.87,150.94,19.09,13.12,1508.48
2002-04-01,44486.16,0.0,431.83,22.09,7.53,1038.25
2002-04-02,44613.9,0.0,509.86,27.47,6.69,980.51
2002-04-03,44741.4,0.0,393.92,20.74,7.95,1068.43
2002-04-04,44868.62,0.0,411.23,15.69,2.89,751.5
2002-04-05,44995.53,0.0,431.97,16.41,2.94,754.27
2002-04-06,45122.11,0.0,505.96,18.77,1.21,666.54
2002-04-07,45248.35,0.0,545.04,24.2,2.25,718.02
2002-04-08,45374.2,14.08,276.85,23.45,12.04,1405.76
2002-04-09,45499.65,0.0,315.69,22.44,13.11,1507.89
2002-04-10,45624.66,0.0,449.19,27.4,12.4,1439.4
2002-04-11,45749.22,2.39,199.51,23.23,15.57,1767.58
2002-04-12,45873.29,6.57,108.25,20.36,16.49,1874.75
2002-04-13,45996.85,4.64,216.49,24.2,16.05,1823.11
2002-04-14,46119.86,0.0,295.22,23.78,15.67,1779.69
2002-04-15,46242.31,0.0,447.11,27.62,13.62,1559.12
2002-04-16,46364.15,0.0,427.48,28.1,14.88,1691.3
2002-04-17,46485.37,0.0,462.45,30.84,15.32,1739.32
2002-04-18,46605.92,0.0,493.03,31.94,14.26,1624.8
2002-04-19,46725.79,0.0,470.35,31.66,15.34,1741.72
2002-04-20,46844.93,0.0,425.08,31.56,17.52,2001.44
2002-04-21,46963.31,0.0,394.17,30.43,17.92,2052.94
2002-04-22,47080.91,2.75,305.42,23.42,11.66,1370.31
2002-04-23,47197.69,0.0,529.36,25.83,7.81,1058.68
2002-04-24,47313.61,0.0,530.51,29.2,10.25,1248.45
2002-04-25,47428.65,0.0,460.25,22.86,9.28,1169.51
2002-04-26,47542.76,3.27,187.83,15.24,9.08,1153.4
2002-04-27,47655.91,0.0,504.42,25.4,9.77,1208.22
2002-04-28,47768.07,5.55,319.52,29.79,17.16,1956.62
2002-04-29,47879.2,11.22,326.05,28.08,15.25,1731.79
2002-04-30,47989.25,45.81,239.64,21.57,13.3,1526.17
2002-05-01,48098.2,0.0,462.15,29.45,15.22,1728.36
2002-05-02,48206.01,13.16,307.13,30.73,18.65,2148.28
2002-05-03,48312.63,42.04,158.17,22.63,17.44,1990.81
2002-05-04,48418.03,0.0,323.11,25.09,16.86,1919.69
2002-05-05,48522.17,0.0,411.3,26.75,15.67,1779.3
2002-05-06,48625.0,0.0,393.69,26.35,16.11,1829.65
2002-05-07,48726.5,0.0,420.04,30.32,18.82,2171.16
2002-05-08,48826.61,0.0,410.28,30.55,19.36,2246.63
2002-05-09,48925.29,11.27,295.53,30.13,19.55,2272.3
2002-05-10,49022.51,0.0,359.63,27.2,18.26,2096.68
2002-05-11,49118.22,0.0,459.93,31.32,18.05,2069.42
2002-05-12,49212.38,0.0,429.62,31.25,19.04,2202.37
2002-05-13,49304.95,0.0,483.79,26.93,13.17,1514.18
2002-05-14,49395.89,0.0,554.22,24.9,7.23,1017.22
2002-05-15,49485.15,0.0,565.78,26.78,7.51,1037.01
2002-05-16,49572.69,0.0,557.7,28.7,9.43,1181.04
2002-05-17,49658.47,18.46,305.23,28.25,16.91,1925.85
2002-05-18,49742.44,0.0,373.38,18.67,9.62,1196.16
2002-05-19,49824.57,0.0,488.75,19.2,6.27,952.64
2002-05-20,49904.81,0.0,538.84,20.95,5.32,891.4
2002-05-21,49983.12,0.0,525.36,21.92,6.82,988.78
2002-05-22,50059.46,0.0,543.76,22.43,6.01,935.46
2002-05-23,50133.79,0.0,550.43,25.33,7.9,1064.72
2002-05-24,50206.06,0.0,561.43,28.63,9.47,1184.27
2002-05-25,50276.24,0.0,528.94,29.37,12.31,1430.81
2002-05-26,50344.29,0.0,492.25,30.18,14.75,1677.5
2002-05-27,50410.16,13.06,328.73,29.01,16.3,1852.96
2002-05-28,50473.83,0.0,427.01,30.26,17.78,2035.18
2002-05-29,50535.24,18.79,241.17,25.49,17.16,1957.04
2002-05-30,50594.37,0.0,432.09,29.35,16.87,1920.77
2002-05-31,50651.18,0.0,485.8,30.48,15.42,1750.55
2002-06-01,50705.63,0.0,481.56,31.91,16.62,1890.23
2002-06-02,50757.69,0.0,448.72,32.82,18.62,2144.47
2002-06-03,50807.33,0.0,465.89,33.92,18.46,2123.11
2002-06-04,50854.52,12.98,332.19,34.98,20.21,2368.26
2002-06-05,50899.22,10.11,313.4,33.03,19.75,2301.33
2002-06-06,50941.41,10.61,296.06,31.75,19.61,2281.22
2002-06-07,50981.06,0.0,381.34,30.78,19.29,2237.05
2002-06-08,51018.14,0.0,276.34,28.6,20.76,2449.91
2002-06-09,51052.63,0.0,372.09,30.73,19.58,2277.06
2002-06-10,51084.5,0.0,452.77,31.03,16.69,1898.6
2002-06-11,51113.74,0.0,471.02,32.27,16.7,1900.49
2002-06-12,51140.32,0.0,475.15,33.31,17.21,1962.78
2002-06-13,51164.22,17.2,357.0,33.05,17.0,1936.5
2002-06-14,51185.44,13.45,267.35,27.32,17.25,1967.69
2002-06-15,51203.95,0.0,447.83,27.36,14.19,1617.72
2002-06-16,51219.74,0.0,451.95,27.05,13.72,1568.66
2002-06-17,51232.8,0.0,493.53,29.21,13.38,1534.91
2002-06-18,51243.13,0.0,496.56,31.64,14.97,1701.6
2002-06-19,51250.71,0.0,438.5,30.4,16.83,1915.42
2002-06-20,51255.53,0.0,435.35,32.2,18.42,2117.99
2002-06-21,51257.61,0.0,412.3,30.73,18.25,2095.82
2002-06-22,51256.92,0.0,397.67,29.19,17.64,2016.3
2002-06-23,51253.48,10.38,258.55,30.84,20.97,2481.4
2002-06-24,51247.29,7.85,305.25,31.07,19.18,2220.97
2002-06-25,51238.35,17.7,227.06,29.7,21.47,2558.94
2002-06-26,51226.67,14.72,269.9,30.96,20.9,2470.32
2002-06-27,51212.25,19.91,269.91,29.88,20.04,2342.32
2002-06-28,51195.11,6.67,222.35,27.52,19.81,2309.72
2002-06-29,51175.26,21.94,256.58,29.09,19.97,2332.68
2002-06-30,51152.71,6.72,291.93,30.83,20.05,2344.88
2002-07-01,51127.48,0.0,456.81,33.2,19.38,2248.92
2002-07-02,51099.58,5.97,312.4,32.21,20.29,2380.14
2002-07-03,51069.03,0.0,439.49,31.93,19.27,2233.63
2002-07-04,51035.86,0.0,416.29,31.82,20.14,2357.58
2002-07-05,51000.08,0.0,448.0,33.4,20.12,2354.0
2002-07-06,50961.73,0.0,449.79,35.1,21.23,2521.77
2002-07-07,50920.82,0.0,417.49,33.98,21.72,2598.33
2002-07-08,50877.38,0.0,373.59,32.23,21.82,2614.32
2002-07-09,50831.44,0.0,425.28,33.9,21.25,2523.94
2002-07-10,50783.04,10.27,312.55,33.52,21.32,2535.62
2002-07-11,50732.19,28.63,275.02,31.39,21.46,2557.15
2002-07-12,50678.94,80.54,260.31,30.15,21.15,2508.6
2002-07-13,50623.32,16.17,215.42,28.01,21.06,2494.4
2002-07-14,50565.35,12.15,309.39,31.1,20.05,2344.11
2002-07-15,50505.09,0.0,435.3,32.09,20.02,2340.24
2002-07-16,50442.55,0.0,422.15,31.87,20.38,2392.91
2002-07-17,50377.79,0.0,434.55,33.35,21.15,2508.36
2002-07-18,50310.83,0.0,424.43,33.33,21.64,2585.8
2002-07-19,50241.72,11.6,352.82,33.65,19.92,2325.66
2002-07-20,50170.5,7.74,317.16,30.52,19.51,2267.06
2002-07-21,50097.21,0.0,430.04,32.45,20.81,2456.53
2002-07-22,50021.88,0.0,413.05,32.11,21.17,2511.78
2002-07-23,49944.55,0.0,414.41,31.87,20.9,2471.27
2002-07-24,49865.28,0.0,381.28,30.88,21.22,2519.87
2002-07-25,49784.1,0.0,361.76,30.66,21.59,2577.39
2002-07-26,49701.05,11.38,284.74,31.91,22.08,2656.2
2002-07-27,49616.18,0.0,394.89,33.09,22.52,2728.43
2002-07-28,49529.52,0.0,444.07,34.19,21.35,2540.16
2002-07-29,49441.12,0.0,427.28,33.94,21.78,2607.28
2002-07-30,49351.03,5.56,314.76,34.05,22.1,2659.31
2002-07-31,49259.27,0.0,408.59,32.45,21.36,2541.03
2002-08-01,49165.91,0.0,451.09,33.27,20.27,2375.79
2002-08-02,49070.98,0.0,442.06,34.34,21.42,2550.02
2002-08-03,48974.51,0.0,428.7,34.08,21.76,2603.95
2002-08-04,48876.56,0.0,471.31,34.12,19.82,2310.57
2002-08-05,48777.16,0.0,485.32,35.33,19.81,2309.79
2002-08-06,48676.36,0.0,458.41,35.33,21.17,2511.33
2002-08-07,48574.2,0.0,445.29,32.61,19.72,2296.72
2002-08-08,48470.71,0.0,445.6,33.48,20.32,2383.48
2002-08-09,48365.95,0.0,421.06,32.29,20.41,2397.27
2002-08-10,48259.94,0.0,434.66,31.88,19.46,2260.6
2002-08-11,48152.72,0.0,487.49,33.33,17.81,2037.85
2002-08-12,48044.34,0.0,495.17,33.76,17.36,1981.64
2002-08-13,47934.84,0.0,482.16,34.04,18.12,2078.93
2002-08-14,47824.25,14.22,318.05,32.91,20.03,2340.93
2002-08-15,47712.61,4.19,311.16,33.29,20.64,2431.93
2002-08-16,47599.95,8.63,279.95,32.98,21.97,2637.57
2002-08-17,47486.32,0.0,380.11,32.91,21.67,2590.06
2002-08-18,47371.75,17.94,300.71,32.97,20.94,2476.03
2002-08-19,47256.27,0.0,398.46,32.28,20.45,2403.23
2002-08-20,47139.92,9.05,318.03,33.78,20.47,2406.63
2002-08-21,47022.73,0.0,446.33,35.02,20.22,2368.76
2002-08-22,46904.74,0.0,393.76,34.15,21.83,2616.17
2002-08-23,46785.97,0.0,399.86,33.95,21.34,2538.3
2002-08-24,46666.47,7.94,293.08,34.41,21.9,2627.5
2002-08-25,46546.26,0.0,351.0,32.14,21.56,2573.01
2002-08-26,46425.37,0.0,397.7,32.26,19.85,2314.94
2002-08-27,46303.84,0.0,409.11,30.25,17.75,2030.5
2002-08-28,46181.7,0.0,367.8,29.61,18.78,2166.39
2002-08-29,46058.96,0.0,359.74,30.79,20.03,2340.97
2002-08-30,45935.68,0.0,352.27,31.14,20.56,2419.48
2002-08-31,45811.86,0.0,324.25,30.72,21.19,2514.61
2002-09-01,45687.54,0.0,352.77,30.42,19.99,2335.46
2002-09-02,45562.76,0.0,399.09,32.32,19.73,2298.99
2002-09-03,45437.52,0.0,429.52,33.85,19.42,2254.95
2002-09-04,45311.87,0.0,440.37,35.47,19.9,2323.32
2002-09-05,45185.83,0.0,444.18,36.41,20.16,2360.05
2002-09-06,45059.42,0.0,360.31,34.41,22.68,2753.81
2002-09-07,44932.67,0.0,359.77,33.08,21.65,2587.24
2002-09-08,44805.6,0.0,412.66,31.95,18.44,2121.0
2002-09-09,44678.24,0.0,459.95,33.56,16.83,1915.9
2002-09-10,44550.62,0.0,466.28,35.69,17.54,2004.55
2002-09-11,44422.75,0.0,469.8,35.32,16.87,1920.42
2002-09-12,44294.67,0.0,440.95,34.52,18.2,2088.5
2002-09-13,44166.39,10.41,207.4,28.51,20.26,2375.01
2002-09-14,44037.94,0.76,237.17,28.61,21.62,2582.46
2002-09-15,43909.34,0.0,262.31,28.86,21.1,2501.44
2002-09-16,43780.62,10.8,272.85,32.42,20.45,2403.21
2002-09-17,43651.79,0.0,307.64,30.55,21.05,2492.97
2002-09-18,43522.88,5.94,211.06,30.13,21.57,2573.54
2002-09-19,43393.92,0.0,277.31,30.93,22.45,2715.94
2002-09-20,43264.93,27.67,220.9,31.49,22.39,2706.91
2002-09-21,43135.92,76.59,201.63,29.96,21.97,2637.58
2002-09-22,43006.92,31.01,126.49,24.78,20.25,2373.88
2002-09-23,42877.96,0.0,346.6,28.17,17.93,2053.91
2002-09-24,42749.06,9.28,168.38,24.2,18.22,2091.48
2002-09-25,42620.23,43.79,104.5,20.67,17.25,1968.18
2002-09-26,42491.51,21.68,227.05,25.03,16.87,1920.48
2002-09-27,42362.91,3.3,170.87,23.15,17.33,1977.37
2002-09-28,42234.45,0.0,406.97,28.32,15.52,1762.47
2002-09-29,42106.17,0.0,340.15,26.48,16.8,1912.72
2002-09-30,41978.09,2.42,218.98,26.54,18.45,2121.69
2002-10-01,41850.22,0.0,342.25,30.82,20.21,2368.13
2002-10-02,41722.59,0.0,343.9,30.4,19.78,2305.78
2002-10-03,41595.23,0.0,327.23,29.64,19.84,2313.74
2002-10-04,41468.17,16.69,223.7,30.02,21.28,2528.23
2002-10-05,41341.41,0.0,348.65,31.08,20.26,2375.37
2002-10-06,41215.0,44.93,282.0,31.41,18.99,2194.55
2002-10-07,41088.95,9.11,247.39,25.91,16.58,1885.7
2002-10-08,40963.3,0.0,389.51,24.91,13.12,1508.35
2002-10-09,40838.06,0.0,256.08,21.81,15.39,1747.27
2002-10-10,40713.27,4.99,110.41,21.45,17.99,2061.81
2002-10-11,40588.95,4.15,243.3,27.22,18.42,2117.62
2002-10-12,40465.13,15.37,271.11,27.97,17.5,1999.36
2002-10-13,40341.84,0.0,342.48,23.52,14.54,1654.42
2002-10-14,40219.11,19.04,287.0,21.28,10.61,1278.37
2002-10-15,40096.96,19.9,155.32,16.95,12.26,1425.9
2002-10-16,39975.42,0.0,393.12,19.12,8.11,1080.5
2002-10-17,39854.53,0.0,429.61,19.27,5.21,885.12
2002-10-18,39734.32,0.0,434.42,20.78,5.29,889.67
2002-10-19,39614.81,0.0,421.44,22.19,7.22,1016.38
2002-10-20,39496.04,8.53,237.03,21.6,12.79,1476.16
2002-10-21,39378.04,1.08,292.04,21.71,13.71,1568.4
2002-10-22,39260.85,0.0,329.49,22.8,13.0,1497.36
2002-10-23,39144.49,0.53,161.04,18.28,14.23,1621.61
2002-10-24,39029.01,0.0,251.52,21.39,14.56,1656.99
2002-10-25,38914.43,0.0,104.16,18.14,15.58,1768.78
2002-10-26,38800.79,0.0,180.58,20.3,15.58,1768.61
2002-10-27,38688.13,12.53,95.07,19.95,16.7,1899.81
2002-10-28,38576.48,29.36,144.2,23.31,18.13,2080.25
2002-10-29,38465.88,5.95,175.23,25.02,18.46,2123.75
2002-10-30,38356.37,0.0,324.52,19.8,10.29,1251.59
2002-10-31,38247.99,0.0,298.52,14.2,6.22,949.3
2002-11-01,38140.76,0.0,320.07,13.34,4.52,843.41
2002-11-02,38034.75,0.0,354.85,13.21,2.55,733.43
2002-11-03,37929.97,20.42,182.31,11.86,5.69,914.98
2002-11-04,37826.47,4.81,145.81,13.04,8.25,1090.86
2002-11-05,37724.3,24.8,245.74,20.77,10.56,1274.43
2002-11-06,37623.49,0.0,329.47,15.2,5.51,903.35
2002-11-07,37524.09,0.0,387.13,16.91,1.61,685.88
2002-11-08,37426.13,0.0,390.36,20.28,2.17,713.98
2002-11-09,37329.65,0.0,352.66,22.88,8.99,1146.96
2002-11-10,37234.71,28.58,223.11,27.41,16.38,1861.48
2002-11-11,37141.33,7.53,199.17,22.17,13.56,1552.24
2002-11-12,37049.57,0.0,292.05,17.53,8.14,1082.36
2002-11-13,36959.46,0.0,351.84,15.97,2.52,731.89
2002-11-14,36871.06,0.0,370.8,17.85,0.63,639.3
2002-11-15,36784.39,14.49,213.72,14.87,5.36,894.19
2002-11-16,36699.5,0.0,225.32,11.96,5.23,885.99
2002-11-17,36616.44,0.0,293.19,9.65,0.33,625.66
2002-11-18,36535.24,2.2,275.64,17.58,-0.92,571.12
2002-11-19,36455.96,2.52,238.67,16.58,4.59,847.08
2002-11-20,36378.62,13.82,200.13,14.46,5.59,908.44
2002-11-21,36303.28,0.0,264.42,17.8,8.77,1129.57
2002-11-22,36229.97,0.0,300.98,11.11,0.4,628.64
2002-11-23,36158.74,0.0,357.46,14.85,-3.17,483.51
2002-11-24,36089.61,0.0,357.07,18.59,-1.73,538.16
2002-11-25,36022.64,0.0,345.86,18.93,0.23,620.95
2002-11-26,35957.87,1.15,305.0,16.22,2.58,735.45
2002-11-27,35895.32,0.0,254.33,8.48,-1.43,549.85
2002-11-28,35835.04,0.0,295.58,8.08,-4.65,432.72
2002-11-29,35777.06,0.0,337.17,14.34,-4.07,451.92
2002-11-30,35721.42,0.0,290.16,15.78,2.15,713.08
2002-12-01,35668.15,0.0,266.66,8.27,-3.23,481.29
2002-12-02,35617.29,0.0,329.28,13.93,-4.46,438.73
2002-12-03,35568.87,0.0,299.35,16.23,0.76,645.08
2002-12-04,35522.91,24.64,123.66,9.85,2.93,753.84
2002-12-05,35479.46,7.37,86.13,5.77,1.2,666.23
2002-12-06,35438.53,0.0,239.74,6.45,-4.02,453.63
2002-12-07,35400.16,0.0,324.33,12.03,-6.65,371.46
2002-12-08,35364.37,0.0,278.42,9.99,-3.32,478.1
2002-12-09,35331.18,6.56,193.33,11.62,-0.39,593.44
2002-12-10,35300.62,38.58,68.92,7.68,4.1,818.47
2002-12-11,35272.7,0.0,71.29,6.62,4.03,814.73
2002-12-12,35247.45,6.58,58.49,7.2,4.34,832.37
2002-12-13,35224.88,9.92,109.07,8.93,3.26,771.43
2002-12-14,35205.01,0.0,224.7,8.74,-0.32,596.51
2002-12-15,35187.85,0.0,320.19,14.35,-3.61,467.88
2002-12-16,35173.41,0.0,320.37,18.69,-0.77,577.16
2002-12-17,35161.71,0.0,282.66,19.25,4.51,842.79
2002-12-18,35152.76,0.0,236.48,17.3,6.5,967.77
2002-12-19,35146.55,25.85,175.85,17.51,6.78,986.35
2002-12-20,35143.09,0.0,251.85,12.91,1.46,678.42
2002-12-21,35142.39,0.0,306.15,14.88,-1.92,530.58
2002-12-22,35144.45,0.0,297.29,17.89,1.55,682.97
2002-12-23,35149.25,37.25,211.82,13.22,-0.99,567.93
2002-12-24,35156.81,27.43,199.43,14.93,2.18,714.66
2002-12-25,35167.12,0.0,158.1,4.15,-1.95,529.4
2002-12-26,35180.16,0.0,249.36,6.14,-4.35,442.6
2002-12-27,35195.94,0.0,302.63,9.87,-5.17,415.73
2002-12-28,35214.43,0.0,321.49,13.93,-4.38,441.35
2002-12-29,35235.63,0.0,328.49,17.5,-2.96,490.96
2002-12-30,35259.52,0.0,302.28,18.13,1.88,699.42
2002-12-31,35286.08,20.4,97.46,15.33,10.01,1227.83
2003-01-01,35315.43,3.16,129.8,12.25,5.11,878.97
2003-01-02,35347.3,3.0,115.17,9.68,3.52,785.91
2003-01-03,35381.78,0.0,120.29,3.04,-1.55,545.32
2003-01-04,35418.86,0.0,301.48,9.73,-4.94,423.07
2003-01-05,35458.5,0.0,302.34,15.48,0.26,622.28
2003-01-06,35500.68,0.0,237.57,7.45,-2.42,511.2
2003-01-07,35545.38,0.0,302.05,9.65,-4.72,430.37
2003-01-08,35592.56,0.0,330.6,15.93,-2.62,503.8
2003-01-09,35642.19,5.74,238.58,19.96,2.47,729.49
2003-01-10,35694.25,0.0,248.17,10.73,0.34,625.85
2003-01-11,35748.7,0.0,223.13,4.74,-4.05,452.69
2003-01-12,35805.5,0.0,147.64,1.92,-3.54,470.18
2003-01-13,35864.63,0.0,281.81,8.4,-3.69,465.15
2003-01-14,35926.04,0.0,336.42,12.71,-4.77,428.65
2003-01-15,35989.69,0.0,280.19,7.14,-4.57,435.07
2003-01-16,36055.56,7.74,198.99,6.34,-4.44,439.44
2003-01-17,36123.61,0.0,231.71,2.46,-6.34,380.34
2003-01-18,36193.78,0.0,326.15,3.08,-11.56,252.47
2003-01-19,36266.05,0.0,341.7,8.71,-7.82,339.35
2003-01-20,36340.37,0.0,336.78,15.64,-0.92,570.91
2003-01-21,36416.71,14.15,199.04,15.67,4.75,856.61
2003-01-22,36495.01,7.33,227.98,9.08,-3.66,466.04
2003-01-23,36575.25,0.0,262.3,-1.83,-11.55,252.67
2003-01-24,36657.38,0.0,338.88,0.32,-14.26,202.78
2003-01-25,36741.35,0.0,320.97,3.82,-9.31,302.0
2003-01-26,36827.12,0.0,326.18,9.4,-4.3,444.17
2003-01-27,36914.66,0.0,353.48,8.19,-7.66,343.45
2003-01-28,37003.91,4.39,316.34,13.53,-6.6,372.8
2003-01-29,37094.85,26.17,171.54,13.02,4.68,852.67
2003-01-30,37187.41,0.0,175.44,8.02,2.03,706.73
2003-01-31,37281.57,0.0,289.26,13.53,2.42,726.85
2003-02-01,37377.28,0.0,314.73,14.27,1.57,684.03
2003-02-02,37474.5,0.0,386.56,21.54,-0.16,603.85
2003-02-03,37573.18,15.3,225.01,19.09,6.59,973.79
2003-02-04,37673.28,0.0,321.42,14.04,0.99,656.01
2003-02-05,37774.77,4.43,243.05,9.76,-3.17,483.53
2003-02-06,37877.61,22.09,117.14,6.39,1.18,664.93
2003-02-07,37981.74,0.0,187.09,4.3,-1.72,538.5
2003-02-08,38087.14,0.0,301.8,4.11,-6.15,385.95
2003-02-09,38193.76,14.16,279.06,13.14,-2.07,524.78
2003-02-10,38301.56,0.0,312.65,9.87,-1.12,562.87
2003-02-11,38410.51,0.0,401.53,14.58,-3.64,466.93
2003-02-12,38520.56,0.0,393.1,16.16,-1.18,560.25
2003-02-13,38631.69,3.94,308.9,17.49,-2.4,511.92
2003-02-14,38743.84,0.0,372.33,20.9,5.01,872.41
2003-02-15,38856.99,18.69,204.86,22.81,12.52,1450.55
2003-02-16,38971.1,5.44,217.56,16.64,6.2,947.89
2003-02-17,39086.13,0.0,131.45,4.25,0.31,624.38
2003-02-18,39202.05,0.0,270.73,7.59,-0.97,568.83
2003-02-19,39318.83,0.0,401.08,15.65,-0.1,606.19
2003-02-20,39436.43,10.33,283.29,20.57,5.89,927.81
2003-02-21,39554.81,53.35,154.37,16.09,9.64,1198.44
2003-02-22,39673.95,8.22,290.81,20.82,5.81,922.71
2003-02-23,39793.81,0.0,321.47,14.18,3.76,799.11
2003-02-24,39914.37,0.0,360.18,16.53,4.26,827.72
2003-02-25,40035.58,3.07,240.08,11.28,1.34,672.84
2003-02-26,40157.42,18.09,228.39,9.51,0.48,632.56
2003-02-27,40279.87,6.54,134.26,9.02,4.25,827.34
2003-02-28,40402.88,0.0,146.09,11.53,7.71,1051.42
2003-03-01,40526.44,0.0,228.74,11.8,5.69,914.76
2003-03-02,40650.51,0.0,246.13,10.61,4.15,821.82
2003-03-03,40775.07,0.0,426.34,12.67,-0.9,571.9
2003-03-04,40900.08,1.53,446.72,16.18,1.18,665.36
2003-03-05,41025.53,57.94,238.02,18.33,9.59,1194.3
2003-03-06,41151.38,14.2,267.24,16.47,6.64,977.1
2003-03-07,41277.61,0.0,464.79,20.79,4.18,823.52
2003-03-08,41404.19,0.0,470.03,21.69,4.25,827.1
2003-03-09,41531.11,0.0,471.5,22.78,4.73,855.86
2003-03-10,41658.32,0.0,470.43,18.38,1.48,679.52
2003-03-11,41785.82,0.0,486.0,20.18,1.41,676.39
2003-03-12,41913.57,0.0,497.55,26.19,3.93,808.83
2003-03-13,42041.54,4.32,318.98,23.76,9.29,1170.04
2003-03-14,42169.73,11.01,223.2,20.54,12.14,1414.5
2003-03-15,42298.1,5.92,126.58,15.14,10.96,1308.7
2003-03-16,42426.63,7.8,206.5,16.9,9.97,1224.64
2003-03-17,42555.29,13.88,118.38,15.44,11.74,1377.77
2003-03-18,42684.07,2.49,224.14,20.37,12.82,1479.1
2003-03-19,42812.94,5.95,289.1,24.97,13.91,1588.91
2003-03-20,42941.87,0.0,409.59,25.8,13.6,1557.22
2003-03-21,43070.85,0.0,427.59,19.89,7.93,1066.99
2003-03-22,43199.86,0.0,430.17,18.32,6.6,973.94
2003-03-23,43328.86,0.0,463.64,20.6,6.79,986.85
2003-03-24,43457.85,0.0,526.72,24.5,4.3,830.05
2003-03-25,43586.78,0.0,515.61,25.36,6.25,950.71
2003-03-26,43715.65,0.0,434.07,21.54,9.0,1147.6
2003-03-27,43844.43,0.0,477.9,26.16,10.3,1252.62
2003-03-28,43973.09,2.89,304.5,25.22,13.27,1523.77
2003-03-29,44101.62,3.75,283.69,16.82,6.75,984.25
2003-03-30,44229.99,0.0,311.81,9.39,1.71,691.1
2003-03-31,44358.18,0.0,530.2,15.52,-2.59,504.97
2003-04-01,44486.16,0.0,536.73,23.36,2.63,738.09
2003-04-02,44613.9,0.0,501.42,24.29,6.68,979.46
2003-04-03,44741.4,0.0,464.38,24.22,9.09,1154.61
2003-04-04,44868.62,8.09,278.32,23.93,12.92,1488.76
2003-04-05,44995.53,10.02,292.66,24.47,12.69,1466.54
2003-04-06,45122.11,26.74,338.04,25.05,10.64,1280.97
2003-04-07,45248.35,10.25,236.35,23.06,14.32,1630.93
2003-04-08,45374.2,7.84,235.43,20.32,12.04,1405.17
2003-04-09,45499.65,1.19,251.05,11.29,5.36,894.38
2003-04-10,45624.66,3.19,171.4,8.17,3.07,761.54
2003-04-11,45749.22,0.0,524.84,20.8,4.85,862.65
2003-04-12,45873.29,0.0,563.22,24.51,3.97,811.09
2003-04-13,45996.85,0.0,557.05,27.66,6.5,967.8
2003-04-14,46119.86,0.0,535.97,29.54,9.67,1200.59
2003-04-15,46242.31,0.0,505.26,28.62,11.26,1335.25
2003-04-16,46364.15,0.0,438.75,26.98,13.34,1530.28
2003-04-17,46485.37,0.0,410.5,26.48,14.03,1600.64
2003-04-18,46605.92,0.0,481.67,27.62,11.57,1362.69
2003-04-19,46725.79,0.0,427.01,26.36,13.18,1515.17
2003-04-20,46844.93,0.0,354.11,27.11,16.62,1890.64
2003-04-21,46963.31,0.0,390.4,26.09,14.48,1648.38
2003-04-22,47080.91,0.0,458.23,22.38,8.59,1115.95
2003-04-23,47197.69,0.0,528.3,23.11,5.51,903.18
2003-04-24,47313.61,59.94,283.75,18.38,8.28,1092.64
2003-04-25,47428.65,12.41,328.88,24.62,11.74,1377.62
2003-04-26,47542.76,0.0,359.1,18.91,9.55,1191.07
2003-04-27,47655.91,0.0,533.4,25.97,7.98,1070.6
2003-04-28,47768.07,0.0,510.87,28.43,11.21,1330.61
2003-04-29,47879.2,0.0,490.92,29.22,12.78,1476.02
2003-04-30,47989.25,0.0,468.74,29.27,14.11,1609.45
2003-05-01,48098.2,0.0,447.11,28.48,14.69,1670.29
2003-05-02,48206.01,8.71,357.06,28.44,13.36,1532.89
2003-05-03,48312.63,8.25,346.33,27.18,13.1,1506.45
2003-05-04,48418.03,0.0,463.14,27.9,13.58,1555.04
2003-05-05,48522.17,66.04,232.93,25.27,16.77,1908.77
2003-05-06,48625.0,12.44,300.58,28.73,16.97,1932.42
2003-05-07,48726.5,120.38,185.38,25.64,18.98,2194.06
2003-05-08,48826.61,0.0,367.7,30.06,19.27,2233.26
2003-05-09,48925.29,0.0,348.1,31.16,20.77,2450.78
2003-05-10,49022.51,0.0,298.45,30.22,21.47,2559.31
2003-05-11,49118.22,15.47,233.86,24.57,16.18,1838.2
2003-05-12,49212.38,0.0,453.06,24.47,11.59,1364.69
2003-05-13,49304.95,7.74,391.0,25.44,9.26,1168.18
2003-05-14,49395.89,20.93,201.96,19.15,12.73,1470.42
2003-05-15,49485.15,7.08,315.77,27.0,15.59,1769.98
2003-05-16,49572.69,18.2,324.85,28.81,16.73,1903.99
2003-05-17,49658.47,60.64,317.2,29.73,17.89,2048.18
2003-05-18,49742.44,17.71,225.27,25.21,17.85,2043.94
2003-05-19,49824.57,0.0,317.9,25.06,17.36,1981.68
2003-05-20,49904.81,10.87,166.94,21.41,16.4,1864.1
2003-05-21,49983.12,41.04,113.06,20.28,17.09,1947.76
2003-05-22,50059.46,0.0,317.98,24.44,17.18,1958.51
2003-05-23,50133.79,0.0,442.09,25.06,14.35,1634.34
2003-05-24,50206.06,0.0,512.34,26.22,12.37,1436.77
2003-05-25,50276.24,0.0,494.69,25.85,12.92,1488.69
2003-05-26,50344.29,0.0,455.49,24.93,13.65,1562.13
2003-05-27,50410.16,0.0,512.67,25.15,11.58,1363.56
2003-05-28,50473.83,0.0,539.66,26.18,10.97,1309.58
2003-05-29,50535.24,0.0,523.38,27.71,13.18,1514.32
2003-05-30,50594.37,0.0,548.44,27.4,11.37,1344.56
2003-05-31,50651.18,0.0,529.57,31.36,15.31,1738.82
2003-06-01,50705.63,0.0,469.82,26.57,14.75,1676.91
2003-06-02,50757.69,25.3,384.63,26.27,12.6,1458.61
2003-06-03,50807.33,15.28,290.94,25.49,16.62,1890.92
2003-06-04,50854.52,0.0,416.35,25.06,15.41,1749.67
2003-06-05,50899.22,0.0,504.03,26.92,13.68,1565.17
2003-06-06,50941.41,10.15,306.59,24.92,15.41,1749.47
2003-06-07,50981.06,5.31,290.32,28.37,19.09,2208.1
2003-06-08,51018.14,0.0,434.54,29.32,18.37,2110.94
2003-06-09,51052.63,0.0,463.44,29.63,17.44,1991.59
2003-06-10,51084.5,0.0,535.22,32.08,15.2,1726.5
2003-06-11,51113.74,19.87,346.92,31.73,18.87,2178.53
2003-06-12,51140.32,12.35,300.82,29.61,19.57,2275.22
2003-06-13,51164.22,17.28,225.21,27.22,20.25,2373.26
2003-06-14,51185.44,7.34,215.68,26.81,20.26,2375.61
2003-06-15,51203.95,0.0,390.09,30.34,20.68,2437.34
2003-06-16,51219.74,30.86,303.87,31.19,20.94,2476.4
2003-06-17,51232.8,28.29,287.89,29.25,19.94,2328.21
2003-06-18,51243.13,19.68,274.88,29.03,20.22,2369.69
2003-06-19,51250.71,5.41,305.82,29.9,19.6,2280.19
2003-06-20,51255.53,0.0,421.57,28.69,17.97,2059.05
2003-06-21,51257.61,0.0,521.7,28.46,13.28,1524.19
2003-06-22,51256.92,0.0,535.44,29.45,12.99,1495.79
2003-06-23,51253.48,0.0,537.22,30.76,13.67,1564.18
2003-06-24,51247.29,0.0,514.06,32.61,16.33,1856.38
2003-06-25,51238.35,0.0,476.42,32.52,18.21,2089.76
2003-06-26,51226.67,0.0,426.37,31.6,19.65,2286.36
2003-06-27,51212.25,4.05,177.27,25.14,19.6,2280.17
2003-06-28,51195.11,0.0,432.39,29.74,18.23,2092.69
2003-06-29,51175.26,0.0,444.25,31.46,19.25,2230.41
2003-06-30,51152.71,38.21,220.85,26.65,19.82,2310.89
2003-07-01,51127.48,58.6,124.95,23.54,19.99,2335.35
2003-07-02,51099.58,0.0,411.45,29.39,19.24,2229.99
2003-07-03,51069.03,0.0,448.86,31.04,19.19,2222.61
2003-07-04,51035.86,0.0,425.67,30.96,19.95,2329.87
2003-07-05,51000.08,8.32,251.88,29.4,21.45,2555.38
2003-07-06,50961.73,0.0,312.88,28.62,21.39,2546.24
2003-07-07,50920.82,0.0,450.22,32.35,20.23,2371.05
2003-07-08,50877.38,0.0,434.3,32.8,21.17,2511.87
2003-07-09,50831.44,0.0,415.66,31.37,20.74,2446.16
2003-07-10,50783.04,7.79,321.82,32.07,20.94,2477.45
2003-07-11,50732.19,3.55,318.62,31.26,20.5,2411.17
2003-07-12,50678.94,0.0,430.07,31.88,20.8,2455.27
2003-07-13,50623.32,0.0,413.61,31.94,21.33,2537.45
2003-07-14,50565.35,0.0,419.8,31.44,20.62,2429.03
2003-07-15,50505.09,0.0,426.68,32.06,20.81,2457.24
2003-07-16,50442.55,0.0,428.53,32.2,20.82,2458.71
2003-07-17,50377.79,0.0,438.44,33.31,21.23,2520.84
2003-07-18,50310.83,0.0,439.85,32.97,20.83,2460.4
2003-07-19,50241.72,0.0,377.35,31.84,22.12,2662.65
2003-07-20,50170.5,0.0,412.13,32.43,21.43,2551.92
2003-07-21,50097.21,8.45,338.44,32.76,20.23,2370.26
2003-07-22,50021.88,11.6,285.61,29.51,20.24,2372.65
2003-07-23,49944.55,0.0,392.69,28.67,19.36,2245.88
2003-07-24,49865.28,0.0,504.65,29.94,16.13,1832.97
2003-07-25,49784.1,0.0,501.35,30.19,16.49,1874.43
2003-07-26,49701.05,0.0,452.92,30.92,19.21,2224.72
2003-07-27,49616.18,21.46,329.34,32.28,20.61,2426.84
2003-07-28,49529.52,0.0,441.63,33.17,21.16,2510.8
2003-07-29,49441.12,0.0,394.89,31.56,21.62,2581.79
2003-07-30,49351.03,6.24,278.19,30.04,21.02,2489.6
2003-07-31,49259.27,4.48,237.93,28.58,21.14,2507.46
2003-08-01,49165.91,0.0,410.86,31.89,21.17,2511.26
2003-08-02,49070.98,0.0,410.54,31.7,21.05,2493.03
2003-08-03,48974.51,32.47,326.19,31.86,20.25,2373.55
2003-08-04,48876.56,10.73,319.58,30.81,19.64,2286.16
2003-08-05,48777.16,10.25,292.73,31.05,20.99,2483.93
2003-08-06,48676.36,19.22,249.9,28.42,20.5,2410.22
2003-08-07,48574.2,0.0,374.56,30.26,20.95,2478.88
2003-08-08,48470.71,0.0,438.84,30.62,19.04,2202.09
2003-08-09,48365.95,8.51,336.85,30.77,18.69,2154.52
2003-08-10,48259.94,0.0,424.61,30.76,19.61,2281.49
2003-08-11,48152.72,0.0,434.72,29.91,18.53,2132.58
2003-08-12,48044.34,7.41,293.24,29.06,19.32,2239.94
2003-08-13,47934.84,3.71,284.55,30.15,20.59,2424.6
2003-08-14,47824.25,0.0,418.2,32.71,21.33,2536.32
2003-08-15,47712.61,0.0,434.85,34.06,21.63,2584.06
2003-08-16,47599.95,13.19,279.98,31.78,22.1,2659.21
2003-08-17,47486.32,0.0,419.26,32.38,21.0,2486.39
2003-08-18,47371.75,0.0,420.15,33.14,21.48,2559.91
2003-08-19,47256.27,0.0,401.35,32.37,21.55,2571.78
2003-08-20,47139.92,15.71,295.68,32.79,22.13,2664.48
2003-08-21,47022.73,0.0,409.11,32.33,21.18,2513.78
2003-08-22,46904.74,0.0,412.38,32.52,21.11,2503.39
2003-08-23,46785.97,0.0,417.85,33.23,21.46,2557.74
2003-08-24,46666.47,0.0,429.24,33.05,20.85,2463.1
2003-08-25,46546.26,0.0,407.86,33.1,21.72,2597.92
2003-08-26,46425.37,0.0,409.83,33.55,21.94,2633.79
2003-08-27,46303.84,16.81,319.55,34.09,21.57,2574.34
2003-08-28,46181.7,0.0,395.54,31.71,20.95,2478.71
2003-08-29,46058.96,0.0,396.87,33.01,21.82,2614.08
2003-08-30,45935.68,0.0,358.16,31.71,22.06,2652.68
2003-08-31,45811.86,0.0,413.07,33.54,21.4,2547.62
2003-09-01,45687.54,0.0,378.65,32.14,21.6,2578.63
2003-09-02,45562.76,0.0,412.74,33.42,21.21,2517.39
2003-09-03,45437.52,0.0,395.91,32.82,21.37,2543.66
2003-09-04,45311.87,0.0,379.26,30.83,20.37,2390.9
2003-09-05,45185.83,0.0,422.2,30.21,18.04,2067.78
2003-09-06,45059.42,0.0,382.57,28.52,18.12,2078.05
2003-09-07,44932.67,0.0,351.2,27.95,18.7,2155.21
2003-09-08,44805.6,0.0,441.03,30.04,16.83,1915.37
2003-09-09,44678.24,0.0,461.97,30.71,16.01,1819.0
2003-09-10,44550.62,0.0,379.73,28.54,18.0,2062.43
2003-09-11,44422.75,0.0,409.42,28.87,17.0,1936.22
2003-09-12,44294.67,0.0,444.33,29.17,15.4,1748.62
2003-09-13,44166.39,0.0,452.82,30.44,15.66,1778.67
2003-09-14,44037.94,0.0,409.41,30.64,17.97,2059.46
2003-09-15,43909.34,0.0,454.47,29.62,14.57,1657.44
2003-09-16,43780.62,0.0,491.32,29.39,11.37,1344.22
2003-09-17,43651.79,0.0,436.5,29.14,14.76,1678.25
2003-09-18,43522.88,0.0,442.43,29.68,14.6,1660.69
2003-09-19,43393.92,0.0,455.46,32.38,15.32,1739.93
2003-09-20,43264.93,0.0,431.63,32.27,16.57,1884.38
2003-09-21,43135.92,20.13,199.07,27.01,19.16,2217.94
2003-09-22,43006.92,38.49,230.91,25.43,16.38,1861.65
2003-09-23,42877.96,0.0,416.14,27.84,13.89,1586.8
2003-09-24,42749.06,0.0,442.59,28.66,12.66,1464.14
2003-09-25,42620.23,0.0,435.48,30.35,14.11,1609.31
2003-09-26,42491.51,0.0,374.78,29.78,16.94,1929.22
2003-09-27,42362.91,0.0,376.8,29.78,16.69,1898.82
2003-09-28,42234.45,0.0,400.64,23.57,10.22,1245.64
2003-09-29,42106.17,0.0,426.99,20.88,6.19,947.1
2003-09-30,41978.09,0.0,450.03,23.36,6.41,961.3
2003-10-01,41850.22,0.0,416.27,21.96,7.2,1014.99
2003-10-02,41722.59,0.0,418.96,20.45,5.54,905.08
2003-10-03,41595.23,0.0,448.06,22.32,4.63,849.88
2003-10-04,41468.17,0.0,418.72,26.39,9.79,1209.83
2003-10-05,41341.41,0.0,397.73,26.96,11.38,1345.15
2003-10-06,41215.0,2.45,205.99,23.44,14.03,1600.36
2003-10-07,41088.95,0.0,277.21,24.74,15.05,1710.39
2003-10-08,40963.3,0.0,305.64,25.96,14.93,1696.93
2003-10-09,40838.06,2.0,268.65,22.84,13.68,1565.13
2003-10-10,40713.27,3.17,132.15,22.41,16.54,1881.22
2003-10-11,40588.95,0.0,207.49,22.56,15.65,1777.35
2003-10-12,40465.13,0.0,327.58,25.76,13.78,1575.0
2003-10-13,40341.84,0.0,335.42,26.42,13.91,1588.9
2003-10-14,40219.11,1.44,374.8,24.38,9.86,1216.1
2003-10-15,40096.96,0.0,408.61,23.18,6.19,946.9
2003-10-16,39975.42,0.0,431.18,23.93,4.21,825.12
2003-10-17,39854.53,4.99,238.81,17.0,5.85,925.14
2003-10-18,39734.32,0.0,371.56,21.59,7.06,1005.21
2003-10-19,39614.81,0.0,419.51,25.46,5.67,913.7
2003-10-20,39496.04,0.0,416.02,27.36,6.93,996.41
2003-10-21,39378.04,0.0,404.91,29.04,8.66,1121.63
2003-10-22,39260.85,0.0,395.35,28.55,8.74,1127.85
2003-10-23,39144.49,0.0,400.94,27.53,6.88,993.47
2003-10-24,39029.01,0.0,380.63,28.08,9.07,1153.01
2003-10-25,38914.43,0.0,318.33,27.2,12.98,1495.38
2003-10-26,38800.79,1.56,251.04,22.32,12.2,1420.4
2003-10-27,38688.13,0.0,256.45,15.9,6.03,936.38
2003-10-28,38576.48,0.0,356.88,18.79,2.81,747.52
2003-10-29,38465.88,0.0,370.51,23.33,5.13,880.16
2003-10-30,38356.37,0.0,374.12,26.89,7.12,1009.99
2003-10-31,38247.99,0.0,343.27,26.84,9.74,1206.24
2003-11-01,38140.76,0.0,336.95,27.43,10.45,1265.21
2003-11-02,38034.75,0.0,356.74,29.14,9.61,1195.62
2003-11-03,37929.97,0.0,363.91,29.13,8.38,1100.12
2003-11-04,37826.47,4.81,191.38,27.08,15.03,1707.93
2003-11-05,37724.3,4.39,158.77,28.55,18.47,2124.38
2003-11-06,37623.49,4.14,170.29,24.69,14.24,1622.52
2003-11-07,37524.09,0.0,217.22,21.12,11.5,1355.91
2003-11-08,37426.13,0.0,245.9,20.63,9.48,1185.19
2003-11-09,37329.65,0.0,266.26,20.62,8.1,1079.32
2003-11-10,37234.71,0.0,256.15,20.94,8.75,1128.3
2003-11-11,37141.33,0.0,285.32,24.61,9.91,1220.11
2003-11-12,37049.57,0.0,239.14,24.03,12.23,1423.61
2003-11-13,36959.46,0.0,270.66,15.57,2.67,739.86
2003-11-14,36871.06,0.0,313.97,14.64,-1.41,551.02
2003-11-15,36784.39,0.0,338.83,22.28,2.45,728.26
2003-11-16,36699.5,7.3,200.38,21.13,7.47,1034.2
2003-11-17,36616.44,0.0,211.3,24.12,13.53,1549.22
2003-11-18,36535.24,44.06,88.95,20.82,15.29,1736.79
2003-11-19,36455.96,5.67,165.86,16.99,6.81,988.54
2003-11-20,36378.62,0.0,334.82,22.43,2.54,733.4
2003-11-21,36303.28,0.0,330.27,23.63,3.83,803.4
2003-11-22,36229.97,0.0,312.19,22.5,4.99,871.49
2003-11-23,36158.74,8.3,214.53,22.08,6.92,996.21
2003-11-24,36089.61,0.0,309.45,16.26,-0.32,596.49
2003-11-25,36022.64,0.0,324.1,14.6,-3.87,458.94
2003-11-26,35957.87,11.47,237.03,16.9,-1.56,544.68
2003-11-27,35895.32,39.72,140.58,16.98,8.0,1072.44
2003-11-28,35835.04,0.0,257.19,14.33,1.56,683.55
2003-11-29,35777.06,0.0,250.44,9.09,-2.77,498.25
2003-11-30,35721.42,0.0,324.76,15.54,-3.88,458.38
2003-12-01,35668.15,0.0,314.39,16.64,-1.72,538.46
2003-12-02,35617.29,0.0,291.52,14.78,-0.9,571.87
2003-12-03,35568.87,5.36,185.87,14.78,2.58,735.07
2003-12-04,35522.91,5.02,52.71,7.71,4.97,869.93
2003-12-05,35479.46,0.0,103.24,6.58,2.31,721.04
2003-12-06,35438.53,0.0,171.98,6.01,-1.32,554.4
2003-12-07,35400.16,0.0,291.19,11.16,-4.0,454.31
2003-12-08,35364.37,0.0,312.47,14.9,-3.44,473.97
2003-12-09,35331.18,15.57,199.94,17.83,3.64,792.87
2003-12-10,35300.62,10.83,156.91,12.69,2.81,747.34
2003-12-11,35272.7,0.0,205.42,7.93,-1.38,552.24
2003-12-12,35247.45,0.0,271.65,10.49,-3.3,478.68
2003-12-13,35224.88,6.78,113.07,7.46,0.88,650.98
2003-12-14,35205.01,0.0,134.83,6.46,0.78,646.37
2003-12-15,35187.85,0.0,289.83,12.81,-2.27,516.98
2003-12-16,35173.41,10.16,220.6,17.79,1.32,671.85
2003-12-17,35161.71,0.0,206.53,8.37,-0.74,578.75
2003-12-18,35152.76,0.0,268.06,12.05,-1.38,552.19
2003-12-19,35146.55,0.0,267.06,10.84,-2.51,507.85
2003-12-20,35143.09,0.0,265.19,6.75,-6.0,390.31
2003-12-21,35142.39,0.0,315.39,12.91,-5.62,401.91
2003-12-22,35144.45,0.0,288.62,15.77,0.33,625.58
2003-12-23,35149.25,14.65,183.44,16.02,4.18,823.53
2003-12-24,35156.81,0.0,230.23,7.29,-2.86,494.73
2003-12-25,35167.12,0.0,277.09,7.78,-5.36,409.92
2003-12-26,35180.16,0.0,323.1,14.46,-4.91,424.29
2003-12-27,35195.94,0.0,323.94,17.26,-3.21,481.87
2003-12-28,35214.43,0.0,320.72,18.56,-1.75,537.04
2003-12-29,35235.63,28.7,182.7,16.75,4.81,860.75
2003-12-30,35259.52,0.0,267.89,12.01,-0.96,569.24
2003-12-31,35286.08,0.0,321.51,16.14,-3.2,482.5
2004-01-01,35315.43,0.0,326.95,20.01,-0.98,568.33
2004-01-02,35347.3,0.0,268.76,17.43,4.16,822.3
2004-01-03,35381.78,0.0,169.89,21.48,13.68,1565.27
2004-01-04,35418.86,19.73,104.81,22.92,16.44,1868.78
2004-01-05,35458.5,15.72,215.04,18.97,4.1,818.45
2004-01-06,35500.68,0.0,192.04,3.51,-4.33,443.26
2004-01-07,35545.38,0.0,277.21,3.47,-9.05,308.08
2004-01-08,35592.56,11.06,161.03,3.02,-5.84,395.15
2004-01-09,35642.19,0.0,125.74,3.49,-1.41,550.97
2004-01-10,35694.25,0.0,215.7,4.56,-4.27,445.28
2004-01-11,35748.7,0.0,330.56,11.03,-6.77,368.07
2004-01-12,35805.5,0.0,340.46,15.87,-4.06,452.17
2004-01-13,35864.63,0.0,319.64,17.83,0.9,651.97
2004-01-14,35926.04,0.0,237.28,13.38,3.27,772.08
2004-01-15,35989.69,0.0,261.69,11.28,-0.01,610.4
2004-01-16,36055.56,0.0,343.57,16.17,-3.14,484.64
2004-01-17,36123.61,6.44,169.36,11.21,1.95,702.97
2004-01-18,36193.78,0.0,231.73,12.55,3.03,759.17
2004-01-19,36266.05,0.0,205.22,3.28,-4.59,434.65
2004-01-20,36340.37,0.0,307.72,6.62,-6.95,362.91
2004-01-21,36416.71,0.0,338.28,11.08,-5.43,407.77
2004-01-22,36495.01,0.0,353.05,13.21,-5.19,415.15
2004-01-23,36575.25,0.0,334.61,10.84,-4.83,426.75
2004-01-24,36657.38,13.9,257.7,17.68,0.16,618.06
2004-01-25,36741.35,32.08,158.98,17.12,8.66,1121.34
2004-01-26,36827.12,0.0,186.58,11.08,4.09,818.29
2004-01-27,36914.66,0.0,282.59,9.67,-1.6,543.31
2004-01-28,37003.91,0.0,332.65,6.83,-7.42,349.93
2004-01-29,37094.85,0.0,376.3,11.66,-7.57,345.9
2004-01-30,37187.41,0.0,323.15,9.36,-4.01,453.91
2004-01-31,37281.57,0.0,374.44,11.55,-6.53,374.87
2004-02-01,37377.28,0.0,340.35,13.54,-1.07,564.92
2004-02-02,37474.5,4.89,90.52,7.96,3.92,808.13
2004-02-03,37573.18,0.0,238.7,6.89,-1.51,546.69
2004-02-04,37673.28,0.0,347.37,12.42,-1.99,527.7
2004-02-05,37774.77,101.91,216.4,16.25,5.13,879.83
2004-02-06,37877.61,33.91,222.21,15.36,4.05,815.88
2004-02-07,37981.74,0.0,148.14,3.23,-1.52,546.41
2004-02-08,38087.14,0.0,337.12,7.89,-5.01,420.88
2004-02-09,38193.76,2.75,284.45,15.21,-1.8,535.12
2004-02-10,38301.56,2.33,122.42,10.09,4.72,855.33
2004-02-11,38410.51,20.08,126.03,8.26,3.0,757.75
2004-02-12,38520.56,6.13,104.53,6.38,2.29,720.38
2004-02-13,38631.69,3.73,204.66,10.18,1.56,683.7
2004-02-14,38743.84,7.87,170.24,11.08,4.22,825.74
2004-02-15,38856.99,15.64,146.2,7.63,2.17,713.89
2004-02-16,38971.1,0.0,194.65,7.4,2.06,708.32
2004-02-17,39086.13,0.0,283.43,7.94,-0.12,605.17
2004-02-18,39202.05,0.0,416.87,13.1,-2.58,505.31
2004-02-19,39318.83,0.0,445.13,18.09,-2.32,514.9
2004-02-20,39436.43,0.0,374.12,17.62,4.92,867.01
2004-02-21,39554.81,0.0,413.74,15.58,0.67,641.08
2004-02-22,39673.95,0.0,440.8,16.71,-0.93,570.63
2004-02-23,39793.81,0.0,332.76,12.0,2.36,723.77
2004-02-24,39914.37,2.49,159.42,13.34,7.67,1048.08
2004-02-25,40035.58,23.53,208.85,9.84,2.38,724.97
2004-02-26,40157.42,2.9,107.76,3.91,0.49,632.64
2004-02-27,40279.87,0.0,361.03,9.11,-0.73,579.05
2004-02-28,40402.88,0.0,475.06,17.42,-2.08,524.16
2004-02-29,40526.44,0.0,460.6,20.89,3.12,764.11
2004-03-01,40650.51,1.61,385.51,23.39,11.44,1351.28
2004-03-02,40775.07,12.44,203.74,18.76,11.81,1383.94
2004-03-03,40900.08,0.0,399.08,24.35,11.77,1380.75
2004-03-04,41025.53,0.0,409.61,25.94,12.4,1438.79
2004-03-05,41151.38,37.47,177.36,23.91,17.64,2016.76
2004-03-06,41277.61,0.0,412.44,22.7,10.12,1237.11
2004-03-07,41404.19,0.0,458.72,21.35,5.94,931.06
2004-03-08,41531.11,0.0,419.76,15.28,3.2,768.56
2004-03-09,41658.32,0.73,448.73,16.05,2.39,725.29
2004-03-10,41785.82,0.0,484.01,14.42,-1.53,546.09
2004-03-11,41913.57,0.0,513.44,20.49,-1.38,551.93
2004-03-12,42041.54,0.0,475.46,17.25,1.13,662.58
2004-03-13,42169.73,0.0,500.76,21.1,1.15,663.5
2004-03-14,42298.1,0.0,443.8,22.47,7.41,1029.88
2004-03-15,42426.63,7.83,234.95,20.79,11.71,1374.79
2004-03-16,42555.29,0.0,325.39,18.65,9.34,1174.03
2004-03-17,42684.07,0.0,442.65,19.95,5.28,889.38
2004-03-18,42812.94,0.0,474.51,23.81,6.19,947.14
2004-03-19,42941.87,0.0,485.75,27.43,8.0,1072.12
2004-03-20,43070.85,4.74,356.2,29.25,10.41,1261.41
2004-03-21,43199.86,0.0,396.22,17.2,5.21,885.05
2004-03-22,43328.86,0.0,440.92,11.84,-1.64,541.73
2004-03-23,43457.85,0.0,514.26,18.08,-0.97,568.85
2004-03-24,43586.78,0.0,488.75,22.66,4.9,866.02
2004-03-25,43715.65,0.0,473.02,25.18,7.9,1064.97
2004-03-26,43844.43,0.0,431.99,26.0,10.96,1308.28
2004-03-27,43973.09,0.0,457.64,26.67,9.75,1207.03
2004-03-28,44101.62,0.0,474.8,27.86,9.43,1181.34
2004-03-29,44229.99,16.96,311.44,24.67,10.47,1266.37
2004-03-30,44358.18,9.98,321.08,20.21,6.14,943.75
2004-03-31,44486.16,5.16,241.87,10.69,1.48,679.87
2004-04-01,44613.9,0.0,432.6,15.1,1.39,675.39
2004-04-02,44741.4,0.0,486.63,18.45,1.48,679.52
2004-04-03,44868.62,0.0,504.17,20.03,1.62,686.53
2004-04-04,44995.53,0.0,443.32,17.75,3.08,761.72
2004-04-05,45122.11,0.0,500.97,19.88,1.54,682.44
2004-04-06,45248.35,0.0,501.22,24.41,5.34,892.57
2004-04-07,45374.2,9.11,381.62,27.02,6.58,972.8
2004-04-08,45499.65,10.09,261.58,23.22,11.84,1387.53
2004-04-09,45624.66,0.0,456.39,23.88,7.78,1056.14
2004-04-10,45749.22,19.84,376.46,26.01,6.82,989.35
2004-04-11,45873.29,12.34,158.27,18.57,12.35,1434.76
2004-04-12,45996.85,12.3,276.04,22.15,10.73,1288.45
2004-04-13,46119.86,5.81,220.11,11.3,3.19,767.78
2004-04-14,46242.31,0.0,455.79,17.22,2.83,748.25
2004-04-15,46364.15,0.0,552.54,23.89,1.76,693.61
2004-04-16,46485.37,0.0,534.25,26.17,5.19,883.4
2004-04-17,46605.92,0.0,500.32,27.58,8.88,1138.05
2004-04-18,46725.79,0.0,502.42,28.51,9.56,1191.69
2004-04-19,46844.93,0.0,498.18,28.16,9.65,1199.03
2004-04-20,46963.31,0.0,432.73,26.39,11.71,1375.19
2004-04-21,47080.91,0.0,384.79,25.96,13.42,1538.37
2004-04-22,47197.69,0.0,383.82,27.02,14.53,1653.21
2004-04-23,47313.61,0.0,416.36,29.57,15.45,1754.94
2004-04-24,47428.65,0.0,437.44,29.93,14.9,1692.97
2004-04-25,47542.76,8.49,227.84,25.29,16.07,1825.36
2004-04-26,47655.91,6.93,280.34,21.74,10.66,1282.99
2004-04-27,47768.07,0.0,469.61,22.32,7.48,1034.68
2004-04-28,47879.2,0.0,540.12,24.52,5.02,872.99
2004-04-29,47989.25,5.76,352.11,25.17,9.79,1209.93
2004-04-30,48098.2,10.59,183.14,22.42,15.41,1749.74
2004-05-01,48206.01,22.0,255.05,26.22,15.96,1812.93
2004-05-02,48312.63,16.64,271.78,19.39,9.2,1163.26
2004-05-03,48418.03,0.0,447.55,17.65,4.71,854.27
2004-05-04,48522.17,0.0,545.1,21.77,3.11,763.67
2004-05-05,48625.0,0.0,547.26,28.56,8.27,1092.09
2004-05-06,48726.5,0.0,520.84,29.9,11.24,1333.19
2004-05-07,48826.61,0.0,514.6,31.03,12.56,1454.18
2004-05-08,48925.29,0.0,513.31,32.0,13.18,1515.1
2004-05-09,49022.51,0.0,491.37,31.28,13.99,1596.84
2004-05-10,49118.22,0.0,341.11,28.19,17.94,2055.09
2004-05-11,49212.38,0.0,373.47,29.15,17.57,2007.89
2004-05-12,49304.95,10.68,271.15,28.06,17.06,1944.37
2004-05-13,49395.89,8.37,183.33,26.19,19.08,2206.66
2004-05-14,49485.15,0.0,302.0,27.95,19.03,2199.86
2004-05-15,49572.69,0.0,328.91,27.19,17.76,2032.25
2004-05-16,49658.47,2.82,225.79,26.83,18.49,2127.81
2004-05-17,49742.44,0.0,384.63,28.4,17.42,1989.15
2004-05-18,49824.57,12.2,295.38,29.38,18.1,2075.4
2004-05-19,49904.81,0.0,378.41,28.22,17.84,2041.76
2004-05-20,49983.12,0.0,449.34,30.73,17.36,1980.91
2004-05-21,50059.46,0.0,439.56,31.27,18.18,2085.79
2004-05-22,50133.79,0.0,413.54,30.61,18.67,2150.99
2004-05-23,50206.06,0.0,403.98,29.92,18.53,2132.12
2004-05-24,50276.24,0.0,353.65,30.03,20.39,2393.61
2004-05-25,50344.29,0.0,385.4,31.05,20.19,2364.29
2004-05-26,50410.16,0.0,364.86,30.11,20.09,2350.91
2004-05-27,50473.83,0.0,378.5,30.23,19.86,2316.59
2004-05-28,50535.24,11.33,234.58,28.61,20.63,2429.96
2004-05-29,50594.37,2.36,261.18,28.95,20.06,2345.61
2004-05-30,50651.18,23.01,264.86,31.81,22.3,2692.02
2004-05-31,50705.63,19.76,278.11,25.62,16.45,1870.63
2004-06-01,50757.69,0.0,417.73,25.17,14.62,1663.55
2004-06-02,50807.33,5.59,271.38,24.45,15.75,1788.3
2004-06-03,50854.52,23.92,277.45,25.57,16.73,1903.92
2004-06-04,50899.22,0.0,441.27,27.37,16.3,1852.78
2004-06-05,50941.41,0.0,490.71,27.38,14.53,1653.95
2004-06-06,50981.06,3.12,379.51,28.35,14.69,1670.89
2004-06-07,51018.14,1.84,344.82,26.31,18.7,2155.03
2004-06-08,51052.63,0.0,482.76,30.19,17.65,2018.12
2004-06-09,51084.5,0.0,451.96,30.79,19.34,2243.44
2004-06-10,51113.74,0.0,453.52,31.49,19.82,2311.5
2004-06-11,51140.32,0.0,449.52,32.21,20.51,2412.65
2004-06-12,51164.22,15.72,334.37,33.39,21.41,2549.17
2004-06-13,51185.44,3.15,233.65,27.96,20.98,2482.36
2004-06-14,51203.95,8.49,264.09,28.94,20.85,2463.03
2004-06-15,51219.74,8.07,216.73,28.33,21.91,2628.15
2004-06-16,51232.8,13.9,310.52,31.94,21.59,2578.11
2004-06-17,51243.13,0.0,452.83,32.08,20.31,2381.79
2004-06-18,51250.71,7.2,303.69,32.02,21.95,2635.44
2004-06-19,51255.53,0.0,431.36,31.98,21.1,2501.14
2004-06-20,51257.61,0.0,442.05,30.95,19.95,2330.35
2004-06-21,51256.92,0.0,418.19,30.98,20.84,2462.22
2004-06-22,51253.48,15.27,333.18,31.99,20.72,2443.75
2004-06-23,51247.29,25.82,205.27,26.83,21.07,2496.08
2004-06-24,51238.35,22.49,184.52,26.29,21.25,2524.16
2004-06-25,51226.67,6.11,266.55,27.07,19.54,2271.56
2004-06-26,51212.25,4.23,273.63,27.77,19.97,2332.9
2004-06-27,51195.11,9.38,254.74,27.51,20.38,2392.06
2004-06-28,51175.26,4.56,212.26,25.11,19.51,2266.66
2004-06-29,51152.71,10.04,288.2,27.91,19.69,2293.18
2004-06-30,51127.48,8.5,291.25,29.42,20.9,2470.55
2004-07-01,51099.58,0.0,339.83,28.08,21.04,2491.69
2004-07-02,51069.03,9.66,279.42,29.21,21.22,2519.87
2004-07-03,51035.86,0.0,445.77,31.05,20.51,2411.44
2004-07-04,51000.08,7.02,362.34,32.3,19.87,2319.02
2004-07-05,50961.73,0.0,497.75,32.46,19.28,2235.5
2004-07-06,50920.82,0.0,489.59,32.68,19.87,2318.51
2004-07-07,50877.38,14.09,350.11,31.74,20.08,2349.05
2004-07-08,50831.44,0.0,455.9,30.74,19.79,2307.6
2004-07-09,50783.04,0.0,461.87,32.07,20.57,2421.06
2004-07-10,50732.19,0.0,469.11,32.45,20.54,2416.53
2004-07-11,50678.94,0.0,480.3,32.99,20.4,2395.0
2004-07-12,50623.32,17.01,333.55,31.85,21.05,2492.83
2004-07-13,50565.35,0.0,467.05,33.09,20.96,2479.98
2004-07-14,50505.09,3.57,366.81,34.31,20.54,2416.75
2004-07-15,50442.55,0.0,455.98,31.49,19.93,2327.2
2004-07-16,50377.79,6.53,361.99,30.64,18.08,2073.85
2004-07-17,50310.83,6.7,272.31,28.13,20.1,2351.69
2004-07-18,50241.72,0.0,412.18,30.72,20.9,2470.91
2004-07-19,50170.5,0.0,468.09,29.58,17.96,2058.14
2004-07-20,50097.21,0.0,501.32,30.53,17.1,1949.43
2004-07-21,50021.88,0.0,497.2,31.89,18.18,2086.21
2004-07-22,49944.55,0.0,473.78,32.0,19.35,2244.29
2004-07-23,49865.28,0.0,463.26,33.68,20.82,2458.74
2004-07-24,49784.1,0.0,465.93,34.94,21.33,2537.37
2004-07-25,49701.05,10.98,310.17,32.87,21.86,2619.97
2004-07-26,49616.18,35.69,249.56,29.17,21.23,2520.82
2004-07-27,49529.52,0.0,363.66,28.2,19.5,2265.77
2004-07-28,49441.12,0.0,463.68,31.01,18.21,2090.37
2004-07-29,49351.03,0.0,479.79,32.02,18.07,2071.82
2004-07-30,49259.27,0.0,371.94,31.82,22.01,2644.59
2004-07-31,49165.91,0.0,314.85,30.33,22.37,2703.61
2004-08-01,49070.98,0.0,427.12,33.29,21.09,2500.31
2004-08-02,48974.51,0.0,414.05,32.23,20.74,2446.19
2004-08-03,48876.56,0.0,445.34,33.51,20.42,2398.99
2004-08-04,48777.16,0.0,466.69,33.63,19.5,2265.88
2004-08-05,48676.36,12.1,315.82,32.9,20.91,2472.36
2004-08-06,48574.2,0.0,431.8,29.75,18.0,2063.37
2004-08-07,48470.71,0.0,496.29,29.5,14.82,1684.31
2004-08-08,48365.95,0.0,471.94,30.18,16.47,1872.29
2004-08-09,48259.94,3.16,342.04,30.6,17.41,1988.21
2004-08-10,48152.72,0.0,319.16,28.09,20.04,2343.02
2004-08-11,48044.34,24.53,325.3,30.24,18.1,2075.78
2004-08-12,47934.84,0.0,321.33,23.79,16.14,1834.05
2004-08-13,47824.25,0.0,471.59,24.98,12.35,1434.14
2004-08-14,47712.61,0.0,515.66,26.32,11.08,1319.34
2004-08-15,47599.95,0.0,509.0,27.94,12.57,1454.96
2004-08-16,47486.32,0.0,468.78,28.71,15.07,1712.45
2004-08-17,47371.75,0.0,441.77,29.77,16.99,1935.93
2004-08-18,47256.27,0.0,483.53,31.43,16.09,1828.03
2004-08-19,47139.92,0.0,464.48,32.42,17.75,2030.87
2004-08-20,47022.73,26.08,313.61,31.9,19.42,2254.03
2004-08-21,46904.74,12.47,180.33,27.08,20.93,2475.34
2004-08-22,46785.97,0.0,333.69,29.28,20.38,2392.01
2004-08-23,46666.47,0.0,380.25,30.17,19.68,2290.9
2004-08-24,46546.26,0.0,340.43,28.59,19.63,2283.8
2004-08-25,46425.37,0.0,299.26,29.2,21.33,2536.71
2004-08-26,46303.84,0.0,372.24,31.09,20.62,2428.92
2004-08-27,46181.7,0.0,374.09,32.11,21.41,2549.12
2004-08-28,46058.96,0.0,381.29,31.91,21.01,2488.1
2004-08-29,45935.68,0.0,374.22,30.87,20.37,2391.14
2004-08-30,45811.86,0.0,343.08,28.69,19.49,2264.85
2004-08-31,45687.54,0.0,415.48,30.72,18.56,2136.76
2004-09-01,45562.76,0.0,304.27,28.34,20.36,2389.15
2004-09-02,45437.52,0.0,352.31,30.02,20.37,2391.85
2004-09-03,45311.87,6.43,209.57,28.43,21.24,2523.46
2004-09-04,45185.83,0.0,321.58,28.46,20.14,2357.03
2004-09-05,45059.42,0.0,389.6,30.0,19.2,2223.3
2004-09-06,44932.67,7.04,260.41,29.66,20.43,2400.44
2004-09-07,44805.6,25.98,93.11,24.1,21.34,2537.89
2004-09-08,44678.24,0.0,384.21,29.35,19.18,2221.05
2004-09-09,44550.62,0.0,442.41,29.87,16.96,1931.76
2004-09-10,44422.75,0.0,459.7,31.26,16.86,1920.07
2004-09-11,44294.67,0.0,394.92,29.51,18.48,2125.68
2004-09-12,44166.39,2.8,244.81,28.9,20.34,2386.37
2004-09-13,44037.94,1.17,336.68,28.06,19.41,2253.73
2004-09-14,43909.34,0.0,376.01,27.67,17.86,2044.38
2004-09-15,43780.62,6.27,169.22,24.9,19.7,2293.57
2004-09-16,43651.79,177.45,97.15,22.75,20.0,2337.77
2004-09-17,43522.88,0.0,389.93,28.06,18.08,2072.93
2004-09-18,43393.92,0.0,450.68,27.06,14.51,1651.63
2004-09-19,43264.93,0.0,475.73,26.82,12.52,1451.04
2004-09-20,43135.92,0.0,458.57,24.6,11.66,1370.72
2004-09-21,43006.92,0.0,455.41,25.77,12.47,1446.18
2004-09-22,42877.96,0.0,462.2,27.7,13.19,1515.53
2004-09-23,42749.06,0.0,470.15,29.28,13.17,1513.57
2004-09-24,42620.23,0.0,454.1,29.73,14.4,1639.34
2004-09-25,42491.51,0.0,408.28,28.27,15.94,1810.19
2004-09-26,42362.91,0.0,400.15,28.23,16.16,1835.49
2004-09-27,42234.45,0.0,363.23,27.82,17.37,1982.78
2004-09-28,42106.17,0.0,382.77,26.69,15.5,1760.42
2004-09-29,41978.09,0.0,427.65,26.04,12.45,1444.31
2004-09-30,41850.22,0.0,457.84,25.33,9.41,1180.04
2004-10-01,41722.59,0.0,462.39,28.31,10.48,1267.27
2004-10-02,41595.23,0.0,416.95,28.54,13.99,1596.65
2004-10-03,41468.17,0.0,427.73,27.48,12.06,1407.38
2004-10-04,41341.41,0.0,465.8,29.04,8.74,1127.67
2004-10-05,41215.0,0.0,422.79,27.87,11.8,1383.45
2004-10-06,41088.95,0.0,425.36,28.13,11.38,1345.81
2004-10-07,40963.3,0.0,254.85,22.99,15.0,1704.87
2004-10-08,40838.06,0.0,262.37,22.01,13.84,1581.62
2004-10-09,40713.27,2.48,127.47,20.47,15.41,1750.16
2004-10-10,40588.95,2.96,80.54,20.88,17.84,2042.9
2004-10-11,40465.13,3.08,154.25,24.45,18.16,2083.59
2004-10-12,40341.84,1.41,286.55,26.94,17.57,2007.41
2004-10-13,40219.11,0.0,248.42,19.48,12.13,1413.6
2004-10-14,40096.96,0.0,345.14,18.9,7.85,1061.28
2004-10-15,39975.42,0.0,363.36,17.43,5.35,893.46
2004-10-16,39854.53,0.0,401.91,20.73,5.23,886.05
2004-10-17,39734.32,0.0,393.47,23.69,7.94,1067.92
2004-10-18,39614.81,0.0,323.55,25.45,13.53,1549.65
2004-10-19,39496.04,61.49,121.5,22.45,17.16,1956.03
2004-10-20,39378.04,0.0,210.67,23.92,16.92,1926.57
2004-10-21,39260.85,0.0,229.24,24.56,16.88,1922.3
2004-10-22,39144.49,0.0,251.25,24.46,16.03,1821.08
2004-10-23,39029.01,18.0,154.43,22.59,16.03,1820.63
2004-10-24,38914.43,0.0,325.1,26.27,14.44,1643.64
2004-10-25,38800.79,0.0,359.7,27.81,13.22,1518.55
2004-10-26,38688.13,0.0,338.04,27.78,14.48,1647.95
2004-10-27,38576.48,0.0,295.97,27.17,16.23,1844.43
2004-10-28,38465.88,0.0,260.49,27.33,17.94,2055.79
2004-10-29,38356.37,0.0,288.58,27.83,17.03,1940.58
2004-10-30,38247.99,0.0,244.31,25.35,16.95,1930.01
2004-10-31,38140.76,0.0,251.95,26.46,17.72,2026.83
2004-11-01,38034.75,0.0,283.77,27.56,17.23,1965.6
2004-11-02,37929.97,17.61,125.27,23.72,18.43,2119.88
2004-11-03,37826.47,45.16,74.23,21.97,19.11,2210.85
2004-11-04,37724.3,0.0,281.03,19.44,10.85,1299.07
2004-11-05,37623.49,0.0,362.45,16.99,4.02,814.3
2004-11-06,37524.09,0.0,391.09,20.44,1.97,703.93
2004-11-07,37426.13,0.0,384.61,24.61,4.8,860.0
2004-11-08,37329.65,0.0,332.86,19.99,7.36,1026.64
2004-11-09,37234.71,0.0,356.78,20.62,5.12,879.09
2004-11-10,37141.33,13.78,252.03,18.74,4.95,869.08
2004-11-11,37049.57,33.22,140.25,15.92,9.78,1209.03
2004-11-12,36959.46,0.0,220.07,17.71,10.2,1243.92
2004-11-13,36871.06,0.0,156.23,14.94,9.93,1221.23
2004-11-14,36784.39,0.0,280.77,16.65,6.58,973.05
2004-11-15,36699.5,0.0,341.14,17.7,3.13,764.41
2004-11-16,36616.44,0.0,358.43,20.04,2.28,719.76
2004-11-17,36535.24,0.0,347.68,21.98,4.87,864.38
2004-11-18,36455.96,2.68,220.03,18.74,6.85,991.19
2004-11-19,36378.62,4.89,122.52,14.95,9.32,1172.77
2004-11-20,36303.28,6.51,100.78,18.04,13.33,1530.04
2004-11-21,36229.97,35.24,63.9,15.02,12.27,1426.64
2004-11-22,36158.74,68.14,93.9,17.66,13.34,1530.61
2004-11-23,36089.61,65.31,123.0,21.12,15.23,1730.37
2004-11-24,36022.64,26.83,194.63,20.35,10.36,1257.62
2004-11-25,35957.87,0.0,282.44,11.66,1.26,669.01
2004-11-26,35895.32,0.0,332.1,14.35,-0.77,577.26
2004-11-27,35835.04,18.14,185.78,11.07,2.24,717.42
2004-11-28,35777.06,0.0,276.27,13.45,2.94,754.16
2004-11-29,35721.42,0.0,320.5,18.22,3.06,761.01
2004-11-30,35668.15,17.54,195.72,19.26,8.66,1121.17
2004-12-01,35617.29,0.0,273.29,11.13,0.5,633.47
2004-12-02,35568.87,0.0,315.76,12.24,-2.29,516.09
2004-12-03,35522.91,0.0,321.42,14.3,-1.84,533.71
2004-12-04,35479.46,0.0,312.14,15.37,-0.14,604.63
2004-12-05,35438.53,16.26,191.11,12.77,2.08,709.51
2004-12-06,35400.16,11.02,187.59,20.0,9.07,1152.71
2004-12-07,35364.37,20.93,208.6,22.88,9.58,1193.21
2004-12-08,35331.18,5.72,228.13,19.47,3.97,811.27
2004-12-09,35300.62,17.69,181.55,20.78,10.36,1257.21
2004-12-10,35272.7,0.0,235.32,15.97,6.55,970.7
2004-12-11,35247.45,0.0,86.91,7.45,4.54,844.28
2004-12-12,35224.88,0.0,265.15,14.46,3.32,774.63
2004-12-13,35205.01,0.0,246.74,10.33,0.46,631.44
2004-12-14,35187.85,0.0,214.62,3.35,-4.58,434.98
2004-12-15,35173.41,0.0,322.87,9.11,-7.47,348.58
2004-12-16,35161.71,0.0,329.9,12.25,-6.32,380.98
2004-12-17,35152.76,0.0,307.34,13.09,-1.84,533.57
2004-12-18,35146.55,0.0,315.84,12.73,-3.47,472.8
2004-12-19,35143.09,0.0,286.81,6.19,-6.49,376.1
2004-12-20,35142.39,0.0,301.57,4.66,-9.59,295.3
2004-12-21,35144.45,0.0,321.73,17.6,-1.84,533.76
2004-12-22,35149.25,28.67,134.27,14.37,6.75,984.51
2004-12-23,35156.81,0.0,308.87,11.84,-5.0,421.33
2004-12-24,35167.12,0.0,135.66,-1.13,-6.44,377.34
2004-12-25,35180.16,0.0,256.49,3.89,-7.51,347.45
2004-12-26,35195.94,0.0,291.82,10.22,-4.28,444.9
2004-12-27,35214.43,0.0,299.9,11.04,-4.55,435.89
2004-12-28,35235.63,0.0,308.67,13.48,-3.61,467.96
2004-12-29,35259.52,0.0,313.58,16.59,-1.69,539.62
2004-12-30,35286.08,0.0,272.95,17.55,3.57,788.77
2005-01-01,35315.43,0.0,272.23,21.39,7.55,1040.01
2005-01-02,35347.3,0.0,266.21,23.18,9.62,1196.07
2005-01-03,35381.78,0.0,270.64,22.53,8.77,1129.42
2005-01-04,35418.86,0.0,263.81,22.72,9.52,1188.57
2005-01-05,35458.5,0.0,223.1,18.56,8.57,1114.69
2005-01-06,35500.68,4.07,148.15,17.65,9.06,1152.33
2005-01-07,35545.38,10.41,173.97,18.55,8.1,1079.9
2005-01-08,35592.56,0.0,253.77,16.73,5.26,888.17
2005-01-09,35642.19,0.0,326.12,18.88,0.46,631.63
2005-01-10,35694.25,0.0,298.22,18.41,3.56,788.03
2005-01-11,35748.7,0.0,254.08,22.71,10.75,1290.05
2005-01-12,35805.5,0.0,103.91,18.86,14.58,1658.81
2005-01-13,35864.63,25.86,161.03,20.2,10.86,1299.73
2005-01-14,35926.04,0.0,217.14,10.72,2.0,705.61
2005-01-15,35989.69,0.0,278.22,11.78,-0.28,598.17
2005-01-16,36055.56,0.0,290.13,8.96,-3.62,467.33
2005-01-17,36123.61,0.0,258.66,3.37,-6.95,362.98
2005-01-18,36193.78,0.0,306.68,6.03,-7.34,351.98
2005-01-19,36266.05,0.0,321.88,8.19,-6.44,377.29
2005-01-20,36340.37,0.0,356.18,15.85,-3.87,458.69
2005-01-21,36416.71,0.0,354.66,20.67,0.51,633.77
2005-01-22,36495.01,0.0,356.67,17.71,-1.68,540.03
2005-01-23,36575.25,0.0,239.59,1.54,-7.35,351.88
2005-01-24,36657.38,0.0,363.97,9.88,-8.65,317.92
2005-01-25,36741.35,0.0,371.69,17.15,-3.7,464.55
2005-01-26,36827.12,0.0,336.64,19.6,3.58,789.4
2005-01-27,36914.66,0.0,268.8,11.14,0.79,646.54
2005-01-28,37003.91,10.41,111.46,6.33,1.17,664.76
2005-01-29,37094.85,7.03,84.24,3.26,-0.46,590.58
2005-01-30,37187.41,0.0,139.94,6.71,1.95,702.96
2005-01-31,37281.57,2.88,127.67,8.81,3.03,759.16
2005-02-01,37377.28,10.32,94.54,8.63,4.57,846.44
2005-02-02,37474.5,12.88,60.42,5.97,3.71,796.67
2005-02-03,37573.18,0.0,158.62,8.07,3.23,770.22
2005-02-04,37673.28,0.0,359.97,13.62,-0.6,584.54
2005-02-05,37774.77,0.0,397.34,17.47,-1.95,529.4
2005-02-06,37877.61,0.0,378.84,17.6,0.91,652.52
2005-02-07,37981.74,7.62,249.26,20.32,7.15,1011.75
2005-02-08,38087.14,8.09,114.83,14.79,9.99,1226.12
2005-02-09,38193.76,4.96,167.14,15.92,8.89,1139.17
2005-02-10,38301.56,0.0,274.88,8.16,-0.23,600.65
2005-02-11,38410.51,0.0,408.5,13.35,-4.16,449.04
2005-02-12,38520.56,0.0,421.75,18.54,-2.21,519.15
2005-02-13,38631.69,19.6,242.11,16.82,5.37,894.58
2005-02-14,38743.84,7.47,276.28,20.69,6.03,936.92
2005-02-15,38856.99,0.0,371.4,20.46,5.86,925.76
2005-02-16,38971.1,0.0,312.02,18.46,7.65,1046.82
2005-02-17,39086.13,0.0,312.04,11.71,1.58,684.6
2005-02-18,39202.05,0.0,417.86,13.64,-3.26,480.05
2005-02-19,39318.83,0.0,408.33,13.9,-1.69,539.65
2005-02-20,39436.43,16.35,227.59,16.04,6.52,968.78
2005-02-21,39554.81,2.94,278.06,23.57,10.14,1238.56
2005-02-22,39673.95,0.0,348.27,21.78,10.03,1230.07
2005-02-23,39793.81,16.8,312.68,21.09,5.04,874.52
2005-02-24,39914.37,0.0,316.57,15.62,6.4,960.92
2005-02-25,40035.58,0.0,412.88,14.85,1.17,664.67
2005-02-26,40157.42,0.0,449.71,16.74,-0.51,588.63
2005-02-27,40279.87,19.93,155.0,10.7,5.26,887.76
2005-02-28,40402.88,5.02,163.7,10.61,4.84,862.45
2005-03-01,40526.44,0.0,305.27,6.81,-1.44,549.63
2005-03-02,40650.51,0.0,461.57,11.6,-5.46,406.9
2005-03-03,40775.07,0.0,437.45,14.47,-0.92,571.12
2005-03-04,40900.08,0.0,469.1,18.02,-1.32,554.48
2005-03-05,41025.53,0.0,432.26,20.04,3.72,796.98
2005-03-06,41151.38,0.0,452.42,18.15,0.61,638.52
2005-03-07,41277.61,30.91,317.14,16.56,1.68,689.49
2005-03-08,41404.19,0.0,333.59,11.3,1.42,676.63
2005-03-09,41531.11,6.33,273.99,10.2,-0.77,577.14
2005-03-10,41658.32,0.0,352.77,13.14,2.5,731.11
2005-03-11,41785.82,0.0,387.2,16.08,3.71,796.4
2005-03-12,41913.57,0.0,483.57,25.05,4.13,820.63
2005-03-13,42041.54,12.09,304.1,24.39,10.03,1229.68
2005-03-14,42169.73,0.0,368.02,16.48,5.18,882.84
2005-03-15,42298.1,6.72,276.8,15.66,4.45,839.11
2005-03-16,42426.63,4.86,81.6,8.19,5.61,909.82
2005-03-17,42555.29,2.94,77.65,7.04,4.73,855.92
2005-03-18,42684.07,0.0,436.04,13.38,0.27,623.0
2005-03-19,42812.94,1.0,400.87,13.53,2.07,709.05
2005-03-20,42941.87,3.11,348.13,18.57,3.53,786.31
2005-03-21,43070.85,0.0,426.75,20.59,7.62,1045.18
2005-03-22,43199.86,28.28,244.0,20.18,11.23,1332.5
2005-03-23,43328.86,0.0,289.06,16.93,9.47,1184.55
2005-03-24,43457.85,0.0,499.4,21.83,4.56,845.39
2005-03-25,43586.78,0.0,504.84,27.1,8.02,1073.97
2005-03-26,43715.65,11.74,383.27,28.36,7.94,1068.06
2005-03-27,43844.43,10.06,333.85,24.23,9.96,1224.23
2005-03-28,43973.09,3.46,287.93,16.72,6.21,948.27
2005-03-29,44101.62,0.0,540.38,25.58,3.02,758.7
2005-03-30,44229.99,34.44,385.92,26.76,6.58,972.94
2005-03-31,44358.18,28.4,221.31,22.84,14.27,1625.94
2005-04-01,44486.16,18.88,281.15,22.53,11.44,1351.01
2005-04-02,44613.9,0.0,349.25,15.54,6.11,941.96
2005-04-03,44741.4,0.0,541.89,22.57,1.97,704.15
2005-04-04,44868.62,0.0,540.17,25.76,4.52,842.96
2005-04-05,44995.53,0.0,514.78,26.97,8.06,1076.89
2005-04-06,45122.11,25.19,297.07,21.45,9.99,1226.35
2005-04-07,45248.35,10.11,261.03,22.16,12.37,1435.98
2005-04-08,45374.2,0.0,272.19,19.32,12.14,1414.66
2005-04-09,45499.65,0.0,492.68,26.68,9.99,1226.21
2005-04-10,45624.66,0.0,476.45,26.99,11.2,1329.63
2005-04-11,45749.22,3.53,303.68,24.41,12.6,1458.26
2005-04-12,45873.29,3.52,308.85,25.07,13.02,1499.06
2005-04-13,45996.85,0.0,406.71,19.66,8.47,1107.35
2005-04-14,46119.86,0.0,422.64,19.68,7.93,1067.41
2005-04-15,46242.31,0.0,537.63,24.8,5.58,908.18
2005-04-16,46364.15,0.0,503.31,23.96,7.03,1003.74
2005-04-17,46485.37,0.0,531.33,25.32,6.06,938.62
2005-04-18,46605.92,0.0,528.3,26.99,7.4,1029.07
2005-04-19,46725.79,0.0,513.06,27.21,8.69,1123.84
2005-04-20,46844.93,0.0,518.51,27.61,8.52,1111.14
2005-04-21,46963.31,5.1,331.96,25.73,11.17,1326.93
2005-04-22,47080.91,16.79,279.65,25.37,13.66,1562.96
2005-04-23,47197.69,0.0,421.12,19.08,6.33,956.33
2005-04-24,47313.61,0.0,451.56,14.77,1.29,670.6
2005-04-25,47428.65,4.3,390.67,18.41,1.16,664.11
2005-04-26,47542.76,16.94,289.62,18.36,7.29,1021.44
2005-04-27,47655.91,0.0,459.4,19.79,5.71,916.0
2005-04-28,47768.07,0.0,552.01,24.33,4.15,821.74
2005-04-29,47879.2,30.98,308.68,25.03,12.57,1455.68
2005-04-30,47989.25,19.92,273.75,20.53,10.19,1242.72
2005-05-01,48098.2,0.0,509.31,21.67,5.08,876.95
2005-05-02,48206.01,0.0,509.34,21.89,5.08,877.14
2005-05-03,48312.63,0.0,465.4,19.87,5.75,918.93
2005-05-04,48418.03,0.0,504.63,20.65,4.69,853.56
2005-05-05,48522.17,0.0,447.44,21.18,7.99,1071.38
2005-05-06,48625.0,0.0,458.93,23.31,9.35,1175.02
2005-05-07,48726.5,0.0,527.01,26.04,7.8,1057.87
2005-05-08,48826.61,0.0,530.48,28.44,9.08,1154.01
2005-05-09,48925.29,0.0,469.12,27.2,11.74,1377.75
2005-05-10,49022.51,0.0,466.13,28.33,12.83,1480.7
2005-05-11,49118.22,0.0,477.96,30.78,14.07,1605.0
2005-05-12,49212.38,0.0,442.19,30.95,15.9,1805.85
2005-05-13,49304.95,0.0,462.77,31.24,15.06,1710.72
2005-05-14,49395.89,14.89,318.8,29.58,15.39,1747.85
2005-05-15,49485.15,7.3,274.7,26.22,14.96,1700.08
2005-05-16,49572.69,0.0,439.22,23.14,9.61,1195.78
2005-05-17,49658.47,0.0,529.87,27.33,8.46,1106.42
2005-05-18,49742.44,0.0,514.82,29.3,11.01,1312.78
2005-05-19,49824.57,0.0,493.45,30.37,13.14,1510.44
2005-05-20,49904.81,14.74,294.28,29.05,16.78,1909.62
2005-05-21,49983.12,0.0,388.29,27.01,15.25,1732.05
2005-05-22,50059.46,0.0,429.78,28.75,15.1,1715.88
2005-05-23,50133.79,0.0,422.6,30.83,17.08,1946.66
2005-05-24,50206.06,0.0,431.63,29.96,16.01,1818.67
2005-05-25,50276.24,0.0,460.08,24.77,10.52,1270.33
2005-05-26,50344.29,0.0,506.84,26.75,9.71,1203.37
2005-05-27,50410.16,0.0,508.76,29.43,11.61,1366.13
2005-05-28,50473.83,0.0,429.87,28.1,14.55,1656.02
2005-05-29,50535.24,33.4,131.11,19.82,15.19,1725.0
2005-05-30,50594.37,5.13,150.35,20.15,14.83,1685.76
2005-05-31,50651.18,31.21,134.1,21.29,16.63,1892.07
2005-06-01,50705.63,10.65,138.67,20.92,16.23,1843.93
2005-06-02,50757.69,21.35,269.08,26.94,16.98,1933.79
2005-06-03,50807.33,0.0,397.15,29.41,17.93,2054.06
2005-06-04,50854.52,0.0,421.11,31.09,18.46,2123.27
2005-06-05,50899.22,11.74,281.73,31.01,20.1,2351.42
2005-06-06,50941.41,12.8,291.45,30.85,19.67,2290.5
2005-06-07,50981.06,0.0,388.39,29.83,19.02,2199.08
2005-06-08,51018.14,11.37,307.78,31.26,19.51,2267.39
2005-06-09,51052.63,0.0,422.03,31.12,19.07,2205.32
2005-06-10,51084.5,10.9,226.66,28.25,20.53,2414.92
2005-06-11,51113.74,15.62,97.72,23.76,20.85,2463.77
2005-06-12,51140.32,5.36,172.3,25.24,19.95,2329.74
2005-06-13,51164.22,0.0,480.23,32.29,18.37,2110.82
2005-06-14,51185.44,0.0,472.76,33.74,19.69,2293.16
2005-06-15,51203.95,0.0,447.21,33.05,20.34,2386.32
2005-06-16,51219.74,0.0,498.58,31.66,17.07,1945.23
2005-06-17,51232.8,0.0,427.59,28.87,18.05,2069.01
2005-06-18,51243.13,0.0,514.43,28.97,14.55,1655.93
2005-06-19,51250.71,0.0,504.19,28.92,14.99,1703.79
2005-06-20,51255.53,4.41,365.75,30.17,16.67,1897.12
2005-06-21,51257.61,0.0,436.08,29.14,18.03,2066.55
2005-06-22,51256.92,0.0,465.54,30.81,18.26,2097.08
2005-06-23,51253.48,0.0,504.17,32.44,17.58,2009.08
2005-06-24,51247.29,0.0,468.51,32.03,19.07,2206.0
2005-06-25,51238.35,0.0,453.11,31.81,19.68,2290.66
2005-06-26,51226.67,0.0,310.89,27.36,20.43,2399.98
2005-06-27,51212.25,0.0,432.45,31.6,20.62,2428.47
2005-06-28,51195.11,12.4,309.64,30.84,20.53,2414.91
2005-06-29,51175.26,0.0,422.98,31.32,20.46,2403.99
2005-06-30,51152.71,0.0,448.0,33.69,21.13,2505.97
2005-07-01,51127.48,5.97,299.23,32.5,21.87,2622.4
2005-07-02,51099.58,0.0,430.24,32.32,20.59,2424.49
2005-07-03,51069.03,0.0,403.11,32.81,21.97,2637.31
2005-07-04,51035.86,10.98,323.39,32.54,20.75,2447.66
2005-07-05,51000.08,11.42,320.01,32.97,21.24,2522.04
2005-07-06,50961.73,41.02,160.79,23.96,19.25,2230.93
2005-07-07,50920.82,0.0,454.1,30.29,18.23,2093.17
2005-07-08,50877.38,0.0,451.95,31.22,19.03,2200.66
2005-07-09,50831.44,14.64,317.84,32.45,21.05,2493.76
2005-07-10,50783.04,47.68,160.6,25.19,20.43,2399.61
2005-07-11,50732.19,7.83,134.84,25.32,21.33,2536.19
2005-07-12,50678.94,14.45,287.87,30.54,20.78,2452.02
2005-07-13,50623.32,16.68,298.98,31.65,21.3,2531.94
2005-07-14,50565.35,23.89,311.81,32.34,21.34,2537.98
2005-07-15,50505.09,5.91,233.48,28.57,21.31,2534.12
2005-07-16,50442.55,4.78,271.63,29.78,21.13,2506.29
2005-07-17,50377.79,0.0,413.87,31.93,21.34,2538.51
2005-07-18,50310.83,0.0,425.13,32.29,21.32,2534.68
2005-07-19,50241.72,7.25,304.81,32.56,22.24,2682.45
2005-07-20,50170.5,0.0,446.62,33.47,21.5,2562.89
2005-07-21,50097.21,18.31,326.59,33.35,21.82,2613.98
2005-07-22,50021.88,0.0,434.14,33.63,22.12,2661.72
2005-07-23,49944.55,0.0,428.08,34.15,22.82,2777.53
2005-07-24,49865.28,0.0,455.53,34.05,21.64,2584.74
2005-07-25,49784.1,0.0,442.51,34.3,22.35,2699.15
2005-07-26,49701.05,0.0,426.42,34.4,22.94,2797.56
2005-07-27,49616.18,6.93,314.3,33.0,22.13,2663.9
2005-07-28,49529.52,0.0,417.33,32.37,21.68,2591.76
2005-07-29,49441.12,10.58,246.24,29.43,21.91,2628.49
2005-07-30,49351.03,0.0,327.05,28.73,21.43,2552.55
2005-07-31,49259.27,0.0,383.34,30.4,21.39,2546.43
2005-08-01,49165.91,4.17,262.62,29.7,21.77,2605.72
2005-08-02,49070.98,0.0,392.06,30.37,21.21,2517.9
2005-08-03,48974.51,0.0,436.23,31.66,20.8,2456.06
2005-08-04,48876.56,0.0,463.31,32.6,20.38,2392.25
2005-08-05,48777.16,0.0,444.65,31.87,20.43,2399.62
2005-08-06,48676.36,5.31,297.89,30.01,20.62,2428.06
2005-08-07,48574.2,6.35,296.5,29.15,20.01,2337.88
2005-08-08,48470.71,0.0,385.08,29.9,20.99,2484.88
2005-08-09,48365.95,0.0,353.97,29.3,21.27,2527.89
2005-08-10,48259.94,17.46,291.25,30.98,21.56,2572.13
2005-08-11,48152.72,0.0,453.94,32.01,19.96,2330.72
2005-08-12,48044.34,0.0,371.45,30.23,21.4,2547.75
2005-08-13,47934.84,0.0,414.33,31.51,21.09,2498.88
2005-08-14,47824.25,0.0,471.27,33.95,20.31,2383.02
2005-08-15,47712.61,0.0,451.69,34.13,21.25,2524.89
2005-08-16,47599.95,0.0,440.45,34.14,21.66,2589.16
2005-08-17,47486.32,0.0,443.53,34.12,21.44,2553.5
2005-08-18,47371.75,0.0,433.73,34.62,22.14,2665.66
2005-08-19,47256.27,0.0,420.3,34.58,22.63,2746.18
2005-08-20,47139.92,0.0,414.68,35.54,23.51,2895.88
2005-08-21,47022.73,0.0,390.62,34.98,24.01,2984.45
2005-08-22,46904.74,5.26,313.83,34.59,22.56,2734.12
2005-08-23,46785.97,0.0,425.91,32.98,21.08,2497.94
2005-08-24,46666.47,0.0,417.49,33.02,21.41,2549.07
2005-08-25,46546.26,0.0,374.89,32.49,22.54,2730.84
2005-08-26,46425.37,0.0,400.39,31.96,21.21,2517.4
2005-08-27,46303.84,0.0,438.34,32.46,19.97,2332.11
2005-08-28,46181.7,6.58,301.47,32.65,21.45,2555.29
2005-08-29,46058.96,22.3,138.2,27.64,23.27,2855.3
2005-08-30,45935.68,6.28,205.71,28.92,22.25,2682.89
2005-08-31,45811.86,0.0,430.5,31.21,19.1,2209.38
2005-09-01,45687.54,0.0,473.88,31.18,16.7,1900.63
2005-09-02,45562.76,0.0,475.4,32.16,17.1,1949.05
2005-09-03,45437.52,0.0,467.73,31.94,17.24,1966.31
2005-09-04,45311.87,0.0,464.5,30.97,16.57,1884.5
2005-09-05,45185.83,0.0,435.49,30.32,17.39,1985.06
2005-09-06,45059.42,0.0,459.39,30.15,15.83,1797.67
2005-09-07,44932.67,0.0,452.56,29.78,15.7,1782.54
2005-09-08,44805.6,0.0,443.75,30.43,16.39,1862.66
2005-09-09,44678.24,0.0,454.63,31.44,16.3,1852.18
2005-09-10,44550.62,0.0,469.96,32.33,15.7,1782.3
2005-09-11,44422.75,0.0,472.12,32.59,15.35,1743.56
2005-09-12,44294.67,0.0,445.61,32.28,16.61,1888.86
2005-09-13,44166.39,0.0,437.17,31.87,16.65,1893.68
2005-09-14,44037.94,0.0,460.35,32.95,15.72,1784.65
2005-09-15,43909.34,0.0,406.1,34.29,19.72,2296.45
2005-09-16,43780.62,2.31,248.28,30.25,19.75,2301.75
2005-09-17,43651.79,0.0,335.45,30.07,19.44,2257.17
2005-09-18,43522.88,0.0,427.5,32.7,17.1,1948.58
2005-09-19,43393.92,0.0,447.69,34.0,16.38,1861.59
2005-09-20,43264.93,0.0,429.1,34.53,17.7,2024.07
2005-09-21,43135.92,0.0,418.79,34.58,18.16,2083.4
2005-09-22,43006.92,0.0,360.69,33.27,20.14,2357.83
2005-09-23,42877.96,0.0,331.13,32.28,20.59,2423.97
2005-09-24,42749.06,0.0,272.89,31.87,22.43,2713.69
2005-09-25,42620.23,46.29,183.16,30.19,21.99,2641.67
2005-09-26,42491.51,19.99,166.08,29.28,22.0,2642.63
2005-09-27,42362.91,0.0,338.43,31.06,19.16,2218.13
2005-09-28,42234.45,0.0,327.01,30.92,19.3,2237.45
2005-09-29,42106.17,0.0,300.43,25.84,15.88,1802.87
2005-09-30,41978.09,0.0,408.77,28.8,13.1,1506.99
2005-10-01,41850.22,0.0,310.77,28.94,18.01,2064.68
2005-10-02,41722.59,0.0,291.42,29.4,19.21,2224.8
2005-10-03,41595.23,0.0,296.17,29.77,19.34,2242.9
2005-10-04,41468.17,0.0,327.2,30.15,18.34,2106.91
2005-10-05,41341.41,0.0,318.17,29.78,18.38,2112.95
2005-10-06,41215.0,13.06,157.0,26.1,19.26,2232.64
2005-10-07,41088.95,0.0,180.34,20.27,14.87,1690.34
2005-10-08,40963.3,0.0,223.62,19.25,12.63,1461.53
2005-10-09,40838.06,0.0,237.93,19.54,12.56,1454.01
2005-10-10,40713.27,0.0,325.82,22.38,12.13,1413.59
2005-10-11,40588.95,0.0,368.27,25.59,12.97,1494.2
2005-10-12,40465.13,0.0,357.23,26.8,14.48,1648.61
2005-10-13,40341.84,0.0,378.07,27.98,14.17,1615.47
2005-10-14,40219.11,0.0,394.54,27.24,12.42,1441.2
2005-10-15,40096.96,0.0,417.68,27.21,10.12,1237.48
2005-10-16,39975.42,0.0,429.36,25.1,6.87,992.81
2005-10-17,39854.53,0.0,442.1,25.61,4.6,848.2
2005-10-18,39734.32,0.0,436.91,28.7,6.64,977.04
2005-10-19,39614.81,0.0,418.42,30.63,10.01,1228.39
2005-10-20,39496.04,0.0,379.87,29.71,13.21,1518.1
2005-10-21,39378.04,0.0,355.86,26.78,12.62,1460.11
2005-10-22,39260.85,0.0,344.4,19.88,7.35,1025.57
2005-10-23,39144.49,0.0,410.95,22.86,4.17,822.6
2005-10-24,39029.01,0.0,304.88,13.68,3.21,769.01
2005-10-25,38914.43,0.0,307.11,13.48,2.77,745.03
2005-10-26,38800.79,0.0,393.18,16.89,-0.12,605.37
2005-10-27,38688.13,0.0,389.21,17.77,0.52,634.37
2005-10-28,38576.48,0.0,382.25,17.65,0.68,641.52
2005-10-29,38465.88,0.0,396.54,19.14,-0.26,599.46
2005-10-30,38356.37,0.0,396.06,21.9,1.41,676.42
2005-10-31,38247.99,0.0,392.25,22.8,1.89,700.04
2005-11-01,38140.76,2.94,195.17,17.28,6.76,984.85
2005-11-02,38034.75,0.0,350.73,21.56,4.65,850.75
2005-11-03,37929.97,0.0,389.06,24.68,1.86,698.62
2005-11-04,37826.47,0.0,364.69,24.94,4.83,861.68
2005-11-05,37724.3,0.0,268.84,25.46,12.55,1453.53
2005-11-06,37623.49,0.0,221.52,25.68,15.14,1720.23
2005-11-07,37524.09,0.0,285.18,27.86,12.97,1494.43
2005-11-08,37426.13,0.0,295.81,28.36,12.26,1425.65
2005-11-09,37329.65,0.0,272.71,27.0,12.55,1453.75
2005-11-10,37234.71,0.0,294.29,19.94,4.79,859.01
2005-11-11,37141.33,0.0,349.77,20.63,-0.23,600.35
2005-11-12,37049.57,0.0,341.08,22.45,1.85,698.01
2005-11-13,36959.46,0.0,249.98,24.37,10.98,1310.44
2005-11-14,36871.06,0.0,199.5,25.35,14.86,1689.05
2005-11-15,36784.39,18.55,139.43,23.22,13.74,1570.79
2005-11-16,36699.5,0.0,271.31,16.45,2.68,740.48
2005-11-17,36616.44,0.0,218.74,8.24,-1.77,536.51
2005-11-18,36535.24,0.0,299.64,11.65,-3.62,467.39
2005-11-19,36455.96,0.0,317.02,14.09,-3.15,484.15
2005-11-20,36378.62,8.36,216.94,17.41,1.97,704.13
2005-11-21,36303.28,26.05,116.26,11.36,4.28,828.85
2005-11-22,36229.97,0.0,238.46,11.8,0.47,632.04
2005-11-23,36158.74,0.0,312.77,16.02,-1.59,543.68
2005-11-24,36089.61,0.0,290.06,20.34,4.04,815.31
2005-11-25,36022.64,0.0,245.87,13.47,1.16,664.12
2005-11-26,35957.87,0.0,308.29,18.76,0.69,642.12
2005-11-27,35895.32,2.59,120.48,18.13,10.27,1249.87
2005-11-28,35835.04,31.29,157.37,22.51,11.69,1373.55
2005-11-29,35777.06,0.0,196.34,12.38,3.3,773.66
2005-11-30,35721.42,0.0,262.05,10.08,-2.6,504.47
2005-12-01,35668.15,0.0,269.69,10.46,-2.93,492.19
2005-12-02,35617.29,0.0,276.73,11.48,-2.54,506.57
2005-12-03,35568.87,7.41,237.96,17.75,-1.47,548.27
2005-12-04,35522.91,33.87,182.94,19.03,6.77,985.73
2005-12-05,35479.46,0.0,178.83,8.1,0.29,623.69
2005-12-06,35438.53,0.0,293.16,9.79,-5.56,403.64
2005-12-07,35400.16,0.0,290.69,10.56,-4.72,430.23
2005-12-08,35364.37,14.57,133.9,9.93,1.99,705.01
2005-12-09,35331.18,0.0,212.38,5.63,-3.76,462.63
2005-12-10,35300.62,0.0,287.56,8.18,-6.39,378.72
2005-12-11,35272.7,0.0,288.37,11.05,-3.69,464.88
2005-12-12,35247.45,0.0,290.22,14.0,-1.11,563.24
2005-12-13,35224.88,0.0,291.04,11.74,-3.32,478.18
2005-12-14,35205.01,31.71,133.1,7.82,0.23,621.04
2005-12-15,35187.85,16.01,118.51,7.12,0.49,632.65
2005-12-16,35173.41,0.0,245.35,7.25,-3.81,460.73
2005-12-17,35161.71,0.0,200.66,8.06,-0.53,587.61
2005-12-18,35152.76,0.0,284.37,13.99,-0.46,590.68
2005-12-19,35146.55,0.0,237.81,8.39,-2.07,524.85
2005-12-20,35143.09,0.0,265.97,7.0,-5.11,417.67
2005-12-21,35142.39,0.0,263.04,7.18,-4.87,425.29
2005-12-22,35144.45,0.0,312.48,10.17,-7.1,358.8
2005-12-23,35149.25,0.0,321.2,12.54,-6.48,376.3
2005-12-24,35156.81,29.14,214.24,11.62,-2.85,494.99
2005-12-25,35167.12,5.37,144.64,10.92,2.65,738.72
2005-12-26,35180.16,0.0,249.95,10.03,-1.12,562.82
2005-12-27,35195.94,0.0,326.43,19.37,-2.01,526.84
2005-12-28,35214.43,0.0,269.05,21.14,7.07,1005.92
2005-12-29,35235.63,0.0,223.19,11.83,1.79,695.05
2005-12-30,35259.52,1.97,316.14,17.23,-1.67,540.4
2005-12-31,35286.08,0.0,282.05,16.21,1.57,684.28
2006-01-01,35315.43,4.72,221.23,18.54,2.31,721.23
2006-01-02,35347.3,0.0,248.89,24.1,11.26,1334.89
2006-01-03,35381.78,0.0,245.66,15.29,3.74,798.47
2006-01-04,35418.86,0.0,312.93,19.2,1.11,661.87
2006-01-05,35458.5,0.0,218.96,12.73,3.03,758.95
2006-01-06,35500.68,0.0,145.44,4.16,-1.73,537.92
2006-01-07,35545.38,0.0,293.47,10.98,-3.47,472.8
2006-01-08,35592.56,0.0,327.56,19.95,0.21,620.2
2006-01-09,35642.19,0.0,252.52,21.79,9.5,1186.5
2006-01-10,35694.25,13.18,174.83,21.05,10.07,1233.33
2006-01-11,35748.7,4.94,197.91,15.64,3.32,774.89
2006-01-12,35805.5,0.0,326.94,18.74,0.27,622.93
2006-01-13,35864.63,25.27,190.55,14.5,3.07,761.27
2006-01-14,35926.04,0.0,209.11,7.1,-1.43,550.22
2006-01-15,35989.69,0.0,301.27,10.64,-3.52,471.14
2006-01-16,36055.56,9.55,192.43,15.38,3.97,811.37
2006-01-17,36123.61,39.92,206.1,15.42,2.94,754.14
2006-01-18,36193.78,0.0,302.31,13.03,-1.02,566.73
2006-01-19,36266.05,0.0,337.57,17.46,-0.55,586.64
2006-01-20,36340.37,17.66,237.44,16.28,0.8,647.28
2006-01-21,36416.71,8.24,149.97,17.36,9.09,1154.32
2006-01-22,36495.01,22.09,164.51,20.66,11.27,1335.42
2006-01-23,36575.25,17.8,160.27,17.46,8.66,1121.41
2006-01-24,36657.38,0.0,233.95,15.03,5.53,904.97
2006-01-25,36741.35,0.0,296.38,12.05,-0.59,585.2
2006-01-26,36827.12,0.0,339.7,13.14,-2.84,495.69
2006-01-27,36914.66,0.0,324.32,15.83,1.12,662.44
2006-01-28,37003.91,9.67,238.12,18.63,4.18,823.13
2006-01-29,37094.85,0.0,313.94,19.6,5.57,907.05
2006-01-30,37187.41,3.9,235.83,15.21,1.69,690.12
2006-01-31,37281.57,0.0,336.71,13.6,-1.1,563.54
2006-02-01,37377.28,0.0,367.08,16.39,-1.55,545.18
2006-02-02,37474.5,4.32,189.53,14.33,4.62,849.31
2006-02-03,37573.18,10.76,242.0,17.29,3.68,795.11
2006-02-04,37673.28,0.0,214.7,9.13,1.59,685.12
2006-02-05,37774.77,17.0,213.48,7.52,-3.02,488.76
2006-02-06,37877.61,53.82,130.6,5.25,-0.53,587.61
2006-02-07,37981.74,0.0,321.56,9.8,-2.06,525.22
2006-02-08,38087.14,0.0,389.2,12.46,-4.79,427.98
2006-02-09,38193.76,0.0,321.56,8.52,-3.17,483.4
2006-02-10,38301.56,13.59,281.59,11.73,-3.83,460.31
2006-02-11,38410.51,5.56,227.96,8.55,-1.97,528.42
2006-02-12,38520.56,0.0,197.29,3.63,-2.44,510.54
2006-02-13,38631.69,0.0,341.77,7.95,-4.11,450.68
2006-02-14,38743.84,0.0,415.44,14.34,-4.21,447.32
2006-02-15,38856.99,0.0,403.58,20.0,2.01,706.01
2006-02-16,38971.1,1.56,358.54,23.3,8.76,1128.9
2006-02-17,39086.13,1.37,258.87,14.97,6.42,962.21
2006-02-18,39202.05,5.64,154.13,5.56,-0.54,587.12
2006-02-19,39318.83,3.5,259.19,5.34,-5.85,394.89
2006-02-20,39436.43,4.66,191.54,5.65,-1.88,531.93
2006-02-21,39554.81,1.46,347.33,14.0,2.48,730.03
2006-02-22,39673.95,48.16,195.75,14.94,6.94,996.97
2006-02-23,39793.81,0.0,315.5,13.75,3.88,806.16
2006-02-24,39914.37,4.94,318.6,18.47,1.65,687.9
2006-02-25,40035.58,20.57,192.49,12.41,4.93,868.0
2006-02-26,40157.42,0.0,361.4,10.37,-0.77,577.48
2006-02-27,40279.87,0.0,474.31,17.48,-4.3,444.1
2006-02-28,40402.88,0.0,466.38,21.84,0.53,634.74
2006-03-01,40526.44,0.0,446.13,23.98,5.19,883.66
2006-03-02,40650.51,0.0,385.03,24.42,10.59,1276.92
2006-03-03,40775.07,0.0,364.74,14.63,3.28,772.89
2006-03-04,40900.08,0.0,460.8,16.31,-1.53,545.96
2006-03-05,41025.53,5.08,348.08,19.97,0.96,654.48
2006-03-06,41151.38,0.0,407.58,19.51,5.3,890.32
2006-03-07,41277.61,0.0,423.38,18.09,3.08,762.06
2006-03-08,41404.19,0.0,455.73,21.53,3.36,776.89
2006-03-09,41531.11,25.59,299.17,22.15,7.87,1062.68
2006-03-10,41658.32,0.0,456.46,25.56,6.8,987.99
2006-03-11,41785.82,0.0,405.53,27.58,12.2,1420.14
2006-03-12,41913.57,0.0,331.28,28.88,17.2,1960.91
2006-03-13,42041.54,19.44,243.65,26.42,15.41,1749.5
2006-03-14,42169.73,0.0,408.79,17.84,3.96,810.47
2006-03-15,42298.1,0.0,482.62,18.39,-0.66,582.2
2006-03-16,42426.63,0.0,458.11,19.92,2.9,752.18
2006-03-17,42555.29,0.0,396.23,19.81,6.68,979.67
2006-03-18,42684.07,0.0,392.88,15.64,3.18,767.21
2006-03-19,42812.94,12.66,164.87,11.31,5.15,881.25
2006-03-20,42941.87,54.02,208.35,13.92,5.9,928.24
2006-03-21,43070.85,0.0,407.25,20.59,7.24,1018.25
2006-03-22,43199.86,0.0,346.18,11.54,1.38,674.73
2006-03-23,43328.86,0.0,431.3,14.07,0.23,621.15
2006-03-24,43457.85,0.0,415.48,12.78,-0.24,599.99
2006-03-25,43586.78,0.0,396.81,11.47,-0.65,582.39
2006-03-26,43715.65,0.0,489.96,13.84,-3.27,479.71
2006-03-27,43844.43,0.0,509.18,19.1,-0.48,589.79
2006-03-28,43973.09,0.0,425.17,20.6,6.3,954.48
2006-03-29,44101.62,0.0,490.85,22.89,4.53,843.87
2006-03-30,44229.99,0.0,516.85,26.0,4.86,863.58
2006-03-31,44358.18,7.77,337.0,26.16,10.18,1242.32
2006-04-01,44486.16,5.93,258.35,26.55,15.4,1748.33
2006-04-02,44613.9,7.69,319.62,28.74,13.68,1564.85
2006-04-03,44741.4,0.0,413.05,27.27,13.33,1529.11
2006-04-04,44868.62,0.0,475.9,22.32,6.06,938.39
2006-04-05,44995.53,0.0,533.4,24.14,3.04,759.93
2006-04-06,45122.11,0.0,519.4,26.88,6.43,962.88
2006-04-07,45248.35,15.75,327.36,28.53,13.32,1528.49
2006-04-08,45374.2,12.5,315.16,22.89,9.4,1178.49
2006-04-09,45499.65,0.0,514.87,21.64,3.2,768.56
2006-04-10,45624.66,0.0,521.92,23.91,4.5,842.24
2006-04-11,45749.22,0.0,509.65,25.32,6.46,964.67
2006-04-12,45873.29,0.0,454.53,25.83,10.19,1243.32
2006-04-13,45996.85,0.0,494.31,28.22,9.73,1205.63
2006-04-14,46119.86,0.0,490.53,30.15,11.57,1362.18
2006-04-15,46242.31,0.0,467.65,30.8,13.55,1551.91
2006-04-16,46364.15,0.0,373.23,28.59,16.24,1845.43
2006-04-17,46485.37,0.0,342.35,29.87,18.55,2134.99
2006-04-18,46605.92,0.0,430.74,33.02,17.2,1961.51
2006-04-19,46725.79,22.24,327.88,31.62,15.63,1775.16
2006-04-20,46844.93,43.24,316.29,30.0,15.11,1716.79
2006-04-21,46963.31,21.04,265.63,27.9,16.14,1833.54
2006-04-22,47080.91,0.0,367.36,26.39,14.42,1641.52
2006-04-23,47197.69,0.0,484.46,28.75,10.92,1304.74
2006-04-24,47313.61,0.0,463.62,30.01,13.02,1499.15
2006-04-25,47428.65,0.0,427.88,29.12,14.17,1615.88
2006-04-26,47542.76,15.2,241.32,24.33,14.31,1630.41
2006-04-27,47655.91,0.0,418.81,22.28,8.98,1146.04
2006-04-28,47768.07,0.0,528.52,25.35,5.83,923.49
2006-04-29,47879.2,0.0,377.84,22.93,11.35,1343.21
2006-04-30,47989.25,8.73,124.5,18.09,13.57,1553.94
2006-05-01,48098.2,0.0,410.92,23.53,10.92,1304.82
2006-05-02,48206.01,0.0,465.01,26.39,11.06,1317.55
2006-05-03,48312.63,0.0,441.65,28.94,14.29,1627.69
2006-05-04,48418.03,15.32,330.1,28.45,13.98,1596.05
2006-05-05,48522.17,6.66,192.69,22.27,15.07,1712.48
2006-05-06,48625.0,10.5,307.71,23.87,11.83,1386.14
2006-05-07,48726.5,11.23,220.07,22.13,14.15,1612.91
2006-05-08,48826.61,0.0,382.09,23.41,12.66,1463.63
2006-05-09,48925.29,15.02,267.51,23.59,13.82,1579.49
2006-05-10,49022.51,29.76,147.55,20.35,15.46,1755.08
2006-05-11,49118.22,0.0,354.1,21.62,12.61,1459.29
2006-05-12,49212.38,0.0,507.54,23.15,8.33,1096.48
2006-05-13,49304.95,0.0,471.16,21.25,8.52,1111.01
2006-05-14,49395.89,0.0,438.21,23.76,12.18,1418.31
2006-05-15,49485.15,2.3,326.59,18.98,8.15,1083.07
2006-05-16,49572.69,3.23,391.22,22.6,7.69,1049.83
2006-05-17,49658.47,3.15,361.81,22.2,9.17,1160.53
2006-05-18,49742.44,0.0,547.82,27.82,10.09,1234.5
2006-05-19,49824.57,0.0,538.29,27.3,10.35,1256.7
2006-05-20,49904.81,0.0,482.37,31.73,16.9,1924.74
2006-05-21,49983.12,0.0,479.14,31.11,16.52,1878.97
2006-05-22,50059.46,0.0,489.25,30.24,15.28,1735.82
2006-05-23,50133.79,0.0,463.76,30.69,16.94,1929.31
2006-05-24,50206.06,0.0,494.79,31.72,16.29,1851.0
2006-05-25,50276.24,0.0,474.07,32.21,17.71,2025.72
2006-05-26,50344.29,0.0,406.32,31.76,20.11,2352.82
2006-05-27,50410.16,0.0,425.94,32.6,20.06,2345.99
2006-05-28,50473.83,0.0,451.49,32.87,19.37,2247.43
2006-05-29,50535.24,0.0,448.38,32.66,19.31,2239.7
2006-05-30,50594.37,0.0,453.94,33.06,19.15,2216.34
2006-05-31,50651.18,0.0,454.78,33.64,19.5,2266.12
2006-06-01,50705.63,0.0,426.35,31.91,19.43,2256.35
2006-06-02,50757.69,14.04,305.06,31.03,19.51,2267.22
2006-06-03,50807.33,0.0,427.6,28.01,16.34,1857.19
2006-06-04,50854.52,0.0,522.99,31.14,14.07,1604.52
2006-06-05,50899.22,0.0,479.34,27.93,13.9,1587.37
2006-06-06,50941.41,0.0,534.46,28.78,11.29,1337.66
2006-06-07,50981.06,0.0,543.32,31.34,12.22,1422.3
2006-06-08,51018.14,0.0,518.46,32.52,14.53,1653.48
2006-06-09,51052.63,0.0,504.45,31.83,14.55,1656.05
2006-06-10,51084.5,0.0,503.06,34.22,16.09,1827.48
2006-06-11,51113.74,0.0,482.39,35.54,18.14,2080.79
2006-06-12,51140.32,23.76,328.39,33.17,18.56,2136.28
2006-06-13,51164.22,0.0,323.23,27.61,18.16,2083.78
2006-06-14,51185.44,0.0,442.34,32.25,17.63,2015.5
2006-06-15,51203.95,0.0,493.34,33.16,15.7,1782.22
2006-06-16,51219.74,0.0,485.17,34.34,16.9,1924.27
2006-06-17,51232.8,0.0,349.77,32.25,21.21,2517.77
2006-06-18,51243.13,0.0,393.24,31.96,19.49,2264.98
2006-06-19,51250.71,0.0,441.52,32.18,17.73,2027.71
2006-06-20,51255.53,0.0,448.71,35.37,19.77,2304.33
2006-06-21,51257.61,0.0,468.18,36.99,19.86,2317.37
2006-06-22,51256.92,0.0,442.77,36.5,20.76,2449.95
2006-06-23,51253.48,27.34,319.93,34.64,20.15,2359.42
2006-06-24,51247.29,15.4,310.66,32.82,19.29,2235.74
2006-06-25,51238.35,0.0,388.76,32.4,19.94,2329.07
2006-06-26,51226.67,0.0,389.49,31.12,18.88,2179.41
2006-06-27,51212.25,0.0,424.33,32.2,18.37,2111.69
2006-06-28,51195.11,0.0,458.54,31.67,16.39,1863.64
2006-06-29,51175.26,0.0,508.51,33.65,15.02,1706.53
2006-06-30,51152.71,0.0,474.49,34.81,17.74,2028.91
2006-07-01,51127.48,0.0,465.03,35.45,18.58,2139.92
2006-07-02,51099.58,0.0,454.11,35.92,19.36,2245.47
2006-07-03,51069.03,0.0,422.98,36.1,20.89,2468.78
2006-07-04,51035.86,7.72,302.32,35.14,21.08,2498.53
2006-07-05,51000.08,0.0,318.42,31.55,21.39,2546.31
2006-07-06,50961.73,0.0,359.95,31.3,19.87,2318.37
2006-07-07,50920.82,0.0,424.94,30.74,17.07,1944.71
2006-07-08,50877.38,0.0,411.27,31.64,18.45,2121.8
2006-07-09,50831.44,9.18,266.52,31.28,20.31,2383.03
2006-07-10,50783.04,1.82,382.14,32.66,20.63,2429.48
2006-07-11,50732.19,0.0,398.71,34.48,21.53,2567.77
2006-07-12,50678.94,0.0,436.58,35.35,20.59,2424.32
2006-07-13,50623.32,0.0,384.34,35.72,22.97,2803.06
2006-07-14,50565.35,0.0,400.43,36.01,22.58,2737.12
2006-07-15,50505.09,0.0,403.93,36.02,22.51,2725.81
2006-07-16,50442.55,0.0,419.47,35.16,21.29,2531.25
2006-07-17,50377.79,0.0,404.21,36.37,22.77,2769.59
2006-07-18,50310.83,0.0,419.92,36.65,22.26,2685.68
2006-07-19,50241.72,0.0,390.49,35.73,22.83,2779.59
2006-07-20,50170.5,3.99,316.51,35.52,21.37,2542.93
2006-07-21,50097.21,0.0,412.66,35.85,22.1,2659.21
2006-07-22,50021.88,34.28,277.52,32.37,21.1,2500.94
2006-07-23,49944.55,10.93,284.71,31.75,20.31,2382.34
2006-07-24,49865.28,0.0,371.83,30.94,19.96,2332.03
2006-07-25,49784.1,0.0,390.03,33.64,21.5,2564.02
2006-07-26,49701.05,0.0,375.07,31.92,20.67,2436.44
2006-07-27,49616.18,0.0,392.8,34.73,22.29,2690.56
2006-07-28,49529.52,5.99,275.96,33.93,22.62,2744.5
2006-07-29,49441.12,10.23,265.95,31.73,21.46,2556.49
2006-07-30,49351.03,12.05,298.12,32.64,20.82,2459.02
2006-07-31,49259.27,0.0,446.1,34.1,20.05,2345.09
2006-08-01,49165.91,0.0,427.27,34.64,21.31,2534.06
2006-08-02,49070.98,0.0,402.13,34.74,22.46,2718.6
2006-08-03,48974.51,0.0,413.33,35.72,22.76,2768.17
2006-08-04,48876.56,0.0,467.28,37.13,21.02,2488.16
2006-08-05,48777.16,0.0,444.28,36.0,21.34,2538.54
2006-08-06,48676.36,0.0,402.92,34.96,22.38,2705.03
2006-08-07,48574.2,0.0,443.32,36.58,21.76,2590.14
2006-08-08,48470.71,0.0,460.52,38.17,21.97,2526.82
2006-08-09,48365.95,0.0,420.81,36.44,22.71,2602.09
2006-08-10,48259.94,25.69,331.73,36.92,21.68,2591.33
2006-08-11,48152.72,10.71,263.36,31.33,21.1,2501.22
2006-08-12,48044.34,10.6,253.23,31.57,21.79,2609.19
2006-08-13,47934.84,0.0,302.64,29.4,21.07,2497.33
2006-08-14,47824.25,0.0,390.08,33.86,21.94,2632.8
2006-08-15,47712.61,9.24,314.23,35.08,21.67,2590.29
2006-08-16,47599.95,0.0,381.79,32.45,21.14,2507.47
2006-08-17,47486.32,0.0,352.1,32.51,22.29,2689.19
2006-08-18,47371.75,0.0,373.59,33.44,22.31,2693.31
2006-08-19,47256.27,0.0,410.81,33.56,20.99,2484.45
2006-08-20,47139.92,15.27,318.29,35.55,21.82,2614.56
2006-08-21,47022.73,19.22,324.36,35.79,21.49,2561.97
2006-08-22,46904.74,7.91,284.66,33.14,21.69,2592.79
2006-08-23,46785.97,0.0,360.3,32.03,21.48,2560.7
2006-08-24,46666.47,0.0,432.76,33.2,19.47,2261.96
2006-08-25,46546.26,0.0,400.96,32.67,20.36,2389.89
2006-08-26,46425.37,0.0,380.04,33.5,21.8,2610.91
2006-08-27,46303.84,6.54,268.75,33.32,22.41,2709.65
2006-08-28,46181.7,0.0,371.91,34.82,23.04,2814.65
2006-08-29,46058.96,7.65,278.86,35.02,23.12,2828.48
2006-08-30,45935.68,2.54,263.03,32.36,21.85,2617.93
2006-08-31,45811.86,0.0,383.64,31.8,20.22,2368.68
2006-09-01,45687.54,0.0,428.28,31.89,18.32,2105.39
2006-09-02,45562.76,0.0,410.3,31.81,19.02,2198.6
2006-09-03,45437.52,0.0,429.86,32.44,18.6,2142.48
2006-09-04,45311.87,0.0,399.24,31.15,18.96,2191.43
2006-09-05,45185.83,0.0,332.5,27.69,18.49,2127.2
2006-09-06,45059.42,0.0,451.04,30.72,16.18,1838.03
2006-09-07,44932.67,0.0,413.35,30.3,17.7,2024.9
2006-09-08,44805.6,0.0,421.44,30.63,17.54,2003.84
2006-09-09,44678.24,0.0,406.89,30.91,18.42,2118.15
2006-09-10,44550.62,0.0,419.2,31.81,18.39,2113.73
2006-09-11,44422.75,0.0,410.19,31.54,18.45,2122.05
2006-09-12,44294.67,32.17,139.49,24.64,19.73,2298.98
2006-09-13,44166.39,0.0,359.4,27.71,17.37,1982.81
2006-09-14,44037.94,0.0,449.67,27.47,13.15,1511.53
2006-09-15,43909.34,0.0,461.84,28.92,13.27,1523.36
2006-09-16,43780.62,0.0,457.85,30.31,14.26,1624.44
2006-09-17,43651.79,0.0,465.92,32.08,14.55,1656.13
2006-09-18,43522.88,20.26,299.48,31.07,17.63,2015.44
2006-09-19,43393.92,18.83,259.71,26.76,16.32,1855.27
2006-09-20,43264.93,0.0,446.13,25.4,10.57,1274.85
2006-09-21,43135.92,0.0,481.43,26.44,8.53,1111.67
2006-09-22,43006.92,8.76,283.18,30.14,17.41,1987.61
2006-09-23,42877.96,16.02,247.63,31.69,20.67,2436.26
2006-09-24,42749.06,13.86,228.15,27.33,17.94,2055.58
2006-09-25,42620.23,0.0,363.97,24.68,13.37,1533.86
2006-09-26,42491.51,0.0,421.46,24.26,10.12,1237.56
2006-09-27,42362.91,0.0,455.37,27.7,10.25,1247.79
2006-09-28,42234.45,0.0,420.88,26.2,11.24,1333.33
2006-09-29,42106.17,0.0,425.35,22.01,7.22,1016.93
2006-09-30,41978.09,0.0,452.59,26.85,8.82,1133.6
2006-10-01,41850.22,0.0,416.61,29.71,13.37,1533.81
2006-10-02,41722.59,0.0,409.93,28.71,12.83,1480.64
2006-10-03,41595.23,0.0,411.69,30.27,13.61,1557.86
2006-10-04,41468.17,0.0,411.86,31.47,14.18,1616.07
2006-10-05,41341.41,0.0,410.44,31.27,13.73,1569.76
2006-10-06,41215.0,0.0,318.01,23.1,12.03,1404.94
2006-10-07,41088.95,0.0,395.11,23.53,8.39,1101.23
2006-10-08,40963.3,0.0,378.65,24.26,9.78,1209.08
2006-10-09,40838.06,0.0,384.19,26.63,11.2,1329.5
2006-10-10,40713.27,0.0,378.52,27.5,12.02,1403.53
2006-10-11,40588.95,0.0,294.21,26.19,15.2,1726.97
2006-10-12,40465.13,0.0,359.54,22.71,8.66,1121.4
2006-10-13,40341.84,0.0,341.81,18.07,5.31,891.27
2006-10-14,40219.11,0.0,428.01,22.7,2.98,756.24
2006-10-15,40096.96,0.0,419.73,22.66,3.35,776.31
2006-10-16,39975.42,33.28,207.81,19.24,8.96,1144.43
2006-10-17,39854.53,15.98,224.66,26.11,14.07,1604.7
2006-10-18,39734.32,0.0,306.22,27.81,15.15,1720.62
2006-10-19,39614.81,14.38,170.57,22.38,13.81,1577.85
2006-10-20,39496.04,0.0,243.55,14.41,5.81,922.47
2006-10-21,39378.04,20.15,305.76,21.21,2.09,709.93
2006-10-22,39260.85,28.42,248.57,18.52,5.31,891.17
2006-10-23,39144.49,0.0,312.04,13.15,1.33,672.35
2006-10-24,39029.01,0.0,348.01,15.72,1.44,677.6
2006-10-25,38914.43,4.58,235.17,14.23,1.83,697.0
2006-10-26,38800.79,15.74,149.52,14.67,7.35,1025.97
2006-10-27,38688.13,21.49,211.75,21.74,10.34,1255.65
2006-10-28,38576.48,0.0,282.79,18.13,7.1,1008.44
2006-10-29,38465.88,0.0,389.29,22.42,2.91,752.94
2006-10-30,38356.37,0.0,381.59,23.45,4.23,826.48
2006-10-31,38247.99,0.0,306.03,21.36,8.36,1099.16
2006-11-01,38140.76,13.28,253.85,24.34,8.45,1105.9
2006-11-02,38034.75,0.0,293.1,15.63,3.8,801.56
2006-11-03,37929.97,0.0,349.14,14.48,-0.94,570.33
2006-11-04,37826.47,0.0,368.23,16.36,-1.26,557.01
2006-11-05,37724.3,0.0,346.63,18.05,1.84,697.41
2006-11-06,37623.49,19.74,233.91,21.42,7.18,1013.96
2006-11-07,37524.09,10.0,140.85,17.93,10.48,1267.02
2006-11-08,37426.13,0.0,251.31,18.16,7.89,1064.5
2006-11-09,37329.65,0.0,360.46,25.4,5.47,901.08
2006-11-10,37234.71,0.0,345.0,25.34,6.81,988.35
2006-11-11,37141.33,1.74,277.99,18.23,6.0,934.4
2006-11-12,37049.57,0.0,290.84,15.05,2.2,715.55
2006-11-13,36959.46,0.0,345.61,16.33,-1.25,557.47
2006-11-14,36871.06,20.71,255.73,19.6,1.64,687.31
2006-11-15,36784.39,29.88,185.68,18.7,7.75,1054.27
2006-11-16,36699.5,5.13,82.73,10.28,6.05,938.0
2006-11-17,36616.44,0.0,279.8,12.98,0.7,642.51
2006-11-18,36535.24,0.0,328.93,17.66,0.59,637.56
2006-11-19,36455.96,0.0,214.59,10.32,1.33,672.16
2006-11-20,36378.62,0.0,226.15,9.08,-0.29,597.82
2006-11-21,36303.28,0.0,298.16,10.53,-3.31,478.42
2006-11-22,36229.97,0.0,331.68,17.25,-0.92,571.03
2006-11-23,36158.74,0.0,339.9,18.98,-1.12,562.68
2006-11-24,36089.61,0.0,347.56,22.68,-0.57,585.82
2006-11-25,36022.64,0.0,331.01,21.8,1.07,659.83
2006-11-26,35957.87,0.0,324.14,21.76,1.54,682.6
2006-11-27,35895.32,0.0,313.66,21.17,1.98,704.38
2006-11-28,35835.04,0.0,220.26,20.28,9.0,1147.57
2006-11-29,35777.06,4.55,111.49,20.62,13.33,1529.34
2006-11-30,35721.42,4.82,94.11,23.29,17.01,1937.75
2006-12-01,35668.15,0.0,281.52,15.91,1.04,658.38
2006-12-02,35617.29,0.0,268.71,11.83,-1.82,534.26
2006-12-03,35568.87,0.0,282.29,14.47,-0.59,584.92
2006-12-04,35522.91,0.0,231.02,5.67,-5.11,417.72
2006-12-05,35479.46,0.0,320.28,12.69,-6.56,373.89
2006-12-06,35438.53,0.0,299.3,14.39,-2.62,503.75
2006-12-07,35400.16,0.0,290.78,11.33,-4.86,425.63
2006-12-08,35364.37,0.0,256.97,4.15,-8.89,312.07
2006-12-09,35331.18,0.0,318.84,10.9,-9.09,307.23
2006-12-10,35300.62,0.0,309.92,13.79,-5.31,411.53
2006-12-11,35272.7,0.0,313.24,20.0,-1.03,566.64
2006-12-12,35247.45,6.37,157.27,19.29,8.04,1075.3
2006-12-13,35224.88,0.0,240.88,19.55,6.29,953.55
2006-12-14,35205.01,0.0,279.2,19.23,2.72,742.59
2006-12-15,35187.85,0.0,273.38,18.71,2.67,739.92
2006-12-16,35173.41,0.0,299.05,22.0,1.93,701.91
2006-12-17,35161.71,0.0,297.36,21.83,1.77,693.8
2006-12-18,35152.76,0.0,288.02,22.65,3.58,789.15
2006-12-19,35146.55,0.0,246.41,20.49,5.74,917.81
2006-12-20,35143.09,0.0,200.76,18.25,6.98,1000.04
2006-12-21,35142.39,18.76,75.22,16.05,10.79,1294.04
2006-12-22,35144.45,29.4,95.76,17.83,11.1,1320.82
2006-12-23,35149.25,0.0,218.7,15.51,3.87,805.64
2006-12-24,35156.81,8.89,184.01,15.1,1.81,695.9
2006-12-25,35167.12,4.52,166.43,14.55,3.17,766.48
2006-12-26,35180.16,0.0,67.35,5.46,2.76,744.79
2006-12-27,35195.94,0.0,253.93,10.8,-1.79,535.58
2006-12-28,35214.43,0.0,300.24,15.31,-2.1,523.32
2006-12-29,35235.63,0.0,284.84,18.94,2.53,732.86
2006-12-30,35259.52,11.45,152.56,18.04,7.71,1051.52
2006-12-31,35286.08,31.52,165.01,19.54,8.18,1085.71
2007-01-01,35315.43,0.0,205.62,10.69,2.56,734.26
2007-01-02,35347.3,0.0,294.61,13.23,-0.56,586.19
2007-01-03,35381.78,0.0,307.04,13.9,-1.15,561.62
2007-01-04,35418.86,0.0,272.45,18.33,5.89,927.38
2007-01-05,35458.5,9.87,192.5,18.6,7.23,1017.14
2007-01-06,35500.68,0.0,292.8,18.73,4.74,856.57
2007-01-07,35545.38,21.54,212.01,21.35,7.81,1058.43
2007-01-08,35592.56,0.0,273.2,14.24,2.49,730.69
2007-01-09,35642.19,0.0,291.92,12.52,-0.33,596.04
2007-01-10,35694.25,0.0,302.38,10.43,-3.0,489.76
2007-01-11,35748.7,0.0,327.68,14.7,-1.78,536.19
2007-01-12,35805.5,0.0,295.6,20.46,6.63,976.02
2007-01-13,35864.63,0.0,287.56,22.43,9.05,1151.72
2007-01-14,35926.04,0.0,276.99,22.48,10.01,1228.4
2007-01-15,35989.69,7.16,193.93,18.62,7.84,1060.46
2007-01-16,36055.56,2.09,212.48,10.67,-0.86,573.65
2007-01-17,36123.61,0.0,236.66,6.6,-2.1,523.63
2007-01-18,36193.78,3.8,119.81,6.86,1.29,670.2
2007-01-19,36266.05,1.48,193.47,9.33,2.45,728.69
2007-01-20,36340.37,0.0,238.09,8.74,0.07,614.03
2007-01-21,36416.71,30.99,109.37,9.44,4.41,836.81
2007-01-22,36495.01,0.0,116.07,8.7,4.81,860.5
2007-01-23,36575.25,0.0,162.92,6.53,1.04,658.68
2007-01-24,36657.38,0.0,278.11,10.58,0.2,619.46
2007-01-25,36741.35,0.0,300.14,9.65,-1.8,535.1
2007-01-26,36827.12,0.0,373.0,13.27,-5.43,407.83
2007-01-27,36914.66,3.25,273.96,14.2,-3.3,478.93
2007-01-28,37003.91,0.0,296.06,6.33,-4.38,441.52
2007-01-29,37094.85,0.0,350.2,5.2,-8.9,311.78
2007-01-30,37187.41,0.0,341.68,9.46,-4.06,452.27
2007-01-31,37281.57,14.65,283.12,5.61,-7.36,351.64
2007-02-01,37377.28,18.96,227.28,6.7,-2.47,509.49
2007-02-02,37474.5,0.0,306.95,4.96,-4.03,453.18
2007-02-03,37573.18,0.0,405.65,7.02,-7.02,360.91
2007-02-04,37673.28,0.0,409.19,8.68,-5.65,400.98
2007-02-05,37774.77,0.0,364.94,6.25,-5.01,420.91
2007-02-06,37877.61,0.0,454.4,14.18,-5.39,408.94
2007-02-07,37981.74,0.0,426.31,17.45,0.95,654.39
2007-02-08,38087.14,0.0,307.16,10.39,1.38,675.01
2007-02-09,38193.76,0.0,273.48,5.65,-1.83,534.0
2007-02-10,38301.56,0.0,395.58,7.57,-4.68,431.75
2007-02-11,38410.51,0.0,461.6,12.96,-5.25,413.42
2007-02-12,38520.56,0.0,468.56,19.99,-0.93,570.57
2007-02-13,38631.69,16.83,275.98,17.49,3.49,784.44
2007-02-14,38743.84,0.0,276.85,4.63,-3.75,462.88
2007-02-15,38856.99,0.0,281.18,3.58,-4.78,428.28
2007-02-16,38971.1,0.0,329.26,3.03,-7.18,356.55
2007-02-17,39086.13,0.0,399.87,9.31,-5.44,407.53
2007-02-18,39202.05,0.0,385.77,8.66,-5.05,419.74
2007-02-19,39318.83,0.0,447.12,15.2,-6.16,385.47
2007-02-20,39436.43,4.93,295.26,19.52,3.61,790.98
2007-02-21,39554.81,0.0,351.0,21.4,8.07,1077.34
2007-02-22,39673.95,0.0,403.64,21.77,4.57,846.16
2007-02-23,39793.81,0.0,397.12,18.4,2.29,719.99
2007-02-24,39914.37,0.0,370.43,20.12,5.7,915.72
2007-02-25,40035.58,0.0,381.46,19.29,4.56,845.84
2007-02-26,40157.42,0.0,433.99,19.45,0.66,640.44
2007-02-27,40279.87,0.0,442.08,21.51,1.46,678.74
2007-02-28,40402.88,0.0,442.85,24.24,3.55,787.38
2007-03-01,40526.44,19.44,254.21,20.11,7.68,1049.0
2007-03-02,40650.51,0.0,402.92,17.43,1.82,696.5
2007-03-03,40775.07,0.0,373.7,14.84,1.25,668.26
2007-03-04,40900.08,0.0,388.45,11.81,-2.38,512.91
2007-03-05,41025.53,0.0,467.05,16.57,-4.36,442.04
2007-03-06,41151.38,0.0,465.8,20.25,-1.01,567.43
2007-03-07,41277.61,0.0,449.8,21.98,2.07,709.21
2007-03-08,41404.19,0.0,459.01,23.22,2.43,727.63
2007-03-09,41531.11,0.0,449.04,22.82,3.21,768.67
2007-03-10,41658.32,0.0,367.76,23.51,9.25,1166.86
2007-03-11,41785.82,0.0,418.92,25.35,7.61,1044.31
2007-03-12,41913.57,0.0,432.78,25.73,6.92,996.04
2007-03-13,42041.54,0.0,423.13,27.04,8.87,1137.12
2007-03-14,42169.73,0.0,378.77,26.77,11.63,1367.58
2007-03-15,42298.1,18.82,168.78,21.53,13.65,1562.1
2007-03-16,42426.63,0.0,281.24,15.62,6.13,943.34
2007-03-17,42555.29,0.0,354.28,13.06,0.83,648.54
2007-03-18,42684.07,0.0,381.72,16.62,2.89,751.5
2007-03-19,42812.94,0.0,447.58,23.79,5.46,900.45
2007-03-20,42941.87,0.0,443.8,25.17,6.9,994.42
2007-03-21,43070.85,0.0,428.7,25.87,8.71,1125.52
2007-03-22,43199.86,0.0,392.65,26.14,11.11,1321.46
2007-03-23,43328.86,0.0,459.76,27.48,8.04,1075.47
2007-03-24,43457.85,0.0,462.59,28.77,8.95,1143.68
2007-03-25,43586.78,0.0,444.39,30.52,11.66,1370.53
2007-03-26,43715.65,0.0,415.72,29.75,12.93,1489.8
2007-03-27,43844.43,0.0,322.96,26.86,15.03,1708.25
2007-03-28,43973.09,0.0,364.98,28.3,14.64,1664.91
2007-03-29,44101.62,0.0,431.25,29.79,12.64,1454.57
2007-03-30,44229.99,0.0,255.79,22.18,13.77,1574.3
2007-03-31,44358.18,4.75,253.94,25.15,13.5,1546.13
2007-04-01,44486.16,3.32,147.48,23.68,17.3,1974.29
2007-04-02,44613.9,0.0,323.77,27.22,16.22,1843.18
2007-04-03,44741.4,0.0,375.08,28.0,14.92,1695.85
2007-04-04,44868.62,8.26,212.34,19.79,11.2,1329.95
2007-04-05,44995.53,0.0,401.22,15.42,3.22,769.24
2007-04-06,45122.11,0.0,403.95,14.35,2.35,723.33
2007-04-07,45248.35,0.0,398.0,9.42,-1.81,534.96
2007-04-08,45374.2,0.0,484.67,12.59,-2.41,511.42
2007-04-09,45499.65,0.0,398.73,13.74,2.52,732.35
2007-04-10,45624.66,2.64,384.49,19.57,2.36,723.67
2007-04-11,45749.22,3.55,334.87,19.85,6.44,963.68
2007-04-12,45873.29,0.0,505.38,20.89,4.6,792.84
2007-04-13,45996.85,0.0,537.44,22.66,3.84,725.22
2007-04-14,46119.86,7.41,339.57,20.2,6.43,963.21
2007-04-15,46242.31,0.0,340.37,13.29,4.21,825.09
2007-04-16,46364.15,0.0,559.67,22.31,1.43,602.43
2007-04-17,46485.37,0.0,560.19,25.54,3.87,693.57
2007-04-18,46605.92,0.0,499.75,24.04,7.4,934.7
2007-04-19,46725.79,0.0,527.48,24.34,5.99,819.69
2007-04-20,46844.93,0.0,521.29,23.21,5.54,800.35
2007-04-21,46963.31,0.0,528.88,25.12,6.61,843.62
2007-04-22,47080.91,0.0,530.63,25.81,7.49,789.69
2007-04-23,47197.69,0.0,506.47,27.39,10.49,977.98
2007-04-24,47313.61,0.0,421.92,27.66,14.83,1421.61
2007-04-25,47428.65,0.0,420.91,27.67,15.01,1438.07
2007-04-26,47542.76,28.64,310.31,27.12,14.54,1587.74
2007-04-27,47655.91,0.0,432.62,23.88,11.12,1231.09
2007-04-28,47768.07,0.0,525.16,26.47,8.96,957.0
2007-04-29,47879.2,0.0,534.11,27.82,9.2,955.11
2007-04-30,47989.25,0.0,535.84,29.88,10.57,1029.75
2007-05-01,48098.2,0.0,522.12,30.98,12.07,1143.54
2007-05-02,48206.01,0.0,482.74,29.8,13.4,1237.07
2007-05-03,48312.63,0.0,436.45,29.96,15.84,1403.72
2007-05-04,48418.03,3.07,266.48,27.8,16.61,1845.78
2007-05-05,48522.17,0.0,347.88,28.53,17.74,1799.92
2007-05-06,48625.0,0.0,359.92,29.3,18.06,1801.62
2007-05-07,48726.5,0.0,421.3,26.22,13.14,1243.21
2007-05-08,48826.61,0.0,535.98,28.31,9.25,823.43
2007-05-09,48925.29,0.0,544.59,30.76,10.47,865.23
2007-05-10,49022.51,0.0,522.02,31.75,12.8,1028.8
2007-05-11,49118.22,17.54,330.78,31.27,16.09,1632.27
2007-05-12,49212.38,0.0,435.25,31.05,16.41,1561.85
2007-05-13,49304.95,0.0,463.85,31.97,16.02,1467.1
2007-05-14,49395.89,0.0,432.5,28.64,14.54,1406.22
2007-05-15,49485.15,0.0,400.88,28.69,15.85,1486.26
2007-05-16,49572.69,5.96,284.08,25.62,13.89,1537.56
2007-05-17,49658.47,0.0,479.22,24.86,9.62,948.55
2007-05-18,49742.44,0.0,478.85,23.51,8.47,887.19
2007-05-19,49824.57,0.0,540.08,25.88,7.26,747.73
2007-05-20,49904.81,0.0,571.57,28.65,7.13,696.56
2007-05-21,49983.12,0.0,570.35,30.22,8.42,750.32
2007-05-22,50059.46,0.0,550.77,31.7,11.24,890.54
2007-05-23,50133.79,0.0,477.93,30.88,14.85,1244.36
2007-05-24,50206.06,0.0,382.32,29.12,17.15,1642.57
2007-05-25,50276.24,0.0,452.63,30.19,15.4,1335.16
2007-05-26,50344.29,0.0,472.43,30.2,14.46,1224.44
2007-05-27,50410.16,0.0,470.36,31.29,15.42,1294.88
2007-05-28,50473.83,0.0,481.5,31.3,14.93,1236.13
2007-05-29,50535.24,0.0,462.99,30.87,15.52,1317.49
2007-05-30,50594.37,0.0,396.16,28.6,16.31,1529.44
2007-05-31,50651.18,0.0,445.93,32.44,18.11,1401.4
2007-06-01,50705.63,5.96,322.69,31.46,17.55,1655.13
2007-06-02,50757.69,0.0,356.9,29.44,18.66,1748.9
2007-06-03,50807.33,0.0,435.13,31.96,18.12,1483.32
2007-06-04,50854.52,0.0,387.04,31.25,19.22,1712.74
2007-06-05,50899.22,0.0,449.26,31.97,17.49,1394.01
2007-06-06,50941.41,0.0,537.81,34.64,15.03,1020.05
2007-06-07,50981.06,6.0,317.73,34.89,20.47,2018.18
2007-06-08,51018.14,8.58,252.39,31.15,20.54,2307.82
2007-06-09,51052.63,0.0,436.45,33.37,19.31,1703.88
2007-06-10,51084.5,0.0,516.23,34.22,16.19,1251.44
2007-06-11,51113.74,0.0,519.0,36.0,17.31,1322.79
2007-06-12,51140.32,0.0,443.7,34.21,19.58,1707.05
2007-06-13,51164.22,0.0,463.73,33.53,18.15,1525.14
2007-06-14,51185.44,4.68,346.63,33.18,17.65,1597.07
2007-06-15,51203.95,4.02,317.7,31.94,18.12,1766.78
2007-06-16,51219.74,0.0,479.63,33.88,17.74,1368.08
2007-06-17,51232.8,0.0,478.13,36.16,19.63,1521.35
2007-06-18,51243.13,0.0,427.67,34.5,20.51,1749.39
2007-06-19,51250.71,10.89,147.91,27.8,21.96,2636.84
2007-06-20,51255.53,0.0,433.46,32.41,18.95,1684.46
2007-06-21,51257.61,0.0,543.53,33.76,14.68,1100.15
2007-06-22,51256.92,0.0,551.3,35.46,15.3,1119.39
2007-06-23,51253.48,0.0,526.34,36.49,17.57,1330.15
2007-06-24,51247.29,4.68,342.51,35.41,19.74,1972.15
2007-06-25,51238.35,0.0,413.74,33.22,20.13,1889.68
2007-06-26,51226.67,3.89,285.56,32.74,20.64,2300.04
2007-06-27,51212.25,0.0,440.62,34.14,19.97,1829.74
2007-06-28,51195.11,0.0,432.17,33.45,19.76,1832.45
2007-06-29,51175.26,15.74,334.01,35.42,20.3,2126.56
2007-06-30,51152.71,0.0,424.37,34.5,20.75,2038.3
2007-07-01,51127.48,0.0,448.44,34.97,20.18,1888.08
2007-07-02,51099.58,0.0,428.17,33.5,19.73,1893.1
2007-07-03,51069.03,0.0,306.45,30.06,20.87,2365.73
2007-07-04,51035.86,0.0,387.41,31.97,20.07,1985.82
2007-07-05,51000.08,0.0,447.4,32.88,18.65,1682.51
2007-07-06,50961.73,14.04,236.52,30.73,21.26,2525.17
2007-07-07,50920.82,17.56,105.04,24.19,20.54,2415.73
2007-07-08,50877.38,0.0,281.38,28.71,20.75,2447.34
2007-07-09,50831.44,8.23,269.53,31.2,20.54,2415.92
2007-07-10,50783.04,10.93,287.2,32.03,20.55,2417.56
2007-07-11,50732.19,10.24,268.29,31.06,20.78,2451.75
2007-07-12,50678.94,0.0,400.82,31.77,20.06,2259.63
2007-07-13,50623.32,9.13,215.78,28.02,20.4,2395.79
2007-07-14,50565.35,16.77,202.12,27.22,20.31,2381.99
2007-07-15,50505.09,4.34,248.22,29.5,20.73,2444.42
2007-07-16,50442.55,0.59,352.53,29.97,20.64,2430.73
2007-07-17,50377.79,0.0,332.62,30.13,21.5,2563.98
2007-07-18,50310.83,0.0,381.66,31.16,20.98,2482.49
2007-07-19,50241.72,0.0,435.9,33.96,21.19,2437.97
2007-07-20,50170.5,0.0,355.19,30.71,21.35,2539.09
2007-07-21,50097.21,0.0,440.1,30.62,18.64,2102.25
2007-07-22,50021.88,0.0,516.03,31.33,15.95,1677.39
2007-07-23,49944.55,0.0,395.62,29.2,19.27,2233.73
2007-07-24,49865.28,0.0,471.0,31.72,18.7,2059.13
2007-07-25,49784.1,6.93,323.95,30.98,19.56,2274.86
2007-07-26,49701.05,0.0,466.39,32.98,20.01,2144.11
2007-07-27,49616.18,0.0,466.95,33.36,20.29,2179.79
2007-07-28,49529.52,0.0,429.63,33.84,22.11,2508.26
2007-07-29,49441.12,3.83,294.74,33.15,22.77,2770.03
2007-07-30,49351.03,0.0,445.26,34.35,22.03,2482.09
2007-07-31,49259.27,0.0,452.15,34.03,21.58,2405.14
2007-08-01,49165.91,0.0,446.22,34.83,22.4,2535.84
2007-08-02,49070.98,0.0,457.14,35.25,22.16,2474.78
2007-08-03,48974.51,0.0,482.42,35.23,20.95,2240.74
2007-08-04,48876.56,0.0,480.86,36.1,21.57,2325.15
2007-08-05,48777.16,0.0,471.61,36.5,22.14,2425.1
2007-08-06,48676.36,0.0,455.91,36.83,22.81,2556.85
2007-08-07,48574.2,0.0,462.89,37.48,22.72,2526.07
2007-08-08,48470.71,0.0,461.56,38.75,23.47,2638.02
2007-08-09,48365.95,0.0,478.84,39.44,22.84,2500.87
2007-08-10,48259.94,0.0,450.94,37.78,23.21,2532.98
2007-08-11,48152.72,0.0,488.34,38.17,21.42,2194.81
2007-08-12,48044.34,0.0,500.67,38.12,20.34,2034.05
2007-08-13,47934.84,0.0,477.96,38.51,21.59,2241.81
2007-08-14,47824.25,0.0,499.84,39.02,20.29,2027.31
2007-08-15,47712.61,0.0,505.63,40.35,20.47,1998.45
2007-08-16,47599.95,0.0,435.68,39.48,23.61,2595.97
2007-08-17,47486.32,0.0,384.28,36.17,23.23,2689.49
2007-08-18,47371.75,0.0,423.37,37.37,22.48,2473.83
2007-08-19,47256.27,0.0,417.39,36.25,21.74,2388.49
2007-08-20,47139.92,0.0,425.82,36.64,21.55,2343.1
2007-08-21,47022.73,0.0,402.7,38.0,23.51,2685.11
2007-08-22,46904.74,0.0,452.88,39.63,22.06,2340.01
2007-08-23,46785.97,0.0,455.08,39.79,21.88,2311.55
2007-08-24,46666.47,0.0,364.56,35.97,23.06,2728.79
2007-08-25,46546.26,18.87,273.18,35.18,22.29,2690.54
2007-08-26,46425.37,0.0,367.56,35.01,22.01,2645.01
2007-08-27,46303.84,4.64,261.53,34.1,21.98,2639.62
2007-08-28,46181.7,3.45,238.3,33.02,22.23,2680.82
2007-08-29,46058.96,13.44,268.29,34.22,21.63,2583.97
2007-08-30,45935.68,9.58,248.42,33.06,21.72,2597.48
2007-08-31,45811.86,26.5,234.12,31.88,21.44,2553.15
2007-09-01,45687.54,0.0,322.06,31.58,20.85,2463.4
2007-09-02,45562.76,0.0,229.77,28.22,21.08,2497.4
2007-09-03,45437.52,0.0,349.15,32.43,20.66,2434.61
2007-09-04,45311.87,0.0,403.84,33.57,19.19,2222.41
2007-09-05,45185.83,0.0,369.96,33.56,20.65,2432.93
2007-09-06,45059.42,0.0,315.83,30.75,20.48,2407.72
2007-09-07,44932.67,0.0,331.15,32.67,21.56,2573.44
2007-09-08,44805.6,0.0,390.27,32.87,19.32,2239.9
2007-09-09,44678.24,0.0,420.09,33.64,18.37,2110.88
2007-09-10,44550.62,0.0,417.22,34.44,19.03,2201.05
2007-09-11,44422.75,10.84,286.46,32.68,19.43,2255.51
2007-09-12,44294.67,0.0,362.22,30.76,18.81,2170.96
2007-09-13,44166.39,40.42,291.97,30.58,17.55,2005.61
2007-09-14,44037.94,22.48,241.0,27.89,18.12,2079.07
2007-09-15,43909.34,0.0,412.42,27.2,13.95,1592.87
2007-09-16,43780.62,0.0,491.83,28.36,9.6,1194.46
2007-09-17,43651.79,0.0,396.18,28.47,15.48,1757.91
2007-09-18,43522.88,0.0,429.56,28.38,13.64,1561.29
2007-09-19,43393.92,0.0,438.47,28.52,13.12,1508.99
2007-09-20,43264.93,0.0,434.78,29.8,14.16,1614.0
2007-09-21,43135.92,0.0,345.99,28.17,17.17,1957.69
2007-09-22,43006.92,0.0,291.58,31.26,21.89,2624.72
2007-09-23,42877.96,0.0,256.87,29.2,21.33,2536.33
2007-09-24,42749.06,0.0,365.95,32.36,19.82,2311.23
2007-09-25,42620.23,0.0,384.7,32.28,18.76,2163.93
2007-09-26,42491.51,0.0,398.09,31.12,17.02,1939.32
2007-09-27,42362.91,0.0,353.25,29.88,18.08,2073.27
2007-09-28,42234.45,0.0,396.83,29.75,15.74,1787.9
2007-09-29,42106.17,0.0,445.12,29.34,11.94,1395.82
2007-09-30,41978.09,0.0,408.39,27.6,12.87,1484.48
2007-10-01,41850.22,0.0,456.26,28.82,9.74,1205.99
2007-10-02,41722.59,0.0,440.37,29.64,11.21,1330.83
2007-10-03,41595.23,0.0,375.87,28.35,14.29,1627.6
2007-10-04,41468.17,0.0,225.46,29.37,21.51,2564.17
2007-10-05,41341.41,0.0,230.82,29.92,21.83,2614.81
2007-10-06,41215.0,0.0,284.76,29.76,19.6,2280.29
2007-10-07,41088.95,0.0,343.59,31.7,18.43,2119.63
2007-10-08,40963.3,0.0,351.15,31.37,17.64,2016.08
2007-10-09,40838.06,1.64,279.26,28.26,18.39,2114.7
2007-10-10,40713.27,0.0,401.5,29.44,12.81,1478.4
2007-10-11,40588.95,0.0,370.29,21.54,8.22,1088.74
2007-10-12,40465.13,0.0,420.33,24.24,6.71,981.77
2007-10-13,40341.84,0.0,431.32,26.38,6.8,987.77
2007-10-14,40219.11,0.0,415.88,27.52,8.66,1121.38
2007-10-15,40096.96,0.0,376.69,29.04,12.68,1466.05
2007-10-16,39975.42,0.0,273.1,27.46,17.07,1945.15
2007-10-17,39854.53,0.0,300.88,30.55,18.27,2098.32
2007-10-18,39734.32,3.98,178.23,28.27,19.19,2222.39
2007-10-19,39614.81,0.0,309.45,25.59,13.72,1568.54
2007-10-20,39496.04,0.0,400.98,25.75,7.52,1037.49
2007-10-21,39378.04,0.0,413.23,27.95,7.05,1004.74
2007-10-22,39260.85,29.44,193.82,24.81,14.78,1680.22
2007-10-23,39144.49,13.34,182.59,22.39,13.15,1511.91
2007-10-24,39029.01,5.1,80.52,12.83,9.33,1173.17
2007-10-25,38914.43,1.48,188.05,14.47,8.05,1075.62
2007-10-26,38800.79,0.0,257.21,16.37,7.25,1018.9
2007-10-27,38688.13,0.0,325.52,17.57,5.0,872.14
2007-10-28,38576.48,0.0,356.35,21.69,6.44,963.85
2007-10-29,38465.88,0.0,350.68,19.76,5.11,878.86
2007-10-30,38356.37,0.0,386.62,21.51,2.96,755.19
2007-10-31,38247.99,0.0,375.91,23.94,5.77,920.22
2007-11-01,38140.76,0.0,347.72,24.88,8.99,1146.68
2007-11-02,38034.75,0.0,343.68,23.33,7.82,1059.34
2007-11-03,37929.97,0.0,364.41,21.7,4.11,819.27
2007-11-04,37826.47,0.0,385.44,22.46,1.27,669.33
2007-11-05,37724.3,0.0,372.49,23.59,3.25,770.8
2007-11-06,37623.49,0.0,284.15,15.93,3.79,801.22
2007-11-07,37524.09,0.0,340.21,13.17,-2.74,499.26
2007-11-08,37426.13,0.0,364.28,16.26,-2.97,490.72
2007-11-09,37329.65,0.0,355.83,18.63,-0.33,596.16
2007-11-10,37234.71,0.0,327.64,18.55,2.09,710.24
2007-11-11,37141.33,0.0,344.88,20.1,1.47,679.09
2007-11-12,37049.57,0.0,335.92,22.36,4.1,818.52
2007-11-13,36959.46,0.0,330.07,24.22,5.97,932.67
2007-11-14,36871.06,17.36,229.11,24.47,8.17,1084.98
2007-11-15,36784.39,0.0,241.56,13.55,2.67,739.9
2007-11-16,36699.5,0.0,318.11,14.19,-2.16,521.11
2007-11-17,36616.44,0.0,334.72,18.58,-0.55,586.55
2007-11-18,36535.24,0.0,213.58,20.28,9.93,1221.54
2007-11-19,36455.96,0.0,284.88,23.51,8.14,1082.3
2007-11-20,36378.62,0.0,302.93,24.13,7.03,1003.61
2007-11-21,36303.28,6.94,173.14,21.24,9.62,1196.77
2007-11-22,36229.97,0.0,271.07,18.69,4.57,845.95
2007-11-23,36158.74,0.0,222.33,9.56,-1.05,565.51
2007-11-24,36089.61,0.0,277.99,11.98,-2.68,501.52
2007-11-25,36022.64,17.5,115.72,13.08,5.63,910.88
2007-11-26,35957.87,8.91,163.57,18.97,7.63,1045.67
2007-11-27,35895.32,0.0,219.64,13.71,2.73,743.19
2007-11-28,35835.04,0.0,314.81,18.14,-1.3,555.41
2007-11-29,35777.06,0.0,290.65,17.61,0.84,649.25
2007-11-30,35721.42,0.0,301.84,17.56,-0.51,588.23
2007-12-01,35668.15,0.0,306.06,19.8,0.68,641.73
2007-12-02,35617.29,6.24,168.09,20.32,8.09,1079.07
2007-12-03,35568.87,0.0,262.53,14.93,0.54,635.33
2007-12-04,35522.91,0.0,296.58,13.69,-3.68,465.29
2007-12-05,35479.46,0.0,312.05,18.08,-1.89,531.65
2007-12-06,35438.53,0.0,267.61,12.06,-2.7,500.8
2007-12-07,35400.16,0.0,279.39,17.72,1.25,668.53
2007-12-08,35364.37,0.0,204.24,22.73,11.52,1358.03
2007-12-09,35331.18,0.0,189.98,21.96,11.83,1386.04
2007-12-10,35300.62,0.0,261.21,26.06,10.27,1249.7
2007-12-11,35272.7,0.0,262.24,25.03,9.37,1176.3
2007-12-12,35247.45,0.0,197.46,22.89,12.35,1434.32
2007-12-13,35224.88,5.68,171.06,21.92,9.57,1192.76
2007-12-14,35205.01,0.0,220.37,17.43,6.21,948.67
2007-12-15,35187.85,5.7,185.7,19.01,5.61,909.55
2007-12-16,35173.41,0.0,190.29,7.19,-1.64,541.75
2007-12-17,35161.71,0.0,280.06,9.33,-5.48,406.23
2007-12-18,35152.76,0.0,292.33,12.43,-4.08,451.51
2007-12-19,35146.55,0.0,237.86,14.11,2.12,711.49
2007-12-20,35143.09,9.4,129.25,13.39,5.36,894.02
2007-12-21,35142.39,0.0,159.09,15.71,8.31,1095.05
2007-12-22,35144.45,0.0,91.57,11.32,7.42,1030.76
2007-12-23,35149.25,8.35,165.32,10.42,0.27,622.69
2007-12-24,35156.81,0.0,272.59,8.55,-4.89,424.91
2007-12-25,35167.12,0.0,191.65,8.37,-0.09,606.8
2007-12-26,35180.16,0.0,249.88,11.41,-0.55,586.55
2007-12-27,35195.94,0.0,224.72,13.82,3.31,774.35
2007-12-28,35214.43,14.63,178.53,20.12,8.35,1098.36
2007-12-29,35235.63,0.0,192.72,14.17,5.74,918.26
2007-12-30,35259.52,12.31,186.69,12.42,1.09,661.05
2007-12-31,35286.08,0.0,310.11,15.22,-1.53,546.2
2008-01-01,35315.43,0.0,261.86,10.06,-1.69,539.62
2008-01-02,35347.3,0.0,181.96,-0.31,-7.44,349.41
2008-01-03,35381.78,0.0,309.99,4.97,-10.35,277.97
2008-01-04,35418.86,0.0,334.29,10.11,-9.19,304.74
2008-01-05,35458.5,0.0,311.76,14.42,-1.77,536.59
2008-01-06,35500.68,0.0,291.05,21.09,6.17,945.79
2008-01-07,35545.38,0.0,267.79,22.01,9.01,1148.03
2008-01-08,35592.56,19.81,194.59,22.98,10.43,1263.46
2008-01-09,35642.19,12.62,202.47,19.37,6.66,978.15
2008-01-10,35694.25,30.75,166.34,20.43,10.64,1281.35
2008-01-11,35748.7,0.0,295.2,16.16,2.14,712.53
2008-01-12,35805.5,0.0,305.41,13.1,-1.36,552.89
2008-01-13,35864.63,0.0,311.05,13.97,-0.97,569.14
2008-01-14,35926.04,0.0,309.25,10.47,-3.8,461.25
2008-01-15,35989.69,0.0,291.79,9.96,-2.76,498.57
2008-01-16,36055.56,9.8,134.38,5.39,-1.33,554.2
2008-01-17,36123.61,0.0,181.8,8.2,1.36,673.76
2008-01-18,36193.78,1.61,210.22,10.6,2.51,731.59
2008-01-19,36266.05,2.75,158.11,6.13,-1.8,535.32
2008-01-20,36340.37,0.0,261.91,0.98,-9.09,307.22
2008-01-21,36416.71,0.0,349.85,8.07,-8.96,310.45
2008-01-22,36495.01,5.94,169.24,7.25,-1.19,559.85
2008-01-23,36575.25,0.0,136.87,8.18,3.32,774.74
2008-01-24,36657.38,0.0,186.53,4.97,-1.66,540.86
2008-01-25,36741.35,1.55,304.35,2.65,-7.64,343.93
2008-01-26,36827.12,0.0,275.74,6.53,-2.6,504.56
2008-01-27,36914.66,0.0,349.88,12.24,-3.69,464.99
2008-01-28,37003.91,0.0,386.68,17.79,-4.98,421.86
2008-01-29,37094.85,14.64,272.4,19.26,0.96,654.49
2008-01-30,37187.41,0.0,308.89,8.38,-3.56,469.62
2008-01-31,37281.57,28.3,265.4,13.01,-2.77,498.1
2008-02-01,37377.28,0.0,243.07,8.56,-0.1,606.4
2008-02-02,37474.5,0.0,377.17,15.21,-2.9,493.17
2008-02-03,37573.18,11.04,254.08,14.55,0.55,635.6
2008-02-04,37673.28,0.0,331.16,21.77,7.76,1054.65
2008-02-05,37774.77,9.06,163.37,23.72,15.59,1770.21
2008-02-06,37877.61,0.0,302.65,19.65,8.21,1087.59
2008-02-07,37981.74,0.0,362.01,12.79,-1.64,541.53
2008-02-08,38087.14,0.0,376.19,15.13,-0.69,580.65
2008-02-09,38193.76,0.0,382.67,17.84,1.02,657.31
2008-02-10,38301.56,0.0,410.6,18.83,-1.81,534.9
2008-02-11,38410.51,0.0,417.55,20.37,-1.78,535.93
2008-02-12,38520.56,12.18,283.01,21.23,4.45,838.9
2008-02-13,38631.69,0.0,291.46,6.56,-3.34,477.43
2008-02-14,38743.84,0.0,424.53,12.95,-7.34,352.09
2008-02-15,38856.99,0.0,414.16,17.43,-2.15,521.49
2008-02-16,38971.1,0.0,385.47,18.45,1.68,689.54
2008-02-17,39086.13,28.54,198.95,18.62,8.79,1131.27
2008-02-18,39202.05,0.0,290.96,12.84,2.35,723.21
2008-02-19,39318.83,0.0,380.25,12.82,-2.58,505.34
2008-02-20,39436.43,0.0,427.92,18.93,-1.61,542.95
2008-02-21,39554.81,42.27,217.9,12.57,2.11,710.91
2008-02-22,39673.95,8.78,204.12,16.31,6.4,960.81
2008-02-23,39793.81,0.0,183.35,8.86,2.73,743.38
2008-02-24,39914.37,0.0,369.74,15.61,1.11,661.99
2008-02-25,40035.58,16.09,285.94,18.44,2.82,747.89
2008-02-26,40157.42,0.0,359.96,16.06,2.25,718.32
2008-02-27,40279.87,0.0,233.52,3.94,-3.5,471.57
2008-02-28,40402.88,0.0,448.87,12.78,-6.52,375.16
2008-02-29,40526.44,7.17,293.93,15.23,0.32,625.1
2008-03-01,40650.51,0.0,380.3,19.9,5.45,899.72
2008-03-02,40775.07,0.0,446.86,23.66,3.29,773.35
2008-03-03,40900.08,32.6,307.1,23.86,6.89,994.09
2008-03-04,41025.53,4.93,297.02,18.86,3.62,791.52
2008-03-05,41151.38,0.0,376.95,13.83,0.37,627.43
2008-03-06,41277.61,22.63,349.33,20.85,-0.42,592.45
2008-03-07,41404.19,7.05,240.25,12.71,1.78,694.4
2008-03-08,41531.11,0.0,352.33,9.29,-2.67,501.78
2008-03-09,41658.32,0.0,451.43,14.37,-3.54,470.16
2008-03-10,41785.82,0.0,477.87,19.53,-1.5,547.37
2008-03-11,41913.57,0.9,431.73,17.18,0.74,644.36
2008-03-12,42041.54,0.0,494.14,22.05,-0.67,581.43
2008-03-13,42169.73,1.06,473.33,23.64,3.1,762.95
2008-03-14,42298.1,12.84,266.25,21.55,8.87,1137.81
2008-03-15,42426.63,3.85,293.76,23.94,9.41,1179.47
2008-03-16,42555.29,0.0,385.05,19.72,6.35,957.63
2008-03-17,42684.07,0.0,408.96,22.26,7.54,1039.47
2008-03-18,42812.94,0.0,339.5,23.27,11.69,1373.32
2008-03-19,42941.87,12.61,264.88,23.07,10.95,1307.55
2008-03-20,43070.85,0.0,409.9,17.22,3.28,772.93
2008-03-21,43199.86,0.0,504.08,22.97,1.81,695.77
2008-03-22,43328.86,0.0,466.46,22.91,4.95,868.97
2008-03-23,43457.85,0.0,397.29,14.92,1.76,693.29
2008-03-24,43586.78,0.0,361.28,10.34,-1.1,563.5
2008-03-25,43715.65,0.0,510.77,17.2,-3.41,474.75
2008-03-26,43844.43,0.0,506.07,21.97,1.05,658.87
2008-03-27,43973.09,0.0,474.12,25.19,6.32,955.64
2008-03-28,44101.62,0.46,370.54,23.5,10.48,1267.06
2008-03-29,44229.99,9.08,268.76,24.8,12.31,1430.38
2008-03-30,44358.18,0.0,193.93,16.75,10.84,1298.06
2008-03-31,44486.16,16.06,224.9,18.6,9.23,1165.08
2008-04-01,44613.9,3.59,274.16,24.78,12.63,1461.58
2008-04-02,44741.4,0.0,372.04,22.87,10.86,1300.26
2008-04-03,44868.62,0.0,437.88,27.58,12.0,1402.2
2008-04-04,44995.53,29.67,258.23,25.02,13.96,1593.13
2008-04-05,45122.11,3.68,102.35,15.44,11.83,1386.07
2008-04-06,45248.35,0.0,408.82,24.09,11.07,1318.24
2008-04-07,45374.2,0.0,450.2,25.95,10.71,1286.54
2008-04-08,45499.65,0.0,330.4,22.83,13.05,1501.74
2008-04-09,45624.66,0.0,410.82,25.73,12.88,1485.34
2008-04-10,45749.22,0.0,385.55,26.47,14.68,1669.11
2008-04-11,45873.29,27.46,266.93,27.26,16.72,1902.13
2008-04-12,45996.85,0.0,427.95,20.49,8.36,1099.14
2008-04-13,46119.86,0.0,484.14,17.62,3.34,776.03
2008-04-14,46242.31,1.13,346.69,11.1,2.48,729.94
2008-04-15,46364.15,0.0,540.74,18.03,0.47,632.1
2008-04-16,46485.37,0.0,572.63,22.5,0.81,647.66
2008-04-17,46605.92,0.0,557.11,24.8,4.06,816.41
2008-04-18,46725.79,24.93,398.88,24.75,6.08,940.2
2008-04-19,46844.93,0.0,442.71,21.96,8.83,1134.23
2008-04-20,46963.31,0.0,519.9,24.53,7.15,1011.97
2008-04-21,47080.91,0.0,534.53,26.41,7.64,1046.1
2008-04-22,47197.69,0.0,538.89,28.88,8.94,1143.1
2008-04-23,47313.61,0.0,489.96,28.86,12.22,1422.5
2008-04-24,47428.65,0.0,412.35,26.88,14.47,1646.97
2008-04-25,47542.76,0.0,440.18,28.53,14.91,1695.01
2008-04-26,47655.91,12.8,252.77,26.09,16.75,1906.19
2008-04-27,47768.07,30.22,273.59,25.95,15.83,1797.28
2008-04-28,47879.2,0.0,373.02,20.38,10.63,1280.38
2008-04-29,47989.25,0.0,478.06,19.04,5.45,899.53
2008-04-30,48098.2,0.0,578.71,25.49,3.53,786.3
2008-05-01,48206.01,0.0,542.55,27.49,8.21,1087.4
2008-05-02,48312.63,15.88,307.59,26.33,14.14,1612.56
2008-05-03,48418.03,14.34,281.99,25.16,14.45,1644.67
2008-05-04,48522.17,0.0,447.46,23.37,10.23,1246.2
2008-05-05,48625.0,0.0,532.21,25.08,6.94,997.29
2008-05-06,48726.5,0.0,546.78,27.75,7.73,1052.62
2008-05-07,48826.61,0.0,482.95,29.21,12.93,1490.26
2008-05-08,48925.29,32.09,219.89,25.26,16.77,1908.84
2008-05-09,49022.51,0.0,462.01,27.79,12.86,1482.9
2008-05-10,49118.22,43.35,254.58,27.23,17.09,1947.44
2008-05-11,49212.38,0.0,353.72,23.53,13.36,1532.19
2008-05-12,49304.95,0.0,462.15,23.57,9.32,1172.83
2008-05-13,49395.89,0.0,497.93,23.52,7.53,1038.36
2008-05-14,49485.15,4.86,264.17,23.85,13.6,1556.63
2008-05-15,49572.69,44.84,171.65,22.76,16.47,1872.07
2008-05-16,49658.47,0.0,317.39,19.25,10.9,1303.53
2008-05-17,49742.44,0.0,522.06,23.42,6.98,1000.02
2008-05-18,49824.57,0.0,460.47,26.2,12.49,1447.46
2008-05-19,49904.81,0.0,528.4,29.52,11.44,1351.23
2008-05-20,49983.12,12.4,320.78,29.63,16.68,1897.39
2008-05-21,50059.46,0.0,437.9,25.85,13.28,1524.17
2008-05-22,50133.79,0.0,511.83,28.12,11.83,1386.36
2008-05-23,50206.06,0.0,448.08,29.25,15.91,1806.38
2008-05-24,50276.24,0.0,475.8,30.92,15.93,1809.68
2008-05-25,50344.29,0.0,434.82,30.87,17.72,2026.66
2008-05-26,50410.16,18.42,290.22,29.57,18.37,2111.21
2008-05-27,50473.83,44.28,273.07,28.72,18.41,2116.76
2008-05-28,50535.24,7.57,253.75,26.74,17.49,1998.3
2008-05-29,50594.37,0.0,336.54,28.14,18.88,2179.72
2008-05-30,50651.18,7.33,307.32,30.7,18.85,2176.38
2008-05-31,50705.63,0.0,429.13,31.49,18.93,2186.73
2008-06-01,50757.69,26.96,323.25,30.5,18.05,2068.91
2008-06-02,50807.33,0.0,444.62,30.81,17.71,2025.76
2008-06-03,50854.52,0.0,456.13,32.86,18.79,2168.17
2008-06-04,50899.22,0.0,416.74,32.52,20.3,2380.29
2008-06-05,50941.41,0.0,401.77,33.16,21.55,2571.04
2008-06-06,50981.06,0.0,441.5,33.76,20.54,2416.92
2008-06-07,51018.14,0.0,418.81,34.18,21.68,2591.67
2008-06-08,51052.63,0.0,428.04,33.68,20.99,2483.67
2008-06-09,51084.5,0.0,427.28,33.5,20.82,2458.0
2008-06-10,51113.74,0.0,380.25,31.76,21.12,2504.44
2008-06-11,51140.32,0.0,436.09,33.23,20.28,2377.88
2008-06-12,51164.22,0.0,410.85,32.14,20.5,2410.76
2008-06-13,51185.44,21.24,283.94,30.36,20.12,2355.28
2008-06-14,51203.95,7.92,301.52,30.81,19.61,2281.99
2008-06-15,51219.74,0.0,421.66,31.88,19.7,2294.09
2008-06-16,51232.8,0.0,485.59,33.25,17.96,2058.14
2008-06-17,51243.13,0.0,462.72,31.42,17.7,2024.16
2008-06-18,51250.71,0.0,500.25,28.98,14.13,1611.36
2008-06-19,51255.53,0.0,521.9,29.73,13.4,1536.2
2008-06-20,51257.61,0.0,522.23,30.68,13.94,1591.2
2008-06-21,51256.92,0.0,473.72,31.56,17.24,1966.37
2008-06-22,51253.48,0.0,455.62,31.92,18.32,2105.21
2008-06-23,51247.29,0.0,487.32,32.01,16.9,1924.3
2008-06-24,51238.35,0.0,494.4,33.06,17.21,1962.08
2008-06-25,51226.67,7.74,376.69,34.85,17.79,2035.85
2008-06-26,51212.25,0.0,455.56,32.46,18.41,2117.36
2008-06-27,51195.11,0.0,434.15,33.47,19.99,2335.48
2008-06-28,51175.26,0.0,383.0,32.02,20.73,2445.02
2008-06-29,51152.71,7.19,261.98,30.92,20.96,2479.72
2008-06-30,51127.48,0.0,444.43,30.73,17.4,1985.75
2008-07-01,51099.58,0.0,509.0,29.79,13.46,1542.67
2008-07-02,51069.03,0.0,528.48,31.82,13.56,1552.38
2008-07-03,51035.86,0.0,486.59,33.21,17.0,1937.13
2008-07-04,51000.08,6.96,333.65,33.76,19.37,2247.1
2008-07-05,50961.73,19.75,279.41,30.8,19.83,2311.97
2008-07-06,50920.82,0.0,395.47,32.74,20.63,2429.95
2008-07-07,50877.38,0.0,427.4,33.33,19.82,2311.41
2008-07-08,50831.44,0.0,441.27,34.91,20.35,2388.77
2008-07-09,50783.04,27.3,288.93,33.6,21.62,2581.37
2008-07-10,50732.19,9.03,268.75,32.43,21.61,2581.19
2008-07-11,50678.94,0.0,356.13,32.54,21.83,2614.85
2008-07-12,50623.32,5.73,245.88,30.72,21.24,2523.2
2008-07-13,50565.35,12.78,293.47,33.33,21.23,2520.7
2008-07-14,50505.09,0.0,390.03,30.87,19.27,2233.29
2008-07-15,50442.55,0.0,495.62,32.47,15.76,1789.85
2008-07-16,50377.79,0.0,420.35,32.49,19.37,2246.88
2008-07-17,50310.83,0.0,442.7,32.94,18.77,2164.96
2008-07-18,50241.72,0.0,480.08,33.55,17.39,1984.91
2008-07-19,50170.5,0.0,487.94,34.86,17.81,2038.69
2008-07-20,50097.21,0.0,489.88,36.52,18.76,2164.09
2008-07-21,50021.88,13.12,368.15,37.38,19.11,2211.47
2008-07-22,49944.55,10.74,346.53,35.57,19.47,2262.16
2008-07-23,49865.28,0.0,382.47,32.44,20.57,2421.31
2008-07-24,49784.1,0.0,369.95,31.79,20.57,2421.19
2008-07-25,49701.05,3.05,271.24,32.46,21.52,2566.53
2008-07-26,49616.18,22.42,174.78,28.2,21.81,2612.91
2008-07-27,49529.52,0.0,368.95,33.06,21.95,2635.11
2008-07-28,49441.12,0.0,434.26,34.69,20.6,2425.95
2008-07-29,49351.03,19.52,299.91,34.81,22.04,2649.19
2008-07-30,49259.27,0.0,376.2,33.34,21.83,2615.55
2008-07-31,49165.91,13.94,272.83,33.77,22.68,2754.85
2008-08-01,49070.98,0.0,374.78,32.63,21.54,2569.64
2008-08-02,48974.51,0.0,420.33,34.85,21.6,2579.21
2008-08-03,48876.56,0.0,447.1,35.19,20.63,2429.42
2008-08-04,48777.16,0.0,407.4,35.11,22.24,2681.93
2008-08-05,48676.36,0.0,411.32,35.32,22.2,2675.51
2008-08-06,48574.2,0.0,415.9,35.42,22.07,2653.91
2008-08-07,48470.71,0.0,372.36,32.79,21.76,2603.59
2008-08-08,48365.95,0.0,456.94,30.13,16.26,1848.12
2008-08-09,48259.94,0.0,497.23,30.53,14.33,1632.71
2008-08-10,48152.72,0.0,458.75,31.37,16.83,1916.22
2008-08-11,48044.34,0.0,430.49,31.24,17.88,2047.16
2008-08-12,47934.84,24.58,125.14,24.16,19.86,2316.84
2008-08-13,47824.25,0.0,315.17,27.72,19.09,2209.1
2008-08-14,47712.61,0.0,450.1,31.49,17.46,1993.36
2008-08-15,47599.95,0.0,456.84,31.36,16.96,1932.3
2008-08-16,47486.32,0.0,386.14,30.19,18.96,2190.94
2008-08-17,47371.75,0.0,458.08,31.94,17.39,1984.71
2008-08-18,47256.27,0.0,454.21,32.29,17.85,2043.47
2008-08-19,47139.92,0.0,439.57,33.51,19.52,2268.07
2008-08-20,47022.73,0.0,414.79,33.44,20.65,2432.35
2008-08-21,46904.74,0.0,343.38,31.18,21.52,2566.85
2008-08-22,46785.97,0.0,387.41,32.09,20.76,2449.49
2008-08-23,46666.47,64.54,135.15,25.97,21.45,2556.15
2008-08-24,46546.26,22.69,229.07,29.38,21.25,2523.94
2008-08-25,46425.37,113.15,128.65,25.59,21.35,2539.59
2008-08-26,46303.84,10.19,106.55,24.76,21.38,2544.99
2008-08-27,46181.7,0.0,350.72,30.06,20.7,2440.86
2008-08-28,46058.96,0.0,425.78,31.55,19.17,2219.28
2008-08-29,45935.68,0.0,437.66,32.76,19.45,2258.46
2008-08-30,45811.86,0.0,412.38,32.76,20.49,2409.09
2008-08-31,45687.54,0.0,359.9,31.43,21.37,2543.4
2008-09-01,45562.76,0.0,258.08,29.64,22.95,2799.57
2008-09-02,45437.52,0.0,291.9,30.54,22.91,2793.06
2008-09-03,45311.87,0.0,262.97,28.64,22.1,2658.6
2008-09-04,45185.83,0.0,318.13,30.0,21.85,2619.38
2008-09-05,45059.42,0.0,344.45,31.39,22.29,2689.49
2008-09-06,44932.67,0.0,308.47,27.6,20.12,2354.82
2008-09-07,44805.6,0.0,439.94,30.51,17.94,2055.0
2008-09-08,44678.24,7.79,348.47,32.53,17.9,2049.56
2008-09-09,44550.62,8.2,302.68,30.02,19.1,2210.42
2008-09-10,44422.75,0.0,413.44,30.87,19.38,2249.43
2008-09-11,44294.67,0.0,359.21,31.65,21.88,2623.94
2008-09-12,44166.39,0.0,314.03,31.24,22.96,2801.14
2008-09-13,44037.94,0.0,355.23,31.95,22.27,2685.86
2008-09-14,43909.34,8.01,217.85,29.67,22.43,2712.16
2008-09-15,43780.62,0.0,333.25,25.22,17.35,1980.64
2008-09-16,43651.79,0.0,414.7,26.01,15.34,1742.07
2008-09-17,43522.88,0.0,440.05,26.21,14.36,1635.45
2008-09-18,43393.92,0.0,433.97,27.43,15.59,1769.84
2008-09-19,43264.93,0.0,401.57,27.25,16.85,1918.25
2008-09-20,43135.92,0.0,333.39,25.15,17.33,1977.01
2008-09-21,43006.92,0.0,405.72,26.75,16.17,1836.89
2008-09-22,42877.96,0.0,458.62,28.72,14.42,1642.18
2008-09-23,42749.06,0.0,442.85,28.28,14.83,1686.4
2008-09-24,42620.23,0.0,439.11,26.92,13.66,1563.28
2008-09-25,42491.51,0.0,481.86,27.69,10.2,1243.56
2008-09-26,42362.91,0.0,487.58,27.32,8.71,1125.03
2008-09-27,42234.45,0.0,455.82,27.71,11.78,1381.3
2008-09-28,42106.17,0.0,416.96,29.63,15.66,1777.8
2008-09-29,41978.09,0.0,458.97,30.51,12.69,1466.46
2008-09-30,41850.22,0.0,467.7,30.36,11.02,1313.46
2008-10-01,41722.59,0.0,412.76,23.69,10.19,1243.17
2008-10-02,41595.23,0.0,458.29,25.26,7.58,1041.74
2008-10-03,41468.17,0.0,433.53,26.33,9.99,1226.43
2008-10-04,41341.41,0.0,438.2,27.63,10.07,1233.44
2008-10-05,41215.0,0.0,413.29,28.35,12.14,1414.36
2008-10-06,41088.95,0.0,400.35,27.86,12.27,1426.93
2008-10-07,40963.3,14.14,186.02,25.52,17.24,1966.05
2008-10-08,40838.06,39.56,147.41,23.5,17.23,1965.69
2008-10-09,40713.27,0.0,276.95,25.59,16.32,1855.34
2008-10-10,40588.95,0.0,316.11,26.29,15.3,1737.65
2008-10-11,40465.13,0.0,280.76,26.56,16.89,1923.5
2008-10-12,40341.84,1.54,185.11,23.98,17.95,2055.96
2008-10-13,40219.11,0.81,187.74,24.52,18.37,2111.0
2008-10-14,40096.96,0.0,357.26,27.16,13.5,1546.88
2008-10-15,39975.42,0.0,373.49,27.64,12.54,1452.09
2008-10-16,39854.53,3.47,250.68,25.86,13.12,1508.85
2008-10-17,39734.32,10.96,197.07,19.41,10.56,1273.93
2008-10-18,39614.81,0.0,355.91,19.96,6.7,981.06
2008-10-19,39496.04,0.0,380.2,19.85,4.77,858.26
2008-10-20,39378.04,0.0,378.5,20.69,5.18,882.74
2008-10-21,39260.85,0.0,394.32,22.97,5.29,889.46
2008-10-22,39144.49,0.0,351.5,22.8,8.27,1091.88
2008-10-23,39029.01,2.93,148.14,18.68,11.69,1373.02
2008-10-24,38914.43,6.91,140.8,15.1,8.7,1124.72
2008-10-25,38800.79,0.0,326.4,19.39,6.87,992.22
2008-10-26,38688.13,0.0,403.02,23.03,3.31,774.48
2008-10-27,38576.48,0.0,306.61,14.26,3.08,762.0
2008-10-28,38465.88,0.0,304.72,10.92,0.02,611.55
2008-10-29,38356.37,0.0,395.46,15.5,-2.5,508.26
2008-10-30,38247.99,0.0,404.17,20.43,-0.27,598.77
2008-10-31,38140.76,0.0,393.85,20.65,0.82,647.89
2008-11-01,38034.75,0.0,394.58,22.04,1.2,666.16
2008-11-02,37929.97,0.0,394.33,24.07,1.98,704.64
2008-11-03,37826.47,0.0,375.56,23.0,3.64,792.58
2008-11-04,37724.3,0.0,355.63,23.76,6.17,945.8
2008-11-05,37623.49,0.0,358.34,22.74,4.74,856.44
2008-11-06,37524.09,0.0,355.75,23.04,4.65,850.89
2008-11-07,37426.13,0.5,290.95,17.21,4.45,839.34
2008-11-08,37329.65,0.0,355.17,19.28,0.61,638.15
2008-11-09,37234.71,0.0,290.92,12.6,-0.32,596.83
2008-11-10,37141.33,0.0,354.24,17.3,-1.9,531.28
2008-11-11,37049.57,0.0,314.26,17.52,1.71,690.89
2008-11-12,36959.46,7.83,140.43,17.71,9.21,1164.22
2008-11-13,36871.06,3.2,82.55,18.18,13.32,1528.61
2008-11-14,36784.39,14.93,164.36,21.78,11.45,1351.66
2008-11-15,36699.5,1.48,190.48,13.69,5.42,897.7
2008-11-16,36616.44,0.0,206.61,9.21,0.31,624.58
2008-11-17,36535.24,0.0,322.15,15.25,-1.74,537.47
2008-11-18,36455.96,0.0,240.64,7.3,-3.39,475.66
2008-11-19,36378.62,0.0,331.62,12.15,-5.92,392.85
2008-11-20,36303.28,0.0,343.29,17.46,-3.27,479.9
2008-11-21,36229.97,0.0,251.58,6.76,-4.83,426.73
2008-11-22,36158.74,0.0,326.89,11.01,-7.41,350.28
2008-11-23,36089.61,1.4,218.45,11.81,1.4,675.62
2008-11-24,36022.64,9.81,150.35,14.44,4.81,860.54
2008-11-25,35957.87,0.0,291.36,13.95,-1.54,545.5
2008-11-26,35895.32,0.0,317.67,15.18,-3.55,469.97
2008-11-27,35835.04,0.0,322.59,19.2,-1.33,554.0
2008-11-28,35777.06,20.45,170.58,17.18,5.42,897.83
2008-11-29,35721.42,14.61,61.02,14.13,10.47,1266.49
2008-11-30,35668.15,6.28,129.6,13.26,5.24,886.48
2008-12-01,35617.29,0.0,119.31,5.9,0.85,649.45
2008-12-02,35568.87,0.0,244.99,9.2,-2.04,525.84
2008-12-03,35522.91,14.34,236.37,15.12,-2.95,491.47
2008-12-04,35479.46,12.27,192.36,10.63,-1.45,549.22
2008-12-05,35438.53,0.0,222.77,5.73,-3.89,458.21
2008-12-06,35400.16,0.0,247.01,6.64,-4.25,445.72
2008-12-07,35364.37,0.0,255.38,6.74,-4.68,431.64
2008-12-08,35331.18,0.0,312.53,12.52,-4.41,440.51
2008-12-09,35300.62,46.03,214.12,20.7,5.32,891.93
2008-12-10,35272.7,47.08,174.78,18.47,7.63,1045.22
2008-12-11,35247.45,16.0,117.58,11.37,4.98,871.0
2008-12-12,35224.88,0.0,263.85,9.2,-2.75,498.9
2008-12-13,35205.01,0.0,288.12,9.7,-4.54,436.29
2008-12-14,35187.85,0.89,258.09,12.97,0.79,646.89
2008-12-15,35173.41,15.7,168.72,15.87,5.45,899.59
2008-12-16,35161.71,7.2,174.32,17.73,6.62,975.89
2008-12-17,35152.76,5.01,109.2,19.16,12.7,1468.18
2008-12-18,35146.55,0.28,131.49,18.08,12.41,1440.06
2008-12-19,35143.09,1.39,180.19,21.25,13.28,1524.78
2008-12-20,35142.39,5.44,116.49,20.41,13.88,1585.61
2008-12-21,35144.45,0.0,319.43,14.87,-3.03,488.53
2008-12-22,35149.25,0.0,235.43,1.13,-8.13,331.12
2008-12-23,35156.81,0.0,318.96,12.35,-4.9,424.42
2008-12-24,35167.12,8.75,202.4,20.04,6.88,992.99
2008-12-25,35180.16,1.47,177.04,15.54,8.43,1103.99
2008-12-26,35195.94,1.04,198.28,18.83,10.73,1288.96
2008-12-27,35214.43,11.87,150.56,23.11,14.72,1674.18
2008-12-28,35235.63,0.0,287.33,19.51,6.06,938.71
2008-12-29,35259.52,0.0,289.07,15.19,1.95,702.77
2008-12-30,35286.08,0.0,330.86,18.85,-1.37,552.4
2009-01-01,35315.43,2.87,228.52,12.75,-3.47,472.63
2009-01-02,35347.3,2.99,147.24,11.93,3.5,784.66
2009-01-03,35381.78,8.0,156.02,19.08,9.59,1193.79
2009-01-04,35418.86,9.35,133.1,16.8,9.05,1151.29
2009-01-05,35458.5,66.57,132.46,17.13,9.44,1182.21
2009-01-06,35500.68,53.68,165.75,20.68,10.44,1263.95
2009-01-07,35545.38,0.49,153.73,12.49,6.16,944.88
2009-01-08,35592.56,0.0,269.81,13.8,1.36,673.79
2009-01-09,35642.19,0.0,329.25,17.0,-1.76,536.65
2009-01-10,35694.25,14.35,208.25,17.5,4.19,823.78
2009-01-11,35748.7,0.0,218.94,6.89,-2.05,525.49
2009-01-12,35805.5,0.0,307.84,10.37,-4.43,439.85
2009-01-13,35864.63,0.0,308.43,11.22,-3.57,469.38
2009-01-14,35926.04,0.0,330.35,10.77,-6.15,386.0
2009-01-15,35989.69,0.0,225.65,1.82,-7.07,359.5
2009-01-16,36055.56,0.0,290.18,0.52,-11.86,246.49
2009-01-17,36123.61,3.89,277.93,6.6,-9.83,289.85
2009-01-18,36193.78,0.0,357.12,13.44,-2.0,527.28
2009-01-19,36266.05,0.0,326.38,9.83,-2.92,492.47
2009-01-20,36340.37,0.0,199.75,0.97,-5.67,400.31
2009-01-21,36416.71,0.0,365.04,5.12,-9.79,290.62
2009-01-22,36495.01,0.0,408.92,14.04,-7.12,358.2
2009-01-23,36575.25,9.61,266.24,19.63,-0.11,605.95
2009-01-24,36657.38,5.64,206.85,13.1,1.72,691.6
2009-01-25,36741.35,0.0,279.51,10.89,-0.38,594.11
2009-01-26,36827.12,0.0,316.71,17.13,3.01,757.99
2009-01-27,36914.66,5.37,226.2,21.42,7.9,1065.28
2009-01-28,37003.91,6.72,214.38,16.11,4.34,832.81
2009-01-29,37094.85,0.0,271.62,8.87,-1.48,548.22
2009-01-30,37187.41,0.0,313.93,9.46,-3.18,482.99
2009-01-31,37281.57,0.0,352.09,13.07,-2.62,503.69
2009-02-01,37377.28,8.92,283.47,17.97,-1.97,528.74
2009-02-02,37474.5,12.48,213.11,10.23,-0.8,575.99
2009-02-03,37573.18,0.0,345.58,9.31,-5.52,404.86
2009-02-04,37673.28,0.0,313.56,3.39,-8.95,310.5
2009-02-05,37774.77,0.0,382.7,7.58,-10.63,272.04
2009-02-06,37877.61,0.0,408.02,18.48,-5.92,392.66
2009-02-07,37981.74,0.0,371.82,20.06,1.29,670.27
2009-02-08,38087.14,0.0,344.86,20.87,4.77,858.14
2009-02-09,38193.76,0.0,341.06,21.33,5.59,908.68
2009-02-10,38301.56,0.0,254.54,20.8,10.27,1250.12
2009-02-11,38410.51,5.04,238.5,20.91,7.03,1003.58
2009-02-12,38520.56,0.0,355.94,19.5,3.41,779.85
2009-02-13,38631.69,1.23,388.91,19.09,0.27,622.97
2009-02-14,38743.84,0.0,327.16,18.04,4.21,825.35
2009-02-15,38856.99,0.0,321.05,15.41,2.3,720.67
2009-02-16,38971.1,0.0,329.24,11.41,-1.66,540.95
2009-02-17,39086.13,9.36,277.93,11.48,-4.13,449.94
2009-02-18,39202.05,4.47,293.66,22.82,4.07,817.11
2009-02-19,39318.83,0.0,284.96,11.98,1.19,665.77
2009-02-20,39436.43,0.0,363.98,8.62,-6.02,389.9
2009-02-21,39554.81,1.68,420.94,15.07,-4.48,438.02
2009-02-22,39673.95,0.0,294.39,8.63,-1.92,530.63
2009-02-23,39793.81,0.0,377.35,9.61,-5.24,413.68
2009-02-24,39914.37,0.0,400.18,14.24,-2.53,506.89
2009-02-25,40035.58,3.0,225.59,12.14,1.27,669.41
2009-02-26,40157.42,4.99,278.45,20.84,5.62,910.65
2009-02-27,40279.87,102.91,118.44,16.34,10.92,1305.39
2009-02-28,40402.88,4.97,165.07,13.37,5.94,930.7
2009-03-01,40526.44,5.2,183.91,6.88,-1.07,564.64
2009-03-02,40650.51,0.0,301.24,6.05,-3.76,462.63
2009-03-03,40775.07,0.0,410.68,8.3,-6.62,372.27
2009-03-04,40900.08,0.0,449.3,15.57,-2.99,490.16
2009-03-05,41025.53,0.0,438.13,19.73,1.69,689.78
2009-03-06,41151.38,0.0,400.82,23.73,7.91,1065.36
2009-03-07,41277.61,0.0,369.55,24.26,10.39,1260.15
2009-03-08,41404.19,0.0,322.43,24.97,13.65,1561.51
2009-03-09,41531.11,0.0,355.25,26.63,13.82,1579.15
2009-03-10,41658.32,0.0,382.23,26.27,12.35,1434.13
2009-03-11,41785.82,0.0,383.37,22.55,9.29,1170.31
2009-03-12,41913.57,0.1,349.85,16.84,5.74,917.93
2009-03-13,42041.54,17.47,130.13,11.06,6.24,950.42
2009-03-14,42169.73,31.28,163.18,13.98,7.91,1065.88
2009-03-15,42298.1,11.97,233.02,19.47,10.42,1262.3
2009-03-16,42426.63,5.95,193.51,17.4,10.32,1253.53
2009-03-17,42555.29,0.0,479.49,22.63,5.1,878.03
2009-03-18,42684.07,0.0,471.82,23.04,6.11,941.84
2009-03-19,42812.94,0.0,486.54,24.98,6.47,965.68
2009-03-20,42941.87,0.0,468.18,20.54,4.68,852.55
2009-03-21,43070.85,0.0,504.05,21.21,2.17,713.95
2009-03-22,43199.86,0.0,464.37,22.23,6.36,958.07
2009-03-23,43328.86,0.0,484.97,22.57,5.38,895.36
2009-03-24,43457.85,3.89,343.73,23.0,7.5,1036.17
2009-03-25,43586.78,49.76,205.2,20.02,12.45,1444.21
2009-03-26,43715.65,14.02,263.52,22.75,12.65,1462.87
2009-03-27,43844.43,12.88,233.6,23.05,14.33,1632.74
2009-03-28,43973.09,3.71,330.36,23.1,9.53,1188.84
2009-03-29,44101.62,0.0,386.43,14.84,4.32,831.55
2009-03-30,44229.99,1.93,514.55,19.12,1.32,671.89
2009-03-31,44358.18,20.67,244.27,16.4,7.62,1044.88
2009-04-01,44486.16,0.0,461.66,23.46,8.53,1111.94
2009-04-02,44613.9,13.2,291.99,21.79,10.47,1266.9
2009-04-03,44741.4,0.0,377.14,17.57,7.34,1025.06
2009-04-04,44868.62,0.0,533.41,23.05,3.81,801.92
2009-04-05,44995.53,1.6,422.77,20.34,8.35,1098.25
2009-04-06,45122.11,0.0,362.81,12.34,3.18,767.3
2009-04-07,45248.35,0.0,396.45,10.32,0.27,622.82
2009-04-08,45374.2,0.0,573.63,22.06,-1.29,555.72
2009-04-09,45499.65,1.61,526.77,24.6,6.21,948.37
2009-04-10,45624.66,1.56,477.31,26.65,11.2,1329.67
2009-04-11,45749.22,0.0,355.3,15.4,6.19,946.98
2009-04-12,45873.29,41.72,404.98,23.28,3.85,804.68
2009-04-13,45996.85,4.63,315.04,23.84,11.17,1326.99
2009-04-14,46119.86,0.0,327.8,15.46,6.76,984.79
2009-04-15,46242.31,0.0,402.9,16.46,5.2,883.95
2009-04-16,46364.15,0.0,525.07,22.25,4.42,837.5
2009-04-17,46485.37,0.0,478.65,23.9,8.74,1127.24
2009-04-18,46605.92,0.33,483.13,21.33,6.46,965.18
2009-04-19,46725.79,9.71,268.37,22.13,12.27,1426.79
2009-04-20,46844.93,0.0,413.2,20.82,9.43,1181.5
2009-04-21,46963.31,0.0,474.09,20.75,7.01,1001.88
2009-04-22,47080.91,0.0,562.19,24.16,4.04,815.05
2009-04-23,47197.69,0.0,539.37,30.25,10.38,1259.27
2009-04-24,47313.61,0.0,539.05,31.01,10.62,1279.5
2009-04-25,47428.65,0.0,530.4,31.16,11.27,1335.45
2009-04-26,47542.76,0.0,478.26,28.87,12.78,1475.46
2009-04-27,47655.91,0.0,444.25,28.65,14.29,1627.99
2009-04-28,47768.07,0.0,453.71,28.81,13.91,1588.77
2009-04-29,47879.2,0.0,423.88,27.88,14.58,1659.25
2009-04-30,47989.25,0.0,385.22,26.97,15.26,1733.72
2009-05-01,48098.2,13.21,279.21,27.8,16.52,1878.91
2009-05-02,48206.01,37.01,242.24,26.14,16.75,1906.14
2009-05-03,48312.63,23.07,201.59,24.07,16.56,1883.16
2009-05-04,48418.03,8.15,203.81,23.61,16.24,1845.02
2009-05-05,48522.17,2.2,244.0,25.97,16.88,1921.63
2009-05-06,48625.0,14.45,226.53,25.35,17.05,1942.54
2009-05-07,48726.5,0.0,385.94,28.17,16.87,1920.66
2009-05-08,48826.61,0.0,340.29,29.11,19.47,2261.64
2009-05-09,48925.29,17.71,245.35,27.88,18.99,2194.29
2009-05-10,49022.51,4.41,160.97,22.41,17.16,1956.6
2009-05-11,49118.22,0.0,262.4,22.29,15.89,1804.2
2009-05-12,49212.38,7.39,287.72,23.23,13.64,1560.77
2009-05-13,49304.95,8.14,231.24,22.44,15.12,1717.4
2009-05-14,49395.89,0.0,460.34,28.62,15.65,1777.23
2009-05-15,49485.15,13.57,332.97,29.93,17.34,1978.3
2009-05-16,49572.69,11.69,264.3,26.11,17.35,1980.43
2009-05-17,49658.47,25.82,281.04,18.97,10.37,1257.96
2009-05-18,49742.44,0.0,525.55,21.61,7.32,1023.92
2009-05-19,49824.57,0.0,552.49,23.64,7.16,1012.24
2009-05-20,49904.81,0.0,519.92,26.63,11.44,1350.81
2009-05-21,49983.12,1.41,401.85,25.4,15.3,1737.16
2009-05-22,50059.46,1.82,261.18,24.63,18.63,2145.73
2009-05-23,50133.79,18.27,133.21,22.83,19.04,2202.41
2009-05-24,50206.06,11.15,264.18,27.63,19.6,2279.66
2009-05-25,50276.24,9.91,295.8,27.47,18.54,2134.65
2009-05-26,50344.29,18.75,256.61,26.24,19.01,2197.36
2009-05-27,50410.16,6.61,330.26,29.15,18.85,2175.92
2009-05-28,50473.83,0.0,462.63,29.24,18.24,2094.53
2009-05-29,50535.24,0.0,413.48,24.62,16.02,1820.1
2009-05-30,50594.37,0.0,549.64,28.43,13.3,1527.05
2009-05-31,50651.18,0.0,551.39,31.26,14.76,1678.8
2009-06-01,50705.63,0.0,529.55,32.4,16.92,1926.77
2009-06-02,50757.69,0.0,526.14,32.18,16.79,1911.59
2009-06-03,50807.33,1.21,481.44,29.62,17.19,1960.38
2009-06-04,50854.52,6.22,251.78,26.7,19.34,2242.99
2009-06-05,50899.22,0.0,352.46,22.64,15.28,1735.07
2009-06-06,50941.41,0.0,546.92,28.8,13.0,1496.88
2009-06-07,50981.06,0.0,511.14,30.27,16.09,1827.9
2009-06-08,51018.14,0.0,491.56,30.25,16.94,1929.14
2009-06-09,51052.63,0.0,501.81,31.06,16.77,1908.72
2009-06-10,51084.5,0.0,431.88,30.76,19.41,2253.0
2009-06-11,51113.74,0.0,453.66,32.06,19.52,2268.05
2009-06-12,51140.32,14.59,346.8,32.34,19.19,2223.11
2009-06-13,51164.22,14.53,278.56,27.16,18.19,2087.13
2009-06-14,51185.44,26.02,245.47,26.37,18.77,2164.79
2009-06-15,51203.95,27.24,353.68,31.72,18.45,2121.54
2009-06-16,51219.74,0.0,486.26,33.03,18.57,2138.4
2009-06-17,51232.8,0.0,469.28,33.72,19.9,2322.75
2009-06-18,51243.13,0.0,422.15,33.59,21.88,2623.49
2009-06-19,51250.71,0.0,447.96,33.95,21.19,2515.48
2009-06-20,51255.53,0.0,454.95,34.22,21.01,2487.01
2009-06-21,51257.61,0.0,437.93,34.53,21.78,2608.16
2009-06-22,51256.92,0.0,431.45,34.61,21.89,2624.48
2009-06-23,51253.48,0.0,410.02,34.52,22.56,2733.82
2009-06-24,51247.29,0.0,427.4,33.36,20.93,2474.85
2009-06-25,51238.35,0.0,471.34,34.01,19.31,2238.85
2009-06-26,51226.67,0.0,459.49,34.39,20.04,2342.69
2009-06-27,51212.25,0.0,441.26,34.84,21.11,2502.66
2009-06-28,51195.11,0.0,388.79,34.74,23.03,2812.76
2009-06-29,51175.26,0.0,461.64,32.74,18.59,2140.77
2009-06-30,51152.71,0.0,526.85,33.91,15.69,1781.7
2009-07-01,51127.48,0.0,483.43,34.04,18.41,2117.12
2009-07-02,51099.58,0.0,490.12,33.11,17.39,1985.19
2009-07-03,51069.03,0.0,481.75,32.2,17.08,1947.17
2009-07-04,51035.86,0.0,507.77,33.14,16.06,1824.57
2009-07-05,51000.08,14.65,205.53,28.91,21.42,2551.37
2009-07-06,50961.73,7.57,231.86,29.61,21.17,2512.17
2009-07-07,50920.82,0.0,380.27,30.48,19.81,2309.86
2009-07-08,50877.38,0.0,398.83,31.28,19.87,2318.74
2009-07-09,50831.44,0.0,430.89,31.55,18.93,2186.81
2009-07-10,50783.04,0.0,353.94,30.0,20.33,2385.55
2009-07-11,50732.19,0.0,379.5,30.39,19.9,2322.09
2009-07-12,50678.94,54.32,319.33,34.03,21.13,2505.61
2009-07-13,50623.32,11.24,253.16,28.94,19.95,2329.74
2009-07-14,50565.35,0.0,406.91,32.21,20.35,2388.21
2009-07-15,50505.09,9.86,312.15,33.41,20.93,2475.57
2009-07-16,50442.55,26.27,253.38,29.41,20.37,2391.39
2009-07-17,50377.79,0.0,383.28,30.45,19.92,2326.16
2009-07-18,50310.83,0.0,456.62,28.12,15.3,1737.31
2009-07-19,50241.72,0.0,432.53,26.8,15.15,1720.85
2009-07-20,50170.5,0.0,496.95,28.02,13.36,1532.56
2009-07-21,50097.21,0.0,510.57,29.66,13.79,1576.57
2009-07-22,50021.88,9.54,254.36,28.34,19.42,2255.05
2009-07-23,49944.55,0.0,385.55,29.3,18.86,2177.66
2009-07-24,49865.28,0.0,483.38,30.95,16.26,1847.2
2009-07-25,49784.1,0.0,487.62,32.72,17.3,1973.52
2009-07-26,49701.05,0.0,415.84,31.56,19.63,2284.48
2009-07-27,49616.18,0.0,395.85,31.52,20.38,2392.81
2009-07-28,49529.52,7.73,225.29,29.08,21.26,2525.91
2009-07-29,49441.12,10.29,246.2,30.15,21.51,2565.3
2009-07-30,49351.03,21.68,261.39,31.26,22.04,2649.87
2009-07-31,49259.27,9.1,207.53,28.89,22.11,2660.24
2009-08-01,49165.91,25.66,298.53,31.33,20.82,2458.3
2009-08-02,49070.98,0.78,355.22,30.64,21.71,2597.09
2009-08-03,48974.51,0.0,419.15,31.74,20.7,2440.52
2009-08-04,48876.56,0.0,449.78,33.5,20.68,2436.79
2009-08-05,48777.16,0.0,360.99,30.45,21.36,2541.14
2009-08-06,48676.36,0.0,427.12,30.83,19.49,2264.29
2009-08-07,48574.2,0.0,454.93,32.37,19.5,2265.24
2009-08-08,48470.71,0.0,455.66,33.16,20.02,2339.44
2009-08-09,48365.95,0.0,426.34,33.52,21.44,2553.6
2009-08-10,48259.94,0.0,404.05,32.28,21.28,2528.64
2009-08-11,48152.72,12.59,303.86,33.04,21.84,2616.42
2009-08-12,48044.34,0.0,379.91,31.02,21.06,2494.77
2009-08-13,47934.84,0.0,459.2,32.32,19.0,2195.96
2009-08-14,47824.25,0.0,453.94,32.76,19.51,2267.02
2009-08-15,47712.61,0.0,417.79,32.3,20.58,2421.92
2009-08-16,47599.95,2.11,275.9,31.05,21.28,2528.31
2009-08-17,47486.32,1.85,312.23,28.24,20.57,2421.38
2009-08-18,47371.75,12.88,279.81,31.34,21.45,2556.17
2009-08-19,47256.27,6.26,272.31,30.67,21.31,2533.01
2009-08-20,47139.92,24.45,281.01,30.94,21.28,2528.71
2009-08-21,47022.73,9.09,281.63,30.23,20.62,2429.0
2009-08-22,46904.74,0.0,379.67,27.6,18.27,2098.73
2009-08-23,46785.97,0.0,460.92,26.61,14.6,1661.07
2009-08-24,46666.47,0.0,508.9,28.6,13.6,1557.17
2009-08-25,46546.26,0.0,469.84,30.13,16.82,1914.68
2009-08-26,46425.37,0.0,463.69,31.39,17.93,2053.88
2009-08-27,46303.84,2.36,296.21,30.65,20.08,2348.2
2009-08-28,46181.7,2.06,237.23,27.88,20.13,2355.45
2009-08-29,46058.96,4.41,308.72,29.55,18.47,2124.6
2009-08-30,45935.68,20.77,199.23,25.73,19.44,2257.14
2009-08-31,45811.86,0.0,413.45,27.93,17.01,1938.15
2009-09-01,45687.54,0.0,351.81,25.75,17.12,1950.97
2009-09-02,45562.76,3.0,250.36,26.86,18.63,2146.58
2009-09-03,45437.52,0.0,347.64,25.91,17.47,1994.6
2009-09-04,45311.87,6.09,353.4,29.35,15.31,1738.2
2009-09-05,45185.83,18.07,184.3,24.28,18.59,2140.33
2009-09-06,45059.42,0.0,347.53,27.77,19.09,2209.22
2009-09-07,44932.67,0.0,412.75,30.09,18.79,2167.09
2009-09-08,44805.6,0.0,409.94,29.36,18.27,2098.61
2009-09-09,44678.24,9.37,301.79,29.14,18.31,2103.64
2009-09-10,44550.62,2.85,286.81,28.27,18.3,2101.82
2009-09-11,44422.75,7.09,121.7,22.98,19.39,2250.5
2009-09-12,44294.67,0.0,364.61,28.08,18.9,2182.69
2009-09-13,44166.39,1.71,285.31,26.22,19.61,2281.24
2009-09-14,44037.94,0.0,313.52,28.04,20.54,2416.09
2009-09-15,43909.34,9.92,247.33,28.7,20.62,2429.05
2009-09-16,43780.62,8.74,209.12,28.25,21.61,2581.32
2009-09-17,43651.79,99.22,256.5,29.33,20.75,2447.36
2009-09-18,43522.88,53.17,239.16,28.46,20.68,2438.08
2009-09-19,43393.92,14.28,185.02,25.8,20.22,2368.48
2009-09-20,43264.93,14.25,233.87,28.26,20.75,2447.19
2009-09-21,43135.92,13.63,134.02,24.3,20.43,2400.32
2009-09-22,43006.92,1.33,287.31,27.94,21.27,2527.12
2009-09-23,42877.96,0.0,328.57,28.46,20.68,2437.75
2009-09-24,42749.06,0.0,352.58,29.1,20.51,2411.97
2009-09-25,42620.23,13.84,291.32,30.64,20.37,2391.86
2009-09-26,42491.51,15.47,199.35,26.01,20.26,2375.21
2009-09-27,42362.91,0.0,376.27,27.04,17.92,2053.13
2009-09-28,42234.45,0.0,458.18,28.22,14.26,1624.72
2009-09-29,42106.17,0.0,470.23,22.34,8.72,1126.01
2009-09-30,41978.09,0.0,479.72,23.18,8.09,1078.85
2009-10-01,41850.22,0.71,476.66,24.96,9.0,1147.5
2009-10-02,41722.59,4.0,331.17,24.91,11.62,1367.31
2009-10-03,41595.23,0.0,473.47,24.98,8.31,1094.81
2009-10-04,41468.17,52.86,298.88,21.34,10.69,1284.96
2009-10-05,41341.41,3.03,221.42,18.1,11.21,1330.02
2009-10-06,41215.0,26.19,263.21,23.69,14.44,1643.93
2009-10-07,41088.95,0.0,337.28,24.14,15.35,1743.46
2009-10-08,40963.3,0.0,427.46,28.85,14.1,1608.53
2009-10-09,40838.06,7.22,310.41,30.89,16.12,1830.78
2009-10-10,40713.27,1.54,189.4,19.16,14.71,1673.31
2009-10-11,40588.95,52.06,205.4,21.41,14.5,1650.77
2009-10-12,40465.13,8.84,90.48,18.71,15.96,1812.13
2009-10-13,40341.84,17.51,120.85,20.08,16.27,1848.96
2009-10-14,40219.11,3.71,160.56,21.96,16.71,1901.89
2009-10-15,40096.96,11.41,226.13,22.44,14.57,1658.32
2009-10-16,39975.42,0.0,190.68,13.29,8.99,1146.71
2009-10-17,39854.53,0.0,246.22,10.25,4.69,853.43
2009-10-18,39734.32,0.0,411.62,13.66,1.56,683.6
2009-10-19,39614.81,0.0,448.07,17.63,0.2,619.76
2009-10-20,39496.04,0.0,446.08,21.15,1.83,697.13
2009-10-21,39378.04,0.0,439.89,23.22,3.13,764.33
2009-10-22,39260.85,5.61,293.84,24.32,9.31,1171.71
2009-10-23,39144.49,1.86,361.18,25.2,12.05,1406.81
2009-10-24,39029.01,0.59,325.92,16.81,6.5,967.68
2009-10-25,38914.43,0.0,414.19,19.85,2.35,723.09
2009-10-26,38800.79,2.87,271.48,18.79,5.55,906.08
2009-10-27,38688.13,4.06,151.71,17.62,11.37,1344.72
2009-10-28,38576.48,0.68,359.09,21.52,7.91,1065.41
2009-10-29,38465.88,1.51,382.06,26.02,9.06,1152.36
2009-10-30,38356.37,23.45,198.57,23.2,14.1,1607.71
2009-10-31,38247.99,3.89,222.65,15.68,5.95,931.18
2009-11-01,38140.76,0.0,363.05,16.98,3.24,770.67
2009-11-02,38034.75,0.0,389.9,19.76,2.55,733.5
2009-11-03,37929.97,0.0,384.24,21.5,4.01,813.71
2009-11-04,37826.47,0.0,385.6,22.54,3.75,798.78
2009-11-05,37724.3,0.0,369.09,19.62,3.05,760.48
2009-11-06,37623.49,0.0,387.7,20.71,0.53,634.76
2009-11-07,37524.09,0.0,378.47,22.39,2.65,739.03
2009-11-08,37426.13,0.0,370.32,23.45,4.12,819.63
2009-11-09,37329.65,44.82,199.71,20.35,9.47,1184.35
2009-11-10,37234.71,75.58,79.97,16.94,13.04,1501.04
2009-11-11,37141.33,0.0,266.06,19.13,8.12,1080.69
2009-11-12,37049.57,0.0,320.6,17.95,3.15,765.54
2009-11-13,36959.46,0.0,348.69,21.17,2.4,725.79
2009-11-14,36871.06,0.0,337.65,20.89,2.88,750.95
2009-11-15,36784.39,0.0,337.3,22.18,3.27,771.99
2009-11-16,36699.5,0.0,327.23,21.26,3.02,758.68
2009-11-17,36616.44,0.0,176.79,13.6,5.78,920.77
2009-11-18,36535.24,0.0,206.2,10.57,1.58,684.38
2009-11-19,36455.96,0.0,291.6,16.03,1.66,688.37
2009-11-20,36378.62,0.0,332.67,19.16,0.29,623.7
2009-11-21,36303.28,14.49,223.32,18.41,2.9,752.12
2009-11-22,36229.97,3.29,91.65,13.56,8.31,1094.96
2009-11-23,36158.74,0.0,97.4,12.42,8.38,1099.95
2009-11-24,36089.61,0.0,169.29,16.04,8.7,1124.38
2009-11-25,36022.64,0.0,275.34,16.9,3.61,791.05
2009-11-26,35957.87,0.0,280.55,13.9,0.21,619.95
2009-11-27,35895.32,0.0,302.26,13.16,-2.47,509.52
2009-11-28,35835.04,0.0,323.71,17.21,-1.59,543.59
2009-11-29,35777.06,8.15,221.83,19.4,2.96,755.14
2009-11-30,35721.42,6.89,201.15,14.5,0.78,646.03
2009-12-01,35668.15,40.59,188.44,11.35,-0.97,569.0
2009-12-02,35617.29,7.96,209.83,18.77,3.54,787.0
2009-12-03,35568.87,0.0,145.57,9.96,3.55,787.69
2009-12-04,35522.91,1.59,150.61,8.19,1.76,693.38
2009-12-05,35479.46,0.0,199.18,4.93,-3.56,469.65
2009-12-06,35438.53,0.0,293.27,9.1,-5.52,405.01
2009-12-07,35400.16,2.05,200.51,11.22,-1.42,550.59
2009-12-08,35364.37,41.89,204.19,19.8,6.0,934.94
2009-12-09,35331.18,0.0,285.78,19.57,4.52,843.13
2009-12-10,35300.62,0.0,241.74,8.46,-2.5,508.19
2009-12-11,35272.7,0.0,184.28,4.55,-3.19,482.89
2009-12-12,35247.45,10.61,125.53,7.22,0.27,622.99
2009-12-13,35224.88,2.23,170.09,14.13,4.04,815.12
2009-12-14,35205.01,2.59,139.84,18.41,10.32,1254.18
2009-12-15,35187.85,0.0,236.67,15.47,5.17,882.53
2009-12-16,35173.41,0.0,202.25,7.33,-0.52,588.08
2009-12-17,35161.71,27.07,212.84,11.07,-2.13,522.44
2009-12-18,35152.76,20.35,133.24,8.68,1.77,693.69
2009-12-19,35146.55,0.0,145.36,6.71,1.34,672.95
2009-12-20,35143.09,0.0,226.11,7.12,-1.52,546.32
2009-12-21,35142.39,0.0,314.5,11.99,-3.76,462.51
2009-12-22,35144.45,0.0,316.59,15.35,-1.7,539.07
2009-12-23,35149.25,0.0,247.81,14.06,3.37,777.51
2009-12-24,35156.81,40.2,137.73,13.38,6.02,935.69
2009-12-25,35167.12,0.0,297.52,13.57,-0.98,568.59
2009-12-26,35180.16,0.0,275.67,8.44,-3.67,465.88
2009-12-27,35195.94,0.0,297.21,10.9,-3.15,484.24
2009-12-28,35214.43,0.0,213.96,5.43,-2.66,502.32
2009-12-29,35235.63,0.0,292.71,8.29,-4.55,435.75
2009-12-30,35259.52,7.43,173.54,8.55,-0.31,597.01
2009-12-31,35286.08,1.18,183.33,10.91,4.28,828.9
2010-01-01,35315.43,0.0,220.69,7.7,-1.11,562.96
2010-01-02,35347.3,0.0,197.76,1.41,-6.12,386.87
2010-01-03,35381.78,0.0,229.11,1.54,-7.43,349.74
2010-01-04,35418.86,0.0,139.68,-2.73,-7.78,340.28
2010-01-05,35458.5,0.0,272.8,0.82,-10.46,275.55
2010-01-06,35500.68,0.0,307.77,2.97,-11.04,263.15
2010-01-07,35545.38,0.68,283.06,2.43,-7.72,341.8
2010-01-08,35592.56,0.0,182.56,-4.63,-10.52,274.44
2010-01-09,35642.19,0.0,270.29,-0.56,-9.91,288.02
2010-01-10,35694.25,0.0,276.64,0.32,-9.29,302.33
2010-01-11,35748.7,0.0,384.33,6.28,-12.18,240.17
2010-01-12,35805.5,0.0,328.54,5.07,-7.42,349.91
2010-01-13,35864.63,0.0,389.17,9.16,-9.89,288.37
2010-01-14,35926.04,0.0,384.39,10.96,-7.17,356.72
2010-01-15,35989.69,0.0,397.84,16.23,-5.48,406.26
2010-01-16,36055.56,19.26,206.86,12.91,1.56,683.48
2010-01-17,36123.61,2.86,165.93,12.97,4.54,844.43
2010-01-18,36193.78,0.0,301.42,15.49,2.47,729.4
2010-01-19,36266.05,0.0,347.32,18.2,0.04,612.61
2010-01-20,36340.37,27.03,240.12,18.6,3.73,797.75
2010-01-21,36416.71,2.24,213.84,20.22,8.06,1076.36
2010-01-22,36495.01,0.0,232.01,12.97,4.4,836.08
2010-01-23,36575.25,13.45,179.11,11.8,3.01,758.19
2010-01-24,36657.38,43.09,149.86,14.91,7.67,1048.35
2010-01-25,36741.35,0.0,230.64,10.88,2.66,739.41
2010-01-26,36827.12,0.0,312.02,10.97,-1.33,554.18
2010-01-27,36914.66,0.0,347.0,10.75,-4.1,451.03
2010-01-28,37003.91,0.0,371.92,16.21,-2.21,519.41
2010-01-29,37094.85,12.87,147.7,6.49,-0.05,608.32
2010-01-30,37187.41,0.92,202.37,5.93,-0.72,579.4
2010-01-31,37281.57,0.0,308.01,7.74,-3.56,469.63
2010-02-01,37377.28,0.67,361.33,11.46,-4.05,452.54
2010-02-02,37474.5,0.0,304.87,12.05,0.62,638.71
2010-02-03,37573.18,0.0,331.38,11.36,-1.72,538.22
2010-02-04,37673.28,54.03,94.82,7.05,3.03,758.91
2010-02-05,37774.77,10.36,119.38,10.02,4.93,867.97
2010-02-06,37877.61,0.0,149.22,5.53,1.0,656.44
2010-02-07,37981.74,0.0,90.49,1.88,-0.58,585.22
2010-02-08,38087.14,8.43,243.12,9.81,-1.45,549.1
2010-02-09,38193.76,4.12,235.95,7.95,-2.63,503.46
2010-02-10,38301.56,0.0,242.35,2.26,-4.87,425.56
2010-02-11,38410.51,0.0,311.63,5.65,-4.06,452.11
2010-02-12,38520.56,6.04,170.7,2.03,-4.25,445.9
2010-02-13,38631.69,0.0,386.22,6.66,-6.33,380.75
2010-02-14,38743.84,7.27,299.32,10.5,-3.45,473.37
2010-02-15,38856.99,1.34,317.57,4.16,-4.66,432.28
2010-02-16,38971.1,0.0,336.66,2.58,-6.88,364.91
2010-02-17,39086.13,0.0,379.59,7.98,-3.61,467.67
2010-02-18,39202.05,0.0,441.61,11.91,-5.44,407.47
2010-02-19,39318.83,0.0,446.58,14.01,-4.23,446.66
2010-02-20,39436.43,0.0,456.89,17.44,-3.84,459.92
2010-02-21,39554.81,7.53,341.02,20.44,-1.66,540.96
2010-02-22,39673.95,0.0,366.1,16.08,4.43,838.0
2010-02-23,39793.81,0.0,168.92,6.46,2.12,711.45
2010-02-24,39914.37,0.0,334.87,8.09,-1.39,551.77
2010-02-25,40035.58,0.0,404.92,6.9,-5.67,400.22
2010-02-26,40157.42,0.0,435.77,9.9,-4.84,426.52
2010-02-27,40279.87,0.0,441.15,11.09,-3.82,460.65
2010-02-28,40402.88,0.0,463.25,13.96,-3.8,461.26
2010-03-01,40526.44,21.78,328.2,13.66,-1.61,542.86
2010-03-02,40650.51,8.03,104.47,4.25,0.85,649.55
2010-03-03,40775.07,0.0,190.06,3.62,-0.96,569.46
2010-03-04,40900.08,0.0,449.37,10.08,-4.37,441.7
2010-03-05,41025.53,0.0,474.84,12.32,-4.64,432.86
2010-03-06,41151.38,0.0,492.27,14.99,-5.02,420.74
2010-03-07,41277.61,0.0,489.85,17.43,-2.92,492.58
2010-03-08,41404.19,0.0,499.67,22.73,-1.16,561.22
2010-03-09,41531.11,41.72,336.7,19.57,2.5,731.14
2010-03-10,41658.32,62.02,123.08,13.94,9.29,1170.37
2010-03-11,41785.82,14.92,254.27,22.52,11.55,1361.17
2010-03-12,41913.57,7.6,200.3,17.87,9.92,1220.98
2010-03-13,42041.54,1.35,261.5,13.57,6.13,943.17
2010-03-14,42169.73,2.85,194.08,13.03,5.7,915.74
2010-03-15,42298.1,0.0,183.66,11.67,6.76,985.23
2010-03-16,42426.63,0.0,149.06,10.12,6.35,957.46
2010-03-17,42555.29,0.0,158.21,10.78,6.81,988.38
2010-03-18,42684.07,0.0,406.08,17.6,5.48,901.4
2010-03-19,42812.94,0.0,509.04,21.9,1.87,699.11
2010-03-20,42941.87,1.53,492.84,21.14,3.21,769.11
2010-03-21,43070.85,11.07,301.55,14.4,2.88,751.03
2010-03-22,43199.86,7.47,161.82,6.92,1.78,694.19
2010-03-23,43328.86,0.0,485.21,19.32,3.9,807.27
2010-03-24,43457.85,2.52,381.6,22.01,3.98,811.67
2010-03-25,43586.78,9.06,242.52,16.32,7.93,1066.96
2010-03-26,43715.65,0.0,363.15,13.71,4.31,830.67
2010-03-27,43844.43,4.98,391.14,20.67,1.98,704.36
2010-03-28,43973.09,1.73,438.56,19.94,7.17,1013.01
2010-03-29,44101.62,0.0,395.67,17.32,6.74,983.44
2010-03-30,44229.99,0.0,521.19,20.09,2.56,733.96
2010-03-31,44358.18,0.0,547.51,24.86,2.94,754.26
2010-04-01,44486.16,0.0,540.98,27.86,5.39,895.97
2010-04-02,44613.9,0.0,522.81,27.81,7.33,1023.97
2010-04-03,44741.4,1.76,418.9,23.71,10.83,1297.67
2010-04-04,44868.62,0.0,473.73,27.28,11.12,1322.18
2010-04-05,44995.53,0.0,503.39,30.24,11.39,1346.4
2010-04-06,45122.11,0.0,514.77,30.85,10.96,1308.96
2010-04-07,45248.35,25.24,302.52,26.21,14.2,1618.54
2010-04-08,45374.2,16.7,303.22,20.65,9.47,1184.4
2010-04-09,45499.65,0.0,530.08,22.58,4.21,825.34
2010-04-10,45624.66,0.0,552.92,24.74,3.39,778.55
2010-04-11,45749.22,0.0,540.79,25.2,4.76,857.45
2010-04-12,45873.29,0.0,539.24,27.37,6.21,948.45
2010-04-13,45996.85,0.0,513.66,27.4,8.18,1085.24
2010-04-14,46119.86,0.0,506.48,27.84,8.74,1127.68
2010-04-15,46242.31,0.0,475.27,28.25,10.8,1294.55
2010-04-16,46364.15,0.0,471.2,28.51,10.97,1309.0
2010-04-17,46485.37,0.0,475.42,28.12,10.35,1255.99
2010-04-18,46605.92,0.0,441.4,22.34,7.42,1030.5
2010-04-19,46725.79,1.73,490.56,23.1,5.57,906.95
2010-04-20,46844.93,0.0,430.0,23.57,9.06,1152.23
2010-04-21,46963.31,0.0,491.63,24.32,6.24,950.31
2010-04-22,47080.91,0.0,512.13,27.28,7.27,1020.31
2010-04-23,47197.69,34.34,343.05,27.59,10.88,1301.32
2010-04-24,47313.61,63.86,170.98,22.34,15.1,1715.94
2010-04-25,47428.65,0.0,314.4,25.63,15.25,1731.64
2010-04-26,47542.76,0.91,196.54,17.94,12.12,1412.64
2010-04-27,47655.91,0.0,331.2,17.77,7.76,1055.0
2010-04-28,47768.07,0.0,491.94,21.33,4.19,823.69
2010-04-29,47879.2,0.0,508.58,25.31,6.57,971.99
2010-04-30,47989.25,0.0,476.64,27.77,10.63,1280.53
2010-05-01,48098.2,0.0,262.93,26.62,18.33,2105.86
2010-05-02,48206.01,48.65,129.07,26.65,21.37,2543.48
2010-05-03,48312.63,0.0,326.22,28.4,18.16,2083.21
2010-05-04,48418.03,0.0,471.32,29.63,13.33,1529.61
2010-05-05,48522.17,0.0,503.89,30.21,11.97,1399.28
2010-05-06,48625.0,0.0,481.02,31.15,14.16,1613.97
2010-05-07,48726.5,0.0,426.24,30.66,16.38,1861.37
2010-05-08,48826.61,0.0,367.9,23.9,12.84,1481.11
2010-05-09,48925.29,0.0,425.5,20.55,7.87,1062.56
2010-05-10,49022.51,1.36,271.23,15.37,8.23,1089.39
2010-05-11,49118.22,0.0,478.81,27.51,12.07,1408.49
2010-05-12,49212.38,0.0,441.21,29.76,15.83,1797.24
2010-05-13,49304.95,0.0,428.15,30.71,17.3,1974.44
2010-05-14,49395.89,0.0,380.55,30.04,18.73,2159.84
2010-05-15,49485.15,0.0,403.3,30.46,18.38,2113.17
2010-05-16,49572.69,48.19,241.79,27.2,18.42,2117.85
2010-05-17,49658.47,0.0,396.05,28.09,17.03,1940.55
2010-05-18,49742.44,0.0,443.11,27.5,14.87,1689.72
2010-05-19,49824.57,0.0,505.76,26.48,11.28,1336.98
2010-05-20,49904.81,43.07,366.55,28.73,13.93,1590.73
2010-05-21,49983.12,31.71,222.51,24.09,16.72,1902.75
2010-05-22,50059.46,0.0,467.04,30.56,16.87,1921.25
2010-05-23,50133.79,0.0,475.25,32.54,18.06,2070.44
2010-05-24,50206.06,4.86,351.29,31.98,17.78,2034.95
2010-05-25,50276.24,0.74,370.96,27.83,18.04,2067.51
2010-05-26,50344.29,0.0,468.88,30.17,16.2,1840.22
2010-05-27,50410.16,0.0,449.86,31.0,17.59,2010.11
2010-05-28,50473.83,40.33,340.81,31.26,17.67,2020.96
2010-05-29,50535.24,26.43,273.98,27.33,17.8,2037.28
2010-05-30,50594.37,23.75,230.36,25.74,18.2,2089.21
2010-05-31,50651.18,6.83,302.45,29.05,18.23,2093.53
2010-06-01,50705.63,0.0,401.55,30.27,19.19,2222.08
2010-06-02,50757.69,18.3,298.76,30.38,19.36,2246.63
2010-06-03,50807.33,8.25,316.15,30.1,18.42,2118.51
2010-06-04,50854.52,26.9,273.72,30.06,20.47,2405.44
2010-06-05,50899.22,2.01,321.13,31.61,19.75,2300.77
2010-06-06,50941.41,2.36,315.11,31.09,19.7,2293.87
2010-06-07,50981.06,0.0,460.34,29.65,16.98,1933.91
2010-06-08,51018.14,0.0,466.6,31.22,17.93,2053.24
2010-06-09,51052.63,20.83,334.53,31.96,19.2,2224.03
2010-06-10,51084.5,0.0,379.01,31.46,21.33,2536.3
2010-06-11,51113.74,0.0,390.16,33.11,22.38,2704.27
2010-06-12,51140.32,0.0,409.87,34.22,22.6,2740.81
2010-06-13,51164.22,0.0,443.21,35.11,21.9,2626.33
2010-06-14,51185.44,0.0,414.51,34.57,22.65,2749.06
2010-06-15,51203.95,2.99,311.11,33.59,21.81,2612.22
2010-06-16,51219.74,0.0,406.21,31.52,20.5,2410.48
2010-06-17,51232.8,0.0,435.84,33.75,21.14,2508.05
2010-06-18,51243.13,0.0,446.31,33.99,20.94,2477.42
2010-06-19,51250.71,11.08,317.14,32.83,21.05,2493.52
2010-06-20,51255.53,0.0,460.59,33.99,20.24,2371.54
2010-06-21,51257.61,0.0,472.11,34.73,20.19,2365.28
2010-06-22,51256.92,0.0,418.53,33.78,21.84,2617.35
2010-06-23,51253.48,0.0,428.73,33.74,21.47,2559.1
2010-06-24,51247.29,0.0,426.34,34.08,21.76,2604.03
2010-06-25,51238.35,0.0,387.96,32.91,22.3,2691.66
2010-06-26,51226.67,0.0,420.94,32.84,21.13,2506.27
2010-06-27,51212.25,0.0,441.11,32.76,20.33,2384.83
2010-06-28,51195.11,11.56,297.68,34.11,22.95,2800.22
2010-06-29,51175.26,0.0,417.85,33.62,21.72,2598.66
2010-06-30,51152.71,0.0,326.58,29.57,21.32,2534.81
2010-07-01,51127.48,0.0,422.45,32.54,20.76,2449.4
2010-07-02,51099.58,0.0,472.18,32.76,18.78,2166.44
2010-07-03,51069.03,0.0,394.03,30.41,19.98,2334.38
2010-07-04,51035.86,0.0,476.16,30.77,17.03,1940.18
2010-07-05,51000.08,0.0,471.34,31.85,18.01,2064.68
2010-07-06,50961.73,0.0,431.15,32.63,20.27,2377.13
2010-07-07,50920.82,0.0,475.92,35.15,20.06,2346.49
2010-07-08,50877.38,0.0,449.37,36.64,22.34,2698.05
2010-07-09,50831.44,1.35,423.57,35.82,22.86,2785.36
2010-07-10,50783.04,0.0,345.48,32.45,22.97,2802.96
2010-07-11,50732.19,0.0,406.34,33.62,21.86,2620.79
2010-07-12,50678.94,0.0,357.1,34.13,23.98,2979.26
2010-07-13,50623.32,8.46,299.76,33.79,22.3,2690.7
2010-07-14,50565.35,0.0,413.95,34.55,22.36,2700.98
2010-07-15,50505.09,0.0,431.74,35.72,22.45,2716.7
2010-07-16,50442.55,12.5,297.1,33.99,22.51,2726.11
2010-07-17,50377.79,19.35,274.93,31.85,21.84,2617.17
2010-07-18,50310.83,1.45,373.09,32.38,22.14,2665.08
2010-07-19,50241.72,0.0,422.89,34.06,21.68,2591.77
2010-07-20,50170.5,0.0,416.99,34.48,22.24,2681.29
2010-07-21,50097.21,0.0,402.84,34.72,23.01,2810.69
2010-07-22,50021.88,0.0,431.28,36.04,22.83,2779.29
2010-07-23,49944.55,0.0,433.73,36.88,23.27,2854.21
2010-07-24,49865.28,0.0,417.8,36.57,23.7,2929.13
2010-07-25,49784.1,6.48,326.98,37.05,23.14,2832.13
2010-07-26,49701.05,0.86,430.61,35.52,22.28,2688.94
2010-07-27,49616.18,0.0,413.58,34.17,21.97,2637.29
2010-07-28,49529.52,0.0,380.28,33.06,22.29,2689.7
2010-07-29,49441.12,0.0,393.45,34.64,23.06,2819.0
2010-07-30,49351.03,0.0,411.3,35.27,22.76,2768.04
2010-07-31,49259.27,0.0,409.58,36.08,23.4,2876.74
2010-08-01,49165.91,0.0,420.56,37.12,23.66,2923.06
2010-08-02,49070.98,0.0,391.06,36.59,24.43,3059.93
2010-08-03,48974.51,0.0,412.84,37.48,24.2,3017.99
2010-08-04,48876.56,0.0,401.44,37.63,24.76,3122.26
2010-08-05,48777.16,6.98,305.14,36.84,23.94,2972.53
2010-08-06,48676.36,7.81,293.59,34.52,22.9,2790.6
2010-08-07,48574.2,0.0,410.53,34.8,22.42,2710.96
2010-08-08,48470.71,0.0,415.56,35.33,22.59,2739.67
2010-08-09,48365.95,0.0,416.17,36.38,23.23,2847.23
2010-08-10,48259.94,0.0,403.24,36.61,23.87,2960.1
2010-08-11,48152.72,0.0,438.39,36.97,22.44,2715.18
2010-08-12,48044.34,0.0,434.64,37.56,22.93,2795.93
2010-08-13,47934.84,0.0,396.66,36.34,23.69,2927.36
2010-08-14,47824.25,40.26,253.27,32.58,22.88,2788.58
2010-08-15,47712.61,0.0,382.59,34.94,23.22,2845.8
2010-08-16,47599.95,14.22,266.56,33.97,23.37,2872.42
2010-08-17,47486.32,3.77,262.88,34.13,23.64,2918.54
2010-08-18,47371.75,2.29,245.77,33.46,23.89,2962.99
2010-08-19,47256.27,4.67,232.77,33.42,24.43,3061.55
2010-08-20,47139.92,11.87,229.92,32.98,24.23,3023.61
2010-08-21,47022.73,4.05,298.48,34.7,22.45,2715.67
2010-08-22,46904.74,0.0,407.64,35.42,22.59,2739.21
2010-08-23,46785.97,0.0,406.64,34.06,21.61,2579.95
2010-08-24,46666.47,0.0,450.11,32.94,18.77,2165.35
2010-08-25,46546.26,0.0,421.83,31.27,18.76,2163.57
2010-08-26,46425.37,0.0,431.17,32.62,19.31,2239.8
2010-08-27,46303.84,0.0,420.31,34.03,20.73,2445.26
2010-08-28,46181.7,21.79,276.17,32.1,21.27,2526.88
2010-08-29,46058.96,31.98,167.0,26.99,21.23,2520.99
2010-08-30,45935.68,6.29,182.85,27.4,21.12,2504.34
2010-08-31,45811.86,2.52,281.55,30.5,19.95,2329.65
2010-09-01,45687.54,0.0,467.95,32.7,17.4,1986.49
2010-09-02,45562.76,0.0,465.4,33.74,18.12,2077.96
2010-09-03,45437.52,0.0,436.73,32.63,18.79,2167.32
2010-09-04,45311.87,0.0,461.27,27.92,13.87,1584.42
2010-09-05,45185.83,0.0,511.5,29.26,11.26,1335.05
2010-09-06,45059.42,0.0,530.39,33.82,11.39,1346.24
2010-09-07,44932.67,0.0,487.36,34.79,16.01,1818.32
2010-09-08,44805.6,0.0,399.28,32.61,19.58,2277.03
2010-09-09,44678.24,0.0,369.69,32.27,20.53,2414.36
2010-09-10,44550.62,0.0,444.12,35.32,18.99,2194.89
2010-09-11,44422.75,0.0,417.77,35.25,20.35,2388.61
2010-09-12,44294.67,0.0,434.85,31.11,16.31,1853.44
2010-09-13,44166.39,0.0,491.17,31.74,12.47,1445.84
2010-09-14,44037.94,0.0,483.46,33.2,13.69,1565.44
2010-09-15,43909.34,0.0,433.57,33.8,17.38,1984.16
2010-09-16,43780.62,0.0,390.65,33.63,19.42,2254.85
2010-09-17,43651.79,0.0,428.82,35.42,18.25,2095.85
2010-09-18,43522.88,0.0,434.33,35.2,17.39,1985.48
2010-09-19,43393.92,0.0,398.08,35.39,19.45,2258.11
2010-09-20,43264.93,0.0,409.84,36.3,19.14,2215.34
2010-09-21,43135.92,0.0,407.99,35.92,18.79,2167.53
2010-09-22,43006.92,0.0,390.25,35.32,19.19,2222.57
2010-09-23,42877.96,0.0,378.32,34.0,18.78,2165.66
2010-09-24,42749.06,0.0,388.75,33.79,17.83,2041.42
2010-09-25,42620.23,9.39,280.12,33.47,18.25,2095.26
2010-09-26,42491.51,4.93,129.95,22.61,16.89,1922.68
2010-09-27,42362.91,0.0,292.41,22.88,12.97,1494.37
2010-09-28,42234.45,0.0,375.27,24.16,10.34,1255.26
2010-09-29,42106.17,0.0,422.45,26.55,9.17,1160.95
2010-09-30,41978.09,0.0,419.64,27.9,10.1,1235.65
2010-10-01,41850.22,0.0,400.92,27.07,10.46,1266.01
2010-10-02,41722.59,0.0,428.54,27.72,8.81,1132.87
2010-10-03,41595.23,0.0,305.94,19.95,8.83,1134.23
2010-10-04,41468.17,0.0,374.72,19.5,5.09,877.49
2010-10-05,41341.41,0.0,432.67,21.85,3.17,766.92
2010-10-06,41215.0,0.0,449.34,24.01,3.18,767.47
2010-10-07,41088.95,0.0,463.96,28.6,4.31,830.89
2010-10-08,40963.3,0.0,433.78,30.22,8.44,1104.95
2010-10-09,40838.06,0.0,421.51,31.12,9.82,1212.38
2010-10-10,40713.27,0.0,417.28,31.58,10.11,1236.17
2010-10-11,40588.95,0.0,402.57,30.66,10.44,1264.28
2010-10-12,40465.13,4.32,228.07,25.81,12.68,1465.45
2010-10-13,40341.84,0.0,344.58,27.17,11.62,1366.84
2010-10-14,40219.11,0.0,367.02,23.45,6.99,1000.85
2010-10-15,40096.96,0.0,418.24,25.4,3.97,811.01
2010-10-16,39975.42,0.0,419.65,25.46,3.35,776.66
2010-10-17,39854.53,0.0,424.58,27.48,3.67,794.31
2010-10-18,39734.32,0.0,403.35,27.43,5.73,917.37
2010-10-19,39614.81,0.0,387.4,28.34,7.61,1044.16
2010-10-20,39496.04,0.0,333.9,24.29,8.3,1094.45
2010-10-21,39378.04,0.0,394.87,26.66,4.92,867.3
2010-10-22,39260.85,0.0,396.0,27.2,4.72,855.0
2010-10-23,39144.49,0.0,382.57,27.46,5.94,931.07
2010-10-24,39029.01,30.07,251.03,28.68,10.72,1287.41
2010-10-25,38914.43,0.0,311.7,28.49,12.11,1412.06
2010-10-26,38800.79,41.01,138.77,28.83,19.33,2242.14
2010-10-27,38688.13,7.73,118.41,25.08,17.3,1973.24
2010-10-28,38576.48,0.0,230.38,23.97,12.66,1464.42
2010-10-29,38465.88,0.0,284.96,18.28,4.46,839.7
2010-10-30,38356.37,0.0,369.84,22.75,1.45,678.04
2010-10-31,38247.99,0.0,341.83,23.33,4.37,834.55
2010-11-01,38140.76,0.0,334.45,24.41,5.71,915.89
2010-11-02,38034.75,2.15,150.57,20.98,11.04,1315.49
2010-11-03,37929.97,8.42,78.37,13.57,8.89,1138.96
2010-11-04,37826.47,0.68,192.47,16.22,7.17,1013.2
2010-11-05,37724.3,0.0,173.4,10.41,2.66,739.23
2010-11-06,37623.49,0.0,256.62,10.35,-1.44,549.44
2010-11-07,37524.09,0.0,334.9,15.02,-2.5,508.18
2010-11-08,37426.13,0.0,364.33,21.29,-0.62,583.52
2010-11-09,37329.65,0.0,368.46,23.84,0.31,624.64
2010-11-10,37234.71,0.0,356.34,24.67,2.34,722.92
2010-11-11,37141.33,0.0,350.87,25.38,3.06,760.73
2010-11-12,37049.57,0.0,329.57,23.6,3.84,803.7
2010-11-13,36959.46,0.0,308.5,21.99,4.29,829.72
2010-11-14,36871.06,2.84,160.42,17.33,6.63,976.38
2010-11-15,36784.39,45.9,108.33,14.28,7.49,1035.38
2010-11-16,36699.5,10.44,170.09,18.73,7.53,1038.65
2010-11-17,36616.44,0.0,289.28,16.34,1.43,677.03
2010-11-18,36535.24,0.0,288.32,17.76,2.8,746.82
2010-11-19,36455.96,0.0,303.92,19.33,2.69,740.95
2010-11-20,36378.62,0.0,290.29,21.27,5.55,906.07
2010-11-21,36303.28,0.0,288.82,23.64,7.71,1051.31
2010-11-22,36229.97,0.0,255.24,24.18,10.81,1295.91
2010-11-23,36158.74,6.96,152.89,22.16,12.19,1419.06
2010-11-24,36089.61,0.0,185.4,17.54,9.02,1148.83
2010-11-25,36022.64,15.96,150.37,22.33,12.53,1451.74
2010-11-26,35957.87,1.3,318.01,19.03,0.47,631.91
2010-11-27,35895.32,0.0,299.61,13.27,-2.91,492.82
2010-11-28,35835.04,0.0,294.24,13.5,-2.41,511.49
2010-11-29,35777.06,28.59,184.42,17.09,4.65,850.65
2010-11-30,35721.42,44.05,202.4,19.03,4.66,851.64
2010-12-01,35668.15,0.0,256.35,10.58,-1.88,532.22
2010-12-02,35617.29,0.0,285.75,11.45,-3.54,470.24
2010-12-03,35568.87,0.0,293.02,14.43,-1.98,528.11
2010-12-04,35522.91,0.0,276.2,15.24,0.03,612.19
2010-12-05,35479.46,0.0,96.34,5.52,1.21,666.51
2010-12-06,35438.53,0.0,159.87,4.34,-3.02,489.02
2010-12-07,35400.16,0.0,234.27,6.18,-5.21,414.56
2010-12-08,35364.37,0.0,137.99,0.23,-5.73,398.35
2010-12-09,35331.18,0.0,315.0,9.05,-9.13,306.16
2010-12-10,35300.62,0.0,313.66,12.29,-6.0,390.21
2010-12-11,35272.7,18.24,188.69,12.55,0.31,624.41
2010-12-12,35247.45,0.0,247.19,8.99,-2.48,508.93
2010-12-13,35224.88,0.0,173.69,-0.71,-7.78,340.24
2010-12-14,35205.01,0.0,266.8,1.44,-10.83,267.72
2010-12-15,35187.85,2.02,183.27,7.03,-4.18,448.12
2010-12-16,35173.41,3.07,219.91,16.65,0.39,628.15
2010-12-17,35161.71,0.0,144.73,7.66,1.61,685.96
2010-12-18,35152.76,0.0,215.68,8.93,-0.45,590.79
2010-12-19,35146.55,0.0,284.85,9.88,-4.14,449.45
2010-12-20,35143.09,0.0,302.92,11.57,-4.49,437.91
2010-12-21,35142.39,0.33,246.49,16.01,4.5,841.97
2010-12-22,35144.45,0.0,287.67,16.51,1.61,686.08
2010-12-23,35149.25,0.0,260.22,8.79,-3.2,482.52
2010-12-24,35156.81,0.0,281.86,11.76,-2.29,516.22
2010-12-25,35167.12,7.14,115.14,4.66,-1.61,542.82
2010-12-26,35180.16,0.0,86.77,0.15,-3.02,488.85
2010-12-27,35195.94,0.0,239.77,4.07,-5.85,394.94
2010-12-28,35214.43,0.0,318.57,7.82,-8.95,310.65
2010-12-29,35235.63,0.0,322.97,13.23,-5.1,418.1
2010-12-30,35259.52,0.0,242.05,13.55,2.99,757.26
2010-12-31,35286.08,37.46,187.57,21.41,9.55,1190.71
2011-01-01,35315.43,17.81,171.83,16.84,6.76,985.08
2011-01-02,35347.3,0.0,231.17,7.0,-2.51,507.99
2011-01-03,35381.78,0.0,321.23,9.49,-7.31,352.89
2011-01-04,35418.86,0.0,313.85,12.83,-3.28,479.35
2011-01-05,35458.5,2.41,214.23,11.01,-2.13,522.28
2011-01-06,35500.68,0.0,215.14,9.53,0.87,650.38
2011-01-07,35545.38,0.0,316.63,15.46,-0.9,571.81
2011-01-08,35592.56,0.0,244.37,7.43,-2.53,507.24
2011-01-09,35642.19,23.31,193.87,1.8,-7.15,357.44
2011-01-10,35694.25,0.0,119.79,0.08,-3.69,464.93
2011-01-11,35748.7,0.0,126.6,0.78,-3.22,481.77
2011-01-12,35805.5,0.0,190.15,-1.09,-7.22,355.28
2011-01-13,35864.63,0.0,286.46,1.57,-8.38,324.77
2011-01-14,35926.04,0.0,383.19,6.5,-10.44,276.09
2011-01-15,35989.69,0.0,376.22,8.93,-7.22,355.41
2011-01-16,36055.56,0.0,388.33,12.14,-5.65,400.81
2011-01-17,36123.61,0.91,371.11,12.51,-3.15,484.02
2011-01-18,36193.78,0.26,193.46,10.11,3.77,799.92
2011-01-19,36266.05,0.0,148.04,7.17,2.49,730.42
2011-01-20,36340.37,1.94,232.16,8.44,0.81,647.49
2011-01-21,36416.71,0.0,267.85,3.56,-5.23,413.95
2011-01-22,36495.01,0.0,318.49,6.05,-5.04,420.02
2011-01-23,36575.25,0.0,354.4,7.6,-5.54,404.45
2011-01-24,36657.38,3.29,289.98,13.67,-2.71,500.41
2011-01-25,36741.35,9.79,160.31,9.42,2.61,736.96
2011-01-26,36827.12,0.0,253.14,7.18,-0.9,571.85
2011-01-27,36914.66,0.0,407.65,13.3,-4.58,434.98
2011-01-28,37003.91,0.0,361.04,15.12,-1.89,531.64
2011-01-29,37094.85,0.0,388.37,21.86,-1.85,533.36
2011-01-30,37187.41,4.95,272.74,20.34,2.39,725.22
2011-01-31,37281.57,1.91,199.38,14.45,7.53,1038.32
2011-02-01,37377.28,23.63,124.72,13.83,8.24,1089.84
2011-02-02,37474.5,0.0,249.37,5.87,-2.24,517.92
2011-02-03,37573.18,12.02,111.52,0.41,-3.92,456.91
2011-02-04,37673.28,12.34,135.02,3.89,-1.34,553.53
2011-02-05,37774.77,0.0,257.32,5.25,-2.52,507.57
2011-02-06,37877.61,0.0,401.38,12.3,-5.19,415.23
2011-02-07,37981.74,2.75,279.52,11.34,-2.8,497.01
2011-02-08,38087.14,0.0,276.86,7.11,-1.34,553.53
2011-02-09,38193.76,5.75,279.07,8.61,-5.13,417.16
2011-02-10,38301.56,0.0,265.96,1.6,-6.43,377.82
2011-02-11,38410.51,0.0,405.75,7.84,-8.85,313.09
2011-02-12,38520.56,0.0,426.17,12.72,-7.73,341.6
2011-02-13,38631.69,0.0,431.67,18.03,-4.6,434.34
2011-02-14,38743.84,0.0,422.92,20.68,-0.33,596.18
2011-02-15,38856.99,0.0,418.95,20.27,0.49,632.6
2011-02-16,38971.1,0.0,394.29,19.96,3.43,781.2
2011-02-17,39086.13,0.0,413.37,21.02,2.15,712.88
2011-02-18,39202.05,0.0,354.64,22.23,8.05,1076.2
2011-02-19,39318.83,0.0,359.37,23.38,8.7,1124.12
2011-02-20,39436.43,0.0,396.54,23.82,6.15,944.45
2011-02-21,39554.81,0.0,289.84,22.98,12.09,1410.01
2011-02-22,39673.95,0.0,322.62,19.64,7.71,1050.93
2011-02-23,39793.81,0.0,435.12,21.62,1.13,662.6
2011-02-24,39914.37,25.47,268.2,23.81,9.37,1176.6
2011-02-25,40035.58,0.0,341.09,17.5,4.8,859.87
2011-02-26,40157.42,0.0,453.75,22.9,0.09,614.88
2011-02-27,40279.87,0.0,391.6,24.79,8.3,1094.27
2011-02-28,40402.88,20.66,311.01,26.43,7.99,1071.26
2011-03-01,40526.44,0.0,397.29,18.29,2.97,756.11
2011-03-02,40650.51,0.0,440.73,20.7,1.38,674.75
2011-03-03,40775.07,0.0,394.39,22.44,6.44,963.7
2011-03-04,40900.08,10.34,195.27,19.77,10.55,1273.17
2011-03-05,41025.53,60.53,157.86,15.83,8.69,1123.77
2011-03-06,41151.38,0.0,191.39,8.58,2.43,727.49
2011-03-07,41277.61,0.0,285.34,11.92,2.33,722.22
2011-03-08,41404.19,72.35,199.19,14.07,5.31,891.2
2011-03-09,41531.11,26.39,196.3,15.65,7.1,1008.14
2011-03-10,41658.32,0.0,154.72,8.33,3.72,797.22
2011-03-11,41785.82,0.0,401.26,14.13,0.09,614.73
2011-03-12,41913.57,0.0,484.61,21.57,-0.07,607.55
2011-03-13,42041.54,0.0,429.37,21.85,5.21,884.97
2011-03-14,42169.73,29.99,285.04,22.06,8.42,1103.2
2011-03-15,42298.1,0.0,308.09,15.8,6.13,943.46
2011-03-16,42426.63,0.0,394.43,17.57,4.5,841.88
2011-03-17,42555.29,0.0,496.75,25.2,3.71,796.77
2011-03-18,42684.07,0.0,476.42,26.65,7.05,1005.1
2011-03-19,42812.94,0.0,460.16,27.51,9.31,1172.05
2011-03-20,42941.87,0.0,415.84,27.58,12.36,1435.01
2011-03-21,43070.85,0.0,431.32,26.02,10.3,1252.0
2011-03-22,43199.86,0.0,415.41,27.29,12.42,1440.95
2011-03-23,43328.86,1.53,315.73,25.49,15.28,1735.31
2011-03-24,43457.85,0.0,402.75,18.94,6.0,935.0
2011-03-25,43586.78,0.0,500.22,20.08,1.31,671.31
2011-03-26,43715.65,24.36,317.29,22.23,8.16,1083.63
2011-03-27,43844.43,13.4,195.31,15.25,7.91,1065.68
2011-03-28,43973.09,1.56,224.21,13.45,7.51,1037.2
2011-03-29,44101.62,18.47,198.03,13.78,6.88,993.01
2011-03-30,44229.99,2.72,250.15,15.48,6.68,979.52
2011-03-31,44358.18,0.03,211.71,10.13,5.08,876.98
2011-04-01,44486.16,0.0,400.58,16.66,6.12,942.78
2011-04-02,44613.9,0.0,522.61,22.02,4.45,839.07
2011-04-03,44741.4,0.0,551.81,27.99,4.74,856.47
2011-04-04,44868.62,43.41,393.52,27.07,7.31,1023.08
2011-04-05,44995.53,0.0,450.39,17.02,3.78,800.58
2011-04-06,45122.11,0.0,550.8,22.32,0.93,653.16
2011-04-07,45248.35,0.0,514.44,24.16,5.7,915.4
2011-04-08,45374.2,0.0,404.0,27.83,14.76,1678.78
2011-04-09,45499.65,0.0,388.09,30.82,17.76,2032.23
2011-04-10,45624.66,0.0,408.04,29.39,15.81,1795.01
2011-04-11,45749.22,21.92,310.11,28.97,15.44,1753.29
2011-04-12,45873.29,0.0,409.99,22.11,9.89,1218.56
2011-04-13,45996.85,0.0,531.02,25.05,5.61,909.64
2011-04-14,46119.86,0.0,510.76,25.68,7.5,1036.31
2011-04-15,46242.31,41.56,225.33,20.18,11.73,1376.83
2011-04-16,46364.15,0.0,367.28,17.33,7.24,1017.69
2011-04-17,46485.37,0.0,552.32,22.85,2.76,744.83
2011-04-18,46605.92,0.0,538.29,25.73,6.26,951.76
2011-04-19,46725.79,8.54,342.31,27.89,13.13,1509.36
2011-04-20,46844.93,20.14,197.5,22.56,15.42,1750.83
2011-04-21,46963.31,0.99,255.56,22.01,15.27,1734.15
2011-04-22,47080.91,0.0,434.77,28.47,15.11,1716.18
2011-04-23,47197.69,0.0,406.07,27.96,15.88,1803.9
2011-04-24,47313.61,0.0,428.25,28.54,15.67,1779.25
2011-04-25,47428.65,0.0,421.88,28.13,15.66,1778.23
2011-04-26,47542.76,12.64,229.84,26.97,18.49,2127.68
2011-04-27,47655.91,18.69,302.61,27.68,15.85,1799.48
2011-04-28,47768.07,0.0,388.96,20.96,10.39,1259.8
2011-04-29,47879.2,0.0,520.17,24.83,7.78,1056.06
2011-04-30,47989.25,0.0,520.81,27.24,9.32,1172.46
2011-05-01,48098.2,0.0,449.8,26.99,12.84,1481.49
2011-05-02,48206.01,0.0,398.25,28.39,16.25,1847.12
2011-05-03,48312.63,13.89,334.23,22.2,9.32,1172.77
2011-05-04,48418.03,0.0,462.67,18.3,5.37,894.49
2011-05-05,48522.17,0.0,526.16,20.68,4.3,830.35
2011-05-06,48625.0,0.0,545.44,23.39,5.48,901.44
2011-05-07,48726.5,0.0,546.61,25.94,7.41,1029.76
2011-05-08,48826.61,0.0,482.28,27.4,12.38,1437.08
2011-05-09,48925.29,0.0,480.39,30.53,14.9,1693.54
2011-05-10,49022.51,0.0,478.14,31.32,15.58,1769.13
2011-05-11,49118.22,0.0,473.64,31.82,16.15,1834.33
2011-05-12,49212.38,0.0,442.84,30.82,16.78,1910.06
2011-05-13,49304.95,17.79,262.72,26.5,16.72,1903.04
2011-05-14,49395.89,0.66,266.67,20.63,13.94,1591.05
2011-05-15,49485.15,0.0,205.02,16.56,11.69,1373.0
2011-05-16,49572.69,0.0,271.54,16.7,10.21,1244.84
2011-05-17,49658.47,0.0,439.01,18.44,7.24,1018.2
2011-05-18,49742.44,0.0,536.83,20.49,4.9,865.67
2011-05-19,49824.57,0.0,558.18,26.98,8.46,1106.39
2011-05-20,49904.81,0.0,543.23,30.9,12.08,1408.78
2011-05-21,49983.12,0.0,486.32,31.06,15.48,1757.5
2011-05-22,50059.46,0.0,478.56,32.52,16.91,1925.88
2011-05-23,50133.79,0.0,412.99,30.98,18.56,2137.05
2011-05-24,50206.06,0.0,414.92,30.69,18.29,2100.53
2011-05-25,50276.24,0.64,432.93,32.43,18.94,2188.49
2011-05-26,50344.29,13.35,300.33,29.84,18.01,2064.22
2011-05-27,50410.16,0.0,412.35,27.22,15.38,1746.63
2011-05-28,50473.83,0.0,516.95,32.19,14.22,1620.75
2011-05-29,50535.24,0.0,484.92,33.39,16.99,1935.84
2011-05-30,50594.37,0.0,447.73,33.68,19.12,2213.12
2011-05-31,50651.18,0.0,457.68,34.48,19.22,2226.26
2011-06-01,50705.63,0.0,476.2,36.03,19.25,2230.27
2011-06-02,50757.69,0.0,450.64,36.54,20.84,2461.0
2011-06-03,50807.33,0.0,435.41,36.31,21.35,2539.71
2011-06-04,50854.52,0.0,468.57,35.79,19.38,2249.13
2011-06-05,50899.22,0.0,469.42,36.31,19.74,2300.14
2011-06-06,50941.41,0.0,493.96,36.41,18.43,2119.78
2011-06-07,50981.06,0.0,432.83,35.46,20.92,2474.3
2011-06-08,51018.14,0.0,478.42,35.66,18.81,2169.89
2011-06-09,51052.63,0.0,476.37,35.31,18.65,2149.19
2011-06-10,51084.5,0.0,450.81,35.33,19.96,2331.3
2011-06-11,51113.74,0.0,469.83,35.61,19.15,2216.8
2011-06-12,51140.32,0.0,454.38,34.6,19.07,2205.79
2011-06-13,51164.22,0.0,446.79,33.87,18.69,2153.68
2011-06-14,51185.44,0.0,451.94,35.29,19.23,2227.5
2011-06-15,51203.95,0.0,447.46,35.84,19.62,2282.9
2011-06-16,51219.74,3.02,340.65,35.22,18.7,2156.06
2011-06-17,51232.8,21.21,253.92,29.45,18.85,2175.36
2011-06-18,51243.13,0.0,410.95,33.54,19.63,2284.34
2011-06-19,51250.71,0.0,392.94,35.77,22.19,2673.85
2011-06-20,51255.53,0.0,358.02,35.34,23.28,2855.53
2011-06-21,51257.61,20.59,286.56,33.89,21.28,2529.14
2011-06-22,51256.92,50.45,250.79,29.42,19.29,2236.11
2011-06-23,51253.48,0.0,272.41,28.76,20.71,2441.89
2011-06-24,51247.29,16.57,302.98,33.05,19.91,2324.59
2011-06-25,51238.35,0.0,444.45,32.8,17.96,2057.23
2011-06-26,51226.67,3.05,312.21,33.57,19.71,2295.82
2011-06-27,51212.25,0.0,435.97,33.94,19.23,2228.68
2011-06-28,51195.11,8.65,237.29,29.11,19.76,2303.03
2011-06-29,51175.26,0.0,400.32,30.72,18.33,2106.62
2011-06-30,51152.71,0.0,474.01,32.11,16.25,1846.16
2011-07-01,51127.48,0.0,450.82,34.28,19.03,2200.5
2011-07-02,51099.58,0.0,443.67,34.71,19.7,2293.68
2011-07-03,51069.03,0.0,438.31,35.01,20.16,2360.57
2011-07-04,51035.86,14.5,297.33,33.56,20.87,2465.5
2011-07-05,51000.08,3.58,287.32,31.85,20.09,2350.06
2011-07-06,50961.73,0.0,361.41,31.4,20.64,2430.71
2011-07-07,50920.82,11.39,279.17,32.19,20.97,2481.84
2011-07-08,50877.38,0.0,382.53,32.54,21.02,2489.18
2011-07-09,50831.44,0.0,391.26,34.67,22.47,2719.62
2011-07-10,50783.04,17.97,258.1,33.58,23.34,2866.58
2011-07-11,50732.19,8.65,266.64,33.86,23.3,2860.5
2011-07-12,50678.94,7.06,276.77,34.67,23.58,2908.83
2011-07-13,50623.32,25.25,294.64,34.13,22.39,2706.34
2011-07-14,50565.35,4.04,287.49,33.51,22.36,2700.54
2011-07-15,50505.09,4.86,185.3,28.43,22.14,2666.12
2011-07-16,50442.55,3.59,219.6,28.25,20.95,2477.52
2011-07-17,50377.79,0.0,354.23,30.5,21.24,2521.99
2011-07-18,50310.83,0.0,428.61,32.02,20.04,2343.63
2011-07-19,50241.72,0.0,452.82,33.96,20.53,2414.37
2011-07-20,50170.5,58.62,323.67,33.78,21.23,2521.44
2011-07-21,50097.21,10.05,255.11,30.92,22.08,2655.65
2011-07-22,50021.88,0.0,399.07,33.13,22.02,2646.6
2011-07-23,49944.55,1.53,360.62,31.98,22.31,2692.84
2011-07-24,49865.28,0.0,350.16,31.59,22.37,2703.2
2011-07-25,49784.1,10.83,243.67,30.28,22.1,2658.23
2011-07-26,49701.05,0.0,429.14,33.39,21.34,2537.64
2011-07-27,49616.18,0.0,439.13,34.3,21.65,2587.52
2011-07-28,49529.52,0.0,388.54,33.01,22.49,2723.25
2011-07-29,49441.12,0.0,405.9,33.17,22.04,2648.88
2011-07-30,49351.03,4.54,273.27,32.32,22.85,2783.53
2011-07-31,49259.27,0.0,429.09,34.89,22.68,2754.27
2011-08-01,49165.91,0.0,438.72,35.5,22.74,2764.51
2011-08-02,49070.98,0.0,450.82,35.39,22.15,2667.66
2011-08-03,48974.51,1.86,458.96,37.31,22.97,2802.8
2011-08-04,48876.56,6.53,201.81,28.65,22.39,2705.54
2011-08-05,48777.16,0.0,441.62,33.36,21.11,2503.04
2011-08-06,48676.36,0.0,411.75,32.89,21.9,2626.25
2011-08-07,48574.2,5.91,328.56,34.69,22.15,2666.95
2011-08-08,48470.71,16.52,335.21,33.52,20.89,2469.64
2011-08-09,48365.95,0.0,373.93,31.32,21.83,2615.61
2011-08-10,48259.94,0.0,461.12,34.16,20.62,2428.58
2011-08-11,48152.72,12.44,268.25,30.7,21.73,2600.09
2011-08-12,48044.34,0.0,444.61,33.07,20.57,2420.44
2011-08-13,47934.84,0.0,439.44,33.86,21.3,2531.54
2011-08-14,47824.25,0.0,436.19,33.08,20.67,2436.55
2011-08-15,47712.61,0.0,475.73,30.01,16.4,1864.23
2011-08-16,47599.95,0.0,484.18,31.94,17.17,1957.87
2011-08-17,47486.32,0.0,508.83,33.83,16.7,1900.37
2011-08-18,47371.75,0.0,490.61,34.45,18.17,2085.6
2011-08-19,47256.27,0.0,478.62,35.73,19.55,2272.64
2011-08-20,47139.92,0.0,448.41,35.93,21.17,2511.32
2011-08-21,47022.73,0.0,436.38,35.13,21.08,2498.33
2011-08-22,46904.74,0.0,447.57,36.43,21.22,2519.17
2011-08-23,46785.97,0.0,461.11,36.26,20.14,2358.15
2011-08-24,46666.47,0.0,470.6,36.78,19.59,2278.67
2011-08-25,46546.26,0.0,465.0,37.19,20.0,2337.34
2011-08-26,46425.37,0.0,448.65,37.45,20.96,2480.31
2011-08-27,46303.84,0.0,430.47,34.25,19.56,2274.93
2011-08-28,46181.7,0.0,465.6,34.33,17.54,2004.07
2011-08-29,46058.96,0.0,481.38,34.56,16.36,1859.24
2011-08-30,45935.68,0.0,482.81,36.03,16.93,1927.61
2011-08-31,45811.86,0.0,371.53,34.97,22.04,2648.91
2011-09-01,45687.54,0.0,392.36,36.37,22.08,2656.22
2011-09-02,45562.76,0.0,426.73,36.18,20.16,2360.61
2011-09-03,45437.52,0.0,416.91,35.41,19.83,2312.37
2011-09-04,45311.87,46.46,145.38,27.48,21.49,2562.42
2011-09-05,45185.83,174.28,148.38,23.26,17.53,2002.3
2011-09-06,45059.42,5.61,105.55,17.62,13.92,1589.59
2011-09-07,44932.67,0.0,270.49,21.11,13.55,1551.43
2011-09-08,44805.6,0.0,364.82,25.69,14.53,1653.51
2011-09-09,44678.24,0.0,452.39,27.53,12.04,1405.97
2011-09-10,44550.62,0.0,478.35,28.98,11.17,1327.04
2011-09-11,44422.75,0.0,470.85,29.55,11.84,1387.23
2011-09-12,44294.67,0.0,437.96,30.67,14.54,1654.23
2011-09-13,44166.39,0.0,446.02,31.34,14.31,1630.56
2011-09-14,44037.94,0.0,458.42,32.01,13.75,1571.61
2011-09-15,43909.34,0.0,190.08,20.38,14.74,1676.16
2011-09-16,43780.62,0.0,441.5,26.51,10.66,1282.73
2011-09-17,43651.79,0.0,410.57,27.26,12.88,1485.64
2011-09-18,43522.88,0.0,384.01,27.37,14.24,1622.35
2011-09-19,43393.92,11.48,234.55,25.9,15.84,1798.76
2011-09-20,43264.93,84.08,146.35,23.17,17.28,1971.66
2011-09-21,43135.92,0.0,336.36,29.13,17.89,2048.49
2011-09-22,43006.92,26.66,243.58,30.01,19.09,2208.78
2011-09-23,42877.96,0.0,281.35,24.2,15.71,1784.07
2011-09-24,42749.06,0.0,461.19,26.81,9.46,1183.31
2011-09-25,42620.23,0.0,459.85,28.6,10.67,1283.62
2011-09-26,42491.51,3.29,226.3,27.0,17.39,1985.12
2011-09-27,42362.91,1.01,332.96,26.39,15.79,1792.91
2011-09-28,42234.45,0.0,373.17,28.52,15.94,1809.85
2011-09-29,42106.17,0.0,398.04,29.12,15.17,1722.95
2011-09-30,41978.09,0.0,381.2,24.41,12.08,1408.82
2011-10-01,41850.22,0.0,426.68,20.93,6.57,972.32
2011-10-02,41722.59,0.0,457.5,21.11,4.36,834.07
2011-10-03,41595.23,0.0,480.78,24.05,3.6,790.45
2011-10-04,41468.17,0.0,469.31,25.76,5.48,901.34
2011-10-05,41341.41,0.0,450.96,28.08,8.4,1102.07
2011-10-06,41215.0,0.0,415.87,27.62,10.48,1267.01
2011-10-07,41088.95,0.0,368.3,26.51,12.3,1429.59
2011-10-08,40963.3,0.0,329.75,26.32,13.93,1590.88
2011-10-09,40838.06,0.0,244.79,23.69,15.18,1724.59
2011-10-10,40713.27,1.8,233.25,24.05,16.03,1820.57
2011-10-11,40588.95,1.1,105.0,19.4,16.22,1842.64
2011-10-12,40465.13,0.75,113.71,18.95,15.55,1765.26
2011-10-13,40341.84,0.0,269.94,22.82,14.04,1602.23
2011-10-14,40219.11,0.0,414.65,26.02,9.02,1149.09
2011-10-15,40096.96,0.0,412.7,26.09,8.59,1116.14
2011-10-16,39975.42,0.0,442.7,29.43,6.5,967.43
2011-10-17,39854.53,0.0,422.98,29.64,8.85,1135.68
2011-10-18,39734.32,5.67,289.0,26.36,9.78,1209.7
2011-10-19,39614.81,0.0,182.52,13.47,7.59,1042.7
2011-10-20,39496.04,0.0,302.65,14.57,3.99,812.52
2011-10-21,39378.04,0.0,404.65,17.83,0.35,626.4
2011-10-22,39260.85,0.0,412.54,19.7,0.49,632.83
2011-10-23,39144.49,0.61,405.76,20.8,1.47,679.37
2011-10-24,39029.01,0.0,355.81,23.23,7.67,1048.46
2011-10-25,38914.43,0.0,392.18,24.92,5.59,908.78
2011-10-26,38800.79,0.0,388.37,25.35,5.71,916.32
2011-10-27,38688.13,0.0,361.94,24.5,7.1,1008.14
2011-10-28,38576.48,1.07,173.01,13.92,7.41,1029.78
2011-10-29,38465.88,0.0,328.06,15.2,1.31,671.28
2011-10-30,38356.37,0.0,368.66,16.48,-0.92,571.06
2011-10-31,38247.99,0.0,382.82,19.24,-0.46,590.57
2011-11-01,38140.76,0.0,372.98,19.66,0.6,637.78
2011-11-02,38034.75,0.0,366.64,20.75,1.96,703.58
2011-11-03,37929.97,8.09,200.14,16.18,4.94,868.14
2011-11-04,37826.47,0.0,284.39,17.76,5.57,907.16
2011-11-05,37724.3,0.0,349.28,19.42,2.32,721.9
2011-11-06,37623.49,0.0,316.3,19.8,5.11,878.53
2011-11-07,37524.09,0.0,315.21,23.15,7.82,1059.21
2011-11-08,37426.13,0.0,276.03,24.09,11.02,1313.62
2011-11-09,37329.65,3.36,184.01,20.52,9.39,1178.2
2011-11-10,37234.71,0.0,270.01,14.23,2.01,705.84
2011-11-11,37141.33,0.0,346.37,15.69,-3.17,483.4
2011-11-12,37049.57,0.0,348.05,18.39,-1.65,541.18
2011-11-13,36959.46,0.0,257.36,22.42,9.36,1175.63
2011-11-14,36871.06,3.44,103.58,22.26,15.63,1774.61
2011-11-15,36784.39,27.42,75.41,21.48,16.87,1920.82
2011-11-16,36699.5,7.48,171.76,22.75,11.81,1384.73
2011-11-17,36616.44,0.0,285.36,13.42,-0.03,609.36
2011-11-18,36535.24,0.0,324.47,14.68,-2.58,505.21
2011-11-19,36455.96,0.0,275.44,19.95,5.93,930.26
2011-11-20,36378.62,0.0,147.49,19.73,12.91,1488.18
2011-11-21,36303.28,0.0,226.16,23.62,12.53,1451.44
2011-11-22,36229.97,31.11,145.93,21.74,12.65,1462.69
2011-11-23,36158.74,0.0,197.76,16.23,7.52,1037.47
2011-11-24,36089.61,0.0,313.78,18.21,1.55,683.25
2011-11-25,36022.64,0.0,332.8,20.13,0.53,634.75
2011-11-26,35957.87,7.77,216.33,21.53,6.42,962.08
2011-11-27,35895.32,84.71,142.15,17.08,8.53,1111.39
2011-11-28,35835.04,9.35,90.39,7.29,2.39,725.48
2011-11-29,35777.06,3.86,55.06,4.16,1.54,682.5
2011-11-30,35721.42,0.0,215.28,8.5,-0.28,598.16
2011-12-01,35668.15,0.0,336.43,15.23,-4.29,444.61
2011-12-02,35617.29,0.0,334.86,17.46,-2.6,504.3
2011-12-03,35568.87,0.0,324.52,18.15,-0.73,578.92
2011-12-04,35522.91,0.0,271.48,21.06,7.32,1023.67
2011-12-05,35479.46,23.65,154.24,21.34,11.86,1389.31
2011-12-06,35438.53,28.86,156.91,17.1,7.88,1063.19
2011-12-07,35400.16,4.63,78.19,6.36,2.42,726.9
2011-12-08,35364.37,0.0,250.1,9.19,-1.48,547.86
2011-12-09,35331.18,0.0,264.65,9.6,-2.08,524.1
2011-12-10,35300.62,0.0,256.12,9.34,-1.78,536.21
2011-12-11,35272.7,0.0,293.13,9.83,-3.99,454.75
2011-12-12,35247.45,0.0,174.48,10.34,3.64,792.73
2011-12-13,35224.88,0.0,305.64,19.44,3.18,767.39
2011-12-14,35205.01,0.0,306.81,21.84,4.42,837.33
2011-12-15,35187.85,10.5,173.22,20.29,9.57,1192.55
2011-12-16,35173.41,0.32,215.42,17.18,7.73,1052.42
2011-12-17,35161.71,0.0,268.23,12.97,0.59,637.35
2011-12-18,35152.76,0.0,312.99,14.03,-3.02,489.07
2011-12-19,35146.55,0.0,306.3,14.33,-1.93,530.0
2011-12-20,35143.09,4.75,186.75,17.5,5.76,919.08
2011-12-21,35142.39,9.27,134.59,19.14,11.25,1333.82
2011-12-22,35144.45,27.59,166.05,18.77,8.69,1123.84
2011-12-23,35149.25,0.0,60.9,9.07,6.97,999.55
2011-12-24,35156.81,5.52,154.29,11.85,3.44,781.43
2011-12-25,35167.12,9.27,112.86,10.02,4.36,834.06
2011-12-26,35180.16,22.94,177.79,11.19,1.66,688.69
2011-12-27,35195.94,0.0,178.58,9.61,2.99,756.93
2011-12-28,35214.43,0.0,286.57,11.55,-1.33,554.13
2011-12-29,35235.63,0.0,319.14,14.92,-2.57,505.46
2011-12-30,35259.52,0.0,314.52,19.04,1.22,667.08
2011-12-31,35286.08,0.0,317.22,18.57,0.63,639.44
2012-01-01,35315.43,0.0,279.95,19.2,4.22,825.48
2012-01-02,35347.3,0.0,233.33,10.37,-0.37,594.59
2012-01-03,35381.78,0.0,213.4,3.08,-6.22,383.79
2012-01-04,35418.86,0.0,326.28,11.5,-7.77,340.6
2012-01-05,35458.5,0.0,322.62,16.07,-3.02,488.84
2012-01-06,35500.68,0.0,335.94,19.59,-2.76,498.58
2012-01-07,35545.38,1.45,270.87,20.03,6.19,947.09
2012-01-08,35592.56,3.36,132.28,17.17,9.23,1165.45
2012-01-09,35642.19,2.27,129.67,19.1,11.24,1333.46
2012-01-10,35694.25,19.44,56.25,15.18,12.12,1413.23
2012-01-11,35748.7,5.37,85.93,14.47,9.6,1194.8
2012-01-12,35805.5,0.0,214.37,10.39,1.16,664.32
2012-01-13,35864.63,0.0,220.36,5.01,-4.25,445.82
2012-01-14,35926.04,0.0,340.29,13.14,-6.29,381.9
2012-01-15,35989.69,0.0,329.93,14.14,-3.65,466.26
2012-01-16,36055.56,5.64,223.62,16.27,1.51,681.26
2012-01-17,36123.61,11.62,173.13,17.61,7.32,1023.62
2012-01-18,36193.78,0.0,218.13,7.68,-1.29,555.77
2012-01-19,36266.05,0.0,343.78,15.22,-3.67,465.73
2012-01-20,36340.37,12.06,192.66,18.88,7.22,1016.66
2012-01-21,36416.71,7.52,157.63,18.98,9.91,1219.97
2012-01-22,36495.01,25.03,186.82,19.06,8.03,1074.46
2012-01-23,36575.25,0.0,292.33,21.69,7.78,1056.16
2012-01-24,36657.38,0.0,329.17,18.84,2.38,724.88
2012-01-25,36741.35,3.09,262.21,23.03,3.3,773.72
2012-01-26,36827.12,58.43,180.28,18.98,8.76,1128.74
2012-01-27,36914.66,0.0,270.6,13.24,2.0,705.64
2012-01-28,37003.91,0.0,324.35,14.71,-0.02,609.62
2012-01-29,37094.85,0.0,365.75,14.17,-4.48,438.3
2012-01-30,37187.41,0.0,379.54,17.75,-3.33,477.63
2012-01-31,37281.57,0.0,356.11,18.68,1.01,656.91
2012-02-01,37377.28,12.39,131.1,15.45,8.8,1132.1
2012-02-02,37474.5,0.0,271.39,19.75,8.53,1111.24
2012-02-03,37573.18,4.19,226.67,17.95,5.4,896.51
2012-02-04,37673.28,13.48,220.72,21.04,8.91,1140.85
2012-02-05,37774.77,0.0,211.73,15.72,8.28,1093.07
2012-02-06,37877.61,0.0,296.14,15.04,4.16,821.95
2012-02-07,37981.74,0.54,360.73,15.98,0.85,649.58
2012-02-08,38087.14,0.0,305.11,13.99,2.66,739.63
2012-02-09,38193.76,0.0,301.02,11.25,0.23,620.8
2012-02-10,38301.56,0.81,295.65,11.48,0.67,640.88
2012-02-11,38410.51,0.0,241.54,5.34,-2.82,496.41
2012-02-12,38520.56,0.0,331.88,5.07,-7.1,358.8
2012-02-13,38631.69,6.34,329.49,9.54,-7.13,357.77
2012-02-14,38743.84,0.0,299.97,9.87,0.85,649.31
2012-02-15,38856.99,10.5,329.23,19.45,2.13,712.16
2012-02-16,38971.1,0.0,307.65,19.07,7.89,1063.98
2012-02-17,39086.13,0.0,335.7,17.37,4.96,869.68
2012-02-18,39202.05,21.94,241.58,14.98,3.73,797.55
2012-02-19,39318.83,3.37,194.91,11.27,2.98,756.29
2012-02-20,39436.43,0.0,420.14,16.07,-1.63,542.14
2012-02-21,39554.81,0.0,394.2,19.96,4.08,817.69
2012-02-22,39673.95,0.0,375.32,20.6,6.16,945.01
2012-02-23,39793.81,0.0,298.04,25.7,14.89,1692.37
2012-02-24,39914.37,0.0,334.53,19.0,7.62,1044.86
2012-02-25,40035.58,0.0,421.75,14.3,-1.84,533.51
2012-02-26,40157.42,0.0,428.05,17.93,0.77,645.59
2012-02-27,40279.87,0.0,342.67,19.92,8.17,1084.86
2012-02-28,40402.88,5.54,202.64,17.97,9.56,1191.76
2012-02-29,40526.44,12.22,149.27,20.82,14.88,1690.89
2012-03-01,40650.51,0.0,336.1,24.9,13.94,1591.92
2012-03-02,40775.07,33.2,262.13,26.26,14.43,1642.95
2012-03-03,40900.08,0.0,320.91,15.24,5.91,929.08
2012-03-04,41025.53,0.0,426.53,14.41,0.3,624.19
2012-03-05,41151.38,0.0,383.3,14.96,3.28,772.91
2012-03-06,41277.61,0.0,477.2,19.0,-0.09,606.52
2012-03-07,41404.19,0.0,389.44,21.76,8.94,1142.6
2012-03-08,41531.11,31.42,283.46,25.82,13.08,1504.66
2012-03-09,41658.32,0.0,315.77,15.12,6.18,946.27
2012-03-10,41785.82,0.0,484.67,20.87,1.64,687.7
2012-03-11,41913.57,1.46,385.54,20.23,8.08,1078.01
2012-03-12,42041.54,1.07,209.18,20.63,14.66,1667.78
2012-03-13,42169.73,0.0,360.83,25.67,14.16,1614.21
2012-03-14,42298.1,0.0,398.17,26.32,13.2,1516.83
2012-03-15,42426.63,0.0,442.58,28.68,12.35,1434.57
2012-03-16,42555.29,0.0,438.77,28.37,12.61,1459.62
2012-03-17,42684.07,0.0,438.95,28.96,13.04,1500.99
2012-03-18,42812.94,0.0,454.49,28.87,11.94,1396.14
2012-03-19,42941.87,0.0,445.93,29.43,12.95,1492.14
2012-03-20,43070.85,0.0,424.02,29.35,14.19,1617.41
2012-03-21,43199.86,0.0,335.16,26.96,16.49,1875.39
2012-03-22,43328.86,25.43,179.93,23.71,16.87,1920.93
2012-03-23,43457.85,30.87,240.21,24.07,14.86,1688.72
2012-03-24,43586.78,0.0,429.13,22.68,9.4,1178.93
2012-03-25,43715.65,0.0,474.84,23.77,7.73,1052.99
2012-03-26,43844.43,0.0,499.12,26.67,8.19,1086.55
2012-03-27,43973.09,0.0,500.77,28.83,9.69,1202.22
2012-03-28,44101.62,0.0,447.17,27.5,12.53,1451.13
2012-03-29,44229.99,0.0,453.4,26.93,11.62,1367.05
2012-03-30,44358.18,14.03,261.2,24.83,14.38,1637.58
2012-03-31,44486.16,1.6,374.16,26.86,15.24,1731.08
2012-04-01,44613.9,0.0,466.99,28.58,12.16,1417.06
2012-04-02,44741.4,0.0,431.05,29.0,14.42,1641.63
2012-04-03,44868.62,0.0,449.73,28.8,13.34,1530.93
2012-04-04,44995.53,0.0,399.89,27.77,14.92,1696.11
2012-04-05,45122.11,6.8,265.03,22.52,12.32,1431.26
2012-04-06,45248.35,0.0,389.87,22.16,10.81,1295.21
2012-04-07,45374.2,0.0,477.53,23.13,7.72,1052.02
2012-04-08,45499.65,0.0,488.56,24.94,8.44,1105.08
2012-04-09,45624.66,0.0,505.33,24.88,7.47,1033.88
2012-04-10,45749.22,1.49,521.3,25.45,6.63,976.21
2012-04-11,45873.29,0.0,470.6,20.96,5.93,930.07
2012-04-12,45996.85,0.0,528.66,20.9,2.11,710.89
2012-04-13,46119.86,0.0,540.18,24.95,4.25,827.34
2012-04-14,46242.31,0.0,508.58,26.56,8.06,1076.94
2012-04-15,46364.15,3.07,310.53,27.81,14.22,1620.51
2012-04-16,46485.37,12.11,261.32,26.07,15.4,1748.68
2012-04-17,46605.92,15.14,233.89,22.81,13.84,1581.19
2012-04-18,46725.79,0.0,348.36,21.93,12.04,1405.41
2012-04-19,46844.93,0.0,365.54,23.1,12.66,1464.28
2012-04-20,46963.31,0.0,342.93,22.83,13.19,1515.83
2012-04-21,47080.91,0.0,368.61,21.06,10.71,1286.97
2012-04-22,47197.69,0.0,429.58,19.63,7.18,1013.56
2012-04-23,47313.61,0.0,404.83,17.05,5.81,922.49
2012-04-24,47428.65,0.0,538.62,22.09,3.79,800.88
2012-04-25,47542.76,0.0,527.48,28.26,9.47,1184.66
2012-04-26,47655.91,0.0,436.78,28.77,15.06,1710.63
2012-04-27,47768.07,0.0,379.67,27.51,16.32,1854.62
2012-04-28,47879.2,0.0,439.18,28.44,14.87,1690.5
2012-04-29,47989.25,0.0,494.52,30.71,13.79,1576.26
2012-04-30,48098.2,0.0,505.24,31.85,13.84,1581.11
2012-05-01,48206.01,0.0,471.19,31.85,15.83,1798.14
2012-05-02,48312.63,12.98,335.13,31.73,16.95,1930.71
2012-05-03,48418.03,11.16,133.21,23.35,18.6,2142.48
2012-05-04,48522.17,0.0,397.84,29.31,17.33,1978.2
2012-05-05,48625.0,0.0,434.4,30.7,16.98,1934.37
2012-05-06,48726.5,5.68,291.14,30.12,18.3,2102.0
2012-05-07,48826.61,28.06,301.76,29.43,17.28,1970.74
2012-05-08,48925.29,7.57,321.87,28.51,15.59,1769.72
2012-05-09,49022.51,4.28,244.15,23.31,14.69,1671.01
2012-05-10,49118.22,0.0,499.75,24.6,9.56,1191.93
2012-05-11,49212.38,0.0,507.25,25.15,9.63,1197.38
2012-05-12,49304.95,24.75,290.69,25.24,14.79,1681.25
2012-05-13,49395.89,10.24,203.77,23.81,17.06,1944.49
2012-05-14,49485.15,0.0,259.01,22.77,16.61,1889.2
2012-05-15,49572.69,0.0,425.75,26.43,15.25,1732.55
2012-05-16,49658.47,0.0,482.37,28.17,14.37,1636.08
2012-05-17,49742.44,0.0,514.93,29.84,13.77,1573.89
2012-05-18,49824.57,0.0,491.01,29.77,14.88,1691.08
2012-05-19,49904.81,0.0,465.87,29.36,15.68,1780.5
2012-05-20,49983.12,0.0,465.55,30.09,16.16,1836.41
2012-05-21,50059.46,6.81,316.11,28.32,16.45,1869.84
2012-05-22,50133.79,0.0,412.8,26.56,15.3,1737.89
2012-05-23,50206.06,0.0,497.67,28.34,13.17,1513.95
2012-05-24,50276.24,0.0,530.12,31.24,13.44,1540.79
2012-05-25,50344.29,0.0,482.95,32.38,17.11,1950.81
2012-05-26,50410.16,0.0,484.14,33.67,17.93,2053.38
2012-05-27,50473.83,0.0,455.5,33.52,19.14,2216.03
2012-05-28,50535.24,0.0,424.44,33.21,20.26,2375.77
2012-05-29,50594.37,6.61,331.1,33.15,19.59,2278.46
2012-05-30,50651.18,0.0,487.48,32.72,17.2,1960.99
2012-05-31,50705.63,0.0,414.42,28.99,17.49,1997.8
2012-06-01,50757.69,2.53,284.0,26.18,16.35,1858.43
2012-06-02,50807.33,0.0,514.12,25.96,10.58,1275.95
2012-06-03,50854.52,13.94,368.03,30.01,14.88,1691.01
2012-06-04,50899.22,14.0,310.02,27.79,16.36,1859.95
2012-06-05,50941.41,0.0,401.91,29.59,18.31,2103.02
2012-06-06,50981.06,0.0,430.36,28.82,16.64,1892.62
2012-06-07,51018.14,0.0,459.27,29.24,15.81,1795.55
2012-06-08,51052.63,0.0,436.62,29.97,17.22,1964.25
2012-06-09,51084.5,3.37,281.52,27.6,17.48,1996.16
2012-06-10,51113.74,16.78,220.7,26.28,18.79,2168.15
2012-06-11,51140.32,20.66,258.44,28.58,19.46,2259.66
2012-06-12,51164.22,0.0,398.97,28.97,18.01,2064.03
2012-06-13,51185.44,0.0,412.5,30.55,18.72,2157.56
2012-06-14,51203.95,0.0,476.99,33.1,17.88,2047.29
2012-06-15,51219.74,0.0,426.19,31.37,18.81,2170.06
2012-06-16,51232.8,0.0,396.58,29.91,18.81,2170.08
2012-06-17,51243.13,0.0,464.23,30.73,16.88,1922.45
2012-06-18,51250.71,0.0,470.19,31.04,16.84,1916.96
2012-06-19,51255.53,0.0,487.67,31.74,16.49,1875.03
2012-06-20,51257.61,0.0,470.31,30.94,16.66,1894.94
2012-06-21,51256.92,0.0,483.77,32.51,17.08,1946.12
2012-06-22,51253.48,0.0,481.21,34.41,18.65,2102.35
2012-06-23,51247.29,0.0,471.24,36.05,20.35,2338.57
2012-06-24,51238.35,0.0,454.79,36.27,21.28,2500.76
2012-06-25,51226.67,0.0,451.59,36.13,21.35,2518.0
2012-06-26,51212.25,0.0,439.93,34.62,20.76,2449.37
2012-06-27,51195.11,0.0,541.59,35.06,15.29,1632.19
2012-06-28,51175.26,0.0,515.2,36.94,18.19,1983.05
2012-06-29,51152.71,0.0,493.53,39.34,21.06,2336.26
2012-06-30,51127.48,0.0,491.52,39.62,21.19,2351.64
2012-07-01,51099.58,0.0,439.7,39.53,23.64,2833.12
2012-07-02,51069.03,6.4,233.13,31.41,22.28,2688.34
2012-07-03,51035.86,0.0,437.96,36.78,21.92,2598.75
2012-07-04,51000.08,0.0,462.02,36.67,20.65,2366.54
2012-07-05,50961.73,9.23,323.63,36.46,21.73,2599.29
2012-07-06,50920.82,1.84,457.97,36.42,20.47,2358.35
2012-07-07,50877.38,0.0,365.32,33.84,22.33,2696.37
2012-07-08,50831.44,0.0,366.28,35.11,23.31,2861.43
2012-07-09,50783.04,6.8,277.68,34.7,22.79,2773.13
2012-07-10,50732.19,8.42,306.32,34.88,21.33,2536.15
2012-07-11,50678.94,24.17,223.91,29.78,20.96,2479.99
2012-07-12,50623.32,9.0,189.22,27.75,20.57,2421.52
2012-07-13,50565.35,0.0,352.13,31.28,20.64,2430.84
2012-07-14,50505.09,0.0,344.03,32.51,22.01,2643.83
2012-07-15,50442.55,0.0,362.56,32.67,21.53,2568.76
2012-07-16,50377.79,12.33,268.4,32.77,21.77,2606.13
2012-07-17,50310.83,3.27,278.39,33.89,22.25,2683.77
2012-07-18,50241.72,2.72,188.66,28.9,21.85,2619.21
2012-07-19,50170.5,0.0,389.29,33.01,21.11,2502.7
2012-07-20,50097.21,10.34,222.35,30.93,22.49,2722.44
2012-07-21,50021.88,11.81,211.48,30.97,23.07,2819.89
2012-07-22,49944.55,0.0,392.04,33.21,21.55,2570.38
2012-07-23,49865.28,0.0,417.89,34.46,21.58,2575.8
2012-07-24,49784.1,0.0,420.38,35.38,22.19,2673.58
2012-07-25,49701.05,0.0,419.07,36.03,22.74,2764.91
2012-07-26,49616.18,0.0,404.35,35.29,22.82,2778.27
2012-07-27,49529.52,3.93,277.65,33.43,22.77,2770.23
2012-07-28,49441.12,0.0,447.43,34.82,20.98,2482.43
2012-07-29,49351.03,0.0,407.39,34.24,22.35,2699.12
2012-07-30,49259.27,72.38,337.8,34.02,20.52,2413.1
2012-07-31,49165.91,54.18,283.93,30.97,20.94,2476.47
2012-08-01,49070.98,0.0,422.08,35.08,22.53,2729.65
2012-08-02,48974.51,0.0,415.63,34.21,22.2,2674.94
2012-08-03,48876.56,0.0,376.43,31.8,21.79,2608.58
2012-08-04,48777.16,0.0,410.65,33.05,21.69,2593.11
2012-08-05,48676.36,0.0,409.52,33.21,21.95,2635.43
2012-08-06,48574.2,0.0,399.98,32.97,22.11,2660.06
2012-08-07,48470.71,0.0,376.55,32.34,22.41,2709.83
2012-08-08,48365.95,9.28,292.68,32.6,22.18,2671.57
2012-08-09,48259.94,24.3,207.42,28.04,21.59,2577.18
2012-08-10,48152.72,19.28,268.06,29.21,20.5,2410.5
2012-08-11,48044.34,0.0,394.61,29.04,19.18,2221.59
2012-08-12,47934.84,0.0,487.79,29.25,15.58,1769.24
2012-08-13,47824.25,10.95,357.81,28.59,15.44,1753.87
2012-08-14,47712.61,0.0,450.65,30.4,18.01,2063.83
2012-08-15,47599.95,0.0,374.57,28.76,19.36,2245.95
2012-08-16,47486.32,5.07,336.82,31.45,18.79,2167.14
2012-08-17,47371.75,3.09,279.49,29.1,19.58,2276.8
2012-08-18,47256.27,27.16,259.1,29.09,20.43,2399.39
2012-08-19,47139.92,3.45,250.16,27.66,19.51,2267.17
2012-08-20,47022.73,0.0,436.1,28.96,17.18,1958.53
2012-08-21,46904.74,0.0,478.62,29.74,15.76,1790.04
2012-08-22,46785.97,0.0,501.72,30.61,14.95,1698.49
2012-08-23,46666.47,0.0,506.03,31.31,14.94,1698.39
2012-08-24,46546.26,0.0,483.11,31.78,16.6,1887.81
2012-08-25,46425.37,0.0,398.99,29.74,18.81,2170.93
2012-08-26,46303.84,0.0,434.33,31.65,18.82,2171.87
2012-08-27,46181.7,0.0,455.62,32.61,18.47,2125.25
2012-08-28,46058.96,25.88,228.0,29.73,21.73,2599.66
2012-08-29,45935.68,0.0,297.51,29.5,21.81,2612.03
2012-08-30,45811.86,0.0,272.18,29.21,22.28,2687.65
2012-08-31,45687.54,0.0,277.43,30.01,22.9,2791.47
2012-09-01,45562.76,8.32,235.56,30.92,22.71,2759.05
2012-09-02,45437.52,35.45,247.7,30.57,21.92,2629.72
2012-09-03,45311.87,41.64,238.82,28.55,20.57,2420.53
2012-09-04,45185.83,2.42,210.0,28.0,21.17,2512.13
2012-09-05,45059.42,0.0,308.39,29.75,21.99,2640.4
2012-09-06,44932.67,0.0,348.37,31.15,21.97,2637.51
2012-09-07,44805.6,0.0,416.23,32.35,20.29,2379.35
2012-09-08,44678.24,4.58,263.29,28.46,19.42,2254.98
2012-09-09,44550.62,0.0,474.6,26.84,12.78,1476.02
2012-09-10,44422.75,0.0,487.28,27.95,12.5,1448.55
2012-09-11,44294.67,0.0,465.92,28.75,14.33,1632.27
2012-09-12,44166.39,0.0,422.18,28.22,16.11,1829.73
2012-09-13,44037.94,0.0,421.82,27.71,15.65,1776.93
2012-09-14,43909.34,0.0,450.92,28.77,14.78,1680.7
2012-09-15,43780.62,0.0,429.96,28.88,15.88,1803.71
2012-09-16,43651.79,5.13,310.67,29.44,16.85,1918.56
2012-09-17,43522.88,52.78,227.55,28.04,19.77,2303.42
2012-09-18,43393.92,8.8,262.29,26.46,16.8,1912.55
2012-09-19,43264.93,0.0,462.96,24.08,9.59,1194.04
2012-09-20,43135.92,0.0,490.32,26.55,9.07,1152.57
2012-09-21,43006.92,0.0,476.09,27.78,10.91,1304.02
2012-09-22,42877.96,0.0,454.89,29.39,13.56,1553.18
2012-09-23,42749.06,0.0,465.13,27.06,10.89,1302.4
2012-09-24,42620.23,0.0,482.03,24.69,7.33,1024.29
2012-09-25,42491.51,0.0,468.26,27.12,9.95,1223.57
2012-09-26,42362.91,0.0,458.59,28.77,11.62,1367.53
2012-09-27,42234.45,0.0,426.38,30.11,14.59,1660.21
2012-09-28,42106.17,0.0,400.3,30.19,15.91,1806.58
2012-09-29,41978.09,0.0,334.06,28.25,17.3,1973.98
2012-09-30,41850.22,41.86,172.15,23.51,16.66,1894.89
2012-10-01,41722.59,2.0,324.84,27.75,17.04,1941.35
2012-10-02,41595.23,1.96,196.37,18.87,13.25,1521.97
2012-10-03,41468.17,0.0,397.98,23.92,10.11,1236.5
2012-10-04,41341.41,0.0,414.59,27.05,11.21,1330.31
2012-10-05,41215.0,0.0,411.79,28.32,11.93,1395.29
2012-10-06,41088.95,2.7,210.51,21.24,12.15,1415.69
2012-10-07,40963.3,0.0,214.57,15.53,9.08,1153.7
2012-10-08,40838.06,0.0,235.01,15.46,8.35,1098.16
2012-10-09,40713.27,0.0,407.41,20.59,5.45,899.83
2012-10-10,40588.95,0.0,420.8,24.16,7.16,1012.42
2012-10-11,40465.13,0.0,411.11,24.01,7.49,1035.83
2012-10-12,40341.84,0.0,361.07,26.34,12.5,1449.03
2012-10-13,40219.11,0.0,315.38,27.16,15.44,1753.17
2012-10-14,40096.96,11.64,176.29,25.38,17.19,1960.56
2012-10-15,39975.42,0.0,327.84,24.44,12.48,1446.42
2012-10-16,39854.53,0.0,391.04,22.71,7.01,1001.87
2012-10-17,39734.32,14.96,281.74,24.59,9.18,1161.6
2012-10-18,39614.81,0.0,342.84,23.81,10.4,1260.78
2012-10-19,39496.04,0.0,377.27,21.68,6.23,949.99
2012-10-20,39378.04,0.0,380.37,20.86,5.16,881.88
2012-10-21,39260.85,0.0,406.17,25.02,5.77,920.04
2012-10-22,39144.49,0.0,399.94,26.89,7.42,1030.45
2012-10-23,39029.01,0.0,378.44,26.2,8.74,1127.75
2012-10-24,38914.43,0.0,382.5,26.95,8.65,1120.75
2012-10-25,38800.79,0.0,360.92,26.3,9.86,1215.88
2012-10-26,38688.13,0.0,340.94,24.94,10.1,1235.93
2012-10-27,38576.48,0.0,164.46,13.4,7.76,1054.54
2012-10-28,38465.88,0.0,264.94,14.9,5.35,893.69
2012-10-29,38356.37,0.0,304.05,13.54,2.16,713.45
2012-10-30,38247.99,0.0,295.0,14.58,3.36,777.06
2012-10-31,38140.76,0.0,378.74,18.64,0.65,640.08
2012-11-01,38034.75,0.0,379.79,18.91,0.0,610.76
2012-11-02,37929.97,0.0,389.42,25.08,2.66,739.63
2012-11-03,37826.47,0.0,373.82,27.42,6.1,940.89
2012-11-04,37724.3,0.0,291.45,19.68,6.86,991.83
2012-11-05,37623.49,14.71,243.9,16.72,1.59,684.99
2012-11-06,37524.09,0.92,123.57,11.16,6.36,958.5
2012-11-07,37426.13,2.34,160.85,13.03,4.2,824.68
2012-11-08,37329.65,0.0,310.95,15.38,1.05,658.98
2012-11-09,37234.71,0.0,363.93,20.06,-0.36,594.81
2012-11-10,37141.33,0.0,353.72,21.57,1.79,694.95
2012-11-11,37049.57,3.58,248.67,21.78,3.91,807.78
2012-11-12,36959.46,16.07,174.58,17.1,6.58,972.7
2012-11-13,36871.06,0.0,285.01,13.42,-0.05,608.54
2012-11-14,36784.39,0.0,262.55,11.99,-0.08,607.0
2012-11-15,36699.5,0.0,281.19,16.18,2.55,733.81
2012-11-16,36616.44,0.0,318.72,17.5,0.54,635.26
2012-11-17,36535.24,0.0,325.74,17.46,-0.54,587.28
2012-11-18,36455.96,0.0,321.96,17.61,-0.31,596.93
2012-11-19,36378.62,0.0,318.1,19.34,1.3,670.97
2012-11-20,36303.28,0.0,299.44,19.62,3.28,772.57
2012-11-21,36229.97,0.0,315.79,21.3,2.93,753.74
2012-11-22,36158.74,0.0,319.97,22.03,2.78,746.05
2012-11-23,36089.61,0.0,294.86,19.71,3.36,777.09
2012-11-24,36022.64,0.0,262.97,10.52,-2.5,508.28
2012-11-25,35957.87,0.0,319.91,14.22,-4.41,440.65
2012-11-26,35895.32,11.37,241.62,18.49,-1.98,528.21
2012-11-27,35835.04,3.72,149.37,14.29,4.27,828.32
2012-11-28,35777.06,0.0,248.06,12.73,-0.24,600.05
2012-11-29,35721.42,0.0,306.82,16.11,-2.67,501.82
2012-11-30,35668.15,0.0,295.75,18.35,0.42,629.75
2012-12-01,35617.29,0.0,289.83,20.84,3.06,760.53
2012-12-02,35568.87,0.0,268.46,22.15,6.29,953.32
2012-12-03,35522.91,0.0,279.03,22.54,5.65,912.07
2012-12-04,35479.46,3.35,183.13,21.74,7.75,1054.17
2012-12-05,35438.53,0.94,116.69,17.96,12.01,1402.95
2012-12-06,35400.16,0.0,212.96,21.05,9.32,1172.38
2012-12-07,35364.37,0.0,163.87,19.31,10.62,1279.2
2012-12-08,35331.18,0.0,97.96,16.89,11.97,1398.64
2012-12-09,35300.62,17.11,110.2,19.86,12.31,1430.83
2012-12-10,35272.7,18.76,158.57,19.1,8.11,1080.5
2012-12-11,35247.45,0.0,85.4,5.13,1.5,680.48
2012-12-12,35224.88,0.0,229.74,11.8,0.52,634.22
2012-12-13,35205.01,0.0,295.34,15.19,-1.94,529.71
2012-12-14,35187.85,0.0,294.5,15.79,-1.53,545.88
2012-12-15,35173.41,5.53,192.69,17.44,3.38,778.23
2012-12-16,35161.71,37.39,83.87,16.41,11.09,1320.24
2012-12-17,35152.76,0.6,141.09,16.69,10.08,1234.04
2012-12-18,35146.55,0.0,265.65,16.12,2.3,720.98
2012-12-19,35143.09,19.25,229.38,21.03,1.77,693.97
2012-12-20,35142.39,11.94,185.19,16.91,4.42,837.03
2012-12-21,35144.45,0.0,218.58,9.34,-0.56,586.37
2012-12-22,35149.25,0.0,305.98,12.14,-4.87,425.58
2012-12-23,35156.81,16.31,218.33,12.37,-3.07,486.94
2012-12-24,35167.12,3.18,190.48,18.88,6.01,935.18
2012-12-25,35180.16,37.5,137.63,13.07,5.08,877.13
2012-12-26,35195.94,0.88,243.33,11.34,0.51,633.75
2012-12-27,35214.43,0.0,184.17,6.11,-1.34,553.58
2012-12-28,35235.63,15.73,173.37,8.08,-1.74,537.69
2012-12-29,35259.52,0.0,194.38,6.28,-1.34,553.87
2012-12-30,35286.08,0.0,261.46,7.71,-3.27,479.76
2013-01-01,35315.43,27.65,147.87,12.16,4.95,868.87
2013-01-02,35347.3,0.0,172.81,8.47,2.44,727.93
2013-01-03,35381.78,0.0,235.28,7.5,-1.11,562.99
2013-01-04,35418.86,0.0,317.55,10.36,-4.22,446.8
2013-01-05,35458.5,2.44,223.43,9.64,-2.92,492.41
2013-01-06,35500.68,0.0,283.98,10.53,-0.87,573.23
2013-01-07,35545.38,0.0,335.7,13.3,-3.84,459.89
2013-01-08,35592.56,1.35,320.14,15.2,0.25,621.98
2013-01-09,35642.19,3.54,152.34,16.08,8.65,1120.96
2013-01-10,35694.25,2.6,109.29,18.83,13.55,1551.41
2013-01-11,35748.7,9.5,88.12,20.48,16.2,1840.2
2013-01-12,35805.5,0.8,168.1,21.84,15.57,1767.92
2013-01-13,35864.63,48.28,203.25,21.16,10.0,1227.18
2013-01-14,35926.04,43.65,115.59,8.6,3.53,786.24
2013-01-15,35989.69,8.06,140.92,9.43,3.14,765.18
2013-01-16,36055.56,9.98,105.59,7.8,3.25,771.32
2013-01-17,36123.61,10.46,84.76,4.91,1.4,675.77
2013-01-18,36193.78,0.0,319.12,10.67,-2.09,524.06
2013-01-19,36266.05,0.0,355.73,14.57,-2.84,495.68
2013-01-20,36340.37,0.0,359.44,16.6,-1.65,541.25
2013-01-21,36416.71,0.0,325.21,11.68,-1.21,559.19
2013-01-22,36495.01,0.0,320.16,8.18,-3.88,458.39
2013-01-23,36575.25,0.0,351.57,12.96,-2.25,517.7
2013-01-24,36657.38,0.0,272.44,12.89,3.47,782.94
2013-01-25,36741.35,3.39,234.55,16.66,4.65,850.92
2013-01-26,36827.12,0.0,290.2,13.77,3.58,789.05
2013-01-27,36914.66,0.0,274.57,15.2,5.77,919.68
2013-01-28,37003.91,0.0,315.87,18.88,6.9,994.58
2013-01-29,37094.85,8.85,227.39,20.51,9.17,1160.93
2013-01-30,37187.41,40.29,258.7,18.88,4.9,865.92
2013-01-31,37281.57,0.0,322.9,10.94,-0.4,593.35
2013-02-01,37377.28,0.0,275.85,6.04,-2.7,500.73
2013-02-02,37474.5,3.08,282.37,10.59,-5.15,416.6
2013-02-03,37573.18,0.0,377.01,14.52,-1.35,553.43
2013-02-04,37673.28,0.0,344.55,10.82,-1.61,542.96
2013-02-05,37774.77,0.84,264.12,12.37,4.01,813.52
2013-02-06,37877.61,3.65,262.14,18.05,4.97,870.12
2013-02-07,37981.74,1.86,148.95,11.71,7.52,1037.78
2013-02-08,38087.14,4.87,203.91,11.45,3.33,775.5
2013-02-09,38193.76,0.0,415.08,17.38,-2.3,515.76
2013-02-10,38301.56,34.89,205.07,14.12,5.54,905.57
2013-02-11,38410.51,11.04,122.6,14.09,9.3,1170.78
2013-02-12,38520.56,13.03,102.73,10.32,6.56,971.59
2013-02-13,38631.69,0.0,204.29,8.86,3.19,767.81
2013-02-14,38743.84,0.0,383.58,13.56,-0.05,608.65
2013-02-15,38856.99,0.0,409.17,15.39,-0.87,573.26
2013-02-16,38971.1,0.0,321.95,8.31,-1.78,535.9
2013-02-17,39086.13,0.0,425.83,10.25,-6.92,363.79
2013-02-18,39202.05,12.37,320.28,16.34,-1.85,533.33
2013-02-19,39318.83,0.0,410.26,15.3,-0.24,600.19
2013-02-20,39436.43,0.0,363.13,8.4,-3.2,482.41
2013-02-21,39554.81,32.79,322.61,16.47,-1.03,566.43
2013-02-22,39673.95,13.82,123.35,11.04,6.53,969.64
2013-02-23,39793.81,1.73,300.96,13.58,4.76,857.61
2013-02-24,39914.37,5.56,326.98,17.56,0.49,632.99
2013-02-25,40035.58,27.25,258.86,14.12,3.53,786.59
2013-02-26,40157.42,4.24,103.88,10.32,6.71,981.83
2013-02-27,40279.87,0.0,382.17,14.74,2.82,748.11
2013-02-28,40402.88,0.0,300.26,9.46,1.3,670.99
2013-03-01,40526.44,0.0,236.49,7.28,1.31,671.34
2013-03-02,40650.51,0.0,230.59,5.47,-0.18,602.89
2013-03-03,40775.07,0.0,360.13,7.58,-2.06,524.98
2013-03-04,40900.08,0.0,490.36,17.33,-3.22,481.5
2013-03-05,41025.53,5.22,343.11,18.21,2.1,710.59
2013-03-06,41151.38,0.0,342.94,8.51,-0.35,595.29
2013-03-07,41277.61,0.0,477.97,14.09,-2.79,497.32
2013-03-08,41404.19,0.0,498.83,18.67,-2.02,526.79
2013-03-09,41531.11,0.0,466.45,19.87,2.94,754.27
2013-03-10,41658.32,0.0,395.13,23.75,10.96,1308.12
2013-03-11,41785.82,24.68,282.83,17.98,6.98,999.97
2013-03-12,41913.57,0.0,472.56,15.89,-0.3,597.31
2013-03-13,42041.54,0.0,425.1,12.07,-0.81,575.73
2013-03-14,42169.73,0.0,493.5,16.38,-2.24,518.06
2013-03-15,42298.1,0.0,518.65,24.1,-0.58,585.42
2013-03-16,42426.63,0.0,449.98,24.28,7.66,1047.94
2013-03-17,42555.29,0.0,376.35,21.83,9.81,1211.95
2013-03-18,42684.07,7.24,283.67,22.8,10.57,1275.05
2013-03-19,42812.94,0.0,430.71,18.74,4.72,855.11
2013-03-20,42941.87,0.0,409.43,16.11,3.64,792.84
2013-03-21,43070.85,3.34,310.65,11.4,-0.8,576.03
2013-03-22,43199.86,32.82,238.15,10.95,2.42,727.11
2013-03-23,43328.86,39.59,238.7,13.26,4.83,861.64
2013-03-24,43457.85,2.84,301.03,14.98,3.46,782.41
2013-03-25,43586.78,0.0,322.9,8.17,-0.22,601.1
2013-03-26,43715.65,0.0,322.12,6.77,-1.32,554.54
2013-03-27,43844.43,0.0,500.43,12.45,-3.46,473.09
2013-03-28,43973.09,0.0,524.92,17.71,-1.32,554.67
2013-03-29,44101.62,0.0,529.17,21.59,1.27,669.25
2013-03-30,44229.99,8.35,352.4,21.41,5.65,912.06
2013-03-31,44358.18,3.67,220.49,20.07,11.63,1368.41
2013-04-01,44486.16,0.0,400.67,22.85,10.27,1250.0
2013-04-02,44613.9,0.0,426.53,19.79,6.43,962.71
2013-04-03,44741.4,27.08,178.79,12.86,6.57,972.47
2013-04-04,44868.62,5.99,73.67,9.07,7.02,1002.69
2013-04-05,44995.53,0.0,452.46,18.97,5.36,894.37
2013-04-06,45122.11,0.0,547.71,23.93,2.64,738.34
2013-04-07,45248.35,0.0,523.27,24.73,5.95,931.53
2013-04-08,45374.2,0.0,480.83,25.84,9.92,1220.94
2013-04-09,45499.65,0.0,483.19,29.14,12.34,1433.54
2013-04-10,45624.66,0.0,469.4,29.8,13.61,1557.65
2013-04-11,45749.22,49.1,305.88,25.29,12.96,1493.53
2013-04-12,45873.29,0.0,462.9,21.3,7.18,1013.64
2013-04-13,45996.85,0.0,531.57,24.71,5.83,923.67
2013-04-14,46119.86,9.54,287.88,18.78,8.45,1105.26
2013-04-15,46242.31,0.0,413.94,23.11,11.47,1353.62
2013-04-16,46364.15,0.0,445.47,27.92,14.28,1626.48
2013-04-17,46485.37,0.0,441.93,29.69,15.88,1803.31
2013-04-18,46605.92,24.2,262.77,27.54,17.65,2018.34
2013-04-19,46725.79,8.61,343.53,19.11,6.33,956.11
2013-04-20,46844.93,0.0,540.43,18.05,0.95,654.19
2013-04-21,46963.31,0.0,550.13,21.89,3.09,762.49
2013-04-22,47080.91,0.0,482.09,23.07,8.27,1092.42
2013-04-23,47197.69,0.0,452.03,24.67,11.01,1313.14
2013-04-24,47313.61,6.61,253.06,19.14,10.12,1237.05
2013-04-25,47428.65,0.0,491.91,20.03,5.02,872.97
2013-04-26,47542.76,0.0,571.99,25.46,3.4,779.52
2013-04-27,47655.91,7.95,327.57,25.67,12.43,1442.5
2013-04-28,47768.07,22.27,193.07,20.58,13.9,1587.1
2013-04-29,47879.2,0.0,417.75,24.35,12.53,1451.76
2013-04-30,47989.25,0.0,520.3,27.1,9.75,1206.7
2013-05-01,48098.2,0.0,266.13,22.38,15.39,1747.31
2013-05-02,48206.01,0.0,196.31,20.51,15.6,1770.93
2013-05-03,48312.63,49.92,330.13,22.49,10.11,1236.63
2013-05-04,48418.03,13.39,305.23,15.86,5.07,876.04
2013-05-05,48522.17,11.32,298.96,15.43,5.02,873.0
2013-05-06,48625.0,14.33,214.55,13.98,7.14,1010.9
2013-05-07,48726.5,0.0,470.61,21.22,8.25,1090.98
2013-05-08,48826.61,0.0,536.96,25.47,8.35,1098.14
2013-05-09,48925.29,0.0,517.05,27.37,11.14,1324.52
2013-05-10,49022.51,0.0,384.44,24.19,14.13,1611.6
2013-05-11,49118.22,2.66,317.3,25.16,13.72,1568.47
2013-05-12,49212.38,0.0,474.36,21.38,8.52,1110.77
2013-05-13,49304.95,0.0,568.59,22.26,3.99,812.21
2013-05-14,49395.89,0.0,570.66,28.01,7.67,1048.28
2013-05-15,49485.15,0.0,552.87,29.61,10.14,1238.66
2013-05-16,49572.69,0.0,438.71,26.59,14.09,1607.0
2013-05-17,49658.47,115.0,270.86,26.09,16.39,1863.14
2013-05-18,49742.44,7.82,203.63,26.04,18.95,2189.68
2013-05-19,49824.57,0.0,354.47,27.43,17.91,2051.13
2013-05-20,49904.81,0.0,441.99,29.25,16.58,1885.44
2013-05-21,49983.12,0.0,450.8,30.64,17.48,1996.07
2013-05-22,50059.46,0.0,369.45,27.49,17.84,2041.92
2013-05-23,50133.79,0.0,445.25,29.83,17.22,1964.09
2013-05-24,50206.06,0.0,459.98,24.83,12.41,1440.62
2013-05-25,50276.24,0.0,562.07,27.58,8.86,1136.46
2013-05-26,50344.29,0.0,562.41,29.73,10.36,1257.6
2013-05-27,50410.16,0.0,508.97,29.88,14.13,1611.3
2013-05-28,50473.83,0.0,505.65,29.8,14.0,1597.24
2013-05-29,50535.24,0.0,438.35,30.66,17.78,2034.51
2013-05-30,50594.37,0.0,323.87,29.21,20.57,2420.33
2013-05-31,50651.18,0.0,329.95,30.11,21.14,2506.9
2013-06-01,50705.63,2.15,253.75,29.78,20.51,2412.54
2013-06-02,50757.69,0.0,316.72,28.89,20.45,2403.25
2013-06-03,50807.33,0.0,381.56,29.06,18.64,2148.08
2013-06-04,50854.52,0.0,469.8,31.25,16.98,1934.57
2013-06-05,50899.22,67.8,306.71,30.92,19.06,2205.17
2013-06-06,50941.41,1.73,361.13,28.64,18.82,2172.22
2013-06-07,50981.06,30.38,210.25,25.81,18.76,2163.76
2013-06-08,51018.14,0.0,409.24,28.7,17.65,2018.56
2013-06-09,51052.63,30.29,194.06,26.84,20.39,2394.86
2013-06-10,51084.5,5.55,288.85,30.38,19.95,2330.23
2013-06-11,51113.74,0.0,406.08,33.08,21.47,2559.22
2013-06-12,51140.32,0.0,449.91,33.8,20.42,2398.84
2013-06-13,51164.22,4.62,307.61,32.25,20.99,2483.7
2013-06-14,51185.44,0.0,435.71,29.65,18.18,2086.81
2013-06-15,51203.95,0.0,514.77,31.38,15.84,1798.84
2013-06-16,51219.74,8.24,350.02,31.95,18.57,2138.13
2013-06-17,51232.8,41.68,273.85,30.01,20.58,2423.02
2013-06-18,51243.13,8.66,210.76,27.09,20.34,2387.11
2013-06-19,51250.71,0.0,395.51,29.96,19.72,2297.07
2013-06-20,51255.53,0.0,426.24,30.4,19.09,2209.04
2013-06-21,51257.61,0.0,425.57,30.38,19.05,2203.6
2013-06-22,51256.92,0.0,425.52,30.08,18.84,2174.9
2013-06-23,51253.48,0.0,439.18,30.18,18.45,2122.05
2013-06-24,51247.29,3.08,254.05,28.99,20.81,2456.56
2013-06-25,51238.35,0.0,429.09,31.6,20.42,2398.15
2013-06-26,51226.67,8.68,319.53,32.57,21.39,2545.38
2013-06-27,51212.25,0.0,447.55,32.83,20.87,2466.61
2013-06-28,51195.11,9.98,276.97,30.71,21.85,2618.86
2013-06-29,51175.26,0.0,411.76,31.48,21.16,2510.76
2013-06-30,51152.71,0.0,472.94,30.93,18.34,2107.49
2013-07-01,51127.48,0.0,462.42,30.04,18.02,2064.88
2013-07-02,51099.58,7.98,339.98,29.53,17.87,2045.67
2013-07-03,51069.03,8.9,241.61,26.89,19.6,2279.82
2013-07-04,51035.86,7.62,195.4,25.71,20.11,2353.23
2013-07-05,51000.08,28.13,140.86,23.73,19.92,2325.22
2013-07-06,50961.73,13.18,101.65,23.39,20.79,2453.25
2013-07-07,50920.82,4.23,243.94,28.16,21.09,2500.0
2013-07-08,50877.38,1.23,379.69,29.89,21.25,2523.96
2013-07-09,50831.44,0.0,427.92,31.83,21.24,2522.88
2013-07-10,50783.04,7.73,320.28,31.06,20.64,2432.02
2013-07-11,50732.19,0.0,369.37,29.14,20.86,2464.22
2013-07-12,50678.94,0.0,459.07,31.26,19.78,2304.96
2013-07-13,50623.32,0.24,470.84,30.26,18.52,2131.57
2013-07-14,50565.35,6.74,302.81,29.44,20.22,2369.06
2013-07-15,50505.09,2.42,260.88,30.29,22.63,2745.4
2013-07-16,50442.55,0.0,400.45,30.81,21.72,2598.66
2013-07-17,50377.79,4.09,358.27,33.27,20.67,2435.58
2013-07-18,50310.83,0.0,437.81,31.37,20.79,2454.72
2013-07-19,50241.72,0.0,454.46,32.55,21.04,2491.45
2013-07-20,50170.5,11.96,317.58,31.1,21.04,2491.66
2013-07-21,50097.21,31.0,275.6,28.76,20.79,2454.26
2013-07-22,50021.88,16.48,294.63,28.84,20.23,2370.8
2013-07-23,49944.55,52.87,176.0,25.17,20.65,2433.21
2013-07-24,49865.28,7.41,305.67,29.11,20.16,2361.08
2013-07-25,49784.1,0.0,419.98,29.44,20.12,2353.88
2013-07-26,49701.05,0.0,491.53,29.88,17.77,2033.35
2013-07-27,49616.18,0.0,452.93,29.33,18.94,2187.71
2013-07-28,49529.52,0.0,450.84,30.48,19.85,2315.96
2013-07-29,49441.12,0.0,466.29,29.83,18.73,2159.98
2013-07-30,49351.03,5.5,393.93,31.94,17.08,1946.29
2013-07-31,49259.27,89.52,330.77,31.07,20.6,2425.76
2013-08-01,49165.91,0.0,475.41,31.05,19.21,2225.56
2013-08-02,49070.98,0.0,495.59,31.16,18.17,2084.95
2013-08-03,48974.51,44.54,358.3,30.54,18.35,2109.33
2013-08-04,48876.56,0.0,415.75,30.59,20.58,2422.26
2013-08-05,48777.16,0.0,369.0,28.84,20.38,2393.2
2013-08-06,48676.36,14.57,287.17,30.41,21.26,2525.25
2013-08-07,48574.2,9.58,308.37,32.21,21.75,2602.11
2013-08-08,48470.71,10.86,297.0,30.44,20.83,2459.68
2013-08-09,48365.95,0.0,390.63,31.04,21.51,2565.46
2013-08-10,48259.94,7.98,263.11,30.51,22.2,2675.85
2013-08-11,48152.72,0.0,418.91,32.25,21.52,2565.8
2013-08-12,48044.34,12.93,311.62,32.02,21.45,2555.0
2013-08-13,47934.84,1.51,340.44,29.9,22.0,2642.25
2013-08-14,47824.25,1.45,310.23,26.8,20.02,2340.47
2013-08-15,47712.61,0.0,401.75,26.77,17.55,2005.47
2013-08-16,47599.95,0.89,217.85,22.28,17.95,2056.74
2013-08-17,47486.32,3.69,105.71,20.95,18.34,2107.35
2013-08-18,47371.75,7.46,188.36,23.45,18.55,2135.0
2013-08-19,47256.27,0.0,390.11,28.89,20.17,2361.51
2013-08-20,47139.92,4.35,287.53,29.66,20.96,2479.81
2013-08-21,47022.73,0.0,391.17,29.69,20.74,2445.83
2013-08-22,46904.74,0.0,389.3,29.77,20.73,2444.85
2013-08-23,46785.97,8.59,327.27,31.48,20.37,2390.99
2013-08-24,46666.47,0.0,390.6,30.14,20.9,2470.02
2013-08-25,46546.26,0.0,434.98,30.24,19.44,2257.02
2013-08-26,46425.37,0.0,475.77,28.67,16.37,1860.84
2013-08-27,46303.84,0.0,506.54,30.25,15.53,1763.73
2013-08-28,46181.7,0.0,478.24,30.72,17.46,1993.29
2013-08-29,46058.96,0.0,466.44,32.64,19.38,2248.59
2013-08-30,45935.68,0.0,447.16,32.34,20.03,2341.15
2013-08-31,45811.86,0.0,436.38,34.0,21.63,2584.36
2013-09-01,45687.54,31.47,293.85,31.22,21.32,2534.79
2013-09-02,45562.76,15.39,284.22,29.07,20.02,2339.45
2013-09-03,45437.52,0.0,430.67,31.56,20.06,2346.17
2013-09-04,45311.87,0.0,465.79,31.3,17.97,2058.55
2013-09-05,45185.83,0.0,466.88,30.22,16.94,1929.6
2013-09-06,45059.42,0.0,470.81,31.26,17.24,1966.9
2013-09-07,44932.67,0.0,436.6,30.75,18.54,2133.91
2013-09-08,44805.6,0.0,463.67,32.22,17.92,2052.5
2013-09-09,44678.24,0.0,434.49,32.14,19.25,2230.98
2013-09-10,44550.62,0.0,378.11,31.28,20.92,2473.67
2013-09-11,44422.75,0.0,409.72,31.16,19.49,2264.16
2013-09-12,44294.67,0.96,455.05,32.42,17.82,2039.69
2013-09-13,44166.39,0.0,429.3,30.11,17.29,1972.63
2013-09-14,44037.94,0.0,478.38,27.57,12.31,1430.31
2013-09-15,43909.34,0.0,487.9,30.18,12.8,1477.89
2013-09-16,43780.62,0.0,444.51,30.11,15.32,1740.25
2013-09-17,43651.79,0.0,449.59,30.75,15.03,1708.05
2013-09-18,43522.88,0.0,365.06,28.58,17.33,1978.12
2013-09-19,43393.92,0.0,370.73,29.16,17.45,1992.04
2013-09-20,43264.93,16.44,301.21,30.38,16.77,1908.55
2013-09-21,43135.92,13.97,205.54,24.58,16.66,1895.35
2013-09-22,43006.92,0.0,429.89,26.68,12.12,1412.51
2013-09-23,42877.96,0.0,437.18,28.54,12.84,1481.26
2013-09-24,42749.06,1.15,198.15,22.58,16.9,1924.64
2013-09-25,42620.23,0.84,254.65,26.33,18.69,2153.67
2013-09-26,42491.51,0.0,321.77,27.51,17.49,1997.98
2013-09-27,42362.91,0.0,382.9,27.24,14.69,1670.22
2013-09-28,42234.45,0.0,407.43,26.22,12.51,1449.79
2013-09-29,42106.17,0.0,393.55,25.0,12.06,1407.78
2013-09-30,41978.09,0.0,334.15,25.43,14.99,1703.02
2013-10-01,41850.22,0.0,372.92,28.49,15.71,1784.06
2013-10-02,41722.59,0.0,373.39,28.58,15.57,1767.54
2013-10-03,41595.23,0.0,342.29,28.06,16.47,1872.66
2013-10-04,41468.17,0.0,365.03,30.05,16.94,1929.07
2013-10-05,41341.41,0.0,368.06,31.09,17.46,1993.92
2013-10-06,41215.0,18.65,266.46,27.14,14.82,1685.0
2013-10-07,41088.95,0.0,337.17,22.49,11.62,1367.21
2013-10-08,40963.3,0.0,424.73,26.0,9.43,1181.23
2013-10-09,40838.06,0.0,321.8,24.42,13.79,1575.59
2013-10-10,40713.27,0.0,369.16,27.16,13.63,1560.25
2013-10-11,40588.95,0.0,386.76,27.44,12.58,1456.8
2013-10-12,40465.13,0.0,407.57,28.23,11.39,1346.47
2013-10-13,40341.84,0.0,378.84,28.13,13.18,1514.62
2013-10-14,40219.11,0.0,365.55,27.0,13.0,1496.72
2013-10-15,40096.96,0.0,282.77,23.01,13.56,1553.18
2013-10-16,39975.42,8.92,181.29,22.88,15.01,1705.86
2013-10-17,39854.53,7.46,161.69,21.15,14.4,1639.8
2013-10-18,39734.32,0.47,331.11,20.46,9.35,1174.63
2013-10-19,39614.81,0.0,322.63,20.85,10.0,1226.92
2013-10-20,39496.04,0.0,396.02,20.06,4.84,862.4
2013-10-21,39378.04,0.0,405.74,21.36,4.51,842.62
2013-10-22,39260.85,0.0,378.1,22.73,7.69,1049.6
2013-10-23,39144.49,0.0,373.0,18.76,4.57,846.25
2013-10-24,39029.01,0.0,402.83,19.65,2.18,714.74
2013-10-25,38914.43,0.0,355.66,14.73,1.24,668.21
2013-10-26,38800.79,0.0,411.41,18.09,-1.32,554.66
2013-10-27,38688.13,3.21,291.87,22.55,4.12,819.9
2013-10-28,38576.48,2.47,185.0,20.45,11.25,1333.75
2013-10-29,38465.88,0.0,314.88,25.44,12.2,1420.22
2013-10-30,38356.37,0.0,304.68,25.56,12.69,1467.34
2013-10-31,38247.99,17.31,157.36,23.56,15.44,1752.97
2013-11-01,38140.76,0.0,263.99,23.26,12.78,1475.62
2013-11-02,38034.75,0.0,332.63,20.4,6.21,948.56
2013-11-03,37929.97,0.0,349.47,18.02,2.66,739.37
2013-11-04,37826.47,0.0,356.07,19.62,3.14,765.16
2013-11-05,37724.3,0.0,278.7,19.81,8.42,1103.35
2013-11-06,37623.49,11.7,220.23,23.12,10.26,1249.21
2013-11-07,37524.09,0.0,291.02,16.77,4.84,862.39
2013-11-08,37426.13,0.0,347.98,15.77,-0.39,593.48
2013-11-09,37329.65,0.0,313.8,15.93,2.26,718.6
2013-11-10,37234.71,0.0,323.51,21.48,6.21,948.26
2013-11-11,37141.33,0.0,355.45,22.13,3.22,769.34
2013-11-12,37049.57,0.0,284.55,13.09,1.14,663.11
2013-11-13,36959.46,0.0,327.4,11.53,-3.43,474.12
2013-11-14,36871.06,0.0,363.33,14.77,-5.18,415.39
2013-11-15,36784.39,9.62,212.1,14.71,1.9,700.2
2013-11-16,36699.5,0.97,234.22,18.3,7.87,1063.03
2013-11-17,36616.44,2.01,134.61,20.72,12.74,1472.17
2013-11-18,36535.24,0.0,275.54,20.26,7.03,1003.45
2013-11-19,36455.96,0.0,267.79,14.99,2.73,743.35
2013-11-20,36378.62,0.0,309.57,17.0,1.37,674.22
2013-11-21,36303.28,0.0,181.49,17.85,9.95,1223.43
2013-11-22,36229.97,3.55,119.23,18.34,11.49,1355.38
2013-11-23,36158.74,0.0,215.9,13.81,4.72,855.02
2013-11-24,36089.61,0.0,255.53,8.57,-2.32,514.89
2013-11-25,36022.64,46.72,179.75,7.52,-2.37,513.31
2013-11-26,35957.87,28.26,135.15,8.32,1.36,673.77
2013-11-27,35895.32,0.0,178.52,3.62,-3.12,485.43
2013-11-28,35835.04,0.0,324.48,8.23,-7.81,339.53
2013-11-29,35777.06,0.0,344.35,14.43,-6.07,388.25
2013-11-30,35721.42,0.0,326.01,14.42,-3.54,470.13
2013-12-01,35668.15,4.37,216.47,14.3,-0.02,609.83
2013-12-02,35617.29,3.11,122.75,12.97,6.1,941.08
2013-12-03,35568.87,0.0,193.85,17.9,9.45,1182.61
2013-12-04,35522.91,0.0,202.26,22.65,13.46,1542.28
2013-12-05,35479.46,4.64,108.8,24.51,17.94,2055.44
2013-12-06,35438.53,9.56,214.39,20.36,5.73,917.54
2013-12-07,35400.16,0.59,126.52,6.12,1.29,670.27
2013-12-08,35364.37,75.02,165.69,12.4,3.24,770.68
2013-12-09,35331.18,12.06,112.86,11.69,5.88,926.75
2013-12-10,35300.62,0.0,211.68,6.99,-1.15,561.6
2013-12-11,35272.7,0.0,322.52,12.79,-4.26,445.34
2013-12-12,35247.45,0.0,254.45,6.93,-3.39,475.47
2013-12-13,35224.88,12.42,229.48,10.42,-4.41,440.44
2013-12-14,35205.01,5.7,200.66,13.35,1.87,698.84
2013-12-15,35187.85,0.0,142.47,4.69,-0.27,598.71
2013-12-16,35173.41,0.0,316.52,12.67,-3.37,476.43
2013-12-17,35161.71,0.0,323.2,16.76,-1.68,540.12
2013-12-18,35152.76,0.0,296.45,11.71,-2.26,517.48
2013-12-19,35146.55,0.0,327.66,17.97,-2.23,518.62
2013-12-20,35143.09,3.34,222.57,19.39,3.83,803.27
2013-12-21,35142.39,39.09,150.66,22.76,13.81,1577.77
2013-12-22,35144.45,13.4,176.92,21.33,10.44,1264.39
2013-12-23,35149.25,0.0,201.5,9.87,1.8,695.32
2013-12-24,35156.81,0.0,205.49,4.4,-3.59,468.35
2013-12-25,35167.12,0.0,317.51,9.75,-7.08,359.2
2013-12-26,35180.16,0.0,308.62,11.75,-4.4,440.84
2013-12-27,35195.94,0.0,306.44,12.39,-3.86,459.14
2013-12-28,35214.43,34.76,113.17,6.58,0.64,639.94
2013-12-29,35235.63,0.89,200.45,11.75,3.69,795.51
2013-12-30,35259.52,0.0,146.8,7.56,2.16,713.78
2013-12-31,35286.08,0.0,201.11,7.99,0.5,633.25
2014-01-01,35315.43,7.85,179.5,10.92,-0.79,576.6
2014-01-02,35347.3,3.9,193.23,10.02,-2.84,495.62
2014-01-03,35381.78,0.0,222.17,2.88,-7.29,353.48
2014-01-04,35418.86,0.0,287.89,9.05,-5.97,391.3
2014-01-05,35458.5,5.05,221.08,12.98,-3.05,487.99
2014-01-06,35500.68,0.0,187.51,-2.17,-10.3,279.09
2014-01-07,35545.38,0.0,233.51,-3.96,-14.42,200.08
2014-01-08,35592.56,0.0,326.43,6.84,-11.84,246.93
2014-01-09,35642.19,0.89,317.29,12.15,-5.61,402.15
2014-01-10,35694.25,22.12,189.31,14.49,2.21,716.17
2014-01-11,35748.7,0.0,259.04,17.12,4.31,830.67
2014-01-12,35805.5,0.0,312.29,16.34,-0.86,573.34
2014-01-13,35864.63,13.27,154.79,11.91,2.65,739.13
2014-01-14,35926.04,0.66,251.2,15.18,3.31,774.29
2014-01-15,35989.69,0.0,229.32,8.15,-1.97,528.45
2014-01-16,36055.56,0.0,319.34,9.51,-7.03,360.59
2014-01-17,36123.61,0.0,250.97,7.98,-3.2,482.35
2014-01-18,36193.78,0.0,322.04,9.24,-7.19,356.09
2014-01-19,36266.05,0.0,298.34,12.17,-2.23,518.48
2014-01-20,36340.37,0.0,351.96,17.09,-3.84,459.65
2014-01-21,36416.71,0.0,270.54,7.69,-4.28,444.91
2014-01-22,36495.01,0.0,293.53,3.77,-9.39,300.01
2014-01-23,36575.25,0.0,288.49,3.45,-9.24,303.67
2014-01-24,36657.38,0.0,301.17,1.52,-11.82,247.18
2014-01-25,36741.35,0.0,356.34,8.64,-10.07,284.3
2014-01-26,36827.12,0.0,360.2,14.05,-5.53,404.75
2014-01-27,36914.66,0.0,320.32,11.41,-3.45,473.53
2014-01-28,37003.91,14.23,140.81,-1.77,-8.1,331.95
2014-01-29,37094.85,0.0,310.82,-2.32,-13.5,215.69
2014-01-30,37187.41,0.0,440.39,6.6,-16.09,174.13
2014-01-31,37281.57,0.0,446.56,15.27,-10.37,277.72
2014-02-01,37377.28,0.0,421.9,18.25,-3.01,489.33
2014-02-02,37474.5,47.01,281.02,19.98,3.07,761.53
2014-02-03,37573.18,0.0,227.96,9.97,1.8,695.39
2014-02-04,37673.28,12.3,262.69,14.35,0.26,622.5
2014-02-05,37774.77,0.0,301.8,11.41,0.15,617.42
2014-02-06,37877.61,0.0,155.97,3.02,-2.75,498.93
2014-02-07,37981.74,0.0,289.35,6.66,-4.8,427.77
2014-02-08,38087.14,0.0,307.57,10.77,-1.64,541.59
2014-02-09,38193.76,0.0,352.9,14.5,-1.08,564.31
2014-02-10,38301.56,5.5,98.47,5.62,1.09,660.91
2014-02-11,38410.51,11.63,80.11,2.81,-0.59,585.02
2014-02-12,38520.56,15.06,66.55,2.43,-0.19,602.42
2014-02-13,38631.69,0.0,293.92,9.18,-1.25,557.45
2014-02-14,38743.84,9.88,286.9,13.39,-2.76,498.61
2014-02-15,38856.99,0.0,329.33,10.38,-1.64,541.45
2014-02-16,38971.1,0.0,419.33,17.68,-2.37,513.29
2014-02-17,39086.13,1.2,399.44,17.63,0.16,618.06
2014-02-18,39202.05,1.39,394.07,20.76,3.44,781.73
2014-02-19,39318.83,0.0,219.18,19.28,11.72,1375.73
2014-02-20,39436.43,28.25,206.73,21.87,11.98,1399.91
2014-02-21,39554.81,0.0,376.12,17.68,3.25,770.83
2014-02-22,39673.95,0.0,421.99,18.76,0.52,633.98
2014-02-23,39793.81,0.0,427.11,21.96,2.64,738.21
2014-02-24,39914.37,0.0,359.6,16.84,3.77,799.94
2014-02-25,40035.58,8.66,232.66,13.67,3.46,782.63
2014-02-26,40157.42,0.0,256.79,6.02,-1.65,541.08
2014-02-27,40279.87,0.0,430.38,9.21,-7.08,359.34
2014-02-28,40402.88,2.45,342.81,14.04,-5.74,398.06
2014-03-01,40526.44,0.0,411.95,18.8,3.26,771.48
2014-03-02,40650.51,15.19,310.8,23.16,7.12,1009.62
2014-03-03,40775.07,6.25,314.45,13.99,-0.71,579.85
2014-03-04,40900.08,0.0,317.31,6.27,-2.83,495.71
2014-03-05,41025.53,0.0,447.91,16.25,-0.38,593.94
2014-03-06,41151.38,11.83,235.66,10.81,1.67,688.9
2014-03-07,41277.61,0.0,417.32,17.09,2.96,755.15
2014-03-08,41404.19,0.0,469.91,20.25,1.32,671.91
2014-03-09,41531.11,0.0,434.85,20.6,4.66,851.61
2014-03-10,41658.32,0.0,457.76,21.46,3.65,793.36
2014-03-11,41785.82,4.94,333.72,22.83,5.83,924.03
2014-03-12,41913.57,1.76,452.16,19.61,2.51,731.84
2014-03-13,42041.54,0.0,431.09,14.47,-0.8,576.03
2014-03-14,42169.73,0.0,478.65,19.58,-0.35,595.5
2014-03-15,42298.1,41.1,288.82,19.6,5.95,931.76
2014-03-16,42426.63,10.58,206.96,20.13,11.13,1323.28
2014-03-17,42555.29,0.09,272.19,13.03,4.71,854.5
2014-03-18,42684.07,0.0,262.69,11.79,4.07,817.05
2014-03-19,42812.94,0.0,282.08,15.58,7.27,1019.92
2014-03-20,42941.87,0.0,453.27,19.22,3.47,783.17
2014-03-21,43070.85,0.0,515.34,21.96,0.05,613.04
2014-03-22,43199.86,4.11,350.91,23.85,5.92,929.61
2014-03-23,43328.86,0.0,278.19,14.25,6.06,938.31
2014-03-24,43457.85,0.0,480.64,17.22,0.04,612.47
2014-03-25,43586.78,0.0,334.75,10.0,0.43,630.28
2014-03-26,43715.65,0.0,485.15,12.49,-4.0,454.45
2014-03-27,43844.43,30.0,375.62,20.73,1.77,694.12
2014-03-28,43973.09,12.46,185.73,17.38,10.15,1239.67
2014-03-29,44101.62,7.01,191.13,16.41,9.17,1160.84
2014-03-30,44229.99,0.0,446.7,18.52,4.27,828.79
2014-03-31,44358.18,0.0,551.42,25.81,0.94,653.81
2014-04-01,44486.16,0.0,499.64,27.04,7.89,1064.59
2014-04-02,44613.9,0.0,454.67,25.45,9.74,1205.99
2014-04-03,44741.4,9.29,266.03,26.76,15.33,1741.09
2014-04-04,44868.62,4.36,174.84,19.75,13.14,1510.95
2014-04-05,44995.53,5.99,297.38,17.84,6.03,936.53
2014-04-06,45122.11,108.63,215.35,15.66,7.8,1057.53
2014-04-07,45248.35,4.32,288.91,20.59,9.39,1178.07
2014-04-08,45374.2,1.81,446.98,19.07,5.67,913.63
2014-04-09,45499.65,0.0,438.42,19.34,6.49,966.71
2014-04-10,45624.66,0.0,548.18,24.76,3.9,807.29
2014-04-11,45749.22,0.0,497.93,24.18,7.67,1048.11
2014-04-12,45873.29,0.0,515.8,27.53,9.06,1152.28
2014-04-13,45996.85,2.48,362.49,27.1,11.02,1313.36
2014-04-14,46119.86,38.02,242.9,22.51,13.62,1558.69
2014-04-15,46242.31,6.84,311.62,14.51,3.2,768.48
2014-04-16,46364.15,0.0,547.11,18.44,-0.36,594.78
2014-04-17,46485.37,0.0,491.98,20.77,5.15,881.42
2014-04-18,46605.92,5.56,225.8,17.22,9.11,1156.41
2014-04-19,46725.79,0.0,462.68,23.96,9.53,1189.17
2014-04-20,46844.93,0.0,508.63,26.11,9.01,1148.0
2014-04-21,46963.31,0.0,515.2,26.02,8.58,1115.46
2014-04-22,47080.91,3.82,274.42,23.17,12.78,1475.8
2014-04-23,47197.69,0.0,478.12,25.15,10.12,1237.09
2014-04-24,47313.61,4.51,413.34,28.2,7.17,1013.42
2014-04-25,47428.65,0.0,428.97,25.3,12.32,1432.12
2014-04-26,47542.76,0.0,531.08,28.88,9.72,1204.82
2014-04-27,47655.91,20.3,291.53,24.33,12.93,1490.6
2014-04-28,47768.07,22.48,287.97,28.12,16.33,1855.89
2014-04-29,47879.2,17.72,239.87,25.58,16.37,1861.07
2014-04-30,47989.25,1.27,389.74,23.41,12.48,1446.51
2014-05-01,48098.2,0.0,450.15,20.76,8.07,1077.57
2014-05-02,48206.01,0.0,464.33,21.85,8.54,1112.46
2014-05-03,48312.63,0.0,550.75,24.82,5.98,933.72
2014-05-04,48418.03,0.0,557.8,30.01,8.68,1122.96
2014-05-05,48522.17,0.0,523.74,30.72,11.77,1380.43
2014-05-06,48625.0,0.0,499.67,29.68,12.34,1433.45
2014-05-07,48726.5,0.0,491.29,29.51,12.54,1452.63
2014-05-08,48826.61,0.0,490.01,30.15,13.02,1498.97
2014-05-09,48925.29,6.05,153.34,23.95,18.12,2078.19
2014-05-10,49022.51,3.11,203.06,25.34,17.66,2018.62
2014-05-11,49118.22,0.0,368.56,27.92,17.03,1940.03
2014-05-12,49212.38,0.0,408.05,29.67,17.23,1965.52
2014-05-13,49304.95,0.0,419.96,30.76,17.75,2031.17
2014-05-14,49395.89,35.7,245.53,24.16,15.19,1725.44
2014-05-15,49485.15,6.79,257.41,18.09,9.17,1161.06
2014-05-16,49572.69,0.0,475.13,20.46,6.96,998.32
2014-05-17,49658.47,3.98,382.95,22.8,7.29,1021.51
2014-05-18,49742.44,6.93,242.41,20.24,11.86,1389.32
2014-05-19,49824.57,0.0,485.02,26.11,11.37,1344.57
2014-05-20,49904.81,0.0,468.71,29.19,14.74,1675.84
2014-05-21,49983.12,0.0,467.72,30.4,15.82,1796.96
2014-05-22,50059.46,0.0,455.96,29.41,15.48,1757.29
2014-05-23,50133.79,0.0,444.55,31.56,17.71,2025.61
2014-05-24,50206.06,0.0,445.93,30.42,16.95,1931.13
2014-05-25,50276.24,0.0,448.9,31.45,17.63,2015.51
2014-05-26,50344.29,0.0,406.6,30.63,18.82,2171.23
2014-05-27,50410.16,0.0,396.08,29.81,18.52,2131.16
2014-05-28,50473.83,5.44,282.12,28.47,18.07,2072.39
2014-05-29,50535.24,12.97,232.15,26.89,18.71,2156.75
2014-05-30,50594.37,4.01,275.55,29.79,19.53,2270.09
2014-05-31,50651.18,0.0,398.24,30.59,19.2,2224.42
2014-06-01,50705.63,7.01,226.6,27.73,19.79,2307.43
2014-06-02,50757.69,0.0,265.4,26.19,19.58,2277.12
2014-06-03,50807.33,4.11,300.39,29.44,18.8,2168.93
2014-06-04,50854.52,0.0,408.52,31.0,20.03,2341.22
2014-06-05,50899.22,1.97,425.69,32.03,20.39,2393.72
2014-06-06,50941.41,9.79,306.49,29.91,19.4,2252.01
2014-06-07,50981.06,19.21,334.53,31.37,19.37,2247.45
2014-06-08,51018.14,2.8,337.57,30.97,18.74,2160.27
2014-06-09,51052.63,16.19,319.45,30.71,19.34,2243.92
2014-06-10,51084.5,13.87,294.73,29.49,19.46,2260.68
2014-06-11,51113.74,22.86,242.18,26.62,19.03,2200.12
2014-06-12,51140.32,2.89,313.69,29.02,18.41,2117.24
2014-06-13,51164.22,0.67,401.33,28.47,18.49,2127.02
2014-06-14,51185.44,0.0,466.6,30.39,17.61,2012.94
2014-06-15,51203.95,0.0,466.25,31.75,18.68,2153.42
2014-06-16,51219.74,0.0,469.79,32.45,19.12,2212.61
2014-06-17,51232.8,0.0,453.25,32.86,20.02,2340.59
2014-06-18,51243.13,0.0,397.63,31.35,20.99,2483.95
2014-06-19,51250.71,0.0,461.15,33.29,20.15,2358.77
2014-06-20,51255.53,0.0,450.51,33.46,20.77,2451.38
2014-06-21,51257.61,0.0,440.69,33.02,20.88,2468.28
2014-06-22,51256.92,4.99,325.06,32.51,20.82,2458.22
2014-06-23,51253.48,8.55,334.76,32.16,20.08,2349.05
2014-06-24,51247.29,6.54,283.95,30.47,21.12,2504.83
2014-06-25,51238.35,7.52,301.8,31.37,21.17,2511.6
2014-06-26,51226.67,13.0,232.37,28.33,21.23,2521.59
2014-06-27,51212.25,0.0,400.34,30.4,20.55,2418.01
2014-06-28,51195.11,0.0,397.47,30.77,20.91,2471.61
2014-06-29,51175.26,0.0,437.9,32.2,20.64,2431.17
2014-06-30,51152.71,0.0,431.43,33.28,21.7,2594.57
2014-07-01,51127.48,0.0,455.82,33.73,20.93,2475.26
2014-07-02,51099.58,0.0,453.23,34.07,21.13,2505.39
2014-07-03,51069.03,0.0,478.95,31.48,18.0,2063.21
2014-07-04,51035.86,0.0,508.15,30.96,16.04,1821.66
2014-07-05,51000.08,0.0,531.01,31.9,15.14,1719.56
2014-07-06,50961.73,0.0,458.66,30.97,18.2,2088.5
2014-07-07,50920.82,0.0,475.93,33.15,19.0,2196.53
2014-07-08,50877.38,0.0,440.56,33.0,20.43,2400.84
2014-07-09,50831.44,0.0,366.6,31.86,22.13,2664.45
2014-07-10,50783.04,0.0,400.13,32.18,21.29,2529.79
2014-07-11,50732.19,0.0,432.07,33.42,20.97,2481.25
2014-07-12,50678.94,0.0,432.82,33.83,21.2,2516.41
2014-07-13,50623.32,15.01,317.95,34.16,21.72,2598.67
2014-07-14,50565.35,15.33,301.48,34.2,22.61,2742.34
2014-07-15,50505.09,0.85,381.26,30.28,20.21,2368.09
2014-07-16,50442.55,0.0,459.46,28.44,15.93,1809.69
2014-07-17,50377.79,0.0,482.77,28.44,14.92,1695.44
2014-07-18,50310.83,7.02,249.13,25.49,17.48,1996.98
2014-07-19,50241.72,0.91,387.75,30.08,19.95,2329.86
2014-07-20,50170.5,0.0,383.72,30.15,20.18,2362.96
2014-07-21,50097.21,0.0,395.78,31.13,20.64,2431.17
2014-07-22,50021.88,0.0,341.52,30.59,21.9,2627.37
2014-07-23,49944.55,1.22,392.93,31.6,21.21,2518.76
2014-07-24,49865.28,0.0,409.65,32.18,21.06,2495.37
2014-07-25,49784.1,0.0,464.1,32.43,19.0,2196.34
2014-07-26,49701.05,0.0,501.93,33.99,17.88,2047.2
2014-07-27,49616.18,0.0,472.62,35.0,20.03,2342.02
2014-07-28,49529.52,0.0,432.81,32.41,19.83,2312.96
2014-07-29,49441.12,0.0,444.74,29.06,16.68,1897.28
2014-07-30,49351.03,0.0,524.94,29.7,13.03,1499.97
2014-07-31,49259.27,0.39,423.65,28.77,17.13,1952.67
2014-08-01,49165.91,0.0,414.83,30.66,19.01,2197.72
2014-08-02,49070.98,0.0,383.39,31.52,20.87,2465.63
2014-08-03,48974.51,0.0,430.68,32.44,19.92,2326.12
2014-08-04,48876.56,0.0,476.74,33.97,18.96,2190.69
2014-08-05,48777.16,0.0,495.41,34.52,18.16,2084.39
2014-08-06,48676.36,0.0,485.03,34.86,18.93,2187.22
2014-08-07,48574.2,10.22,358.54,36.6,20.28,2377.37
2014-08-08,48470.71,18.74,322.41,35.37,21.75,2602.17
2014-08-09,48365.95,16.37,276.66,32.59,21.94,2633.34
2014-08-10,48259.94,2.04,266.72,32.31,22.18,2671.75
2014-08-11,48152.72,9.58,242.99,31.44,22.5,2724.38
2014-08-12,48044.34,0.0,323.59,31.08,22.28,2687.57
2014-08-13,47934.84,0.0,453.84,29.83,16.61,1889.15
2014-08-14,47824.25,0.0,489.06,30.37,15.13,1718.84
2014-08-15,47712.61,0.0,485.47,31.75,16.23,1844.22
2014-08-16,47599.95,0.0,470.72,33.14,17.92,2052.22
2014-08-17,47486.32,0.0,440.61,33.79,19.68,2291.58
2014-08-18,47371.75,17.34,271.11,32.62,21.85,2618.77
2014-08-19,47256.27,8.72,266.6,32.57,21.97,2638.19
2014-08-20,47139.92,0.0,408.35,34.78,21.64,2584.68
2014-08-21,47022.73,0.0,399.88,35.31,22.24,2681.9
2014-08-22,46904.74,0.0,398.96,35.71,22.47,2718.76
2014-08-23,46785.97,0.0,387.38,35.33,22.6,2740.9
2014-08-24,46666.47,7.98,267.04,34.38,23.06,2817.99
2014-08-25,46546.26,0.0,318.29,31.61,22.21,2677.59
2014-08-26,46425.37,0.0,426.25,32.43,18.86,2177.33
2014-08-27,46303.84,0.0,463.11,33.35,17.55,2005.02
2014-08-28,46181.7,0.0,461.4,34.67,18.4,2115.46
2014-08-29,46058.96,0.0,459.28,34.04,18.02,2065.31
2014-08-30,45935.68,10.28,276.31,32.81,21.17,2512.23
2014-08-31,45811.86,0.0,345.62,31.92,21.3,2531.39
2014-09-01,45687.54,0.0,363.12,33.28,21.69,2592.46
2014-09-02,45562.76,6.88,278.53,33.87,21.77,2606.34
2014-09-03,45437.52,5.12,237.66,31.69,22.05,2651.15
2014-09-04,45311.87,0.0,308.73,30.7,21.61,2579.87
2014-09-05,45185.83,6.63,245.71,30.68,21.05,2493.74
2014-09-06,45059.42,3.51,271.0,31.88,20.93,2475.43
2014-09-07,44932.67,16.7,269.55,32.01,21.13,2505.59
2014-09-08,44805.6,0.0,370.18,31.69,20.42,2398.25
2014-09-09,44678.24,0.0,316.31,30.54,21.33,2537.05
2014-09-10,44550.62,0.0,321.27,31.05,21.54,2570.09
2014-09-11,44422.75,7.8,257.82,33.36,22.53,2729.43
2014-09-12,44294.67,37.15,250.85,32.37,22.09,2656.91
2014-09-13,44166.39,0.0,296.22,26.55,18.47,2124.5
2014-09-14,44037.94,0.0,425.07,29.39,16.1,1829.23
2014-09-15,43909.34,28.11,249.85,29.14,19.61,2281.2
2014-09-16,43780.62,0.0,330.13,29.93,20.46,2404.93
2014-09-17,43651.79,0.0,386.42,28.76,17.32,1976.87
2014-09-18,43522.88,0.0,416.1,28.83,15.93,1808.8
2014-09-19,43393.92,0.0,379.3,30.15,18.58,2139.93
2014-09-20,43264.93,0.0,367.2,28.51,17.71,2025.87
2014-09-21,43135.92,3.32,328.41,31.24,16.19,1839.39
2014-09-22,43006.92,0.0,397.95,26.37,14.48,1647.88
2014-09-23,42877.96,0.0,463.63,26.97,11.01,1312.65
2014-09-24,42749.06,0.0,415.08,26.66,13.47,1543.51
2014-09-25,42620.23,0.0,445.18,28.63,13.03,1500.07
2014-09-26,42491.51,0.0,385.81,26.94,14.96,1699.98
2014-09-27,42362.91,0.0,324.55,26.09,16.73,1903.77
2014-09-28,42234.45,0.0,322.02,26.35,17.13,1953.23
2014-09-29,42106.17,0.0,318.07,27.71,18.43,2119.63
2014-09-30,41978.09,0.0,402.59,29.47,16.07,1825.62
2014-10-01,41850.22,0.0,428.92,30.19,14.63,1664.33
2014-10-02,41722.59,24.59,290.42,28.68,15.84,1799.35
2014-10-03,41595.23,0.0,352.03,23.7,13.19,1515.23
2014-10-04,41468.17,0.0,400.89,21.63,9.0,1147.34
2014-10-05,41341.41,0.0,457.49,22.8,5.63,911.12
2014-10-06,41215.0,0.0,418.97,26.01,10.87,1300.47
2014-10-07,41088.95,0.0,399.5,27.83,13.31,1527.3
2014-10-08,40963.3,0.0,357.11,30.21,17.36,1981.62
2014-10-09,40838.06,0.0,367.42,30.38,16.71,1901.51
2014-10-10,40713.27,14.43,239.66,29.29,18.01,2064.37
2014-10-11,40588.95,9.9,214.44,28.83,18.99,2194.33
2014-10-12,40465.13,10.88,211.37,28.19,18.52,2131.86
2014-10-13,40341.84,68.31,205.52,26.69,17.44,1991.92
2014-10-14,40219.11,7.79,151.76,20.39,14.25,1624.03
2014-10-15,40096.96,0.0,245.26,19.35,11.88,1390.89
2014-10-16,39975.42,0.0,333.56,21.26,10.14,1239.23
2014-10-17,39854.53,0.0,402.69,25.4,9.06,1152.5
2014-10-18,39734.32,0.0,337.68,21.99,10.27,1249.42
2014-10-19,39614.81,0.0,378.23,22.24,7.94,1067.75
2014-10-20,39496.04,0.0,393.95,22.24,6.43,962.88
2014-10-21,39378.04,0.0,387.31,23.1,7.41,1029.97
2014-10-22,39260.85,0.0,371.41,21.53,7.0,1001.51
2014-10-23,39144.49,0.0,396.15,22.22,5.34,892.73
2014-10-24,39029.01,0.0,380.53,23.54,7.44,1031.75
2014-10-25,38914.43,0.0,410.32,25.09,4.9,866.13
2014-10-26,38800.79,0.0,380.37,27.65,9.74,1206.49
2014-10-27,38688.13,0.0,342.73,26.86,11.88,1391.22
2014-10-28,38576.48,10.73,205.7,23.15,12.44,1442.72
2014-10-29,38465.88,0.0,259.29,19.1,9.41,1179.46
2014-10-30,38356.37,0.0,341.4,18.47,4.34,832.68
2014-10-31,38247.99,1.25,305.85,15.26,3.52,786.06
2014-11-01,38140.76,0.0,270.36,11.14,1.36,673.61
2014-11-02,38034.75,0.0,372.86,14.87,-1.96,528.97
2014-11-03,37929.97,0.0,383.31,19.43,0.16,617.79
2014-11-04,37826.47,0.0,346.14,19.93,4.19,823.82
2014-11-05,37724.3,4.68,205.46,19.28,8.15,1083.43
2014-11-06,37623.49,0.0,273.0,19.49,8.42,1103.27
2014-11-07,37524.09,0.0,259.07,14.44,4.44,838.39
2014-11-08,37426.13,0.0,343.97,17.08,1.36,673.74
2014-11-09,37329.65,0.0,345.09,17.03,0.83,648.72
2014-11-10,37234.71,0.0,368.1,20.58,0.42,629.48
2014-11-11,37141.33,0.0,336.1,20.63,3.75,798.66
2014-11-12,37049.57,0.0,200.73,12.43,4.36,833.71
2014-11-13,36959.46,0.0,146.96,5.19,-0.43,591.65
2014-11-14,36871.06,0.0,264.12,6.45,-4.63,433.15
2014-11-15,36784.39,0.0,331.53,11.83,-4.58,435.0
2014-11-16,36699.5,93.9,157.25,13.06,4.27,828.34
2014-11-17,36616.44,0.0,252.91,9.68,-1.13,562.5
2014-11-18,36535.24,0.0,244.17,4.2,-5.91,393.17
2014-11-19,36455.96,0.0,343.34,10.41,-7.73,341.5
2014-11-20,36378.62,0.0,333.2,16.23,-1.71,538.84
2014-11-21,36303.28,0.0,324.79,18.18,0.62,638.58
2014-11-22,36229.97,5.36,220.32,18.53,3.65,793.25
2014-11-23,36158.74,21.45,139.91,18.53,10.23,1246.76
2014-11-24,36089.61,0.0,224.7,19.07,8.97,1145.4
2014-11-25,36022.64,0.0,226.91,15.07,5.28,888.9
2014-11-26,35957.87,0.0,243.82,12.22,1.75,692.82
2014-11-27,35895.32,0.0,226.91,10.47,0.95,654.38
2014-11-28,35835.04,0.0,308.95,12.61,-2.9,493.28
2014-11-29,35777.06,0.0,317.25,16.61,-0.54,586.97
2014-11-30,35721.42,0.0,279.05,21.96,7.53,1038.61
2014-12-01,35668.15,0.0,246.95,21.63,9.48,1185.0
2014-12-02,35617.29,0.0,247.75,20.61,8.56,1113.89
2014-12-03,35568.87,0.0,251.12,20.7,8.53,1111.75
2014-12-04,35522.91,5.09,196.17,23.06,9.72,1204.1
2014-12-05,35479.46,47.92,144.63,20.91,12.07,1408.02
2014-12-06,35438.53,8.46,147.73,17.92,9.11,1155.88
2014-12-07,35400.16,0.0,177.52,13.42,5.88,926.87
2014-12-08,35364.37,0.0,230.16,12.4,2.36,723.82
2014-12-09,35331.18,0.0,257.74,12.29,0.67,640.87
2014-12-10,35300.62,0.0,242.21,8.78,-1.45,549.25
2014-12-11,35272.7,0.0,295.28,11.3,-2.9,493.23
2014-12-12,35247.45,0.0,302.4,12.3,-3.07,486.95
2014-12-13,35224.88,0.0,300.05,12.76,-2.8,496.87
2014-12-14,35205.01,0.0,288.51,13.71,-0.94,570.4
2014-12-15,35187.85,6.6,229.19,16.54,-0.71,579.99
2014-12-16,35173.41,0.0,260.21,13.53,1.05,659.1
2014-12-17,35161.71,0.0,199.99,8.81,0.23,620.91
2014-12-18,35152.76,0.0,193.82,8.68,0.44,630.37
2014-12-19,35146.55,4.41,173.22,9.54,-0.57,585.9
2014-12-20,35143.09,0.0,220.31,10.86,1.52,681.64
2014-12-21,35142.39,0.0,242.84,12.16,1.64,687.64
2014-12-22,35144.45,7.59,113.27,12.88,6.93,996.66
2014-12-23,35149.25,63.41,98.57,15.26,10.07,1232.74
2014-12-24,35156.81,2.88,145.76,13.55,5.77,920.14
2014-12-25,35167.12,0.0,268.26,11.9,0.13,616.58
2014-12-26,35180.16,2.86,219.55,13.32,-0.84,574.41
2014-12-27,35195.94,62.11,177.85,14.41,4.28,828.91
2014-12-28,35214.43,8.04,94.03,13.51,8.75,1128.1
2014-12-29,35235.63,0.0,158.66,11.99,6.16,944.95
2014-12-30,35259.52,0.0,187.76,7.72,1.03,657.78
2014-12-31,35286.08,0.0,250.36,7.75,-1.72,538.53
2015-01-01,35315.43,11.29,196.81,10.53,-0.94,570.19
2015-01-02,35347.3,13.15,155.1,11.37,2.99,757.11
2015-01-03,35381.78,65.53,173.35,18.37,8.27,1092.1
2015-01-04,35418.86,0.0,196.03,15.51,7.5,1036.19
2015-01-05,35458.5,0.0,190.46,7.41,0.07,613.79
2015-01-06,35500.68,0.0,300.91,10.7,-3.31,478.31
2015-01-07,35545.38,0.0,256.47,3.34,-7.01,361.3
2015-01-08,35592.56,0.0,305.36,0.58,-12.96,225.45
2015-01-09,35642.19,0.0,306.76,3.59,-10.1,283.69
2015-01-10,35694.25,0.0,318.9,7.51,-7.5,347.79
2015-01-11,35748.7,0.8,305.75,10.0,-3.82,460.5
2015-01-12,35805.5,1.92,187.46,11.18,4.06,816.18
2015-01-13,35864.63,0.47,107.35,7.35,3.53,786.63
2015-01-14,35926.04,0.0,119.44,5.11,0.9,651.75
2015-01-15,35989.69,0.9,154.87,5.11,-0.42,592.49
2015-01-16,36055.56,0.0,330.39,12.74,-3.04,488.23
2015-01-17,36123.61,0.0,348.89,15.99,-2.71,500.37
2015-01-18,36193.78,0.0,327.32,15.64,0.21,620.0
2015-01-19,36266.05,0.0,361.7,19.24,-2.33,514.74
2015-01-20,36340.37,0.0,338.99,17.03,0.46,631.55
2015-01-21,36416.71,0.0,325.96,15.45,0.76,645.18
2015-01-22,36495.01,23.57,187.31,9.87,0.55,635.42
2015-01-23,36575.25,9.68,119.5,9.66,4.1,818.63
2015-01-24,36657.38,0.0,243.63,8.67,-0.14,604.67
2015-01-25,36741.35,3.21,254.86,14.05,-1.17,560.75
2015-01-26,36827.12,0.0,226.44,9.83,1.84,697.41
2015-01-27,36914.66,0.0,338.35,13.46,-0.97,568.83
2015-01-28,37003.91,0.0,340.41,12.53,-1.79,535.46
2015-01-29,37094.85,0.0,358.56,16.54,0.14,616.9
2015-01-30,37187.41,0.0,306.85,11.0,-0.55,586.67
2015-01-31,37281.57,0.0,375.33,14.8,-3.05,487.87
2015-02-01,37377.28,10.02,193.76,14.09,4.75,856.74
2015-02-02,37474.5,0.0,330.6,10.31,-2.54,506.64
2015-02-03,37573.18,0.0,356.27,9.58,-5.16,416.1
2015-02-04,37673.28,0.0,308.75,8.97,-2.54,506.53
2015-02-05,37774.77,0.0,331.97,10.13,-2.64,503.0
2015-02-06,37877.61,0.0,399.12,14.49,-5.33,410.74
2015-02-07,37981.74,0.0,408.74,19.12,-3.47,472.91
2015-02-08,38087.14,2.21,257.42,18.58,4.05,815.72
2015-02-09,38193.76,0.0,299.53,15.96,4.66,851.44
2015-02-10,38301.56,0.0,287.28,9.53,-0.58,585.35
2015-02-11,38410.51,0.0,398.46,15.02,-3.34,477.52
2015-02-12,38520.56,0.0,296.57,7.99,-2.72,500.06
2015-02-13,38631.69,0.0,320.54,7.56,-4.4,440.91
2015-02-14,38743.84,0.0,418.04,16.01,-5.09,418.35
2015-02-15,38856.99,0.0,305.83,5.77,-5.42,408.02
2015-02-16,38971.1,42.92,257.29,10.2,-2.95,491.33
2015-02-17,39086.13,0.0,185.31,1.58,-4.35,442.5
2015-02-18,39202.05,0.0,288.75,2.72,-6.72,369.3
2015-02-19,39318.83,0.0,345.1,1.16,-10.5,274.73
2015-02-20,39436.43,2.6,312.84,5.66,-7.7,342.32
2015-02-21,39554.81,22.39,304.43,13.06,-0.2,601.87
2015-02-22,39673.95,10.08,160.92,10.65,3.92,808.14
2015-02-23,39793.81,1.37,196.85,5.12,-0.78,576.89
2015-02-24,39914.37,0.0,234.44,5.57,-1.37,552.38
2015-02-25,40035.58,25.01,113.55,2.51,-1.72,538.6
2015-02-26,40157.42,0.0,200.42,2.95,-2.6,504.28
2015-02-27,40279.87,0.0,334.68,6.9,-3.05,487.79
2015-02-28,40402.88,0.0,446.86,14.93,-2.09,523.73
2015-03-01,40526.44,2.66,177.89,12.8,6.13,942.83
2015-03-02,40650.51,11.66,150.0,13.54,8.15,1083.52
2015-03-03,40775.07,7.01,269.31,20.66,9.45,1182.6
2015-03-04,40900.08,15.22,309.62,21.32,7.27,1020.27
2015-03-05,41025.53,4.68,305.05,8.58,-3.63,467.17
2015-03-06,41151.38,0.0,475.73,10.35,-6.75,368.41
2015-03-07,41277.61,0.0,503.36,17.53,-5.36,410.02
2015-03-08,41404.19,1.79,499.02,18.88,-2.77,498.07
2015-03-09,41531.11,7.33,292.89,18.35,6.44,963.38
2015-03-10,41658.32,14.5,261.05,21.52,11.29,1337.14
2015-03-11,41785.82,3.36,193.55,20.57,13.55,1551.46
2015-03-12,41913.57,7.27,226.32,20.05,11.82,1385.43
2015-03-13,42041.54,3.61,197.9,17.44,10.77,1292.09
2015-03-14,42169.73,0.72,351.98,20.07,10.61,1278.04
2015-03-15,42298.1,0.0,450.2,24.59,9.94,1222.78
2015-03-16,42426.63,0.0,514.17,26.84,4.44,838.67
2015-03-17,42555.29,0.0,494.89,26.68,7.63,1045.54
2015-03-18,42684.07,5.53,322.37,24.48,11.13,1323.41
2015-03-19,42812.94,1.09,340.31,20.5,11.37,1344.73
2015-03-20,42941.87,1.76,317.27,19.95,11.66,1370.94
2015-03-21,43070.85,6.23,198.76,18.09,11.53,1358.89
2015-03-22,43199.86,21.78,121.15,14.4,10.75,1290.22
2015-03-23,43328.86,0.0,328.17,18.4,10.46,1265.35
2015-03-24,43457.85,0.0,476.93,21.1,6.8,987.45
2015-03-25,43586.78,0.0,494.54,25.37,8.65,1120.86
2015-03-26,43715.65,2.82,326.86,23.35,10.56,1274.42
2015-03-27,43844.43,0.0,372.84,13.92,4.45,839.13
2015-03-28,43973.09,0.0,416.07,11.09,0.21,620.14
2015-03-29,44101.62,15.11,391.53,16.56,-0.87,573.33
2015-03-30,44229.99,0.0,515.22,22.52,4.84,862.1
2015-03-31,44358.18,14.47,379.01,25.63,7.75,1054.1
2015-04-01,44486.16,0.0,463.23,25.9,10.73,1288.42
2015-04-02,44613.9,11.41,290.1,25.67,14.1,1608.49
2015-04-03,44741.4,14.11,281.97,25.87,14.81,1684.05
2015-04-04,44868.62,0.0,429.49,20.48,8.06,1076.47
2015-04-05,44995.53,0.0,522.9,21.37,3.62,791.38
2015-04-06,45122.11,6.92,214.29,20.77,13.46,1542.1
2015-04-07,45248.35,0.0,395.74,25.72,14.79,1681.32
2015-04-08,45374.2,0.0,469.46,28.54,13.84,1581.53
2015-04-09,45499.65,31.55,326.24,28.58,15.54,1764.26
2015-04-10,45624.66,13.14,236.27,23.66,15.48,1757.88
2015-04-11,45749.22,0.0,489.13,24.76,9.69,1202.26
2015-04-12,45873.29,5.89,373.57,24.55,8.74,1127.7
2015-04-13,45996.85,38.22,172.26,22.0,16.13,1832.69
2015-04-14,46119.86,5.03,235.39,24.86,16.59,1887.55
2015-04-15,46242.31,0.0,289.19,24.8,17.53,2003.25
2015-04-16,46364.15,25.83,203.99,20.32,14.04,1601.43
2015-04-17,46485.37,16.31,175.41,19.11,13.94,1591.08
2015-04-18,46605.92,28.47,247.36,23.24,15.48,1757.84
2015-04-19,46725.79,11.31,239.14,23.6,16.14,1833.39
2015-04-20,46844.93,0.0,384.46,22.16,13.0,1496.9
2015-04-21,46963.31,0.0,518.52,22.15,7.39,1028.19
2015-04-22,47080.91,0.0,542.75,23.94,7.0,1001.3
2015-04-23,47197.69,0.0,439.23,20.49,9.4,1178.6
2015-04-24,47313.61,39.19,400.66,23.75,7.65,1047.25
2015-04-25,47428.65,3.63,339.66,25.34,13.19,1516.09
2015-04-26,47542.76,0.0,469.46,25.95,12.97,1494.28
2015-04-27,47655.91,0.0,442.9,19.96,8.84,1135.19
2015-04-28,47768.07,8.18,384.97,22.43,8.07,1077.16
2015-04-29,47879.2,0.0,436.42,20.13,9.52,1188.52
2015-04-30,47989.25,0.0,534.43,23.43,8.11,1080.65
2015-05-01,48098.2,0.0,525.47,21.79,7.37,1027.25
2015-05-02,48206.01,0.0,562.91,25.11,7.19,1014.22
2015-05-03,48312.63,0.0,563.53,27.17,8.42,1103.14
2015-05-04,48418.03,0.0,547.07,28.04,10.29,1251.16
2015-05-05,48522.17,0.0,511.49,27.11,12.04,1405.49
2015-05-06,48625.0,0.0,525.69,28.54,12.05,1406.81
2015-05-07,48726.5,0.0,540.59,30.41,12.11,1412.43
2015-05-08,48826.61,0.0,529.86,31.03,13.26,1522.31
2015-05-09,48925.29,0.0,501.36,31.29,15.21,1727.68
2015-05-10,49022.51,0.0,471.79,31.76,16.95,1930.6
2015-05-11,49118.22,0.0,405.57,29.86,18.29,2100.48
2015-05-12,49212.38,0.0,301.85,26.93,19.13,2213.73
2015-05-13,49304.95,0.0,496.93,29.15,13.81,1577.72
2015-05-14,49395.89,0.0,526.16,29.28,11.94,1396.64
2015-05-15,49485.15,3.85,258.13,27.37,17.92,2053.16
2015-05-16,49572.69,8.13,238.57,28.19,19.4,2251.27
2015-05-17,49658.47,1.53,338.09,28.68,19.15,2217.24
2015-05-18,49742.44,0.0,341.59,28.87,19.17,2220.19
2015-05-19,49824.57,0.0,360.19,29.77,19.3,2237.37
2015-05-20,49904.81,0.0,375.36,28.7,17.86,2045.15
2015-05-21,49983.12,0.0,367.67,22.06,12.33,1432.97
2015-05-22,50059.46,0.0,508.36,24.92,9.42,1180.53
2015-05-23,50133.79,0.0,533.15,28.96,10.91,1304.22
2015-05-24,50206.06,11.06,327.63,27.87,15.01,1705.45
2015-05-25,50276.24,2.45,253.92,27.24,17.89,2048.84
2015-05-26,50344.29,4.53,229.42,25.99,17.82,2039.4
2015-05-27,50410.16,29.22,287.21,29.24,18.31,2103.03
2015-05-28,50473.83,18.15,210.9,25.85,18.49,2127.5
2015-05-29,50535.24,2.58,290.25,28.99,18.13,2079.21
2015-05-30,50594.37,0.0,426.91,29.82,17.48,1996.27
2015-05-31,50651.18,8.06,286.9,28.59,18.08,2073.58
2015-06-01,50705.63,3.48,257.3,26.57,17.71,2025.8
2015-06-02,50757.69,0.0,398.02,27.44,16.99,1934.93
2015-06-03,50807.33,0.0,432.45,27.42,15.95,1811.08
2015-06-04,50854.52,0.0,421.12,28.73,17.55,2004.94
2015-06-05,50899.22,0.0,474.98,30.94,17.28,1971.71
2015-06-06,50941.41,0.0,478.06,32.03,18.07,2072.52
2015-06-07,50981.06,0.0,486.04,32.45,18.08,2073.7
2015-06-08,51018.14,3.94,299.69,31.21,20.71,2441.22
2015-06-09,51052.63,13.05,298.08,30.82,20.55,2418.33
2015-06-10,51084.5,0.0,425.35,30.15,19.09,2209.16
2015-06-11,51113.74,14.66,308.79,30.36,19.65,2286.38
2015-06-12,51140.32,1.5,395.86,30.85,20.71,2441.52
2015-06-13,51164.22,0.0,452.64,32.32,19.96,2330.95
2015-06-14,51185.44,0.0,471.96,33.08,19.58,2277.45
2015-06-15,51203.95,0.0,471.3,34.41,20.42,2399.02
2015-06-16,51219.74,0.0,460.4,34.91,21.18,2513.13
2015-06-17,51232.8,0.0,457.43,34.96,21.25,2524.11
2015-06-18,51243.13,0.0,401.31,33.46,22.33,2696.57
2015-06-19,51250.71,2.55,286.49,33.5,23.01,2810.78
2015-06-20,51255.53,7.32,278.16,33.22,23.14,2832.87
2015-06-21,51257.61,0.0,413.94,34.2,22.54,2730.61
2015-06-22,51256.92,0.0,454.13,35.09,21.68,2591.82
2015-06-23,51253.48,9.34,329.31,35.18,22.38,2704.8
2015-06-24,51247.29,0.0,421.88,35.08,22.94,2798.59
2015-06-25,51238.35,10.33,335.62,34.24,21.15,2509.43
2015-06-26,51226.67,18.23,259.59,31.16,22.25,2683.09
2015-06-27,51212.25,0.44,317.09,29.8,21.87,2622.56
2015-06-28,51195.11,0.0,455.81,30.49,17.96,2057.23
2015-06-29,51175.26,0.0,497.08,30.91,16.35,1857.86
2015-06-30,51152.71,3.64,272.68,28.66,19.53,2269.62
2015-07-01,51127.48,7.19,291.71,30.17,20.01,2339.02
2015-07-02,51099.58,13.51,293.75,30.34,20.07,2347.47
2015-07-03,51069.03,56.63,173.17,26.31,20.92,2473.11
2015-07-04,51035.86,7.64,268.74,28.82,19.97,2332.29
2015-07-05,51000.08,0.0,339.11,28.22,20.08,2349.36
2015-07-06,50961.73,0.0,361.58,29.6,20.76,2450.19
2015-07-07,50920.82,0.0,444.03,32.85,20.73,2445.19
2015-07-08,50877.38,0.0,427.15,33.45,21.81,2612.46
2015-07-09,50831.44,0.0,444.33,34.4,21.77,2605.28
2015-07-10,50783.04,0.0,439.0,33.99,21.64,2585.81
2015-07-11,50732.19,0.0,443.41,34.41,21.72,2597.49
2015-07-12,50678.94,0.0,439.08,34.38,21.82,2613.27
2015-07-13,50623.32,0.0,426.14,34.56,22.47,2719.97
2015-07-14,50565.35,5.32,329.32,34.69,22.05,2650.72
2015-07-15,50505.09,11.65,340.44,33.81,20.79,2454.07
2015-07-16,50442.55,0.0,416.36,32.99,21.72,2597.91
2015-07-17,50377.79,0.0,451.18,34.78,21.69,2593.8
2015-07-18,50310.83,0.0,429.01,34.16,22.13,2664.05
2015-07-19,50241.72,0.0,391.47,33.01,22.59,2738.62
2015-07-20,50170.5,0.0,422.81,35.18,23.05,2816.3
2015-07-21,50097.21,0.0,384.38,33.69,23.32,2862.96
2015-07-22,50021.88,0.0,394.84,32.69,22.24,2682.37
2015-07-23,49944.55,12.27,247.71,30.86,22.74,2764.52
2015-07-24,49865.28,0.0,387.54,32.76,22.68,2754.22
2015-07-25,49784.1,0.0,455.92,34.03,21.08,2497.71
2015-07-26,49701.05,13.51,320.13,34.38,22.43,2713.22
2015-07-27,49616.18,0.0,433.83,34.1,21.86,2619.78
2015-07-28,49529.52,4.07,313.3,34.08,22.44,2714.72
2015-07-29,49441.12,5.36,308.43,34.5,23.07,2820.48
2015-07-30,49351.03,0.0,447.91,34.39,21.44,2553.88
2015-07-31,49259.27,0.0,433.12,33.17,21.1,2501.75
2015-08-01,49165.91,0.0,504.96,34.26,18.13,2080.27
2015-08-02,49070.98,0.0,508.89,34.98,18.0,2062.4
2015-08-03,48974.51,0.0,513.89,35.59,17.75,2030.6
2015-08-04,48876.56,0.0,487.13,36.49,19.76,2302.89
2015-08-05,48777.16,0.0,449.06,35.84,21.23,2520.58
2015-08-06,48676.36,23.36,200.2,29.13,22.09,2658.1
2015-08-07,48574.2,0.0,310.25,30.42,22.08,2655.58
2015-08-08,48470.71,0.0,421.45,33.43,20.83,2459.96
2015-08-09,48365.95,0.0,442.46,35.71,21.53,2568.48
2015-08-10,48259.94,22.53,313.34,34.53,21.7,2594.22
2015-08-11,48152.72,0.0,378.6,32.76,21.83,2615.83
2015-08-12,48044.34,0.0,399.98,31.95,20.42,2398.84
2015-08-13,47934.84,0.0,469.83,31.94,17.37,1982.2
2015-08-14,47824.25,0.0,394.86,31.57,20.25,2373.36
2015-08-15,47712.61,0.0,394.34,32.61,21.08,2498.06
2015-08-16,47599.95,7.45,273.29,31.43,21.18,2512.88
2015-08-17,47486.32,48.16,169.21,27.1,21.4,2548.0
2015-08-18,47371.75,6.27,202.71,29.39,22.35,2699.23
2015-08-19,47256.27,7.37,239.74,31.36,22.72,2760.68
2015-08-20,47139.92,2.14,197.35,29.13,22.4,2707.22
2015-08-21,47022.73,3.15,229.78,29.86,21.89,2625.03
2015-08-22,46904.74,29.67,262.91,31.68,22.07,2653.67
2015-08-23,46785.97,2.85,239.57,29.53,21.2,2516.28
2015-08-24,46666.47,0.0,372.78,30.43,20.37,2391.92
2015-08-25,46546.26,0.0,415.27,27.15,16.15,1834.85
2015-08-26,46425.37,0.0,479.35,27.26,13.42,1538.56
2015-08-27,46303.84,0.0,489.63,30.46,15.07,1712.47
2015-08-28,46181.7,0.0,439.08,30.72,17.79,2035.76
2015-08-29,46058.96,41.54,256.63,29.11,20.03,2340.92
2015-08-30,45935.68,3.63,141.2,24.24,19.79,2307.03
2015-08-31,45811.86,0.0,366.86,29.32,19.68,2291.93
2015-09-01,45687.54,0.0,416.56,31.39,19.65,2286.56
2015-09-02,45562.76,0.0,402.74,31.58,20.46,2405.1
2015-09-03,45437.52,0.0,400.48,33.1,21.8,2611.02
2015-09-04,45311.87,0.0,461.69,33.11,18.85,2176.23
2015-09-05,45185.83,6.14,296.61,31.92,20.87,2465.78
2015-09-06,45059.42,0.0,385.55,31.27,20.65,2432.6
2015-09-07,44932.67,0.0,408.69,31.0,19.52,2268.52
2015-09-08,44805.6,2.68,287.4,30.83,20.37,2391.39
2015-09-09,44678.24,12.23,272.14,30.74,21.04,2492.15
2015-09-10,44550.62,0.0,337.97,29.56,20.88,2467.47
2015-09-11,44422.75,2.39,277.49,28.25,18.72,2158.67
2015-09-12,44294.67,0.0,376.17,24.45,15.34,1741.95
2015-09-13,44166.39,0.0,485.24,24.6,10.55,1273.71
2015-09-14,44037.94,0.0,513.35,26.93,9.58,1193.16
2015-09-15,43909.34,0.0,480.88,26.84,11.93,1395.77
2015-09-16,43780.62,0.0,451.21,28.79,14.9,1693.25
2015-09-17,43651.79,0.0,416.09,28.34,16.1,1828.56
2015-09-18,43522.88,0.0,449.21,30.06,15.37,1745.18
2015-09-19,43393.92,0.0,435.44,29.17,15.2,1726.65
2015-09-20,43264.93,0.0,395.2,29.05,16.89,1923.19
2015-09-21,43135.92,0.0,315.85,24.89,16.25,1845.99
2015-09-22,43006.92,0.0,424.23,28.74,14.88,1691.5
2015-09-23,42877.96,0.0,372.03,29.13,17.57,2007.25
2015-09-24,42749.06,2.02,281.21,29.01,17.19,1959.8
2015-09-25,42620.23,0.98,264.93,24.12,16.89,1923.21
2015-09-26,42491.51,0.0,291.15,24.97,16.96,1931.69
2015-09-27,42362.91,0.0,188.97,23.68,18.75,2162.34
2015-09-28,42234.45,1.99,199.27,24.9,19.63,2284.16
2015-09-29,42106.17,1.25,257.85,27.92,20.64,2431.1
2015-09-30,41978.09,0.0,279.91,26.83,18.98,2194.01
2015-10-01,41850.22,3.37,106.45,19.47,16.01,1818.4
2015-10-02,41722.59,2.22,140.29,18.8,14.26,1624.92
2015-10-03,41595.23,7.63,143.75,17.25,12.7,1468.1
2015-10-04,41468.17,0.75,386.85,22.81,11.88,1390.65
2015-10-05,41341.41,0.0,376.07,27.21,15.94,1810.06
2015-10-06,41215.0,0.0,364.33,27.69,16.75,1906.28
2015-10-07,41088.95,0.0,409.72,30.12,15.88,1803.33
2015-10-08,40963.3,0.0,399.42,29.59,15.9,1806.06
2015-10-09,40838.06,6.66,241.28,26.2,16.8,1912.85
2015-10-10,40713.27,0.0,342.45,22.85,12.99,1496.21
2015-10-11,40588.95,0.0,432.28,25.15,9.35,1175.02
2015-10-12,40465.13,1.13,438.05,26.83,9.29,1169.91
2015-10-13,40341.84,0.0,421.42,28.11,11.55,1360.47
2015-10-14,40219.11,0.0,449.32,28.09,7.51,1037.31
2015-10-15,40096.96,0.0,441.85,28.13,8.06,1076.34
2015-10-16,39975.42,0.0,396.27,23.17,8.98,1146.0
2015-10-17,39854.53,0.0,418.08,20.19,4.47,839.97
2015-10-18,39734.32,0.0,427.89,20.07,3.07,761.17
2015-10-19,39614.81,0.0,432.71,21.16,2.77,745.38
2015-10-20,39496.04,0.0,419.72,23.25,5.37,894.62
2015-10-21,39378.04,0.0,409.67,25.98,7.82,1059.06
2015-10-22,39260.85,0.0,401.4,27.29,9.17,1160.64
2015-10-23,39144.49,0.0,370.92,27.27,11.62,1366.94
2015-10-24,39029.01,0.0,267.36,25.51,15.84,1799.4
2015-10-25,38914.43,17.38,112.27,22.04,17.0,1937.01
2015-10-26,38800.79,13.99,121.62,20.41,15.03,1708.24
2015-10-27,38688.13,11.91,126.48,18.59,13.04,1500.44
2015-10-28,38576.48,1.95,256.07,22.79,13.59,1556.07
2015-10-29,38465.88,0.0,316.86,22.1,9.87,1216.49
2015-10-30,38356.37,0.0,345.89,20.24,6.14,943.67
2015-10-31,38247.99,20.98,191.29,19.06,9.61,1195.28
2015-11-01,38140.76,12.65,88.11,19.4,15.22,1728.53
2015-11-02,38034.75,1.22,128.91,21.5,16.73,1903.89
2015-11-03,37929.97,0.42,140.7,22.55,17.3,1973.42
2015-11-04,37826.47,0.0,202.3,25.72,17.79,2035.83
2015-11-05,37724.3,5.42,141.26,25.84,18.45,2121.41
2015-11-06,37623.49,39.98,124.96,26.27,19.78,2305.59
2015-11-07,37524.09,8.01,123.82,20.41,14.5,1649.94
2015-11-08,37426.13,6.12,117.98,15.35,10.0,1227.62
2015-11-09,37329.65,1.24,130.52,13.55,9.25,1167.19
2015-11-10,37234.71,0.0,282.01,19.97,9.28,1169.65
2015-11-11,37141.33,1.11,326.45,20.92,7.29,1021.47
2015-11-12,37049.57,0.0,319.59,21.02,7.83,1060.0
2015-11-13,36959.46,0.0,319.24,17.17,4.62,849.04
2015-11-14,36871.06,0.0,362.9,17.23,0.24,621.57
2015-11-15,36784.39,0.0,342.8,14.6,0.2,619.6
2015-11-16,36699.5,0.0,353.43,21.81,4.36,833.66
2015-11-17,36616.44,7.13,216.24,22.69,11.03,1314.38
2015-11-18,36535.24,52.15,176.12,20.93,12.47,1445.44
2015-11-19,36455.96,0.0,305.93,19.76,7.62,1045.18
2015-11-20,36378.62,0.0,320.99,18.61,5.47,900.78
2015-11-21,36303.28,0.0,326.89,18.76,5.01,872.85
2015-11-22,36229.97,0.0,307.84,10.83,-0.39,593.72
2015-11-23,36158.74,0.0,359.99,14.8,-3.85,459.4
2015-11-24,36089.61,0.0,355.51,16.97,-2.26,517.45
2015-11-25,36022.64,0.0,345.05,19.99,1.27,669.41
2015-11-26,35957.87,0.0,307.81,22.17,7.47,1033.99
2015-11-27,35895.32,0.0,272.35,23.34,11.11,1321.81
2015-11-28,35835.04,0.0,271.98,22.58,10.4,1260.72
2015-11-29,35777.06,1.67,178.46,21.79,14.73,1675.25
2015-11-30,35721.42,9.15,102.42,21.28,15.99,1816.08
2015-12-01,35668.15,57.03,83.88,17.51,13.37,1533.87
2015-12-02,35617.29,0.0,160.99,12.92,7.05,1005.12
2015-12-03,35568.87,0.0,251.09,11.1,1.15,663.9
2015-12-04,35522.91,0.0,314.88,14.45,-1.08,564.55
2015-12-05,35479.46,0.0,317.57,16.36,-0.27,598.93
2015-12-06,35438.53,0.0,295.9,17.82,3.03,758.97
2015-12-07,35400.16,0.0,288.24,18.24,3.74,798.38
2015-12-08,35364.37,0.0,308.98,17.69,0.54,635.18
2015-12-09,35331.18,0.0,291.78,19.2,3.31,774.22
2015-12-10,35300.62,0.0,267.39,21.48,7.35,1025.89
2015-12-11,35272.7,0.0,217.41,23.51,12.66,1463.65
2015-12-12,35247.45,0.0,212.9,23.24,12.72,1469.32
2015-12-13,35224.88,11.47,131.43,22.41,14.07,1605.52
2015-12-14,35205.01,0.0,221.24,20.22,9.74,1206.19
2015-12-15,35187.85,0.0,291.71,20.79,4.61,848.68
2015-12-16,35173.41,9.23,217.95,19.59,3.59,789.87
2015-12-17,35161.71,1.94,209.56,12.62,3.39,778.9
2015-12-18,35152.76,0.0,239.82,9.06,-1.74,537.79
2015-12-19,35146.55,0.0,300.34,12.26,-3.83,460.19
2015-12-20,35143.09,0.0,302.03,14.37,-2.31,515.53
2015-12-21,35142.39,16.03,161.58,17.1,7.05,1004.73
2015-12-22,35144.45,3.98,95.17,19.7,13.99,1596.58
2015-12-23,35149.25,20.05,104.58,22.65,16.32,1855.36
2015-12-24,35156.81,26.38,93.28,23.21,17.73,2027.86
2015-12-25,35167.12,95.49,111.48,23.55,17.15,1954.91
2015-12-26,35180.16,0.99,162.43,23.62,16.75,1905.85
2015-12-27,35195.94,3.94,108.05,23.53,17.56,2006.25
2015-12-28,35214.43,41.35,99.8,20.53,15.33,1741.5
2015-12-29,35235.63,7.05,163.76,16.04,7.43,1031.23
2015-12-30,35259.52,1.53,113.89,13.97,9.86,1215.7
2015-12-31,35286.08,0.0,168.39,11.12,5.01,872.46
2016-01-01,35315.43,0.0,141.08,7.05,1.89,699.72
2016-01-02,35347.3,0.0,225.91,8.37,-0.43,591.99
2016-01-03,35381.78,0.0,247.08,8.5,-1.38,552.27
2016-01-04,35418.86,0.0,208.21,6.76,-1.1,563.54
2016-01-05,35458.5,0.0,288.8,8.81,-3.63,467.12
2016-01-06,35500.68,0.0,302.01,11.89,-1.85,533.26
2016-01-07,35545.38,0.19,296.25,14.07,0.72,643.36
2016-01-08,35592.56,0.0,199.41,14.56,6.89,993.9
2016-01-09,35642.19,16.63,84.12,11.47,7.44,1031.81
2016-01-10,35694.25,0.0,233.16,7.07,-1.7,539.33
2016-01-11,35748.7,0.0,320.73,7.77,-6.79,367.41
2016-01-12,35805.5,0.0,331.98,11.34,-4.74,429.63
2016-01-13,35864.63,0.0,333.54,12.61,-3.63,467.12
2016-01-14,35926.04,8.75,250.58,14.31,-2.28,516.49
2016-01-15,35989.69,2.33,171.3,11.37,2.85,749.62
2016-01-16,36055.56,0.0,206.71,10.53,3.08,761.62
2016-01-17,36123.61,0.0,201.58,6.55,-0.51,588.54
2016-01-18,36193.78,0.0,218.96,2.32,-5.27,412.78
2016-01-19,36266.05,0.0,302.56,4.5,-7.3,353.26
2016-01-20,36340.37,4.02,187.74,8.13,-0.95,569.65
2016-01-21,36416.71,35.91,151.72,11.01,3.93,808.74
2016-01-22,36495.01,2.97,177.65,8.31,-0.03,609.45
2016-01-23,36575.25,0.0,218.66,3.48,-3.87,458.9
2016-01-24,36657.38,0.0,365.09,10.95,-6.51,375.45
2016-01-25,36741.35,0.0,371.95,15.64,-3.53,470.73
2016-01-26,36827.12,23.93,211.96,13.93,3.4,779.42
2016-01-27,36914.66,0.0,276.09,10.08,0.29,623.76
2016-01-28,37003.91,0.0,349.13,13.37,-1.33,553.99
2016-01-29,37094.85,0.0,362.27,16.23,-0.02,609.62
2016-01-30,37187.41,0.0,385.24,20.32,-0.39,593.63
2016-01-31,37281.57,0.0,325.01,21.78,8.21,1087.36
2016-02-01,37377.28,0.0,259.45,23.34,13.46,1542.98
2016-02-02,37474.5,64.4,163.74,22.69,14.76,1678.18
2016-02-03,37573.18,0.0,269.0,16.8,7.29,1021.64
2016-02-04,37673.28,0.0,258.21,10.01,1.53,682.3
2016-02-05,37774.77,0.0,350.15,10.31,-2.74,499.17
2016-02-06,37877.61,0.0,366.34,11.35,-2.85,495.09
2016-02-07,37981.74,0.0,383.05,12.75,-3.2,482.5
2016-02-08,38087.14,0.0,273.68,8.91,-0.14,604.52
2016-02-09,38193.76,0.0,254.86,4.94,-3.13,484.99
2016-02-10,38301.56,0.0,358.43,6.7,-6.19,384.66
2016-02-11,38410.51,0.0,417.09,15.22,-4.4,440.68
2016-02-12,38520.56,0.0,374.95,15.28,0.81,647.83
2016-02-13,38631.69,0.0,311.17,7.77,-2.19,519.84
2016-02-14,38743.84,5.74,299.28,13.23,-2.77,498.06
2016-02-15,38856.99,44.43,237.63,13.78,3.11,763.53
2016-02-16,38971.1,2.2,231.19,14.86,4.52,843.46
2016-02-17,39086.13,0.0,331.84,13.9,2.6,736.54
2016-02-18,39202.05,0.0,423.44,18.96,0.15,617.5
2016-02-19,39318.83,0.0,389.6,20.42,4.79,859.55
2016-02-20,39436.43,0.26,250.64,18.56,10.25,1247.79
2016-02-21,39554.81,9.49,136.17,18.69,12.84,1481.63
2016-02-22,39673.95,37.81,102.82,17.79,13.54,1550.86
2016-02-23,39793.81,47.25,134.51,18.39,12.92,1489.37
2016-02-24,39914.37,0.09,273.42,14.25,6.21,948.48
2016-02-25,40035.58,0.0,303.65,11.36,2.53,732.43
2016-02-26,40157.42,0.0,388.59,12.6,0.01,611.12
2016-02-27,40279.87,0.0,457.14,16.94,-1.63,541.8
2016-02-28,40402.88,0.0,468.42,20.5,-0.46,590.57
2016-02-29,40526.44,0.0,431.05,22.28,5.98,933.39
2016-03-01,40650.51,23.09,291.06,21.19,8.11,1080.31
2016-03-02,40775.07,0.0,299.67,11.78,3.37,777.64
2016-03-03,40900.08,34.55,150.33,7.37,2.15,713.28
2016-03-04,41025.53,0.0,330.52,12.01,2.72,742.82
2016-03-05,41151.38,0.0,469.72,18.21,0.2,619.8
2016-03-06,41277.61,0.0,482.53,20.96,0.74,644.42
2016-03-07,41404.19,0.0,472.09,23.19,3.99,812.3
2016-03-08,41531.11,0.0,434.03,23.99,8.26,1091.06
2016-03-09,41658.32,0.0,389.9,25.94,12.56,1454.22
2016-03-10,41785.82,14.7,226.08,25.7,16.14,1833.68
2016-03-11,41913.57,0.0,223.58,23.1,16.54,1880.55
2016-03-12,42041.54,13.28,187.88,22.77,15.64,1776.45
2016-03-13,42169.73,0.0,314.51,23.66,14.58,1658.9
2016-03-14,42298.1,0.0,408.85,26.09,12.82,1479.44
2016-03-15,42426.63,0.0,480.33,28.97,9.8,1210.68
2016-03-16,42555.29,0.0,427.52,25.16,11.11,1321.36
2016-03-17,42684.07,0.0,458.06,23.86,8.13,1082.03
2016-03-18,42812.94,0.0,403.18,21.42,9.17,1160.95
2016-03-19,42941.87,0.0,348.94,16.58,7.16,1012.24
2016-03-20,43070.85,0.0,375.07,12.82,2.95,754.63
2016-03-21,43199.86,0.0,473.25,15.23,0.69,642.06
2016-03-22,43328.86,0.0,526.93,20.85,0.21,620.01
2016-03-23,43457.85,0.0,407.3,21.42,9.05,1151.62
2016-03-24,43586.78,22.68,160.35,18.79,13.02,1499.13
2016-03-25,43715.65,0.0,417.93,20.39,7.71,1051.3
2016-03-26,43844.43,1.88,457.64,21.8,6.87,992.43
2016-03-27,43973.09,4.61,146.78,18.6,13.38,1534.98
2016-03-28,44101.62,0.0,411.87,20.75,8.72,1126.02
2016-03-29,44229.99,0.0,503.8,21.21,4.35,833.1
2016-03-30,44358.18,0.0,492.02,24.29,7.84,1060.54
2016-03-31,44486.16,27.22,212.93,21.91,14.38,1637.91
2016-04-01,44613.9,0.0,259.47,19.56,12.94,1490.74
2016-04-02,44741.4,0.0,389.78,18.78,8.22,1088.51
2016-04-03,44868.62,0.0,488.09,21.58,6.21,948.24
2016-04-04,44995.53,0.0,536.13,23.86,4.43,838.05
2016-04-05,45122.11,0.0,485.31,21.9,6.96,998.37
2016-04-06,45248.35,12.76,381.54,22.54,6.16,944.93
2016-04-07,45374.2,0.0,485.26,21.64,7.03,1003.35
2016-04-08,45499.65,0.0,428.98,18.0,6.48,966.18
2016-04-09,45624.66,0.0,505.48,18.8,3.52,785.71
2016-04-10,45749.22,0.0,514.45,21.57,5.05,875.29
2016-04-11,45873.29,46.46,315.24,19.17,7.47,1034.27
2016-04-12,45996.85,0.0,347.58,19.23,10.04,1230.69
2016-04-13,46119.86,5.49,340.15,19.86,6.84,990.7
2016-04-14,46242.31,0.0,319.56,20.9,12.68,1465.68
2016-04-15,46364.15,0.51,320.6,20.92,12.8,1477.79
2016-04-16,46485.37,0.0,401.42,23.69,12.96,1493.09
2016-04-17,46605.92,0.0,500.61,25.28,9.96,1224.18
2016-04-18,46725.79,0.0,550.53,27.19,7.47,1034.27
2016-04-19,46844.93,0.0,520.2,25.72,8.71,1124.89
2016-04-20,46963.31,0.0,458.48,26.71,12.95,1491.72
2016-04-21,47080.91,2.73,319.22,24.71,12.86,1483.21
2016-04-22,47197.69,6.2,334.12,25.46,12.74,1471.76
2016-04-23,47313.61,0.0,507.0,26.06,10.02,1229.02
2016-04-24,47428.65,0.0,531.2,27.8,9.68,1200.95
2016-04-25,47542.76,0.0,480.24,28.06,13.01,1497.63
2016-04-26,47655.91,0.0,474.93,28.6,13.47,1543.78
2016-04-27,47768.07,0.0,401.67,27.65,15.85,1799.98
2016-04-28,47879.2,0.0,376.02,27.85,17.08,1946.33
2016-04-29,47989.25,25.81,357.22,29.79,14.62,1663.56
2016-04-30,48098.2,0.0,404.93,27.65,15.87,1801.89
2016-05-01,48206.01,3.04,249.99,25.78,16.55,1882.3
2016-05-02,48312.63,13.63,245.3,24.83,15.94,1810.81
2016-05-03,48418.03,0.0,310.27,22.54,14.48,1648.1
2016-05-04,48522.17,3.42,318.82,21.42,10.08,1234.02
2016-05-05,48625.0,0.0,470.36,21.17,8.25,1090.37
2016-05-06,48726.5,0.0,536.42,23.38,6.78,986.56
2016-05-07,48826.61,0.0,555.86,27.55,8.4,1102.15
2016-05-08,48925.29,0.0,529.95,28.08,10.6,1277.65
2016-05-09,49022.51,0.0,363.89,24.61,14.95,1698.89
2016-05-10,49118.22,0.0,417.23,28.94,17.03,1939.95
2016-05-11,49212.38,0.0,401.69,28.97,17.63,2015.5
2016-05-12,49304.95,6.88,257.71,27.14,17.93,2054.05
2016-05-13,49395.89,0.0,428.49,25.54,13.8,1577.39
2016-05-14,49485.15,0.0,505.18,25.34,10.16,1240.5
2016-05-15,49572.69,0.0,468.68,22.4,9.25,1166.77
2016-05-16,49658.47,0.84,477.19,24.21,10.37,1257.95
2016-05-17,49742.44,2.11,301.17,26.23,15.12,1717.34
2016-05-18,49824.57,0.0,381.86,26.72,16.42,1866.47
2016-05-19,49904.81,0.0,420.99,26.32,14.91,1694.53
2016-05-20,49983.12,1.05,315.86,25.1,17.16,1955.86
2016-05-21,50059.46,0.0,379.04,26.49,16.61,1889.95
2016-05-22,50133.79,0.0,486.55,27.1,13.11,1507.79
2016-05-23,50206.06,0.0,551.47,29.43,10.97,1309.64
2016-05-24,50276.24,0.0,528.26,30.58,13.48,1545.04
2016-05-25,50344.29,0.0,502.92,31.47,15.63,1774.43
2016-05-26,50410.16,0.0,493.12,32.0,16.53,1880.19
2016-05-27,50473.83,0.0,377.86,29.02,18.82,2171.28
2016-05-28,50535.24,1.43,362.51,29.34,19.6,2280.07
2016-05-29,50594.37,0.0,478.35,32.11,17.48,1996.41
2016-05-30,50651.18,0.0,478.75,33.1,18.1,2076.11
2016-05-31,50705.63,4.4,361.32,33.98,18.38,2112.6
2016-06-01,50757.69,0.0,453.3,32.69,18.69,2154.53
2016-06-02,50807.33,1.98,384.17,31.99,20.75,2448.18
2016-06-03,50854.52,0.0,416.75,32.42,19.89,2320.86
2016-06-04,50899.22,10.41,254.52,30.28,20.82,2458.84
2016-06-05,50941.41,16.09,236.94,29.32,20.83,2460.41
2016-06-06,50981.06,0.0,384.21,30.29,19.77,2304.49
2016-06-07,51018.14,0.0,471.97,31.96,17.81,2039.0
2016-06-08,51052.63,0.0,507.64,30.85,15.07,1683.92
2016-06-09,51084.5,0.0,540.58,32.29,13.99,1497.84
2016-06-10,51113.74,0.0,529.6,34.35,15.94,1696.73
2016-06-11,51140.32,1.87,477.82,34.11,18.62,2039.59
2016-06-12,51164.22,0.0,426.93,34.3,20.9,2439.47
2016-06-13,51185.44,7.77,323.43,34.58,20.9,2470.66
2016-06-14,51203.95,6.46,277.7,32.24,21.4,2548.27
2016-06-15,51219.74,15.32,224.83,29.55,21.39,2546.09
2016-06-16,51232.8,5.3,340.72,34.2,19.73,2297.93
2016-06-17,51243.13,4.17,311.52,32.58,20.07,2347.49
2016-06-18,51250.71,0.0,339.65,28.61,19.36,2245.62
2016-06-19,51255.53,0.0,373.13,30.56,19.92,2325.81
2016-06-20,51257.61,0.0,469.76,31.63,16.91,1925.94
2016-06-21,51256.92,0.0,461.62,32.77,18.13,2080.45
2016-06-22,51253.48,0.0,424.13,33.63,20.54,2416.61
2016-06-23,51247.29,0.0,405.83,33.79,21.48,2560.43
2016-06-24,51238.35,0.0,421.74,35.3,22.06,2653.21
2016-06-25,51226.67,0.0,426.06,35.87,22.35,2699.7
2016-06-26,51212.25,25.64,317.91,35.83,22.32,2694.12
2016-06-27,51195.11,14.7,311.74,33.69,20.97,2481.14
2016-06-28,51175.26,0.0,354.97,31.72,21.62,2582.43
2016-06-29,51152.71,0.0,427.14,33.28,20.36,2389.22
2016-06-30,51127.48,0.0,484.03,33.92,18.31,2066.78
2016-07-01,51099.58,0.0,524.38,34.47,16.27,1768.8
2016-07-02,51069.03,0.0,449.37,35.71,21.01,2484.16
2016-07-03,51035.86,0.0,447.87,35.82,21.1,2499.91
2016-07-04,51000.08,0.0,334.88,33.64,23.68,2925.45
2016-07-05,50961.73,8.18,220.59,32.53,24.0,2982.78
2016-07-06,50920.82,0.0,366.85,34.37,23.2,2841.6
2016-07-07,50877.38,0.0,379.5,35.22,23.45,2886.35
2016-07-08,50831.44,0.0,337.15,35.27,25.05,3176.69
2016-07-09,50783.04,11.83,306.94,34.89,22.31,2692.85
2016-07-10,50732.19,26.74,306.62,33.38,21.31,2534.11
2016-07-11,50678.94,0.95,417.86,33.16,20.89,2468.71
2016-07-12,50623.32,5.27,321.2,33.31,20.6,2424.98
2016-07-13,50565.35,0.0,456.74,33.44,19.55,2246.88
2016-07-14,50505.09,12.95,317.25,33.15,20.62,2428.33
2016-07-15,50442.55,0.0,408.98,32.37,20.46,2404.99
2016-07-16,50377.79,0.0,394.14,32.83,21.43,2552.99
2016-07-17,50310.83,0.0,415.81,33.78,21.38,2544.14
2016-07-18,50241.72,0.0,400.25,33.79,21.91,2627.68
2016-07-19,50170.5,5.53,292.11,34.21,22.57,2736.04
2016-07-20,50097.21,0.0,410.16,35.31,22.68,2755.16
2016-07-21,50021.88,0.0,397.73,35.07,23.04,2815.13
2016-07-22,49944.55,0.0,408.57,34.54,22.25,2682.59
2016-07-23,49865.28,3.3,274.12,33.58,23.04,2815.36
2016-07-24,49784.1,6.5,284.76,34.3,23.16,2835.41
2016-07-25,49701.05,0.0,402.28,34.58,22.6,2741.01
2016-07-26,49616.18,0.0,386.41,33.84,22.65,2749.79
2016-07-27,49529.52,3.58,208.68,31.23,23.85,2955.48
2016-07-28,49441.12,4.47,231.97,31.32,23.09,2824.42
2016-07-29,49351.03,6.83,248.28,31.17,22.42,2711.44
2016-07-30,49259.27,9.22,267.59,31.92,22.4,2708.13
2016-07-31,49165.91,0.0,402.49,33.11,22.01,2644.52
2016-08-01,49070.98,0.0,408.17,33.47,22.16,2668.1
2016-08-02,48974.51,2.96,300.6,33.19,22.27,2686.19
2016-08-03,48876.56,0.0,393.92,33.55,22.76,2768.38
2016-08-04,48777.16,0.0,407.98,34.54,22.94,2797.6
2016-08-05,48676.36,0.0,402.55,34.21,22.88,2787.27
2016-08-06,48574.2,3.61,311.6,34.25,22.37,2703.71
2016-08-07,48470.71,18.79,293.79,33.36,22.53,2729.98
2016-08-08,48365.95,6.01,222.81,31.23,23.71,2931.94
2016-08-09,48259.94,2.91,203.68,30.52,23.84,2953.94
2016-08-10,48152.72,1.34,267.68,30.63,24.12,3003.54
2016-08-11,48044.34,2.23,200.72,30.62,24.2,3019.07
2016-08-12,47934.84,4.21,233.49,31.09,23.59,2910.8
2016-08-13,47824.25,4.13,274.58,31.92,22.82,2777.98
2016-08-14,47712.61,0.0,415.94,32.48,21.65,2586.38
2016-08-15,47599.95,0.0,431.23,33.26,21.61,2580.85
2016-08-16,47486.32,0.0,435.6,33.89,21.87,2622.68
2016-08-17,47371.75,0.0,426.13,33.67,22.08,2655.83
2016-08-18,47256.27,3.48,294.59,32.33,22.25,2683.5
2016-08-19,47139.92,3.97,253.13,30.08,22.13,2664.59
2016-08-20,47022.73,3.93,278.59,31.48,22.37,2703.65
2016-08-21,46904.74,6.07,268.51,30.4,21.93,2631.55
2016-08-22,46785.97,0.0,378.28,30.63,21.55,2570.62
2016-08-23,46666.47,0.0,441.31,33.14,21.16,2510.16
2016-08-24,46546.26,8.58,324.09,34.16,22.21,2677.04
2016-08-25,46425.37,0.0,409.14,34.31,23.25,2851.84
2016-08-26,46303.84,0.0,419.7,34.59,22.87,2787.08
2016-08-27,46181.7,0.0,434.02,34.69,22.17,2670.3
2016-08-28,46058.96,0.0,429.09,34.29,21.96,2636.34
2016-08-29,45935.68,0.0,422.58,34.68,22.4,2708.22
2016-08-30,45811.86,0.0,433.06,34.71,21.84,2617.8
2016-08-31,45687.54,0.0,445.25,35.03,21.31,2533.15
2016-09-01,45562.76,14.83,307.22,33.81,22.01,2645.02
2016-09-02,45437.52,0.0,370.24,31.91,22.02,2646.55
2016-09-03,45311.87,0.0,384.56,31.25,20.99,2483.91
2016-09-04,45185.83,0.0,418.79,32.73,20.72,2443.17
2016-09-05,45059.42,0.0,448.84,33.65,19.77,2303.44
2016-09-06,44932.67,0.0,470.3,34.23,18.61,2142.82
2016-09-07,44805.6,0.0,462.73,34.39,18.87,2177.91
2016-09-08,44678.24,0.0,447.99,34.68,19.66,2288.37
2016-09-09,44550.62,0.0,460.65,34.47,18.35,2108.2
2016-09-10,44422.75,0.0,439.2,33.41,18.64,2147.42
2016-09-11,44294.67,0.0,387.9,32.62,20.36,2389.66
2016-09-12,44166.39,0.0,405.6,32.7,19.44,2257.86
2016-09-13,44037.94,0.0,386.2,32.82,20.31,2382.54
2016-09-14,43909.34,0.0,426.57,35.14,19.73,2298.89
2016-09-15,43780.62,3.68,317.23,35.43,19.89,2321.29
2016-09-16,43651.79,0.0,345.61,31.99,20.96,2479.15
2016-09-17,43522.88,14.79,171.87,28.91,22.19,2673.71
2016-09-18,43393.92,7.98,219.3,30.94,21.92,2629.77
2016-09-19,43264.93,0.0,358.07,32.98,21.02,2488.82
2016-09-20,43135.92,0.0,418.71,33.79,18.32,2105.19
2016-09-21,43006.92,0.0,413.27,34.17,18.59,2141.08
2016-09-22,42877.96,0.0,388.06,34.17,19.85,2315.62
2016-09-23,42749.06,0.0,405.02,35.01,19.25,2230.66
2016-09-24,42620.23,0.0,406.62,35.78,19.41,2253.48
2016-09-25,42491.51,0.0,396.55,35.77,19.79,2306.23
2016-09-26,42362.91,0.0,361.2,32.74,19.38,2249.1
2016-09-27,42234.45,0.0,352.39,30.87,18.24,2094.39
2016-09-28,42106.17,0.0,407.87,28.95,13.63,1559.43
2016-09-29,41978.09,0.0,348.13,24.54,12.9,1487.26
2016-09-30,41850.22,0.0,420.35,25.35,9.68,1200.88
2016-10-01,41722.59,0.0,432.86,27.3,10.02,1228.78
2016-10-02,41595.23,0.0,406.02,28.46,12.41,1440.06
2016-10-03,41468.17,0.0,422.07,30.22,12.22,1421.97
2016-10-04,41341.41,0.0,379.58,30.76,15.28,1734.91
2016-10-05,41215.0,0.0,340.12,30.58,17.18,1958.98
2016-10-06,41088.95,0.0,363.87,30.9,16.07,1825.92
2016-10-07,40963.3,0.0,363.45,30.16,15.38,1746.77
2016-10-08,40838.06,0.0,331.27,27.85,15.17,1723.07
2016-10-09,40713.27,0.0,407.27,27.79,10.31,1253.24
2016-10-10,40588.95,0.0,408.87,26.97,9.28,1169.11
2016-10-11,40465.13,0.0,407.53,26.8,8.83,1134.14
2016-10-12,40341.84,0.0,410.76,27.79,8.93,1142.24
2016-10-13,40219.11,0.0,416.21,29.39,9.2,1137.45
2016-10-14,40096.96,0.0,394.09,30.12,11.35,1331.55
2016-10-15,39975.42,0.0,300.52,27.64,15.23,1730.23
2016-10-16,39854.53,0.0,256.32,27.44,17.03,1940.57
2016-10-17,39734.32,0.0,329.0,30.34,15.48,1758.07
2016-10-18,39614.81,0.0,312.94,31.4,17.0,1936.88
2016-10-19,39496.04,0.0,296.27,32.07,18.31,2103.96
2016-10-20,39378.04,0.0,288.95,29.13,16.27,1848.57
2016-10-21,39260.85,0.0,248.88,20.67,10.79,1293.93
2016-10-22,39144.49,0.0,355.18,21.65,5.8,922.0
2016-10-23,39029.01,0.0,411.53,25.87,3.24,754.19
2016-10-24,38914.43,0.0,391.53,26.74,5.92,919.29
2016-10-25,38800.79,0.0,388.74,28.68,7.19,997.37
2016-10-26,38688.13,0.0,337.52,26.77,10.08,1233.74
2016-10-27,38576.48,0.0,300.47,28.2,13.58,1555.21
2016-10-28,38465.88,0.0,328.96,29.13,12.19,1411.8
2016-10-29,38356.37,0.0,341.5,29.76,11.41,1289.4
2016-10-30,38247.99,0.0,344.97,29.95,10.95,1247.03
2016-10-31,38140.76,0.0,332.38,29.42,11.35,1301.11
2016-11-01,38034.75,0.0,320.46,29.81,12.41,1397.88
2016-11-02,37929.97,0.0,283.49,28.41,13.79,1576.01
2016-11-03,37826.47,0.0,275.79,27.55,13.47,1543.6
2016-11-04,37724.3,0.0,258.01,25.53,12.73,1470.71
2016-11-05,37623.49,0.0,310.82,24.27,7.99,1071.26
2016-11-06,37524.09,0.0,316.48,23.97,7.22,945.82
2016-11-07,37426.13,0.0,285.86,23.91,9.22,1095.13
2016-11-08,37329.65,0.0,221.91,21.1,10.45,1265.18
2016-11-09,37234.71,0.0,266.45,21.55,8.37,1056.24
2016-11-10,37141.33,0.0,329.24,21.5,3.57,693.61
2016-11-11,37049.57,0.0,334.66,19.65,1.25,579.08
2016-11-12,36959.46,0.0,297.89,19.77,4.49,743.28
2016-11-13,36871.06,0.0,295.31,19.79,4.64,754.5
2016-11-14,36784.39,0.0,319.99,20.22,2.68,634.36
2016-11-15,36699.5,0.0,315.6,20.45,2.9,647.92
2016-11-16,36616.44,0.0,326.16,24.44,4.96,713.63
2016-11-17,36535.24,0.0,340.33,26.27,4.29,638.13
2016-11-18,36455.96,0.25,311.91,23.39,4.9,690.17
2016-11-19,36378.62,0.0,232.87,15.82,3.85,756.6
2016-11-20,36303.28,0.0,277.93,13.92,-1.1,479.5
2016-11-21,36229.97,0.0,322.79,16.79,-2.9,377.37
2016-11-22,36158.74,0.0,331.25,19.77,-1.47,397.8
2016-11-23,36089.61,0.0,318.23,21.77,2.01,445.22
2016-11-24,36022.64,0.0,235.94,21.4,8.64,862.33
2016-11-25,35957.87,0.0,232.21,16.92,4.7,696.56
2016-11-26,35895.32,0.0,274.45,15.26,0.08,469.05
2016-11-27,35835.04,0.0,325.68,17.68,-3.35,317.81
2016-11-28,35777.06,29.82,187.41,21.89,7.61,909.54
2016-11-29,35721.42,14.86,155.74,22.67,11.06,1317.22
2016-11-30,35668.15,21.8,160.53,20.01,8.34,1097.64
2016-12-01,35617.29,0.0,240.3,14.59,1.74,692.38
2016-12-02,35568.87,0.0,277.9,14.93,-1.0,567.49
2016-12-03,35522.91,10.21,124.81,10.78,2.49,730.54
2016-12-04,35479.46,9.96,70.91,11.04,6.55,971.2
2016-12-05,35438.53,26.67,80.01,13.66,8.52,1111.09
2016-12-06,35400.16,2.19,75.56,14.3,9.55,1190.44
2016-12-07,35364.37,0.0,88.84,9.97,6.04,937.55
2016-12-08,35331.18,0.0,143.14,7.47,1.03,658.12
2016-12-09,35300.62,0.0,191.98,4.66,-4.04,453.1
2016-12-10,35272.7,0.0,284.44,8.85,-6.07,388.18
2016-12-11,35247.45,1.71,312.12,15.0,-3.87,458.64
2016-12-12,35224.88,2.88,162.83,15.59,5.0,872.13
2016-12-13,35205.01,0.81,185.77,15.69,6.99,1000.85
2016-12-14,35187.85,0.0,212.91,14.0,4.08,817.72
2016-12-15,35173.41,0.0,171.37,5.08,-2.15,521.62
2016-12-16,35161.71,0.0,294.76,12.13,-3.29,479.01
2016-12-17,35152.76,4.61,204.32,21.32,6.95,997.88
2016-12-18,35146.55,6.01,229.78,17.1,-0.36,594.76
2016-12-19,35143.09,0.0,160.6,3.04,-3.37,476.29
2016-12-20,35142.39,0.0,212.75,7.1,-1.73,538.17
2016-12-21,35144.45,0.0,298.24,13.58,-1.56,544.68
2016-12-22,35149.25,0.0,281.21,17.06,3.42,780.3
2016-12-23,35156.81,0.0,309.24,17.98,1.18,665.33
2016-12-24,35167.12,0.0,268.24,22.0,8.84,1135.2
2016-12-25,35180.16,0.0,279.47,24.75,10.0,1226.93
2016-12-26,35195.94,0.0,158.36,22.07,15.34,1742.03
2016-12-27,35214.43,1.48,199.9,19.36,11.2,1329.73
2016-12-28,35235.63,5.98,205.83,18.93,6.35,957.49
2016-12-29,35259.52,0.0,283.26,17.48,4.49,841.4
2016-12-30,35286.08,0.0,281.53,11.08,-1.04,566.03
2017-01-01,35315.43,15.24,154.09,15.9,7.81,1058.31
2017-01-02,35347.3,52.11,75.51,17.14,13.35,1531.88
2017-01-03,35381.78,0.0,168.26,17.63,11.13,1323.34
2017-01-04,35418.86,0.0,234.74,10.86,1.78,694.65
2017-01-05,35458.5,0.0,275.81,9.68,-1.6,543.09
2017-01-06,35500.68,6.74,121.14,1.21,-4.4,440.98
2017-01-07,35545.38,0.0,227.19,-0.67,-8.84,313.37
2017-01-08,35592.56,0.0,304.68,1.26,-11.43,255.12
2017-01-09,35642.19,0.0,339.25,9.29,-7.88,337.63
2017-01-10,35694.25,0.0,320.69,15.49,0.23,621.1
2017-01-11,35748.7,0.0,211.94,20.03,11.72,1375.99
2017-01-12,35805.5,0.0,234.75,22.94,13.26,1522.18
2017-01-13,35864.63,0.0,280.46,24.69,11.96,1397.67
2017-01-14,35926.04,0.0,313.75,23.57,8.19,1086.07
2017-01-15,35989.69,0.0,314.44,21.94,7.04,1004.0
2017-01-16,36055.56,0.0,306.05,22.56,8.5,1108.96
2017-01-17,36123.61,0.0,248.62,23.69,13.5,1546.71
2017-01-18,36193.78,0.0,178.49,18.14,11.69,1373.08
2017-01-19,36266.05,34.18,142.88,18.88,11.92,1394.7
2017-01-20,36340.37,14.03,185.21,22.56,12.78,1475.7
2017-01-21,36416.71,14.97,144.83,19.22,12.23,1423.15
2017-01-22,36495.01,35.79,200.96,19.1,8.78,1130.17
2017-01-23,36575.25,0.0,256.03,16.83,7.46,1033.55
2017-01-24,36657.38,0.0,331.62,16.6,2.6,736.31
2017-01-25,36741.35,9.41,262.77,20.25,3.59,789.73
2017-01-26,36827.12,0.0,307.65,14.22,2.57,734.91
2017-01-27,36914.66,0.0,259.72,7.21,-1.47,548.31
2017-01-28,37003.91,0.0,355.94,11.25,-3.52,470.96
2017-01-29,37094.85,0.0,331.22,10.71,-1.75,537.07
2017-01-30,37187.41,0.0,376.93,14.75,-2.51,507.71
2017-01-31,37281.57,0.0,385.3,22.33,1.35,673.09
2017-02-01,37377.28,0.0,341.01,21.51,6.72,982.45
2017-02-02,37474.5,2.92,170.27,13.45,5.67,913.36
2017-02-03,37573.18,0.0,274.08,10.16,0.69,641.98
2017-02-04,37673.28,8.13,279.57,12.06,-4.01,453.8
2017-02-05,37774.77,9.06,199.17,11.54,2.31,721.08
2017-02-06,37877.61,7.41,188.38,17.09,8.19,1086.32
2017-02-07,37981.74,25.87,143.55,17.23,10.8,1294.47
2017-02-08,38087.14,4.97,231.39,21.02,9.52,1188.2
2017-02-09,38193.76,0.0,350.52,13.32,0.46,631.43
2017-02-10,38301.56,0.0,416.76,19.95,-1.59,543.55
2017-02-11,38410.51,0.44,323.71,19.18,7.16,1012.62
2017-02-12,38520.56,4.14,233.18,21.48,9.97,1225.19
2017-02-13,38631.69,0.0,365.21,16.74,2.83,748.35
2017-02-14,38743.84,7.26,299.22,17.48,0.63,639.09
2017-02-15,38856.99,0.0,314.25,14.43,3.9,807.01
2017-02-16,38971.1,0.0,409.96,15.81,-1.25,557.41
2017-02-17,39086.13,0.0,426.17,19.54,-0.41,592.69
2017-02-18,39202.05,0.58,302.64,17.21,6.7,981.16
2017-02-19,39318.83,0.0,382.37,22.37,6.69,980.58
2017-02-20,39436.43,0.0,400.45,24.39,6.68,979.62
2017-02-21,39554.81,9.93,144.48,18.44,11.99,1401.2
2017-02-22,39673.95,0.0,217.63,20.62,13.26,1522.62
2017-02-23,39793.81,0.0,360.15,23.54,9.72,1204.9
2017-02-24,39914.37,0.44,371.37,25.71,11.06,1317.17
2017-02-25,40035.58,0.0,372.16,18.08,4.59,847.37
2017-02-26,40157.42,0.0,441.24,17.76,-1.18,560.36
2017-02-27,40279.87,10.85,214.36,13.33,4.17,822.53
2017-02-28,40402.88,0.57,330.86,21.53,10.01,1227.81
2017-03-01,40526.44,11.57,275.92,25.11,11.42,1348.68
2017-03-02,40650.51,0.0,382.6,15.29,2.41,726.5
2017-03-03,40775.07,0.0,425.69,13.97,-1.2,559.28
2017-03-04,40900.08,0.0,467.78,18.68,-1.21,558.93
2017-03-05,41025.53,0.0,413.59,17.06,2.12,711.63
2017-03-06,41151.38,0.0,354.75,23.13,10.89,1302.37
2017-03-07,41277.61,39.58,170.01,18.5,11.55,1360.89
2017-03-08,41404.19,0.0,449.26,20.79,3.28,772.8
2017-03-09,41531.11,9.66,358.14,24.21,2.52,732.18
2017-03-10,41658.32,0.0,386.52,20.08,6.49,967.19
2017-03-11,41785.82,6.81,218.93,11.35,2.43,727.69
2017-03-12,41913.57,0.0,383.03,13.71,1.41,676.26
2017-03-13,42041.54,9.21,108.97,7.15,3.25,771.2
2017-03-14,42169.73,0.0,163.11,5.13,0.84,648.97
2017-03-15,42298.1,0.0,343.91,5.6,-4.04,453.06
2017-03-16,42426.63,0.0,476.05,10.57,-5.59,402.66
2017-03-17,42555.29,4.28,358.78,19.88,2.23,716.91
2017-03-18,42684.07,1.95,419.0,22.58,8.71,1125.44
2017-03-19,42812.94,0.0,466.27,20.3,4.22,825.5
2017-03-20,42941.87,0.0,507.69,27.13,5.35,893.66
2017-03-21,43070.85,0.0,474.7,30.33,11.18,1327.84
2017-03-22,43199.86,0.0,332.3,20.14,10.4,1260.25
2017-03-23,43328.86,0.0,475.99,24.43,6.98,999.88
2017-03-24,43457.85,0.0,329.41,23.91,13.74,1570.96
2017-03-25,43586.78,29.03,250.29,24.55,14.25,1624.24
2017-03-26,43715.65,0.0,358.57,24.47,13.43,1540.08
2017-03-27,43844.43,34.09,281.6,26.62,14.7,1672.28
2017-03-28,43973.09,3.29,276.46,26.34,14.98,1702.18
2017-03-29,44101.62,0.0,429.33,28.41,14.0,1597.86
2017-03-30,44229.99,1.48,348.42,25.6,15.13,1718.67
2017-03-31,44358.18,0.0,400.64,22.17,10.24,1247.43
2017-04-01,44486.16,0.0,483.69,24.53,8.04,1075.4
2017-04-02,44613.9,56.4,384.64,28.97,8.98,1146.11
2017-04-03,44741.4,18.6,249.09,23.5,14.06,1603.65
2017-04-04,44868.62,14.93,356.11,28.13,11.85,1387.86
2017-04-05,44995.53,26.65,342.99,27.38,12.3,1429.42
2017-04-06,45122.11,0.0,291.5,16.08,8.43,1103.92
2017-04-07,45248.35,0.0,472.85,18.92,4.64,850.19
2017-04-08,45374.2,0.0,551.15,22.33,1.87,698.95
2017-04-09,45499.65,0.0,555.12,26.01,3.92,808.43
2017-04-10,45624.66,0.0,520.22,26.69,7.79,1056.86
2017-04-11,45749.22,0.0,472.83,27.05,11.21,1330.3
2017-04-12,45873.29,0.0,418.51,26.9,13.55,1551.42
2017-04-13,45996.85,0.0,496.34,29.94,11.48,1354.53
2017-04-14,46119.86,0.0,461.98,29.39,13.07,1503.69
2017-04-15,46242.31,0.0,410.78,27.21,13.85,1582.69
2017-04-16,46364.15,0.0,437.9,27.8,13.27,1523.47
2017-04-17,46485.37,0.0,420.59,28.15,14.39,1639.12
2017-04-18,46605.92,0.0,391.89,28.95,16.36,1859.56
2017-04-19,46725.79,0.0,416.43,29.33,15.91,1806.34
2017-04-20,46844.93,0.0,434.04,30.12,15.94,1810.87
2017-04-21,46963.31,0.0,453.03,30.16,14.98,1702.3
2017-04-22,47080.91,28.23,300.56,28.24,15.83,1797.71
2017-04-23,47197.69,3.03,212.59,18.62,11.05,1316.7
2017-04-24,47313.61,0.0,399.08,21.13,9.77,1208.72
2017-04-25,47428.65,0.0,491.35,25.49,9.49,1186.05
2017-04-26,47542.76,6.76,351.01,27.35,12.12,1413.08
2017-04-27,47655.91,0.0,388.81,26.5,14.79,1681.45
2017-04-28,47768.07,0.0,479.42,30.27,13.92,1589.55
2017-04-29,47879.2,0.0,351.93,30.46,19.48,2262.77
2017-04-30,47989.25,43.3,232.22,27.98,18.79,2168.15
2017-05-01,48098.2,0.0,437.72,24.67,11.51,1357.38
2017-05-02,48206.01,0.0,527.18,26.53,8.53,1111.45
2017-05-03,48312.63,4.02,386.12,27.96,10.22,1245.88
2017-05-04,48418.03,8.05,299.01,20.26,9.06,1152.34
2017-05-05,48522.17,4.16,101.03,11.68,8.6,1116.9
2017-05-06,48625.0,0.0,560.1,23.93,4.14,820.95
2017-05-07,48726.5,0.0,472.45,22.84,8.53,1111.86
2017-05-08,48826.61,0.0,551.95,26.9,7.14,1010.85
2017-05-09,48925.29,0.0,536.86,29.54,10.39,1260.11
2017-05-10,49022.51,0.0,495.85,30.09,13.52,1548.86
2017-05-11,49118.22,0.0,434.92,29.21,15.8,1794.3
2017-05-12,49212.38,13.56,254.64,25.82,16.33,1855.53
2017-05-13,49304.95,1.05,367.64,24.68,14.63,1663.91
2017-05-14,49395.89,0.0,536.8,28.78,10.43,1263.47
2017-05-15,49485.15,0.0,525.42,30.7,12.48,1446.43
2017-05-16,49572.69,0.0,512.03,32.04,14.27,1625.52
2017-05-17,49658.47,2.32,343.21,31.28,16.56,1883.8
2017-05-18,49742.44,0.0,382.73,31.05,19.43,2255.87
2017-05-19,49824.57,0.0,383.61,32.28,20.44,2401.99
2017-05-20,49904.81,49.04,283.96,30.32,19.08,2207.44
2017-05-21,49983.12,0.0,322.88,27.51,18.57,2137.46
2017-05-22,50059.46,22.68,162.42,24.5,18.87,2178.67
2017-05-23,50133.79,22.27,170.09,23.87,18.04,2067.66
2017-05-24,50206.06,11.55,223.67,21.36,13.89,1586.38
2017-05-25,50276.24,0.0,402.45,22.66,12.18,1418.62
2017-05-26,50344.29,0.0,526.86,28.28,11.5,1356.57
2017-05-27,50410.16,12.43,342.62,29.3,15.78,1791.48
2017-05-28,50473.83,0.0,359.26,27.37,17.78,2034.98
2017-05-29,50535.24,6.86,215.58,26.96,19.52,2268.85
2017-05-30,50594.37,13.29,232.75,27.31,19.24,2228.77
2017-05-31,50651.18,0.0,395.62,29.43,18.56,2136.5
2017-06-01,50705.63,0.0,393.96,28.29,17.81,2038.9
2017-06-02,50757.69,1.15,340.32,28.02,19.39,2249.91
2017-06-03,50807.33,0.87,420.05,30.35,18.86,2176.69
2017-06-04,50854.52,13.87,224.55,28.63,20.96,2479.1
2017-06-05,50899.22,54.85,182.94,26.99,21.11,2503.29
2017-06-06,50941.41,16.63,160.41,25.14,20.25,2372.89
2017-06-07,50981.06,0.0,448.88,27.44,16.1,1828.91
2017-06-08,51018.14,0.0,484.64,26.79,14.35,1634.9
2017-06-09,51052.63,0.0,516.2,28.5,14.27,1625.63
2017-06-10,51084.5,0.0,505.33,30.39,16.22,1842.6
2017-06-11,51113.74,0.0,479.31,31.58,18.26,2096.92
2017-06-12,51140.32,7.17,316.5,31.9,20.77,2450.7
2017-06-13,51164.22,0.0,436.69,31.43,20.05,2343.78
2017-06-14,51185.44,0.0,435.17,31.18,20.08,2348.89
2017-06-15,51203.95,20.36,365.25,32.29,18.87,2178.93
2017-06-16,51219.74,0.0,467.89,29.36,17.61,2012.4
2017-06-17,51232.8,0.0,447.13,30.69,19.46,2260.07
2017-06-18,51243.13,2.72,293.78,29.85,20.65,2432.31
2017-06-19,51250.71,6.76,280.52,29.54,20.94,2476.67
2017-06-20,51255.53,0.0,288.07,27.22,21.07,2496.54
2017-06-21,51257.61,52.35,136.76,24.17,20.52,2413.44
2017-06-22,51256.92,46.91,148.46,25.88,21.82,2614.53
2017-06-23,51253.48,37.0,266.99,30.09,22.02,2646.31
2017-06-24,51247.29,8.35,292.22,29.37,20.52,2412.9
2017-06-25,51238.35,0.0,427.32,25.87,16.6,1888.26
2017-06-26,51226.67,0.0,548.15,29.13,13.79,1575.65
2017-06-27,51212.25,0.0,498.42,29.43,16.77,1908.49
2017-06-28,51195.11,0.0,515.33,31.01,16.84,1917.24
2017-06-29,51175.26,32.87,232.57,27.43,20.79,2453.56
2017-06-30,51152.71,17.46,256.0,29.13,21.6,2579.12
2017-07-01,51127.48,6.16,323.55,31.96,21.32,2534.85
2017-07-02,51099.58,0.0,413.57,30.65,20.85,2463.07
2017-07-03,51069.03,0.0,418.35,31.78,21.64,2584.72
2017-07-04,51035.86,10.44,311.34,32.15,21.96,2636.82
2017-07-05,51000.08,10.51,304.23,32.1,22.14,2666.0
2017-07-06,50961.73,5.22,313.29,31.86,21.42,2551.17
2017-07-07,50920.82,0.0,422.48,32.09,21.47,2558.3
2017-07-08,50877.38,2.88,290.17,30.88,21.68,2592.37
2017-07-09,50831.44,0.0,450.84,31.35,20.0,2337.56
2017-07-10,50783.04,0.0,510.53,32.8,18.23,2092.38
2017-07-11,50732.19,0.0,460.89,31.83,19.99,2335.94
2017-07-12,50678.94,0.0,459.79,32.42,20.45,2403.58
2017-07-13,50623.32,0.0,428.04,32.21,21.52,2565.9
2017-07-14,50565.35,20.16,321.88,32.39,21.61,2580.76
2017-07-15,50505.09,12.67,303.0,31.25,21.61,2581.32
2017-07-16,50442.55,3.76,298.86,30.72,21.4,2547.43
2017-07-17,50377.79,0.0,434.73,32.04,21.29,2531.21
2017-07-18,50310.83,0.0,471.92,32.4,20.01,2338.26
2017-07-19,50241.72,0.0,457.62,33.42,21.27,2526.86
2017-07-20,50170.5,7.94,336.93,33.95,21.8,2610.36
2017-07-21,50097.21,0.0,439.55,34.97,22.73,2762.94
2017-07-22,50021.88,4.61,295.02,32.73,22.55,2733.03
2017-07-23,49944.55,6.21,288.92,32.73,22.77,2770.22
2017-07-24,49865.28,20.42,316.58,32.26,21.08,2498.23
2017-07-25,49784.1,0.0,415.95,32.72,21.62,2582.64
2017-07-26,49701.05,12.06,298.33,32.61,22.26,2685.03
2017-07-27,49616.18,0.0,403.37,33.46,22.79,2772.89
2017-07-28,49529.52,4.41,173.48,28.91,23.68,2925.85
2017-07-29,49441.12,0.0,403.59,30.65,20.64,2430.98
2017-07-30,49351.03,0.0,458.93,30.24,18.2,2088.99
2017-07-31,49259.27,0.0,465.73,30.76,18.27,2098.08
2017-08-01,49165.91,0.0,487.05,31.3,17.54,2004.22
2017-08-02,49070.98,0.0,362.6,28.32,19.66,2289.05
2017-08-03,48974.51,0.0,365.25,29.46,20.59,2424.57
2017-08-04,48876.56,0.0,420.08,31.89,20.8,2455.3
2017-08-05,48777.16,0.0,416.82,31.42,20.52,2413.89
2017-08-06,48676.36,5.24,283.58,30.18,20.78,2451.98
2017-08-07,48574.2,19.16,216.81,29.21,22.39,2706.77
2017-08-08,48470.71,14.9,119.53,24.6,21.23,2521.17
2017-08-09,48365.95,6.68,240.63,28.6,21.32,2534.93
2017-08-10,48259.94,47.69,260.16,30.15,22.04,2649.39
2017-08-11,48152.72,0.0,299.71,28.35,21.75,2603.48
2017-08-12,48044.34,0.0,377.75,31.76,22.65,2748.9
2017-08-13,47934.84,0.0,409.87,32.26,22.0,2642.81
2017-08-14,47824.25,2.82,289.65,31.75,22.34,2697.49
2017-08-15,47712.61,1.69,408.23,32.7,22.34,2698.79
2017-08-16,47599.95,0.0,406.51,32.21,22.0,2643.18
2017-08-17,47486.32,0.0,392.54,32.5,22.74,2764.19
2017-08-18,47371.75,0.0,424.27,32.33,21.5,2563.46
2017-08-19,47256.27,0.0,477.86,33.14,19.61,2281.25
2017-08-20,47139.92,10.97,339.29,33.68,21.17,2512.58
2017-08-21,47022.73,0.0,434.8,33.12,21.49,2562.28
2017-08-22,46904.74,3.23,306.49,31.83,21.44,2554.21
2017-08-23,46785.97,0.0,422.83,30.74,20.08,2348.78
2017-08-24,46666.47,0.0,481.47,30.37,17.12,1951.15
2017-08-25,46546.26,0.0,513.0,32.09,16.02,1819.95
2017-08-26,46425.37,0.0,387.41,29.16,19.73,2298.49
2017-08-27,46303.84,0.0,381.54,28.94,19.6,2280.29
2017-08-28,46181.7,0.0,243.46,25.11,19.82,2311.31
2017-08-29,46058.96,0.0,428.73,28.8,17.93,2053.82
2017-08-30,45935.68,20.51,130.96,23.64,20.04,2342.78
2017-08-31,45811.86,25.9,224.26,27.96,21.34,2537.8
2017-09-01,45687.54,1.09,420.56,27.82,17.66,2019.0
2017-09-02,45562.76,0.0,490.25,28.17,14.58,1659.03
2017-09-03,45437.52,0.0,493.99,29.47,15.06,1710.86
2017-09-04,45311.87,0.0,483.58,29.92,15.85,1799.44
2017-09-05,45185.83,12.93,347.59,30.99,17.5,1999.56
2017-09-06,45059.42,0.0,451.97,25.18,13.42,1538.26
2017-09-07,44932.67,0.0,508.71,24.89,9.57,1192.19
2017-09-08,44805.6,0.0,508.38,26.5,10.32,1253.75
2017-09-09,44678.24,0.0,466.35,27.2,13.32,1528.75
2017-09-10,44550.62,0.0,412.22,25.99,14.63,1664.17
2017-09-11,44422.75,54.34,208.69,19.22,12.66,1463.87
2017-09-12,44294.67,3.62,94.97,16.73,14.04,1601.7
2017-09-13,44166.39,3.14,201.91,20.03,13.77,1573.83
2017-09-14,44037.94,0.0,393.0,27.34,16.59,1887.45
2017-09-15,43909.34,0.0,427.29,30.15,17.2,1961.48
2017-09-16,43780.62,0.0,391.19,29.73,18.39,2113.84
2017-09-17,43651.79,9.28,289.39,30.06,18.74,2160.91
2017-09-18,43522.88,0.0,419.76,31.63,18.35,2108.47
2017-09-19,43393.92,9.35,305.04,31.21,18.54,2134.17
2017-09-20,43264.93,0.0,428.87,31.33,17.35,1979.68
2017-09-21,43135.92,0.0,412.67,31.96,18.51,2129.38
2017-09-22,43006.92,0.0,403.81,32.4,19.09,2209.03
2017-09-23,42877.96,1.34,385.02,31.64,19.39,2250.41
2017-09-24,42749.06,0.0,386.11,30.5,18.45,2122.37
2017-09-25,42620.23,0.0,367.73,29.82,18.6,2141.71
2017-09-26,42491.51,0.0,412.75,31.09,17.16,1956.35
2017-09-27,42362.91,0.0,420.5,31.99,16.92,1926.74
2017-09-28,42234.45,0.0,398.63,31.49,17.66,2019.82
2017-09-29,42106.17,0.0,383.64,30.13,17.04,1941.18
2017-09-30,41978.09,0.0,392.53,28.73,15.2,1726.51
2017-10-01,41850.22,0.0,282.74,24.23,15.78,1792.23
2017-10-02,41722.59,0.0,207.75,23.66,17.69,2022.54
2017-10-03,41595.23,0.0,325.98,27.13,16.91,1925.91
2017-10-04,41468.17,0.0,376.87,27.56,15.0,1704.35
2017-10-05,41341.41,0.0,416.08,28.01,12.88,1485.37
2017-10-06,41215.0,0.0,409.11,28.58,13.5,1546.58
2017-10-07,41088.95,24.82,221.7,27.4,18.04,2068.63
2017-10-08,40963.3,60.22,73.55,24.42,21.73,2598.96
2017-10-09,40838.06,4.25,132.91,28.0,22.71,2759.95
2017-10-10,40713.27,0.0,235.42,29.09,21.92,2629.76
2017-10-11,40588.95,0.0,337.94,29.74,18.43,2119.6
2017-10-12,40465.13,0.0,367.65,27.32,14.6,1660.71
2017-10-13,40341.84,0.0,405.13,29.99,13.63,1559.45
2017-10-14,40219.11,0.0,217.63,24.17,17.53,2002.39
2017-10-15,40096.96,10.28,269.41,29.22,15.92,1807.59
2017-10-16,39975.42,0.0,344.05,20.7,9.54,1190.38
2017-10-17,39854.53,0.0,378.66,20.98,7.76,1054.59
2017-10-18,39734.32,0.0,412.9,22.16,5.92,929.66
2017-10-19,39614.81,0.0,421.35,24.74,6.45,964.35
2017-10-20,39496.04,0.0,422.92,25.68,6.35,957.84
2017-10-21,39378.04,0.0,394.94,25.96,9.22,1164.81
2017-10-22,39260.85,40.61,225.02,25.33,14.51,1651.89
2017-10-23,39144.49,4.57,204.74,20.08,10.99,1311.19
2017-10-24,39029.01,0.0,323.4,17.73,6.63,976.15
2017-10-25,38914.43,0.0,346.59,15.53,3.28,772.69
2017-10-26,38800.79,0.0,410.58,22.35,3.18,767.2
2017-10-27,38688.13,21.78,282.37,21.73,5.91,928.9
2017-10-28,38576.48,3.99,240.01,15.5,4.13,820.34
2017-10-29,38465.88,0.0,291.99,11.04,1.31,671.6
2017-10-30,38356.37,0.0,411.41,20.73,-0.15,604.02
2017-10-31,38247.99,0.0,390.78,21.34,2.71,742.34
2017-11-01,38140.76,1.14,280.7,18.22,7.7,1050.21
2017-11-02,38034.75,0.0,240.4,22.64,13.47,1543.88
2017-11-03,37929.97,1.42,262.66,25.55,14.98,1702.22
2017-11-04,37826.47,0.0,275.5,26.35,15.0,1703.88
2017-11-05,37724.3,0.0,291.01,26.51,14.22,1620.64
2017-11-06,37623.49,1.0,175.53,22.02,15.48,1758.29
2017-11-07,37524.09,6.18,126.55,22.19,15.79,1792.72
2017-11-08,37426.13,6.07,100.55,14.51,9.8,1210.66
2017-11-09,37329.65,0.5,215.8,13.88,6.05,937.99
2017-11-10,37234.71,0.0,333.66,16.99,2.34,722.68
2017-11-11,37141.33,0.0,334.32,16.96,2.0,705.42
2017-11-12,37049.57,0.0,252.57,17.2,7.35,1025.62
2017-11-13,36959.46,0.0,298.11,17.93,5.22,885.2
2017-11-14,36871.06,0.0,327.37,18.55,3.34,775.82
2017-11-15,36784.39,0.0,294.78,17.12,4.37,834.16
2017-11-16,36699.5,0.0,314.34,19.13,4.51,842.85
2017-11-17,36616.44,0.0,349.84,20.19,1.25,668.56
2017-11-18,36535.24,9.77,236.24,22.57,6.87,992.33
2017-11-19,36455.96,0.0,270.31,12.31,1.2,665.89
2017-11-20,36378.62,0.0,340.74,14.16,-2.96,491.0
2017-11-21,36303.28,0.0,336.73,18.04,0.31,624.54
2017-11-22,36229.97,0.0,289.72,14.33,1.21,666.38
2017-11-23,36158.74,0.0,331.17,15.21,-2.18,520.56
2017-11-24,36089.61,0.0,333.07,18.04,-0.53,587.52
2017-11-25,36022.64,0.0,301.77,17.55,2.47,729.45
2017-11-26,35957.87,0.0,312.29,17.56,1.3,671.03
2017-11-27,35895.32,0.0,330.54,18.02,-1.07,564.84
2017-11-28,35835.04,0.0,332.1,19.81,-0.56,586.23
2017-11-29,35777.06,2.39,238.89,21.81,2.7,741.55
2017-11-30,35721.42,11.91,174.55,18.85,7.77,1055.41
2017-12-01,35668.15,0.0,197.96,17.29,8.29,1093.54
2017-12-02,35617.29,0.0,248.8,18.86,6.66,978.35
2017-12-03,35568.87,0.0,297.7,20.12,3.43,780.88
2017-12-04,35522.91,1.3,225.89,16.58,5.77,919.72
2017-12-05,35479.46,17.26,177.08,19.3,7.51,1036.76
2017-12-06,35438.53,0.0,114.02,8.57,3.67,794.39
2017-12-07,35400.16,6.09,95.17,8.81,3.3,773.7
2017-12-08,35364.37,9.47,107.21,5.03,-1.15,561.33
2017-12-09,35331.18,0.0,206.6,6.04,-3.31,478.33
2017-12-10,35300.62,0.0,278.45,8.78,-5.43,407.75
2017-12-11,35272.7,0.0,306.4,15.0,-2.88,493.91
2017-12-12,35247.45,0.0,232.52,10.87,-0.37,594.66
2017-12-13,35224.88,0.0,292.45,11.03,-5.09,418.34
2017-12-14,35205.01,0.0,287.9,13.31,-2.63,503.38
2017-12-15,35187.85,0.0,196.65,5.01,-3.99,454.74
2017-12-16,35173.41,0.0,302.77,11.67,-5.84,395.3
2017-12-17,35161.71,11.18,146.86,7.77,-1.2,559.47
2017-12-18,35152.76,0.0,194.36,15.3,6.18,946.47
2017-12-19,35146.55,40.19,128.77,17.39,9.34,1174.04
2017-12-20,35143.09,10.32,141.48,20.68,11.63,1367.75
2017-12-21,35142.39,0.0,142.67,15.22,9.02,1148.75
2017-12-22,35144.45,2.97,160.97,19.16,9.11,1156.36
2017-12-23,35149.25,10.47,181.13,20.17,8.5,1109.03
2017-12-24,35156.81,0.3,152.82,8.9,2.82,748.17
2017-12-25,35167.12,0.0,164.25,4.07,-2.2,519.62
2017-12-26,35180.16,3.49,209.05,9.76,-2.87,494.27
2017-12-27,35195.94,0.0,176.62,4.49,-2.01,526.91
2017-12-28,35214.43,0.0,287.39,8.42,-3.98,454.94
2017-12-29,35235.63,0.0,306.31,11.03,-3.14,484.44
2017-12-30,35259.52,0.0,293.17,9.41,-3.35,476.97
2017-12-31,35286.08,0.0,221.8,1.98,-6.08,387.99
2018-01-01,35315.43,0.0,177.22,-3.28,-10.2,281.38
2018-01-02,35347.3,0.0,285.58,0.76,-12.21,239.61
2018-01-03,35381.78,0.0,259.1,4.38,-6.84,366.04
2018-01-04,35418.86,0.0,194.03,0.3,-7.36,351.63
2018-01-05,35458.5,0.0,304.36,4.12,-10.39,277.19
2018-01-06,35500.68,0.0,301.34,5.58,-8.65,318.0
2018-01-07,35545.38,6.93,249.07,7.5,-6.54,374.43
2018-01-08,35592.56,4.14,177.35,8.16,-0.47,590.3
2018-01-09,35642.19,0.32,248.34,14.14,4.73,855.46
2018-01-10,35694.25,4.26,191.83,17.66,6.14,943.58
2018-01-11,35748.7,11.64,136.83,21.64,13.72,1568.84
2018-01-12,35805.5,2.63,222.93,15.11,0.98,655.84
2018-01-13,35864.63,0.0,138.48,-1.18,-6.25,382.97
2018-01-14,35926.04,0.0,306.94,4.69,-9.03,308.65
2018-01-15,35989.69,0.0,324.49,10.73,-4.95,423.0
2018-01-16,36055.56,0.87,294.67,2.82,-7.84,338.82
2018-01-17,36123.61,0.0,281.93,-3.15,-12.96,225.51
2018-01-18,36193.78,0.0,364.56,3.91,-11.08,262.29
2018-01-19,36266.05,0.0,402.17,10.37,-9.81,290.34
2018-01-20,36340.37,0.0,348.59,17.19,-1.37,552.46
2018-01-21,36416.71,0.0,359.12,21.02,-0.03,609.46
2018-01-22,36495.01,3.74,163.24,16.2,7.63,1045.85
2018-01-23,36575.25,0.0,257.54,11.97,1.88,699.47
2018-01-24,36657.38,0.0,336.12,12.08,-3.18,483.19
2018-01-25,36741.35,0.0,367.8,14.57,-4.81,427.3
2018-01-26,36827.12,0.0,353.89,14.78,-2.26,517.43
2018-01-27,36914.66,7.04,147.49,13.97,6.72,982.36
2018-01-28,37003.91,6.9,114.83,14.37,8.84,1135.27
2018-01-29,37094.85,0.0,313.21,15.26,2.36,723.71
2018-01-30,37187.41,0.0,285.79,7.54,-3.12,485.28
2018-01-31,37281.57,0.0,373.15,14.05,-4.21,447.14
2018-02-01,37377.28,5.05,270.13,18.74,1.28,669.7
2018-02-02,37474.5,0.0,284.42,7.77,-2.92,492.5
2018-02-03,37573.18,37.78,246.35,12.27,-1.38,552.1
2018-02-04,37673.28,0.0,238.17,10.03,1.51,680.89
2018-02-05,37774.77,1.95,298.54,10.67,-0.49,589.27
2018-02-06,37877.61,48.29,263.75,18.53,3.25,770.98
2018-02-07,37981.74,7.78,235.56,15.22,2.93,753.77
2018-02-08,38087.14,0.0,363.22,13.84,-1.6,543.07
2018-02-09,38193.76,5.8,295.9,19.51,-0.32,596.61
2018-02-10,38301.56,26.09,197.11,17.8,7.82,1058.86
2018-02-11,38410.51,15.84,175.16,19.38,10.73,1288.64
2018-02-12,38520.56,5.5,146.29,9.9,3.26,771.37
2018-02-13,38631.69,0.74,307.96,17.01,5.42,897.57
2018-02-14,38743.84,3.07,172.17,16.86,8.89,1138.85
2018-02-15,38856.99,0.0,257.57,22.63,13.21,1517.82
2018-02-16,38971.1,0.87,236.48,20.06,11.81,1384.66
2018-02-17,39086.13,7.67,251.67,21.92,9.1,1155.59
2018-02-18,39202.05,1.13,279.71,16.39,7.14,1010.84
2018-02-19,39318.83,0.0,353.12,24.26,10.87,1301.07
2018-02-20,39436.43,0.0,326.43,25.68,13.92,1589.47
2018-02-21,39554.81,0.0,272.99,27.25,17.72,2026.86
2018-02-22,39673.95,0.0,272.16,26.57,17.27,1969.65
2018-02-23,39793.81,0.0,342.61,26.31,14.05,1602.78
2018-02-24,39914.37,21.42,186.0,23.93,16.22,1842.64
2018-02-25,40035.58,18.01,217.04,19.13,10.62,1279.5
2018-02-26,40157.42,0.0,337.02,18.34,8.13,1081.63
2018-02-27,40279.87,10.05,322.29,20.55,4.36,833.82
2018-02-28,40402.88,3.35,286.77,22.19,9.23,1165.42
2018-03-01,40526.44,13.96,239.48,20.19,10.52,1270.76
2018-03-02,40650.51,0.0,387.01,15.7,3.82,802.87
2018-03-03,40775.07,0.0,466.8,18.63,0.59,637.35
2018-03-04,40900.08,0.0,473.4,20.84,1.42,676.91
2018-03-05,41025.53,24.5,261.13,17.23,7.03,1003.39
2018-03-06,41151.38,5.18,262.22,18.89,8.55,1113.05
2018-03-07,41277.61,0.0,344.19,10.71,1.28,669.85
2018-03-08,41404.19,0.0,421.24,10.69,-1.82,534.62
2018-03-09,41531.11,0.0,496.73,16.87,-2.89,493.85
2018-03-10,41658.32,37.71,345.06,18.69,2.78,745.59
2018-03-11,41785.82,2.32,198.64,14.32,7.57,1041.34
2018-03-12,41913.57,0.0,385.21,12.01,1.57,684.13
2018-03-13,42041.54,0.0,479.44,13.7,-2.11,523.16
2018-03-14,42169.73,0.0,443.96,11.8,-1.53,546.05
2018-03-15,42298.1,0.0,520.56,19.52,-2.56,505.77
2018-03-16,42426.63,3.53,365.71,19.23,1.38,674.84
2018-03-17,42555.29,10.01,329.53,24.67,9.52,1188.12
2018-03-18,42684.07,1.45,373.99,23.26,11.66,1370.87
2018-03-19,42812.94,6.2,255.4,23.63,13.4,1536.46
2018-03-20,42941.87,1.71,358.24,15.85,5.73,917.38
2018-03-21,43070.85,0.0,388.69,11.84,0.99,655.9
2018-03-22,43199.86,0.0,489.94,15.29,-1.08,564.53
2018-03-23,43328.86,0.0,498.97,19.03,1.27,669.6
2018-03-24,43457.85,1.1,450.88,23.82,8.6,1117.17
2018-03-25,43586.78,0.83,436.87,24.74,10.19,1242.63
2018-03-26,43715.65,0.0,156.63,12.12,8.12,1081.38
2018-03-27,43844.43,0.0,383.83,19.34,8.03,1074.6
2018-03-28,43973.09,0.0,422.88,25.39,11.66,1370.93
2018-03-29,44101.62,24.8,217.03,22.39,14.19,1617.92
2018-03-30,44229.99,0.0,385.24,18.4,7.46,1033.7
2018-03-31,44358.18,0.0,525.74,22.43,2.8,746.95
2018-04-01,44486.16,0.0,526.64,26.31,5.45,899.45
2018-04-02,44613.9,0.0,486.25,26.36,9.14,1158.16
2018-04-03,44741.4,12.88,346.93,28.07,12.11,1411.69
2018-04-04,44868.62,0.0,417.11,17.86,5.62,910.44
2018-04-05,44995.53,0.0,530.77,19.92,0.7,642.4
2018-04-06,45122.11,16.41,362.39,20.94,4.81,860.61
2018-04-07,45248.35,1.79,335.43,12.47,3.32,775.03
2018-04-08,45374.2,0.0,506.04,16.47,-0.02,609.73
2018-04-09,45499.65,0.0,422.84,20.61,8.02,1073.54
2018-04-10,45624.66,0.0,436.41,20.39,7.14,1011.13
2018-04-11,45749.22,0.0,525.41,22.18,3.44,781.36
2018-04-12,45873.29,0.0,543.19,26.58,5.2,883.94
2018-04-13,45996.85,0.0,485.89,27.03,9.97,1224.59
2018-04-14,46119.86,95.61,256.48,24.94,14.78,1680.0
2018-04-15,46242.31,4.73,322.37,17.15,4.7,853.9
2018-04-16,46364.15,0.0,433.62,13.06,0.9,652.05
2018-04-17,46485.37,0.0,576.21,25.4,1.37,674.27
2018-04-18,46605.92,0.0,514.53,26.84,8.35,1098.01
2018-04-19,46725.79,0.0,356.7,18.36,8.2,1087.31
2018-04-20,46844.93,0.0,520.41,21.01,3.17,766.44
2018-04-21,46963.31,1.49,537.96,24.39,4.61,848.77
2018-04-22,47080.91,34.83,175.79,18.62,12.2,1420.14
2018-04-23,47197.69,5.41,246.4,21.9,12.59,1457.03
2018-04-24,47313.61,0.85,314.63,19.23,10.67,1283.8
2018-04-25,47428.65,9.93,318.75,22.77,10.0,1227.52
2018-04-26,47542.76,15.17,190.21,18.19,11.4,1346.88
2018-04-27,47655.91,0.0,422.32,22.41,10.0,1227.35
2018-04-28,47768.07,0.0,514.41,26.11,8.47,1107.37
2018-04-29,47879.2,0.0,489.28,21.72,6.14,943.61
2018-04-30,47989.25,0.0,563.14,25.04,3.81,802.31
2018-05-01,48098.2,0.0,526.53,27.42,8.73,1126.42
2018-05-02,48206.01,0.0,482.31,28.97,12.67,1465.2
2018-05-03,48312.63,0.0,448.34,28.57,14.1,1608.12
2018-05-04,48418.03,0.0,427.69,29.27,15.55,1765.76
2018-05-05,48522.17,2.87,261.12,25.45,15.36,1744.85
2018-05-06,48625.0,0.0,430.63,27.01,13.87,1584.05
2018-05-07,48726.5,0.0,511.8,29.53,11.66,1370.76
2018-05-08,48826.61,0.0,484.66,29.04,12.86,1483.21
2018-05-09,48925.29,0.0,501.75,30.31,12.79,1476.96
2018-05-10,49022.51,0.0,478.65,31.24,14.73,1675.06
2018-05-11,49118.22,0.0,463.88,31.45,15.73,1786.42
2018-05-12,49212.38,0.0,486.11,32.03,15.14,1719.54
2018-05-13,49304.95,0.0,495.94,32.86,15.2,1726.95
2018-05-14,49395.89,0.0,472.67,33.27,16.65,1893.57
2018-05-15,49485.15,0.0,384.5,30.82,18.59,2140.54
2018-05-16,49572.69,18.62,277.29,30.36,18.76,2163.56
2018-05-17,49658.47,3.51,251.97,27.62,17.82,2039.6
2018-05-18,49742.44,0.0,361.81,28.12,17.58,2009.62
2018-05-19,49824.57,0.0,412.75,31.31,18.38,2112.32
2018-05-20,49904.81,5.95,311.05,32.31,19.21,2225.72
2018-05-21,49983.12,4.13,215.62,26.64,18.79,2167.78
2018-05-22,50059.46,3.49,213.37,28.08,20.14,2357.99
2018-05-23,50133.79,0.0,336.78,29.78,20.08,2348.04
2018-05-24,50206.06,0.0,378.25,30.54,19.32,2240.61
2018-05-25,50276.24,5.54,284.94,30.68,19.41,2252.75
2018-05-26,50344.29,10.71,245.26,29.56,20.13,2356.33
2018-05-27,50410.16,18.57,263.19,29.88,19.69,2293.31
2018-05-28,50473.83,10.69,209.08,26.83,19.33,2241.93
2018-05-29,50535.24,27.98,124.64,24.97,20.77,2450.44
2018-05-30,50594.37,19.08,257.97,29.29,20.08,2348.44
2018-05-31,50651.18,0.2,398.31,31.65,20.49,2409.6
2018-06-01,50705.63,15.72,265.68,29.95,20.62,2429.07
2018-06-02,50757.69,0.0,420.27,32.81,20.84,2461.95
2018-06-03,50807.33,0.0,423.22,32.12,20.24,2372.13
2018-06-04,50854.52,0.0,482.53,29.1,15.34,1742.16
2018-06-05,50899.22,0.0,461.18,27.45,14.95,1698.58
2018-06-06,50941.41,0.0,527.89,31.92,14.98,1702.5
2018-06-07,50981.06,0.0,511.06,32.81,16.64,1892.69
2018-06-08,51018.14,0.0,496.72,33.1,17.72,2026.35
2018-06-09,51052.63,5.05,341.13,33.09,19.8,2308.48
2018-06-10,51084.5,25.31,330.85,31.88,19.53,2269.95
2018-06-11,51113.74,6.17,311.88,30.42,19.44,2256.71
2018-06-12,51140.32,0.0,425.43,30.91,19.67,2289.24
2018-06-13,51164.22,1.7,334.58,28.67,20.71,2442.41
2018-06-14,51185.44,0.0,416.7,31.34,20.56,2419.49
2018-06-15,51203.95,0.0,464.33,33.57,20.38,2393.28
2018-06-16,51219.74,4.53,336.71,33.69,21.05,2493.12
2018-06-17,51232.8,11.11,344.95,32.71,19.8,2308.36
2018-06-18,51243.13,0.0,467.96,32.87,19.57,2275.99
2018-06-19,51250.71,0.0,446.99,33.48,20.94,2476.21
2018-06-20,51255.53,5.53,335.88,33.61,20.85,2463.59
2018-06-21,51257.61,14.08,187.59,28.57,22.6,2740.58
2018-06-22,51256.92,16.78,289.31,29.27,19.62,2282.72
2018-06-23,51253.48,20.5,248.16,28.64,20.69,2438.91
2018-06-24,51247.29,0.0,390.11,32.57,22.32,2694.71
2018-06-25,51238.35,5.6,305.25,32.02,21.28,2528.55
2018-06-26,51226.67,0.0,459.58,33.83,20.58,2421.88
2018-06-27,51212.25,11.47,308.7,32.99,21.72,2598.53
2018-06-28,51195.11,26.3,360.01,33.3,18.84,2174.46
2018-06-29,51175.26,0.0,479.15,32.98,18.53,2133.34
2018-06-30,51152.71,4.19,313.47,33.64,21.59,2577.86
2018-07-01,51127.48,4.95,271.57,31.53,21.79,2609.35
2018-07-02,51099.58,1.6,285.51,29.75,22.52,2727.37
2018-07-03,51069.03,13.05,281.49,32.83,22.58,2736.97
2018-07-04,51035.86,6.7,288.56,32.13,21.78,2607.06
2018-07-05,51000.08,0.0,359.67,31.47,22.09,2657.36
2018-07-06,50961.73,1.94,416.94,32.53,21.21,2518.25
2018-07-07,50920.82,0.0,417.72,31.73,20.67,2435.78
2018-07-08,50877.38,0.0,337.12,30.16,21.98,2638.78
2018-07-09,50831.44,0.0,402.89,30.85,20.68,2436.99
2018-07-10,50783.04,0.0,464.37,33.18,20.17,2361.29
2018-07-11,50732.19,0.0,419.54,33.26,22.0,2643.39
2018-07-12,50678.94,0.0,431.75,34.09,22.16,2668.51
2018-07-13,50623.32,0.0,393.91,32.74,22.41,2709.52
2018-07-14,50565.35,3.17,305.41,33.29,22.38,2704.48
2018-07-15,50505.09,0.0,408.56,32.98,22.14,2665.36
2018-07-16,50442.55,3.07,245.54,29.56,21.8,2610.6
2018-07-17,50377.79,0.0,388.18,31.75,22.0,2642.69
2018-07-18,50310.83,0.0,413.34,33.59,22.68,2754.61
2018-07-19,50241.72,0.0,375.13,30.87,21.79,2608.72
2018-07-20,50170.5,0.0,446.95,32.57,20.73,2445.23
2018-07-21,50097.21,0.0,418.59,33.75,22.57,2735.66
2018-07-22,50021.88,0.0,428.14,31.93,20.78,2452.24
2018-07-23,49944.55,6.26,297.58,28.87,19.26,2231.52
2018-07-24,49865.28,2.23,295.85,30.42,20.63,2429.87
2018-07-25,49784.1,0.0,458.38,32.42,19.85,2315.51
2018-07-26,49701.05,0.0,507.14,33.35,17.98,2060.24
2018-07-27,49616.18,0.0,477.55,32.82,19.14,2215.51
2018-07-28,49529.52,0.0,468.23,33.02,19.71,2295.78
2018-07-29,49441.12,0.0,468.27,33.19,19.86,2316.69
2018-07-30,49351.03,5.52,355.21,32.65,19.15,2216.61
2018-07-31,49259.27,22.85,319.75,32.12,20.68,2437.87
2018-08-01,49165.91,18.58,133.84,24.27,20.39,2393.72
2018-08-02,49070.98,0.0,334.19,28.66,20.75,2448.61
2018-08-03,48974.51,0.0,427.06,31.31,20.11,2353.51
2018-08-04,48876.56,0.0,435.83,32.12,20.32,2384.59
2018-08-05,48777.16,0.0,445.01,33.7,21.09,2499.85
2018-08-06,48676.36,0.0,455.23,33.77,20.64,2430.83
2018-08-07,48574.2,21.13,337.36,34.43,21.16,2510.31
2018-08-08,48470.71,4.27,308.16,32.82,21.5,2562.53
2018-08-09,48365.95,6.09,302.36,32.2,21.32,2535.66
2018-08-10,48259.94,0.0,371.58,31.16,21.55,2570.91
2018-08-11,48152.72,0.0,407.67,32.46,21.41,2548.51
2018-08-12,48044.34,0.0,428.34,32.86,20.88,2466.85
2018-08-13,47934.84,0.0,445.27,33.17,20.32,2383.3
2018-08-14,47824.25,0.0,481.41,33.57,18.69,2153.81
2018-08-15,47712.61,0.0,453.28,34.23,20.4,2395.57
2018-08-16,47599.95,0.0,411.95,33.4,21.47,2558.2
2018-08-17,47486.32,4.89,251.34,31.65,22.67,2752.06
2018-08-18,47371.75,6.79,212.71,30.42,23.08,2822.29
2018-08-19,47256.27,0.0,323.21,30.1,21.77,2606.15
2018-08-20,47139.92,1.44,312.65,30.65,22.58,2738.09
2018-08-21,47022.73,0.0,336.31,30.65,21.93,2631.21
2018-08-22,46904.74,0.0,375.84,29.36,19.6,2280.12
2018-08-23,46785.97,0.0,456.58,30.21,17.12,1952.03
2018-08-24,46666.47,0.0,476.63,30.98,16.59,1886.67
2018-08-25,46546.26,0.0,437.66,32.24,19.44,2257.26
2018-08-26,46425.37,0.0,436.53,32.99,20.02,2339.62
2018-08-27,46303.84,0.0,454.17,33.47,19.42,2255.18
2018-08-28,46181.7,0.0,433.04,33.74,20.61,2426.39
2018-08-29,46058.96,9.12,297.01,32.66,21.31,2534.3
2018-08-30,45935.68,0.0,413.58,32.33,20.33,2385.73
2018-08-31,45811.86,8.07,275.04,31.05,20.84,2462.24
2018-09-01,45687.54,0.0,420.97,33.36,20.39,2393.88
2018-09-02,45562.76,0.0,385.06,33.24,21.74,2601.17
2018-09-03,45437.52,0.0,370.71,32.9,21.99,2641.3
2018-09-04,45311.87,1.03,372.09,32.03,21.24,2523.18
2018-09-05,45185.83,1.45,200.69,27.93,22.82,2777.4
2018-09-06,45059.42,0.0,323.59,31.5,22.62,2744.69
2018-09-07,44932.67,0.0,416.71,34.59,21.42,2551.41
2018-09-08,44805.6,0.0,404.15,33.33,20.97,2480.62
2018-09-09,44678.24,19.39,271.03,31.71,21.3,2531.81
2018-09-10,44550.62,12.09,203.83,26.95,20.01,2338.02
2018-09-11,44422.75,0.0,379.88,29.69,19.02,2199.57
2018-09-12,44294.67,1.19,408.58,33.18,20.49,2409.22
2018-09-13,44166.39,5.98,286.98,33.54,21.87,2622.12
2018-09-14,44037.94,0.0,397.94,34.14,21.64,2585.73
2018-09-15,43909.34,0.0,420.83,35.23,21.08,2497.47
2018-09-16,43780.62,0.0,411.57,33.51,20.2,2365.62
2018-09-17,43651.79,0.0,415.78,33.28,19.54,2271.85
2018-09-18,43522.88,0.0,417.53,34.18,19.81,2310.34
2018-09-19,43393.92,0.0,422.71,35.5,20.07,2348.02
2018-09-20,43264.93,0.0,420.94,35.38,19.8,2307.8
2018-09-21,43135.92,0.0,306.65,31.92,22.31,2692.56
2018-09-22,43006.92,0.0,348.3,33.55,21.98,2639.18
2018-09-23,42877.96,0.0,356.12,32.49,20.83,2459.48
2018-09-24,42749.06,25.05,246.03,31.29,20.94,2476.21
2018-09-25,42620.23,7.27,240.11,31.05,21.04,2492.71
2018-09-26,42491.51,49.39,163.45,26.5,20.42,2399.1
2018-09-27,42362.91,20.61,135.3,25.45,20.58,2423.17
2018-09-28,42234.45,0.0,302.07,27.31,18.74,2161.47
2018-09-29,42106.17,0.0,378.5,30.12,18.03,2067.34
2018-09-30,41978.09,0.0,345.31,30.49,19.7,2293.44
2018-10-01,41850.22,0.0,309.93,29.25,20.01,2339.15
2018-10-02,41722.59,0.0,353.11,30.7,19.45,2258.37
2018-10-03,41595.23,0.0,374.9,31.24,18.67,2150.84
2018-10-04,41468.17,0.0,385.43,31.93,18.43,2119.42
2018-10-05,41341.41,0.0,377.68,32.31,18.79,2167.71
2018-10-06,41215.0,0.0,355.3,32.33,19.77,2304.12
2018-10-07,41088.95,0.0,334.68,30.92,19.62,2282.1
2018-10-08,40963.3,0.0,319.8,30.33,19.72,2296.72
2018-10-09,40838.06,1.74,200.79,27.71,21.63,2584.53
2018-10-10,40713.27,4.54,91.88,25.48,21.94,2633.05
2018-10-11,40588.95,0.0,282.85,24.55,16.16,1835.92
2018-10-12,40465.13,0.0,394.57,22.04,8.97,1145.49
2018-10-13,40341.84,0.0,355.65,23.46,12.13,1413.52
2018-10-14,40219.11,0.0,397.95,29.6,14.2,1618.58
2018-10-15,40096.96,0.0,344.39,28.15,16.33,1856.53
2018-10-16,39975.42,3.84,159.2,21.11,15.09,1714.06
2018-10-17,39854.53,0.0,275.15,20.88,12.95,1492.18
2018-10-18,39734.32,0.0,379.41,22.58,9.84,1214.36
2018-10-19,39614.81,1.11,400.82,25.76,10.57,1275.09
2018-10-20,39496.04,1.05,317.76,20.08,10.62,1279.18
2018-10-21,39378.04,0.0,404.52,17.73,3.49,784.2
2018-10-22,39260.85,0.0,424.02,19.57,2.46,728.87
2018-10-23,39144.49,0.0,397.47,20.29,5.43,898.32
2018-10-24,39029.01,0.0,418.69,22.97,4.41,836.85
2018-10-25,38914.43,19.96,178.97,15.75,8.67,1122.22
2018-10-26,38800.79,2.05,123.66,15.5,10.72,1288.0
2018-10-27,38688.13,0.0,289.21,17.12,7.93,1066.9
2018-10-28,38576.48,0.0,405.88,25.26,5.7,915.32
2018-10-29,38465.88,0.0,374.0,21.5,6.26,951.83
2018-10-30,38356.37,0.0,391.69,24.59,6.13,942.84
2018-10-31,38247.99,0.0,350.72,26.61,11.35,1342.81
2018-11-01,38140.76,12.68,123.13,20.7,15.1,1715.84
2018-11-02,38034.75,1.07,258.28,14.93,6.25,950.72
2018-11-03,37929.97,0.0,371.66,19.29,3.18,767.46
2018-11-04,37826.47,17.94,251.66,19.27,5.85,925.16
2018-11-05,37724.3,18.3,225.32,21.74,10.07,1233.07
2018-11-06,37623.49,0.0,312.58,22.22,9.67,1200.83
2018-11-07,37524.09,21.28,217.07,19.08,8.05,1076.19
2018-11-08,37426.13,3.25,77.79,14.73,11.34,1341.92
2018-11-09,37329.65,3.35,195.59,15.83,6.24,950.3
2018-11-10,37234.71,0.0,265.08,8.71,-0.73,578.85
2018-11-11,37141.33,17.03,258.92,13.86,-1.23,558.19
2018-11-12,37049.57,45.45,94.97,9.33,5.13,879.74
2018-11-13,36959.46,1.27,162.59,9.77,4.39,835.5
2018-11-14,36871.06,18.18,132.3,7.64,1.87,698.89
2018-11-15,36784.39,0.0,121.8,1.94,-1.84,533.68
2018-11-16,36699.5,0.0,360.64,14.79,-2.82,496.39
2018-11-17,36616.44,0.0,359.22,17.55,-0.96,569.16
2018-11-18,36535.24,0.0,348.22,18.72,1.24,667.91
2018-11-19,36455.96,0.83,326.0,18.28,2.99,756.87
2018-11-20,36378.62,0.0,278.74,11.61,0.48,632.16
2018-11-21,36303.28,0.0,328.49,13.22,-1.83,533.87
2018-11-22,36229.97,0.0,335.86,16.04,-0.49,589.32
2018-11-23,36158.74,10.15,175.64,10.97,2.16,713.63
2018-11-24,36089.61,0.0,255.78,15.66,5.36,894.23
2018-11-25,36022.64,2.18,191.29,15.87,5.32,891.49
2018-11-26,35957.87,0.0,294.31,12.94,0.0,610.56
2018-11-27,35895.32,0.0,219.19,4.93,-3.16,483.7
2018-11-28,35835.04,0.0,332.71,9.78,-6.57,373.64
2018-11-29,35777.06,0.84,341.19,16.45,-2.64,503.07
2018-11-30,35721.42,40.73,184.17,18.84,8.47,1107.28
2018-12-01,35668.15,6.91,141.38,20.43,12.71,1469.01
2018-12-02,35617.29,0.0,296.44,23.02,7.95,1068.26
2018-12-03,35568.87,0.0,252.5,14.79,4.19,823.81
2018-12-04,35522.91,0.0,240.82,9.2,-0.35,595.28
2018-12-05,35479.46,0.0,253.52,6.02,-4.07,451.78
2018-12-06,35438.53,4.0,230.64,9.45,-5.15,416.58
2018-12-07,35400.16,14.33,117.39,7.14,1.38,674.62
2018-12-08,35364.37,59.79,63.95,7.3,4.33,832.02
2018-12-09,35331.18,3.42,50.67,4.99,2.84,749.2
2018-12-10,35300.62,2.89,53.12,3.92,1.69,689.8
2018-12-11,35272.7,0.0,298.96,9.65,-3.58,468.75
2018-12-12,35247.45,0.0,304.62,11.38,-3.03,488.66
2018-12-13,35224.88,4.48,201.53,14.27,2.33,722.27
2018-12-14,35205.01,11.09,102.45,13.56,8.3,1094.26
2018-12-15,35187.85,2.53,61.0,10.52,7.6,1043.31
2018-12-16,35173.41,0.0,204.55,12.85,4.93,867.57
2018-12-17,35161.71,0.0,300.42,16.18,1.69,689.75
2018-12-18,35152.76,0.0,318.33,16.46,-0.55,586.71
2018-12-19,35146.55,6.23,215.82,14.32,1.25,668.29
2018-12-20,35143.09,11.43,79.44,10.53,6.84,990.15
2018-12-21,35142.39,3.61,115.7,8.76,3.45,781.93
2018-12-22,35144.45,1.8,306.69,12.64,-1.31,554.86
2018-12-23,35149.25,0.71,308.96,15.49,0.63,639.48
2018-12-24,35156.81,0.0,300.15,10.96,-2.38,512.73
2018-12-25,35167.12,0.0,299.98,11.69,-1.8,535.43
2018-12-26,35180.16,2.0,304.76,17.74,2.81,747.62
2018-12-27,35195.94,101.32,142.74,16.49,9.25,1166.86
2018-12-28,35214.43,0.0,230.63,17.25,8.26,1091.45
2018-12-29,35235.63,15.47,160.64,12.98,5.31,890.9
2018-12-30,35259.52,0.81,178.7,14.44,8.27,1091.92
2018-12-31,35286.08,21.93,193.71,23.04,12.09,1409.88
2019-01-01,35315.43,0.0,162.97,16.37,10.38,1258.88
2019-01-02,35347.3,22.46,79.23,11.86,8.21,1087.67
2019-01-03,35381.78,24.05,77.75,12.71,9.12,1157.21
2019-01-04,35418.86,1.46,244.8,16.0,6.42,962.48
2019-01-05,35458.5,0.0,292.48,15.39,2.84,748.89
2019-01-06,35500.68,0.0,332.71,19.16,0.89,651.39
2019-01-07,35545.38,0.68,324.26,19.37,2.84,748.85
2019-01-08,35592.56,0.0,278.91,20.18,8.29,1093.8
2019-01-09,35642.19,0.0,227.56,11.33,3.15,765.59
2019-01-10,35694.25,0.0,258.51,7.64,-1.79,535.75
2019-01-11,35748.7,0.0,330.1,11.38,-3.72,464.05
2019-01-12,35805.5,18.03,141.65,10.11,3.66,793.73
2019-01-13,35864.63,0.0,140.52,9.48,4.85,862.73
2019-01-14,35926.04,0.0,71.51,5.03,2.97,756.08
2019-01-15,35989.69,0.0,150.81,4.33,-0.48,589.52
2019-01-16,36055.56,0.0,338.48,11.8,-3.36,476.54
2019-01-17,36123.61,6.9,215.51,9.36,-1.31,555.09
2019-01-18,36193.78,5.29,183.16,14.34,5.67,913.43
2019-01-19,36266.05,28.88,238.97,17.1,3.67,794.03
2019-01-20,36340.37,0.0,193.46,3.97,-2.14,521.77
2019-01-21,36416.71,0.0,300.71,5.43,-5.33,410.98
2019-01-22,36495.01,6.11,245.04,11.47,-1.47,548.26
2019-01-23,36575.25,65.21,222.78,14.92,3.87,805.34
2019-01-24,36657.38,0.0,248.2,7.32,-0.75,578.3
2019-01-25,36741.35,0.0,320.84,8.22,-3.46,473.11
2019-01-26,36827.12,0.0,359.69,10.56,-4.49,438.0
2019-01-27,36914.66,0.0,352.04,12.36,-1.83,533.9
2019-01-28,37003.91,4.41,274.58,15.4,-0.85,574.0
2019-01-29,37094.85,0.0,349.51,9.35,-3.87,458.69
2019-01-30,37187.41,0.0,350.33,5.71,-7.11,358.31
2019-01-31,37281.57,0.0,382.02,11.94,-5.04,420.04
2019-02-01,37377.28,0.0,384.16,17.37,-1.18,560.32
2019-02-02,37474.5,0.0,380.4,19.57,0.96,654.65
2019-02-03,37573.18,0.0,335.97,20.58,6.54,970.44
2019-02-04,37673.28,1.46,288.8,18.54,7.82,1059.03
2019-02-05,37774.77,1.98,225.25,21.53,13.64,1560.65
2019-02-06,37877.61,0.0,204.89,23.22,16.19,1839.01
2019-02-07,37981.74,2.39,214.07,24.95,14.42,1642.07
2019-02-08,38087.14,1.11,307.71,13.07,2.77,745.32
2019-02-09,38193.76,0.0,314.68,11.21,0.78,646.45
2019-02-10,38301.56,0.75,243.31,11.23,3.92,808.48
2019-02-11,38410.51,1.7,280.91,16.69,7.69,1049.97
2019-02-12,38520.56,27.61,266.0,18.58,5.51,903.34
2019-02-13,38631.69,0.0,371.17,13.53,-0.18,602.9
2019-02-14,38743.84,0.0,389.28,15.95,0.41,629.13
2019-02-15,38856.99,9.22,180.26,16.62,8.94,1142.81
2019-02-16,38971.1,2.51,195.62,15.58,7.33,1024.59
2019-02-17,39086.13,22.6,219.6,17.28,7.74,1053.14
2019-02-18,39202.05,5.24,180.43,11.95,4.82,861.17
2019-02-19,39318.83,22.42,114.81,7.34,3.12,763.86
2019-02-20,39436.43,39.08,199.13,13.64,5.82,922.82
2019-02-21,39554.81,26.53,139.25,14.95,9.74,1206.18
2019-02-22,39673.95,15.38,119.58,14.74,10.42,1262.41
2019-02-23,39793.81,23.67,247.29,22.66,12.14,1414.71
2019-02-24,39914.37,0.0,384.35,18.95,6.33,956.18
2019-02-25,40035.58,0.0,436.59,15.56,-0.21,601.46
2019-02-26,40157.42,0.0,417.11,18.99,4.52,843.46
2019-02-27,40279.87,11.05,289.16,22.29,9.58,1193.01
2019-02-28,40402.88,15.67,179.15,19.4,12.91,1487.87
2019-03-01,40526.44,3.32,181.11,16.83,10.57,1275.35
2019-03-02,40650.51,1.71,243.1,13.6,7.69,1049.56
2019-03-03,40775.07,38.78,243.23,11.5,3.61,790.8
2019-03-04,40900.08,0.0,283.49,5.35,-0.85,573.85
2019-03-05,41025.53,0.0,422.9,6.39,-4.29,444.45
2019-03-06,41151.38,0.0,466.23,7.97,-5.28,412.48
2019-03-07,41277.61,1.03,485.45,11.94,-3.62,467.29
2019-03-08,41404.19,0.0,458.02,20.25,5.84,924.5
2019-03-09,41531.11,7.26,275.03,22.32,12.55,1453.11
2019-03-10,41658.32,0.8,361.36,21.59,12.26,1425.57
2019-03-11,41785.82,2.88,255.55,16.44,8.32,1095.91
2019-03-12,41913.57,0.0,476.95,21.22,5.74,917.87
2019-03-13,42041.54,0.0,449.74,23.52,9.7,1202.97
2019-03-14,42169.73,16.7,246.19,24.65,16.19,1839.23
2019-03-15,42298.1,0.0,371.96,18.74,9.64,1198.3
2019-03-16,42426.63,0.0,367.43,12.8,4.49,841.53
2019-03-17,42555.29,0.0,505.43,17.83,1.76,693.23
2019-03-18,42684.07,0.0,487.76,15.3,1.21,666.71
2019-03-19,42812.94,0.0,507.86,15.36,-0.4,593.08
2019-03-20,42941.87,0.0,521.13,18.07,0.13,616.54
2019-03-21,43070.85,0.0,464.52,17.89,4.52,843.14
2019-03-22,43199.86,0.0,520.53,19.36,1.09,660.81
2019-03-23,43328.86,0.0,526.98,21.7,1.69,689.99
2019-03-24,43457.85,0.0,519.68,23.87,3.96,810.97
2019-03-25,43586.78,0.01,390.99,21.47,10.24,1247.08
2019-03-26,43715.65,0.0,316.93,16.08,7.92,1066.78
2019-03-27,43844.43,0.0,504.96,20.32,3.46,782.88
2019-03-28,43973.09,0.0,507.25,21.93,4.65,850.68
2019-03-29,44101.62,0.0,504.27,23.22,5.93,929.96
2019-03-30,44229.99,9.89,347.7,24.42,9.41,1179.71
2019-03-31,44358.18,0.0,337.6,12.81,4.03,814.74
2019-04-01,44486.16,0.0,498.24,16.38,0.35,626.48
2019-04-02,44613.9,0.0,452.79,18.11,4.35,833.22
2019-04-03,44741.4,0.0,531.73,22.47,2.36,723.97
2019-04-04,44868.62,7.88,332.44,19.69,5.84,924.57
2019-04-05,44995.53,1.68,361.23,22.44,11.78,1381.52
2019-04-06,45122.11,18.11,311.48,25.01,12.02,1403.6
2019-04-07,45248.35,1.39,376.92,26.87,15.32,1739.53
2019-04-08,45374.2,14.63,162.53,23.07,17.04,1942.13
2019-04-09,45499.65,14.69,268.97,24.74,14.24,1622.64
2019-04-10,45624.66,0.0,499.85,28.74,10.72,1287.5
2019-04-11,45749.22,0.0,446.39,28.68,13.9,1587.51
2019-04-12,45873.29,3.56,217.66,24.98,16.69,1898.41
2019-04-13,45996.85,47.81,254.33,25.03,15.19,1725.56
2019-04-14,46119.86,7.25,339.55,24.19,10.0,1227.34
2019-04-15,46242.31,0.0,487.19,19.91,4.48,840.98
2019-04-16,46364.15,0.0,538.15,26.14,6.09,940.41
2019-04-17,46485.37,0.0,484.87,26.14,9.83,1213.73
2019-04-18,46605.92,43.45,272.6,25.56,14.72,1674.27
2019-04-19,46725.79,11.9,252.67,17.0,7.97,1070.12
2019-04-20,46844.93,1.75,394.3,16.11,5.41,897.11
2019-04-21,46963.31,0.0,571.05,24.08,2.22,716.39
2019-04-22,47080.91,0.0,549.29,27.47,7.05,1005.11
2019-04-23,47197.69,0.0,516.75,27.05,9.42,1180.68
2019-04-24,47313.61,0.0,474.09,27.87,12.48,1446.87
2019-04-25,47428.65,4.9,222.34,23.26,15.04,1709.19
2019-04-26,47542.76,0.0,387.88,22.95,12.04,1405.2
2019-04-27,47655.91,0.0,547.8,25.52,6.23,949.66
2019-04-28,47768.07,0.0,421.99,26.61,14.12,1610.22
2019-04-29,47879.2,0.0,466.03,29.15,14.34,1633.07
2019-04-30,47989.25,0.0,481.1,28.55,12.97,1493.91
2019-05-01,48098.2,7.32,317.83,29.63,16.53,1880.36
2019-05-02,48206.01,0.0,376.25,28.7,17.63,2015.76
2019-05-03,48312.63,2.42,284.03,28.72,17.77,2032.99
2019-05-04,48418.03,20.26,230.07,25.69,17.46,1994.37
2019-05-05,48522.17,0.0,316.3,23.08,14.88,1691.11
2019-05-06,48625.0,0.0,493.1,25.76,10.89,1302.8
2019-05-07,48726.5,0.0,494.38,27.64,12.25,1424.71
2019-05-08,48826.61,4.25,353.72,29.63,14.7,1671.81
2019-05-09,48925.29,21.56,225.05,25.13,17.03,1939.93
2019-05-10,49022.51,1.85,381.66,25.33,14.9,1693.94
2019-05-11,49118.22,45.2,213.81,26.08,18.56,2137.08
2019-05-12,49212.38,14.73,180.44,24.06,17.93,2053.86
2019-05-13,49304.95,0.0,391.08,22.77,12.54,1452.85
2019-05-14,49395.89,0.0,469.32,21.98,9.08,1154.07
2019-05-15,49485.15,1.24,516.78,24.52,9.01,1148.16
2019-05-16,49572.69,11.44,360.67,29.98,15.37,1745.79
2019-05-17,49658.47,0.0,461.19,30.1,16.47,1873.03
2019-05-18,49742.44,0.0,439.81,29.68,16.99,1934.99
2019-05-19,49824.57,0.0,439.28,29.38,16.68,1897.22
2019-05-20,49904.81,0.0,411.03,29.0,17.42,1989.45
2019-05-21,49983.12,0.0,457.48,31.03,17.46,1993.68
2019-05-22,50059.46,0.0,466.75,31.02,17.21,1963.21
2019-05-23,50133.79,0.0,489.44,32.33,17.16,1957.05
2019-05-24,50206.06,0.0,443.4,32.19,19.27,2234.17
2019-05-25,50276.24,0.0,462.98,32.83,18.77,2164.31
2019-05-26,50344.29,0.0,476.96,33.06,18.17,2084.69
2019-05-27,50410.16,0.0,450.5,32.79,19.34,2243.57
2019-05-28,50473.83,0.0,436.35,32.32,19.56,2274.74
2019-05-29,50535.24,0.0,456.89,32.4,18.81,2170.7
2019-05-30,50594.37,0.0,435.19,30.79,18.53,2133.31
2019-05-31,50651.18,0.0,423.95,30.78,18.98,2193.96
2019-06-01,50705.63,0.0,485.51,30.67,16.22,1843.23
2019-06-02,50757.69,0.83,507.68,32.0,15.88,1803.48
2019-06-03,50807.33,0.0,460.98,31.48,17.69,2023.41
2019-06-04,50854.52,0.0,443.3,31.31,18.2,2088.42
2019-06-05,50899.22,3.7,241.62,29.34,20.75,2448.55
2019-06-06,50941.41,24.91,151.55,24.91,20.03,2341.59
2019-06-07,50981.06,14.75,218.76,28.7,21.34,2538.68
2019-06-08,51018.14,14.88,179.32,27.05,21.22,2519.69
2019-06-09,51052.63,12.66,229.76,28.92,21.23,2521.81
2019-06-10,51084.5,4.41,274.22,30.29,20.7,2440.94
2019-06-11,51113.74,0.0,377.66,26.71,17.19,1960.48
2019-06-12,51140.32,1.93,410.0,27.34,16.71,1901.81
2019-06-13,51164.22,0.0,451.14,26.65,14.71,1672.86
2019-06-14,51185.44,0.0,523.42,27.48,12.09,1410.16
2019-06-15,51203.95,0.0,478.37,29.76,16.16,1835.81
2019-06-16,51219.74,0.0,448.32,32.46,19.56,2274.47
2019-06-17,51232.8,5.42,312.67,31.52,20.05,2344.42
2019-06-18,51243.13,28.49,197.56,27.77,21.38,2545.01
2019-06-19,51250.71,6.37,264.84,30.45,21.4,2547.9
2019-06-20,51255.53,0.0,391.69,30.32,20.21,2367.52
2019-06-21,51257.61,0.0,468.87,33.25,19.61,2281.18
2019-06-22,51256.92,9.23,318.41,31.8,20.38,2392.86
2019-06-23,51253.48,0.0,416.39,31.4,20.41,2396.66
2019-06-24,51247.29,0.0,341.82,30.78,22.31,2693.13
2019-06-25,51238.35,0.0,431.93,30.45,19.32,2241.0
2019-06-26,51226.67,16.77,305.78,30.66,20.38,2392.73
2019-06-27,51212.25,0.0,460.92,31.89,19.42,2254.52
2019-06-28,51195.11,0.0,475.03,31.63,18.63,2146.16
2019-06-29,51175.26,0.0,409.94,30.95,20.61,2427.65
2019-06-30,51152.71,0.0,405.39,31.03,20.86,2464.56
2019-07-01,51127.48,0.0,453.13,33.19,20.86,2464.73
2019-07-02,51099.58,0.0,441.07,33.58,21.74,2601.82
2019-07-03,51069.03,0.0,396.61,31.85,22.04,2648.95
2019-07-04,51035.86,0.0,458.77,33.16,20.83,2460.27
2019-07-05,51000.08,0.0,443.0,33.72,21.8,2610.75
2019-07-06,50961.73,3.81,331.1,34.43,22.18,2672.51
2019-07-07,50920.82,9.94,284.29,31.17,21.75,2602.55
2019-07-08,50877.38,0.0,426.25,33.79,22.12,2662.65
2019-07-09,50831.44,0.0,443.46,35.37,22.45,2715.78
2019-07-10,50783.04,0.0,385.35,33.76,23.38,2873.3
2019-07-11,50732.19,0.0,366.92,32.76,23.16,2835.55
2019-07-12,50678.94,2.61,283.09,33.55,23.46,2888.27
2019-07-13,50623.32,12.84,258.95,30.59,22.05,2650.25
2019-07-14,50565.35,3.94,269.71,30.63,21.82,2613.23
2019-07-15,50505.09,0.0,379.61,30.3,21.04,2492.51
2019-07-16,50442.55,0.0,405.64,32.44,22.04,2648.52
2019-07-17,50377.79,0.0,381.71,31.42,22.01,2644.5
2019-07-18,50310.83,6.59,285.63,32.31,22.68,2755.12
2019-07-19,50241.72,0.0,309.15,29.93,22.69,2755.7
2019-07-20,50170.5,3.69,289.57,30.6,21.15,2508.19
2019-07-21,50097.21,1.48,379.5,31.0,21.78,2607.58
2019-07-22,50021.88,7.16,288.03,31.56,22.14,2665.38
2019-07-23,49944.55,0.0,305.9,27.64,20.91,2472.87
2019-07-24,49865.28,0.0,498.15,29.31,16.05,1823.22
2019-07-25,49784.1,0.0,532.92,30.65,14.83,1685.99
2019-07-26,49701.05,0.0,510.94,31.69,16.78,1910.29
2019-07-27,49616.18,0.0,484.03,32.65,18.85,2176.49
2019-07-28,49529.52,0.0,503.85,33.28,18.1,2075.7
2019-07-29,49441.12,0.0,496.16,33.31,18.43,2118.89
2019-07-30,49351.03,6.71,339.54,31.35,19.0,2195.75
2019-07-31,49259.27,14.66,336.65,32.5,20.03,2341.1
2019-08-01,49165.91,0.0,471.77,32.85,19.2,2224.53
2019-08-02,49070.98,15.22,298.59,30.9,20.55,2417.38
2019-08-03,48974.51,5.04,302.96,31.16,20.59,2424.56
2019-08-04,48876.56,10.75,338.13,31.81,19.3,2238.4
2019-08-05,48777.16,0.0,436.77,30.77,19.09,2208.36
2019-08-06,48676.36,0.0,461.61,32.77,19.47,2261.12
2019-08-07,48574.2,0.0,437.15,34.01,21.39,2545.84
2019-08-08,48470.71,0.0,425.08,31.82,20.22,2368.86
2019-08-09,48365.95,0.0,400.27,33.8,22.64,2748.36
2019-08-10,48259.94,0.0,383.63,32.49,22.15,2666.9
2019-08-11,48152.72,0.0,410.94,34.51,22.68,2754.52
2019-08-12,48044.34,0.0,453.72,35.91,21.65,2587.23
2019-08-13,47934.84,5.6,329.41,37.15,22.97,2802.81
2019-08-14,47824.25,0.0,390.61,33.68,22.43,2712.19
2019-08-15,47712.61,0.0,441.68,33.89,20.44,2402.22
2019-08-16,47599.95,0.0,485.03,34.44,18.35,2109.41
2019-08-17,47486.32,0.0,499.29,35.97,18.11,2077.22
2019-08-18,47371.75,0.0,457.96,35.78,20.25,2373.02
2019-08-19,47256.27,0.0,398.86,34.8,22.15,2666.49
2019-08-20,47139.92,0.0,440.37,34.8,20.15,2358.92
2019-08-21,47022.73,5.66,277.31,33.12,21.72,2597.65
2019-08-22,46904.74,0.0,379.15,32.65,20.87,2465.7
2019-08-23,46785.97,5.19,232.1,31.2,22.09,2657.44
2019-08-24,46666.47,3.83,293.82,32.75,20.55,2417.36
2019-08-25,46546.26,19.11,129.5,26.16,21.62,2581.63
2019-08-26,46425.37,57.95,93.17,23.8,20.81,2456.84
2019-08-27,46303.84,14.15,264.87,31.2,21.17,2511.64
2019-08-28,46181.7,0.0,368.97,30.51,20.15,2359.62
2019-08-29,46058.96,0.0,435.32,29.35,16.61,1889.77
2019-08-30,45935.68,0.0,498.99,31.14,14.28,1627.47
2019-08-31,45811.86,0.0,468.78,31.87,16.58,1885.78
2019-09-01,45687.54,0.0,400.48,31.46,19.4,2251.05
2019-09-02,45562.76,0.0,408.4,32.08,19.46,2260.2
2019-09-03,45437.52,0.0,424.35,33.54,19.74,2300.05
2019-09-04,45311.87,0.0,437.75,33.81,19.12,2212.91
2019-09-05,45185.83,0.0,396.54,32.63,20.13,2356.0
2019-09-06,45059.42,0.0,470.3,31.8,15.57,1768.51
2019-09-07,44932.67,0.0,436.58,34.3,19.12,2213.1
2019-09-08,44805.6,0.0,428.98,33.85,19.02,2199.4
2019-09-09,44678.24,0.0,457.3,35.5,18.17,2085.59
2019-09-10,44550.62,0.0,391.84,35.01,21.33,2536.11
2019-09-11,44422.75,2.51,280.99,34.33,21.53,2567.99
2019-09-12,44294.67,0.0,419.13,34.99,19.79,2306.37
2019-09-13,44166.39,1.71,418.82,36.1,20.34,2386.3
2019-09-14,44037.94,0.0,340.91,33.05,21.69,2593.37
2019-09-15,43909.34,0.0,359.19,33.15,21.05,2493.67
2019-09-16,43780.62,0.0,425.06,35.3,19.34,2243.18
2019-09-17,43651.79,0.0,436.04,36.13,18.99,2195.4
2019-09-18,43522.88,0.0,403.66,34.87,19.94,2328.49
2019-09-19,43393.92,0.0,304.47,31.0,21.23,2520.69
2019-09-20,43264.93,0.0,361.78,29.79,17.96,2058.38
2019-09-21,43135.92,0.0,427.27,30.98,15.48,1757.84
2019-09-22,43006.92,0.0,427.91,31.56,15.52,1762.12
2019-09-23,42877.96,0.0,440.74,32.84,15.28,1735.29
2019-09-24,42749.06,0.0,398.83,32.6,17.33,1977.57
2019-09-25,42620.23,0.0,445.29,34.11,14.65,1666.85
2019-09-26,42491.51,0.0,380.69,34.3,18.84,2174.4
2019-09-27,42362.91,0.0,366.43,35.31,20.12,2354.66
2019-09-28,42234.45,0.0,326.26,33.62,20.76,2449.39
2019-09-29,42106.17,0.0,335.4,35.17,21.48,2560.19
2019-09-30,41978.09,0.0,369.9,35.61,19.87,2317.76
2019-10-01,41850.22,0.0,378.12,35.96,19.35,2244.56
2019-10-02,41722.59,0.0,346.63,35.79,20.9,2470.59
2019-10-03,41595.23,0.0,359.6,36.73,20.62,2429.07
2019-10-04,41468.17,0.0,339.69,35.14,20.52,2412.79
2019-10-05,41341.41,10.61,267.15,34.61,18.96,2190.84
2019-10-06,41215.0,0.0,256.47,28.81,19.09,2208.17
2019-10-07,41088.95,21.4,133.76,24.19,17.92,2052.17
2019-10-08,40963.3,0.0,283.22,26.57,16.17,1836.95
2019-10-09,40838.06,0.0,335.78,27.57,14.68,1669.46
2019-10-10,40713.27,0.0,256.75,27.43,18.0,2062.29
2019-10-11,40588.95,0.0,320.42,28.79,16.34,1857.04
2019-10-12,40465.13,0.0,262.87,21.54,12.46,1445.26
2019-10-13,40341.84,5.13,182.44,19.36,11.24,1333.53
2019-10-14,40219.11,0.0,351.7,23.13,9.91,1219.9
2019-10-15,40096.96,7.56,123.96,21.28,15.73,1786.17
2019-10-16,39975.42,0.0,264.63,19.94,11.04,1315.52
2019-10-17,39854.53,0.0,366.69,18.93,5.44,899.04
2019-10-18,39734.32,0.0,352.83,17.63,5.0,871.68
2019-10-19,39614.81,4.58,128.95,15.92,10.47,1266.4
2019-10-20,39496.04,0.0,291.36,22.78,12.46,1444.86
2019-10-21,39378.04,4.8,187.2,22.78,14.19,1617.08
2019-10-22,39260.85,0.0,321.17,20.84,9.44,1181.8
2019-10-23,39144.49,0.0,403.06,20.86,3.8,801.41
2019-10-24,39029.01,14.95,301.89,22.5,4.53,843.86
2019-10-25,38914.43,45.19,166.41,19.11,11.84,1387.45
2019-10-26,38800.79,14.13,207.33,23.39,13.68,1565.26
2019-10-27,38688.13,0.0,228.95,17.6,10.32,1254.26
2019-10-28,38576.48,0.0,365.95,21.74,7.26,1019.33
2019-10-29,38465.88,12.77,230.41,20.33,9.47,1184.64
2019-10-30,38356.37,78.09,139.7,22.64,16.5,1876.63
2019-10-31,38247.99,15.28,290.96,22.34,5.0,871.87
2019-11-01,38140.76,0.0,365.66,12.67,-0.95,569.73
2019-11-02,38034.75,0.0,382.27,14.51,-0.99,568.03
2019-11-03,37929.97,0.0,389.94,16.67,-0.49,589.12
2019-11-04,37826.47,0.0,355.87,15.42,1.67,688.73
2019-11-05,37724.3,0.0,352.34,21.43,6.67,978.76
2019-11-06,37623.49,0.0,372.09,22.85,5.01,872.86
2019-11-07,37524.09,9.09,226.47,20.95,9.01,1148.1
2019-11-08,37426.13,0.0,291.79,11.13,0.64,639.58
2019-11-09,37329.65,0.0,370.16,15.3,-1.93,530.11
2019-11-10,37234.71,0.0,369.76,19.04,0.59,637.22
2019-11-11,37141.33,12.31,267.71,20.67,2.71,741.96
2019-11-12,37049.57,0.0,356.41,11.93,-4.93,423.36
2019-11-13,36959.46,0.0,357.63,8.61,-8.49,321.88
2019-11-14,36871.06,0.91,218.33,7.37,-0.9,571.68
2019-11-15,36784.39,1.74,163.85,9.58,3.46,782.64
2019-11-16,36699.5,0.0,334.62,14.95,-1.13,562.13
2019-11-17,36616.44,0.0,350.38,18.87,-0.22,601.18
2019-11-18,36535.24,0.0,312.12,14.89,-0.01,610.43
2019-11-19,36455.96,0.0,308.07,18.29,3.0,757.54
2019-11-20,36378.62,0.0,320.69,18.08,1.19,665.83
2019-11-21,36303.28,0.0,290.61,18.03,3.58,789.39
2019-11-22,36229.97,36.19,180.0,18.65,7.48,1034.84
2019-11-23,36158.74,6.41,182.38,18.29,7.05,1004.71
2019-11-24,36089.61,0.0,236.52,12.89,2.33,722.41
2019-11-25,36022.64,0.0,316.17,16.64,-0.54,587.23
2019-11-26,35957.87,3.28,229.01,20.33,3.13,764.28
2019-11-27,35895.32,0.0,276.2,21.34,6.65,977.83
2019-11-28,35835.04,0.0,241.87,16.09,4.27,828.4
2019-11-29,35777.06,0.0,213.8,17.04,6.67,978.8
2019-11-30,35721.42,16.41,183.0,22.69,9.83,1213.54
2019-12-01,35668.15,0.0,248.79,19.92,7.1,1008.44
2019-12-02,35617.29,0.0,118.13,7.71,2.62,737.33
2019-12-03,35568.87,0.0,204.51,8.9,-0.23,600.52
2019-12-04,35522.91,0.0,313.44,16.26,-1.95,529.38
2019-12-05,35479.46,0.0,312.16,18.08,-0.52,588.03
2019-12-06,35438.53,1.79,202.97,12.82,3.47,782.88
2019-12-07,35400.16,0.0,268.94,18.25,4.08,817.72
2019-12-08,35364.37,0.0,189.2,17.01,8.04,1075.2
2019-12-09,35331.18,18.89,128.38,20.03,11.87,1389.99
2019-12-10,35300.62,16.8,212.38,18.84,3.4,779.53
2019-12-11,35272.7,0.0,242.34,9.81,-1.39,551.46
2019-12-12,35247.45,2.52,207.85,12.48,-1.5,547.14
2019-12-13,35224.88,3.31,73.94,8.02,4.08,817.44
2019-12-14,35205.01,0.0,182.6,13.07,5.2,884.25
2019-12-15,35187.85,0.0,223.11,15.8,5.54,905.44
2019-12-16,35173.41,18.35,134.78,21.44,13.16,1512.8
2019-12-17,35161.71,0.0,282.73,15.72,1.57,683.82
2019-12-18,35152.76,0.0,242.96,8.46,-2.11,523.1
2019-12-19,35146.55,0.0,299.38,11.4,-3.82,460.66
2019-12-20,35143.09,0.0,303.69,13.71,-2.25,517.67
2019-12-21,35142.39,21.61,114.6,10.94,4.84,862.02
2019-12-22,35144.45,38.91,57.43,8.72,5.97,932.55
2019-12-23,35149.25,2.22,115.96,14.05,7.95,1068.75
2019-12-24,35156.81,0.0,288.29,21.57,6.7,980.95
2019-12-25,35167.12,0.0,273.49,19.54,6.53,969.78
2019-12-26,35180.16,0.0,269.21,19.73,7.19,1014.64
2019-12-27,35195.94,0.0,237.94,17.76,7.69,1049.49
2019-12-28,35214.43,2.0,183.72,18.79,11.46,1352.57
2019-12-29,35235.63,11.36,115.44,20.97,14.83,1686.23
2019-12-30,35259.52,0.0,246.4,16.47,6.39,959.98
2019-12-31,35286.08,0.0,259.96,11.53,1.16,663.96
2020-01-01,35315.43,1.92,294.61,12.48,-0.81,575.45
2020-01-02,35347.3,56.59,201.55,17.05,5.28,889.04
2020-01-03,35381.78,19.35,127.84,18.16,11.48,1354.88
2020-01-04,35418.86,0.0,261.39,13.54,2.76,744.51
2020-01-05,35458.5,0.0,320.38,13.05,-2.65,502.63
2020-01-06,35500.68,0.81,326.4,17.48,0.22,620.63
2020-01-07,35545.38,0.0,279.6,13.67,1.9,700.39
2020-01-08,35592.56,0.0,340.0,16.77,-2.44,510.47
2020-01-09,35642.19,0.0,334.68,17.07,-0.8,576.14
2020-01-10,35694.25,7.79,161.45,20.13,11.54,1359.6
2020-01-11,35748.7,29.43,174.82,22.0,12.36,1435.59
2020-01-12,35805.5,1.02,282.94,17.81,5.8,921.82
2020-01-13,35864.63,8.94,164.13,19.01,10.49,1268.24
2020-01-14,35926.04,14.98,75.39,18.26,14.62,1663.22
2020-01-15,35989.69,21.62,125.26,19.74,13.47,1544.01
2020-01-16,36055.56,0.0,216.39,18.12,9.98,1225.42
2020-01-17,36123.61,0.0,235.16,16.02,7.23,1017.46
2020-01-18,36193.78,11.66,110.08,13.87,8.77,1130.13
2020-01-19,36266.05,0.0,291.22,11.51,0.24,621.61
2020-01-20,36340.37,0.0,249.46,2.81,-5.8,396.35
2020-01-21,36416.71,0.0,294.58,4.25,-6.58,373.27
2020-01-22,36495.01,0.72,339.89,8.94,-5.38,409.24
2020-01-23,36575.25,28.74,168.91,8.64,1.0,656.72
2020-01-24,36657.38,0.0,253.13,13.61,4.63,849.85
2020-01-25,36741.35,0.0,227.07,8.14,0.59,637.38
2020-01-26,36827.12,1.86,325.34,11.49,-1.15,561.54
2020-01-27,36914.66,0.0,308.17,13.54,2.0,705.26
2020-01-28,37003.91,0.0,367.67,16.41,-0.63,583.23
2020-01-29,37094.85,0.0,263.61,11.68,2.74,743.64
2020-01-30,37187.41,0.0,362.11,15.74,0.16,617.93
2020-01-31,37281.57,0.71,173.73,9.91,4.6,848.22
2020-02-01,37377.28,0.0,214.88,10.21,3.66,793.7
2020-02-02,37474.5,0.0,394.49,19.42,-1.0,567.74
2020-02-03,37573.18,0.0,384.91,22.68,3.37,777.89
2020-02-04,37673.28,7.39,197.71,21.04,11.78,1381.56
2020-02-05,37774.77,97.87,93.41,20.63,16.71,1901.58
2020-02-06,37877.61,15.74,261.08,18.77,5.72,916.5
2020-02-07,37981.74,2.37,167.1,7.24,0.98,655.42
2020-02-08,38087.14,1.32,366.53,13.01,0.39,628.33
2020-02-09,38193.76,2.77,298.59,16.36,0.06,613.34
2020-02-10,38301.56,77.33,177.41,15.14,8.29,1093.51
2020-02-11,38410.51,6.64,241.63,20.31,9.76,1207.97
2020-02-12,38520.56,10.91,278.97,22.85,8.73,1126.85
2020-02-13,38631.69,1.53,385.15,19.37,4.82,860.93
2020-02-14,38743.84,0.0,350.4,9.52,-1.67,540.41
2020-02-15,38856.99,1.37,426.46,13.87,-4.18,448.14
2020-02-16,38971.1,0.0,326.31,13.44,3.08,761.73
2020-02-17,39086.13,12.57,263.0,15.29,3.46,782.56
2020-02-18,39202.05,41.72,156.33,17.32,11.11,1321.83
2020-02-19,39318.83,11.7,132.82,13.35,8.37,1099.47
2020-02-20,39436.43,16.93,183.24,9.38,2.63,737.88
2020-02-21,39554.81,0.0,335.89,7.76,-1.92,530.71
2020-02-22,39673.95,0.0,448.05,13.47,-4.55,435.83
2020-02-23,39793.81,4.28,298.09,12.63,-0.68,581.34
2020-02-24,39914.37,19.88,208.6,13.35,5.38,895.13
2020-02-25,40035.58,0.0,282.18,15.67,7.62,1044.84
2020-02-26,40157.42,1.38,278.34,10.55,3.01,758.16
2020-02-27,40279.87,0.0,356.4,9.13,-0.84,574.21
2020-02-28,40402.88,0.0,438.21,12.84,-1.97,528.54
2020-02-29,40526.44,0.0,442.47,14.97,-0.16,603.47
2020-03-01,40650.51,8.3,345.13,18.77,0.79,646.79
2020-03-02,40775.07,29.48,226.05,16.34,7.78,1056.51
2020-03-03,40900.08,9.31,208.46,21.49,13.66,1562.51
2020-03-04,41025.53,38.49,157.52,15.28,10.04,1230.9
2020-03-05,41151.38,13.87,180.55,12.96,7.1,1008.26
2020-03-06,41277.61,0.0,369.11,14.48,4.51,842.61
2020-03-07,41404.19,0.0,468.98,15.19,-0.28,598.45
2020-03-08,41531.11,0.0,472.64,18.39,1.88,699.65
2020-03-09,41658.32,5.73,334.1,20.4,5.81,922.64
2020-03-10,41785.82,3.05,239.8,19.68,11.16,1325.79
2020-03-11,41913.57,7.33,192.06,20.78,14.14,1612.26
2020-03-12,42041.54,0.34,388.23,25.96,14.28,1626.48
2020-03-13,42169.73,1.25,258.63,21.48,14.91,1695.01
2020-03-14,42298.1,1.5,435.22,26.11,12.45,1443.82
2020-03-15,42426.63,7.92,272.39,20.13,10.64,1280.85
2020-03-16,42555.29,0.0,418.73,22.03,10.43,1262.77
2020-03-17,42684.07,0.0,372.88,23.66,13.79,1575.64
2020-03-18,42812.94,0.0,401.22,25.11,14.04,1601.39
2020-03-19,42941.87,0.0,357.2,26.33,16.74,1904.9
2020-03-20,43070.85,3.95,282.57,26.82,16.35,1857.77
2020-03-21,43199.86,0.0,333.41,17.53,9.5,1186.98
2020-03-22,43328.86,20.83,324.81,19.09,7.41,1030.06
2020-03-23,43457.85,33.62,199.46,20.25,14.1,1607.72
2020-03-24,43586.78,20.99,296.85,26.25,15.69,1782.0
2020-03-25,43715.65,0.0,428.47,23.53,12.1,1411.29
2020-03-26,43844.43,0.0,517.82,28.61,9.5,1186.45
2020-03-27,43973.09,0.0,444.74,29.25,15.65,1776.79
2020-03-28,44101.62,5.54,280.37,28.76,18.37,2111.86
2020-03-29,44229.99,0.0,330.74,24.27,16.07,1825.94
2020-03-30,44358.18,8.81,305.78,22.66,12.31,1430.95
2020-03-31,44486.16,9.53,280.66,16.66,8.2,1087.18
2020-04-01,44613.9,0.0,491.42,17.93,4.89,865.32
2020-04-02,44741.4,0.0,538.94,21.02,3.77,800.06
2020-04-03,44868.62,0.0,536.56,24.56,6.31,955.08
2020-04-04,44995.53,0.0,498.48,26.04,10.4,1260.56
2020-04-05,45122.11,0.0,471.8,27.44,13.06,1502.55
2020-04-06,45248.35,0.0,505.22,28.33,11.68,1372.79
2020-04-07,45374.2,13.6,250.44,22.94,14.68,1669.52
2020-04-08,45499.65,1.96,347.3,25.31,16.6,1887.61
2020-04-09,45624.66,0.0,337.66,23.99,15.73,1786.25
2020-04-10,45749.22,0.0,453.33,17.05,5.61,909.91
2020-04-11,45873.29,0.0,568.52,22.51,2.27,719.06
2020-04-12,45996.85,77.28,349.06,22.4,9.49,1186.15
2020-04-13,46119.86,0.0,455.04,21.1,8.94,1142.99
2020-04-14,46242.31,0.0,437.41,17.56,6.45,964.38
2020-04-15,46364.15,0.0,499.34,16.6,2.97,755.96
2020-04-16,46485.37,0.0,566.96,20.35,1.13,662.66
2020-04-17,46605.92,10.31,413.75,24.67,5.6,909.32
2020-04-18,46725.79,19.93,314.54,19.9,8.81,1132.95
2020-04-19,46844.93,52.27,255.35,16.03,7.76,1055.05
2020-04-20,46963.31,0.0,418.91,22.27,11.03,1314.39
2020-04-21,47080.91,0.0,520.0,24.36,8.04,1075.03
2020-04-22,47197.69,32.62,334.84,19.3,7.1,1008.61
2020-04-23,47313.61,4.58,260.42,20.59,11.66,1370.52
2020-04-24,47428.65,0.0,368.23,22.71,13.04,1501.18
2020-04-25,47542.76,0.0,443.46,24.95,12.58,1456.59
2020-04-26,47655.91,0.0,431.51,19.78,8.55,1113.34
2020-04-27,47768.07,0.0,560.17,22.6,4.07,816.92
2020-04-28,47879.2,0.0,525.3,25.9,8.98,1145.87
2020-04-29,47989.25,2.6,241.04,22.13,13.85,1582.2
2020-04-30,48098.2,0.0,406.07,20.22,9.51,1187.41
2020-05-01,48206.01,0.0,548.14,24.66,6.39,960.32
2020-05-02,48312.63,0.0,551.93,27.7,8.38,1100.48
2020-05-03,48418.03,0.0,505.24,27.97,11.87,1389.65
2020-05-04,48522.17,0.0,460.95,28.53,14.6,1660.83
2020-05-05,48625.0,0.0,340.72,25.59,16.51,1877.09
2020-05-06,48726.5,0.0,466.82,21.28,8.49,1108.34
2020-05-07,48826.61,0.0,532.68,20.28,4.19,824.03
2020-05-08,48925.29,5.54,250.88,16.59,8.35,1097.87
2020-05-09,49022.51,0.0,455.32,17.46,5.25,887.38
2020-05-10,49118.22,0.0,567.84,22.29,3.06,761.03
2020-05-11,49212.38,0.0,468.85,19.92,6.95,997.67
2020-05-12,49304.95,0.0,533.57,23.64,6.83,989.65
2020-05-13,49395.89,0.0,484.41,26.63,11.88,1391.11
2020-05-14,49485.15,0.0,420.16,28.3,15.97,1813.81
2020-05-15,49572.69,0.0,367.65,28.19,17.8,2037.72
2020-05-16,49658.47,0.0,442.08,29.27,16.17,1837.3
2020-05-17,49742.44,27.59,253.46,26.29,17.37,1982.23
2020-05-18,49824.57,3.65,254.34,26.82,17.84,2042.42
2020-05-19,49904.81,0.0,373.96,22.56,12.99,1496.3
2020-05-20,49983.12,0.0,446.89,24.01,11.82,1385.69
2020-05-21,50059.46,0.0,449.63,25.75,13.32,1528.39
2020-05-22,50133.79,9.08,306.96,29.06,17.61,2013.33
2020-05-23,50206.06,9.96,332.58,29.89,16.92,1927.36
2020-05-24,50276.24,0.0,446.65,31.0,17.62,2013.61
2020-05-25,50344.29,0.0,397.79,30.14,18.8,2168.81
2020-05-26,50410.16,21.2,144.65,24.48,19.66,2288.93
2020-05-27,50473.83,19.66,251.08,25.15,16.74,1905.39
2020-05-28,50535.24,5.32,308.21,27.86,16.95,1930.96
2020-05-29,50594.37,0.0,417.0,28.41,17.15,1955.15
2020-05-30,50651.18,0.0,427.94,28.22,16.58,1886.11
2020-05-31,50705.63,0.0,497.11,28.2,13.79,1575.65
2020-06-01,50757.69,0.0,528.22,29.39,13.06,1502.46
2020-06-02,50807.33,0.0,430.15,30.22,18.43,2118.97
2020-06-03,50854.52,16.8,291.32,30.47,20.15,2358.67
2020-06-04,50899.22,0.0,367.24,29.31,19.83,2312.78
2020-06-05,50941.41,6.24,288.74,30.64,20.46,2404.18
2020-06-06,50981.06,0.0,407.32,30.15,19.45,2258.87
2020-06-07,51018.14,0.0,366.88,29.98,20.56,2419.54
2020-06-08,51052.63,22.22,163.44,28.4,23.16,2836.01
2020-06-09,51084.5,10.86,197.51,29.32,23.09,2823.12
2020-06-10,51113.74,0.0,384.16,31.08,21.46,2557.2
2020-06-11,51140.32,0.0,454.24,27.62,16.41,1865.21
2020-06-12,51164.22,0.0,526.35,28.84,14.09,1607.26
2020-06-13,51185.44,0.0,503.87,30.12,16.21,1842.12
2020-06-14,51203.95,0.0,497.63,30.34,16.6,1887.97
2020-06-15,51219.74,0.0,480.04,28.56,16.05,1823.35
2020-06-16,51232.8,0.0,447.59,26.54,15.59,1769.85
2020-06-17,51243.13,0.0,413.28,25.82,16.07,1825.24
2020-06-18,51250.71,0.0,503.57,28.19,14.5,1650.62
2020-06-19,51255.53,0.0,504.33,30.76,16.33,1855.44
2020-06-20,51257.61,0.0,480.92,31.95,18.32,2105.43
2020-06-21,51256.92,27.29,322.13,30.9,19.61,2280.75
2020-06-22,51253.48,18.79,328.21,30.66,19.15,2217.25
2020-06-23,51247.29,13.12,291.44,29.67,20.06,2345.53
2020-06-24,51238.35,13.35,202.04,25.44,19.49,2264.53
2020-06-25,51226.67,8.75,249.04,27.75,20.02,2340.66
2020-06-26,51212.25,1.13,306.39,25.26,18.45,2121.4
2020-06-27,51195.11,2.11,300.82,29.0,19.22,2226.54
2020-06-28,51175.26,0.0,349.52,30.95,22.44,2715.12
2020-06-29,51152.71,8.2,306.51,32.16,21.66,2589.16
2020-06-30,51127.48,10.44,304.38,31.43,21.26,2526.18
2020-07-01,51099.58,7.04,256.63,27.57,19.97,2332.32
2020-07-02,51069.03,0.0,394.63,30.28,20.93,2475.67
2020-07-03,51035.86,0.0,441.01,32.94,21.46,2557.55
2020-07-04,51000.08,6.75,314.97,32.69,22.0,2642.25
2020-07-05,50961.73,0.0,420.74,32.5,21.82,2614.62
2020-07-06,50920.82,4.19,264.12,29.66,21.58,2575.91
2020-07-07,50877.38,4.29,252.94,30.06,22.35,2699.48
2020-07-08,50831.44,12.77,247.93,29.58,22.05,2650.45
2020-07-09,50783.04,0.0,378.0,30.67,21.65,2586.29
2020-07-10,50732.19,0.0,381.83,32.53,23.07,2820.08
2020-07-11,50678.94,0.0,445.85,31.78,20.31,2382.09
2020-07-12,50623.32,26.03,313.23,29.51,19.57,2276.3
2020-07-13,50565.35,0.0,464.05,30.81,19.02,2199.21
2020-07-14,50505.09,0.0,474.26,32.19,19.63,2284.75
2020-07-15,50442.55,0.0,466.55,33.29,20.76,2449.28
2020-07-16,50377.79,0.0,460.03,32.09,20.13,2355.78
2020-07-17,50310.83,0.0,457.09,33.69,21.36,2541.48
2020-07-18,50241.72,0.0,446.8,34.06,22.1,2658.41
2020-07-19,50170.5,0.0,431.66,34.05,22.73,2763.21
2020-07-20,50097.21,17.26,332.64,33.75,22.08,2655.52
2020-07-21,50021.88,0.0,440.74,33.31,21.88,2623.07
2020-07-22,49944.55,9.13,325.14,32.5,21.53,2567.44
2020-07-23,49865.28,0.0,439.9,32.61,21.33,2537.24
2020-07-24,49784.1,0.0,389.77,30.83,21.51,2565.35
2020-07-25,49701.05,2.8,330.08,32.53,21.05,2493.34
2020-07-26,49616.18,0.0,445.97,31.78,20.15,2358.44
2020-07-27,49529.52,0.0,430.88,31.84,20.7,2439.97
2020-07-28,49441.12,7.54,265.38,30.42,21.95,2634.33
2020-07-29,49351.03,6.91,228.81,29.3,22.32,2694.25
2020-07-30,49259.27,3.13,251.52,30.47,22.6,2741.33
2020-07-31,49165.91,19.45,303.38,32.65,22.28,2687.47
2020-08-01,49070.98,1.32,353.98,30.07,21.71,2596.21
2020-08-02,48974.51,0.0,398.77,29.98,20.37,2390.75
2020-08-03,48876.56,0.0,432.44,31.27,20.24,2372.21
2020-08-04,48777.16,0.0,454.89,31.28,19.34,2242.89
2020-08-05,48676.36,3.36,308.33,31.25,20.86,2463.89
2020-08-06,48574.2,4.24,305.0,31.24,20.92,2473.49
2020-08-07,48470.71,0.0,436.43,32.27,20.55,2418.33
2020-08-08,48365.95,0.0,466.26,32.95,19.65,2286.79
2020-08-09,48259.94,0.0,443.78,33.94,21.25,2524.42
2020-08-10,48152.72,0.0,427.01,34.1,22.03,2647.07
2020-08-11,48044.34,0.0,399.46,33.28,22.41,2709.53
2020-08-12,47934.84,1.29,422.07,33.72,21.87,2621.8
2020-08-13,47824.25,0.0,411.28,32.68,21.49,2562.13
2020-08-14,47712.61,8.14,246.4,29.86,21.83,2615.66
2020-08-15,47599.95,0.0,363.5,31.27,22.07,2653.95
2020-08-16,47486.32,0.0,454.92,32.35,19.55,2272.84
2020-08-17,47371.75,0.0,413.47,31.8,20.81,2457.08
2020-08-18,47256.27,0.0,491.95,32.68,17.69,2022.81
2020-08-19,47139.92,9.68,338.77,31.7,18.97,2191.58
2020-08-20,47022.73,31.86,310.67,29.56,18.77,2164.37
2020-08-21,46904.74,9.39,246.58,27.38,19.56,2274.08
2020-08-22,46785.97,3.89,302.53,28.59,18.38,2113.29
2020-08-23,46666.47,0.09,393.54,30.27,20.07,2347.24
2020-08-24,46546.26,0.0,315.58,29.62,21.91,2628.29
2020-08-25,46425.37,12.74,111.69,25.74,22.48,2721.25
2020-08-26,46303.84,0.0,327.33,30.76,22.74,2765.19
2020-08-27,46181.7,15.41,257.59,31.78,23.1,2825.63
2020-08-28,46058.96,10.49,168.99,27.91,22.75,2766.77
2020-08-29,45935.68,1.7,289.2,29.5,22.65,2748.66
2020-08-30,45811.86,10.4,270.58,31.64,22.45,2715.86
2020-08-31,45687.54,8.53,268.44,31.35,22.24,2681.78
2020-09-01,45562.76,0.0,370.43,31.05,21.59,2576.82
2020-09-02,45437.52,0.0,336.71,31.23,22.8,2773.82
2020-09-03,45311.87,0.0,384.11,32.18,22.04,2649.59
2020-09-04,45185.83,0.0,412.06,32.43,21.1,2500.84
2020-09-05,45059.42,0.0,457.54,30.41,17.35,1980.1
2020-09-06,44932.67,0.0,474.14,29.91,15.91,1807.36
2020-09-07,44805.6,0.0,479.01,29.86,15.42,1751.12
2020-09-08,44678.24,0.0,447.93,30.26,17.39,1984.86
2020-09-09,44550.62,0.0,438.35,30.21,17.72,2027.18
2020-09-10,44422.75,0.0,372.04,29.69,19.96,2331.14
2020-09-11,44294.67,0.0,391.57,32.13,21.14,2508.03
2020-09-12,44166.39,0.0,361.48,31.56,21.79,2608.81
2020-09-13,44037.94,0.0,333.89,31.36,22.49,2722.37
2020-09-14,43909.34,0.0,350.38,31.38,21.89,2625.81
2020-09-15,43780.62,0.0,241.78,27.0,21.27,2527.26
2020-09-16,43651.79,4.96,111.31,21.49,18.35,2108.8
2020-09-17,43522.88,0.0,375.45,29.31,19.62,2283.4
2020-09-18,43393.92,0.0,369.86,26.96,17.88,2047.24
2020-09-19,43264.93,0.0,291.16,23.18,16.79,1910.68
2020-09-20,43135.92,0.0,388.57,24.02,14.65,1666.71
2020-09-21,43006.92,0.0,396.72,23.26,13.63,1559.66
2020-09-22,42877.96,0.0,413.79,21.62,11.49,1355.32
2020-09-23,42749.06,7.81,313.23,25.23,14.14,1612.53
2020-09-24,42620.23,20.48,222.02,21.27,14.55,1656.02
2020-09-25,42491.51,0.91,159.93,21.86,18.38,2112.49
2020-09-26,42362.91,0.0,278.8,25.81,19.21,2225.3
2020-09-27,42234.45,0.0,380.21,28.3,17.91,2051.44
2020-09-28,42106.17,4.53,312.95,28.0,15.57,1767.73
2020-09-29,41978.09,0.0,366.87,20.54,11.45,1351.9
2020-09-30,41850.22,0.0,473.86,24.21,8.06,1076.55
2020-10-01,41722.59,0.0,458.83,24.94,9.62,1196.13
2020-10-02,41595.23,0.0,450.39,20.43,6.39,960.21
2020-10-03,41468.17,0.0,471.0,22.25,5.54,905.07
2020-10-04,41341.41,0.0,454.32,23.93,8.01,1073.2
2020-10-05,41215.0,0.0,440.28,24.88,9.61,1195.8
2020-10-06,41088.95,0.0,441.89,26.68,10.49,1268.3
2020-10-07,40963.3,0.0,431.36,28.01,12.02,1403.45
2020-10-08,40838.06,0.0,422.79,27.65,12.21,1421.68
2020-10-09,40713.27,10.94,175.74,22.81,16.37,1861.12
2020-10-10,40588.95,77.53,149.93,23.42,17.97,2058.44
2020-10-11,40465.13,4.05,97.45,23.19,19.75,2301.68
2020-10-12,40341.84,0.0,263.94,26.92,19.3,2237.67
2020-10-13,40219.11,0.0,385.52,24.51,11.95,1397.27
2020-10-14,40096.96,0.0,438.92,26.65,8.23,1089.06
2020-10-15,39975.42,0.0,380.78,25.53,12.25,1425.47
2020-10-16,39854.53,0.0,363.46,19.34,7.59,1042.86
2020-10-17,39734.32,0.0,425.17,20.23,3.55,787.57
2020-10-18,39614.81,0.0,409.16,24.2,7.65,1046.72
2020-10-19,39496.04,0.0,350.34,26.25,13.19,1515.85
2020-10-20,39378.04,0.0,338.0,26.69,14.02,1599.91
2020-10-21,39260.85,0.0,334.36,27.3,14.49,1649.75
2020-10-22,39144.49,0.0,293.16,27.19,16.38,1862.39
2020-10-23,39029.01,11.16,217.97,27.98,17.03,1939.97
2020-10-24,38914.43,32.88,108.62,20.5,15.79,1793.16
2020-10-25,38800.79,0.0,189.31,21.75,15.38,1746.46
2020-10-26,38688.13,0.0,224.75,24.64,16.64,1893.39
2020-10-27,38576.48,22.33,173.31,24.38,16.13,1832.18
2020-10-28,38465.88,52.93,90.91,24.31,20.13,2356.54
2020-10-29,38356.37,6.18,229.51,23.04,11.52,1358.07
2020-10-30,38247.99,0.0,274.53,16.62,7.35,1025.72
2020-10-31,38140.76,0.0,357.71,20.55,6.09,940.66
2020-11-01,38034.75,0.0,319.85,20.82,8.77,1130.03
2020-11-02,37929.97,0.0,356.25,14.77,1.0,656.44
2020-11-03,37826.47,0.0,394.34,19.61,0.31,624.63
2020-11-04,37724.3,0.0,386.83,21.66,2.43,727.45
2020-11-05,37623.49,0.0,366.36,21.27,4.56,845.33
2020-11-06,37524.09,0.0,338.94,23.97,9.14,1158.02
2020-11-07,37426.13,0.0,241.44,20.59,11.89,1392.05
2020-11-08,37329.65,0.0,226.69,24.02,15.5,1759.95
2020-11-09,37234.71,0.0,185.21,24.8,17.81,2038.43
2020-11-10,37141.33,10.25,85.41,22.63,18.47,2124.05
2020-11-11,37049.57,14.6,129.6,24.49,17.91,2051.29
2020-11-12,36959.46,0.0,203.61,18.04,10.8,1295.07
2020-11-13,36871.06,0.0,327.95,21.98,7.5,1036.46
2020-11-14,36784.39,0.0,342.93,23.21,6.59,973.48
2020-11-15,36699.5,0.0,301.57,19.99,7.45,1033.1
2020-11-16,36616.44,0.0,338.21,17.16,1.86,698.49
2020-11-17,36535.24,0.0,348.25,17.52,0.72,643.41
2020-11-18,36455.96,0.0,347.68,18.23,0.87,650.51
2020-11-19,36378.62,0.0,336.93,18.55,2.14,712.5
2020-11-20,36303.28,0.0,334.76,21.66,4.45,839.32
2020-11-21,36229.97,0.0,323.8,22.2,5.81,922.51
2020-11-22,36158.74,0.0,289.81,21.32,7.99,1071.51
2020-11-23,36089.61,0.0,290.56,16.13,3.03,759.17
2020-11-24,36022.64,0.0,329.05,18.54,0.83,648.78
2020-11-25,35957.87,14.22,154.25,17.95,9.13,1157.87
2020-11-26,35895.32,0.0,276.45,20.74,7.3,1022.36
2020-11-27,35835.04,4.7,223.94,19.88,4.08,817.8
2020-11-28,35777.06,0.0,200.92,16.12,7.27,1020.41
2020-11-29,35721.42,20.68,121.15,13.87,6.99,1000.73
2020-11-30,35668.15,5.41,179.92,10.17,-0.39,593.41
2020-12-01,35617.29,0.0,252.47,6.62,-4.49,437.75
2020-12-02,35568.87,0.0,325.99,12.37,-6.09,387.78
2020-12-03,35522.91,5.19,226.48,13.29,-2.48,509.07
2020-12-04,35479.46,4.02,156.22,11.74,2.82,748.01
2020-12-05,35438.53,0.0,292.2,14.07,-0.47,590.31
2020-12-06,35400.16,0.0,276.54,12.93,-0.2,601.82
2020-12-07,35364.37,0.0,213.09,8.18,-0.81,575.84
2020-12-08,35331.18,0.0,288.09,10.15,-4.02,453.64
2020-12-09,35300.62,0.0,320.34,17.21,-2.31,515.24
2020-12-10,35272.7,0.0,320.24,21.33,0.11,615.69
2020-12-11,35247.45,0.0,289.81,18.87,2.09,709.86
2020-12-12,35224.88,6.15,132.95,16.88,8.22,1088.08
2020-12-13,35205.01,50.78,164.15,17.75,6.68,979.49
2020-12-14,35187.85,0.0,226.77,13.52,2.45,728.35
2020-12-15,35173.41,5.05,182.35,11.16,-0.89,572.46
2020-12-16,35161.71,2.35,122.77,8.42,1.11,661.71
2020-12-17,35152.76,0.0,188.42,6.03,-2.23,518.39
2020-12-18,35146.55,0.0,290.19,10.6,-4.62,433.57
2020-12-19,35143.09,2.26,217.38,12.14,-3.33,477.79
2020-12-20,35142.39,0.0,194.78,13.46,4.77,857.92
2020-12-21,35144.45,0.0,217.52,14.73,4.89,865.2
2020-12-22,35149.25,0.0,298.74,17.07,0.6,637.7
2020-12-23,35156.81,36.11,212.41,16.3,1.4,675.82
2020-12-24,35167.12,0.0,288.12,13.04,-1.71,538.97
2020-12-25,35180.16,0.0,202.54,2.37,-6.13,386.36
2020-12-26,35195.94,0.0,317.83,10.16,-7.95,335.93
2020-12-27,35214.43,0.0,320.24,14.86,-4.4,440.68
2020-12-28,35235.63,0.0,271.07,14.44,0.81,647.42
2020-12-29,35259.52,0.0,280.26,16.71,1.85,697.78
2020-12-30,35286.08,0.0,273.82,20.59,5.74,917.76
2021-01-01,35315.43,1.32,249.62,22.08,11.29,1337.4
2021-01-02,35347.3,0.0,268.56,15.27,4.1,818.89
2021-01-03,35381.78,0.0,263.14,11.34,0.87,650.56
2021-01-04,35418.86,0.0,325.79,14.84,-1.77,536.24
2021-01-05,35458.5,0.0,281.82,11.55,-0.01,610.34
2021-01-06,35500.68,0.0,325.59,13.09,-2.8,497.09
2021-01-07,35545.38,6.36,139.96,7.97,1.42,676.71
2021-01-08,35592.56,0.96,83.16,4.56,1.93,702.06
2021-01-09,35642.19,0.0,75.19,2.36,0.08,614.44
2021-01-10,35694.25,6.37,169.31,6.26,-1.75,537.29
2021-01-11,35748.7,2.82,104.66,5.93,1.28,669.98
2021-01-12,35805.5,0.0,177.04,3.31,-2.59,504.97
2021-01-13,35864.63,0.0,272.17,4.64,-5.35,410.21
2021-01-14,35926.04,0.0,348.05,13.57,-4.14,449.66
2021-01-15,35989.69,0.0,303.6,12.07,-0.17,603.17
2021-01-16,36055.56,0.0,240.63,8.08,-0.32,596.77
2021-01-17,36123.61,0.0,309.5,11.89,-0.54,586.98
2021-01-18,36193.78,0.0,339.72,12.58,-2.61,504.14
2021-01-19,36266.05,0.54,326.66,11.73,-1.82,534.56
2021-01-20,36340.37,2.9,190.46,11.54,2.57,734.69
2021-01-21,36416.71,7.04,143.97,11.85,5.46,900.48
2021-01-22,36495.01,0.0,257.63,13.13,4.1,818.53
2021-01-23,36575.25,0.0,343.04,14.43,-0.24,600.04
2021-01-24,36657.38,3.17,256.73,17.83,2.72,742.41
2021-01-25,36741.35,41.79,206.16,21.37,10.93,1306.28
2021-01-26,36827.12,9.06,190.07,20.16,11.02,1313.46
2021-01-27,36914.66,1.37,281.61,15.23,5.31,891.15
2021-01-28,37003.91,0.0,256.25,8.11,-0.18,602.91
2021-01-29,37094.85,0.0,361.29,11.97,-2.84,495.42
2021-01-30,37187.41,11.73,277.02,15.04,-1.12,562.58
2021-01-31,37281.57,0.0,360.61,20.21,4.44,838.62
2021-02-01,37377.28,0.0,137.01,5.81,1.87,698.8
2021-02-02,37474.5,0.0,305.45,8.09,-1.87,532.35
2021-02-03,37573.18,0.0,378.66,11.03,-4.02,453.54
2021-02-04,37673.28,4.78,294.52,14.62,-3.03,488.57
2021-02-05,37774.77,0.0,366.02,13.79,-0.01,610.19
2021-02-06,37877.61,7.15,256.62,9.71,-2.12,522.71
2021-02-07,37981.74,0.0,288.84,8.77,-0.37,594.54
2021-02-08,38087.14,0.0,404.62,16.92,-2.05,525.37
2021-02-09,38193.76,0.0,356.77,19.3,5.17,882.31
2021-02-10,38301.56,13.06,288.93,21.49,4.03,814.64
2021-02-11,38410.51,21.51,227.68,16.61,5.64,911.71
2021-02-12,38520.56,2.84,109.53,6.68,2.24,717.78
2021-02-13,38631.69,0.0,97.9,4.1,1.46,678.72
2021-02-14,38743.84,0.67,157.61,5.07,0.64,639.69
2021-02-15,38856.99,16.94,258.54,8.54,-2.76,498.45
2021-02-16,38971.1,0.0,289.74,-1.69,-10.06,284.46
2021-02-17,39086.13,37.71,374.41,9.91,-8.79,314.61
2021-02-18,39202.05,0.0,321.27,7.68,-0.48,589.55
2021-02-19,39318.83,0.0,398.09,7.64,-3.18,483.21
2021-02-20,39436.43,0.0,505.32,12.42,-6.28,382.05
2021-02-21,39554.81,1.81,511.13,17.32,-3.27,479.95
2021-02-22,39673.95,2.48,337.39,17.51,2.83,748.27
2021-02-23,39793.81,0.0,516.96,21.41,-0.81,575.67
2021-02-24,39914.37,0.0,508.63,23.03,1.66,688.61
2021-02-25,40035.58,5.42,339.05,22.98,6.88,992.96
2021-02-26,40157.42,3.54,281.62,21.11,9.32,1172.37
2021-02-27,40279.87,2.89,213.32,23.78,15.09,1714.51
2021-02-28,40402.88,12.0,242.35,26.51,14.85,1688.13
2021-03-01,40526.44,2.28,270.08,20.89,8.43,1104.11
2021-03-02,40650.51,6.47,120.31,9.93,5.48,901.7
2021-03-03,40775.07,0.0,411.08,17.36,2.83,748.51
2021-03-04,40900.08,0.0,471.12,21.47,0.59,637.39
2021-03-05,41025.53,0.0,437.73,18.73,2.09,709.83
2021-03-06,41151.38,0.0,385.36,16.03,3.28,772.66
2021-03-07,41277.61,0.0,471.46,17.65,-1.46,548.94
2021-03-08,41404.19,0.0,492.17,21.32,-1.41,550.96
2021-03-09,41531.11,0.0,471.53,21.04,1.13,662.94
2021-03-10,41658.32,0.0,459.56,22.86,4.1,818.98
2021-03-11,41785.82,0.0,406.39,22.89,8.08,1078.27
2021-03-12,41913.57,0.0,426.94,25.19,8.91,1140.23
2021-03-13,42041.54,0.0,405.77,26.43,11.27,1335.48
2021-03-14,42169.73,0.0,409.63,26.66,11.04,1315.32
2021-03-15,42298.1,25.19,210.78,23.36,13.89,1586.57
2021-03-16,42426.63,12.51,114.78,19.53,14.71,1673.08
2021-03-17,42555.29,57.66,141.6,20.01,14.08,1605.76
2021-03-18,42684.07,2.19,244.45,18.3,7.82,1059.21
2021-03-19,42812.94,0.0,210.45,12.89,6.81,988.14
2021-03-20,42941.87,0.0,369.57,16.87,5.16,881.7
2021-03-21,43070.85,0.0,457.29,18.69,2.35,723.15
2021-03-22,43199.86,0.0,444.17,22.59,6.74,983.82
2021-03-23,43328.86,3.04,133.2,18.38,13.28,1524.93
2021-03-24,43457.85,10.8,287.28,25.11,12.59,1457.74
2021-03-25,43586.78,79.87,193.93,22.42,14.95,1698.42
2021-03-26,43715.65,0.0,335.45,24.22,14.4,1639.31
2021-03-27,43844.43,17.35,266.21,27.68,16.86,1919.95
2021-03-28,43973.09,5.19,282.07,22.34,11.5,1355.95
2021-03-29,44101.62,0.0,511.38,20.11,2.33,722.04
2021-03-30,44229.99,9.58,391.44,25.74,5.38,895.54
2021-03-31,44358.18,29.16,338.74,20.33,6.18,946.59
2021-04-01,44486.16,0.0,362.4,12.01,2.09,709.94
2021-04-02,44613.9,0.0,476.91,14.29,-0.47,590.11
2021-04-03,44741.4,0.0,538.61,18.93,-0.77,577.33
2021-04-04,44868.62,0.0,545.05,22.77,1.55,683.15
2021-04-05,44995.53,0.0,537.46,25.66,4.47,840.09
2021-04-06,45122.11,0.0,504.11,26.46,8.24,1089.9
2021-04-07,45248.35,0.0,453.21,26.86,12.02,1403.99
2021-04-08,45374.2,0.0,398.75,26.99,14.83,1686.05
2021-04-09,45499.65,81.95,313.58,24.81,12.37,1436.37
2021-04-10,45624.66,9.76,243.73,23.15,14.32,1630.87
2021-04-11,45749.22,0.0,455.03,23.23,9.8,1211.35
2021-04-12,45873.29,0.0,547.19,28.46,7.45,1032.5
2021-04-13,45996.85,0.0,523.93,29.11,10.15,1239.51
2021-04-14,46119.86,2.46,325.18,23.29,10.58,1275.79
2021-04-15,46242.31,0.0,355.79,21.22,11.48,1354.45
2021-04-16,46364.15,0.0,377.43,19.08,8.75,1128.36
2021-04-17,46485.37,0.0,395.41,21.9,10.72,1288.23
2021-04-18,46605.92,0.0,439.43,20.17,7.36,1026.65
2021-04-19,46725.79,0.0,467.45,20.56,6.47,965.66
2021-04-20,46844.93,0.0,494.91,23.47,7.66,1047.83
2021-04-21,46963.31,0.0,420.09,15.44,3.96,810.45
2021-04-22,47080.91,0.0,542.77,18.16,-0.02,609.97
2021-04-23,47197.69,34.14,380.74,21.47,4.98,870.93
2021-04-24,47313.61,8.06,349.66,25.46,10.41,1261.56
2021-04-25,47428.65,0.0,371.06,21.22,10.53,1271.73
2021-04-26,47542.76,0.0,518.78,25.69,7.54,1039.1
2021-04-27,47655.91,0.0,470.75,27.49,11.68,1372.52
2021-04-28,47768.07,0.0,366.93,28.42,17.0,1937.31
2021-04-29,47879.2,3.48,228.78,25.92,17.07,1944.79
2021-04-30,47989.25,0.0,329.86,23.51,14.24,1622.36
2021-05-01,48098.2,0.0,499.9,26.28,9.74,1205.94
2021-05-02,48206.01,6.67,316.04,25.84,13.07,1503.61
2021-05-03,48312.63,4.61,216.83,27.21,18.95,2189.57
2021-05-04,48418.03,77.84,231.22,24.79,16.43,1868.22
2021-05-05,48522.17,0.56,313.6,22.15,14.11,1609.43
2021-05-06,48625.0,1.85,470.75,21.92,8.87,1137.4
2021-05-07,48726.5,0.0,452.46,20.37,8.3,1094.62
2021-05-08,48826.61,0.0,528.23,24.08,7.81,1058.57
2021-05-09,48925.29,33.09,373.51,27.97,12.54,1452.55
2021-05-10,49022.51,0.63,264.61,22.06,15.42,1751.33
2021-05-11,49118.22,6.58,199.94,21.61,15.06,1710.86
2021-05-12,49212.38,0.0,347.31,20.61,12.23,1423.22
2021-05-13,49304.95,0.0,466.22,21.1,9.09,1154.26
2021-05-14,49395.89,0.0,520.93,22.98,8.21,1087.45
2021-05-15,49485.15,0.0,532.66,24.73,8.78,1130.27
2021-05-16,49572.69,0.0,513.42,26.14,10.89,1302.86
2021-05-17,49658.47,0.0,468.42,25.94,12.82,1478.95
2021-05-18,49742.44,0.0,275.29,24.97,18.15,2081.91
2021-05-19,49824.57,0.0,309.67,27.35,19.5,2265.41
2021-05-20,49904.81,0.0,372.16,27.45,17.95,2056.81
2021-05-21,49983.12,0.0,437.61,28.27,16.48,1873.63
2021-05-22,50059.46,0.0,466.18,28.82,15.95,1811.41
2021-05-23,50133.79,0.0,518.45,30.46,14.62,1662.85
2021-05-24,50206.06,0.0,505.4,31.22,15.94,1810.03
2021-05-25,50276.24,0.0,475.99,30.99,17.17,1957.97
2021-05-26,50344.29,3.19,353.15,29.9,16.68,1897.31
2021-05-27,50410.16,1.09,368.79,28.27,19.08,2207.17
2021-05-28,50473.83,15.86,271.13,28.41,19.45,2259.22
2021-05-29,50535.24,0.0,361.57,21.85,13.61,1557.98
2021-05-30,50594.37,0.0,455.32,23.26,12.0,1401.66
2021-05-31,50651.18,0.0,526.23,26.67,11.75,1379.2
2021-06-01,50705.63,2.36,361.3,28.54,15.4,1748.74
2021-06-02,50757.69,2.22,273.98,27.54,18.59,2140.69
2021-06-03,50807.33,9.94,263.17,27.87,19.27,2234.15
2021-06-04,50854.52,0.0,428.78,27.73,16.72,1902.17
2021-06-05,50899.22,3.12,283.36,29.21,19.68,2291.42
2021-06-06,50941.41,26.19,143.76,24.23,19.98,2334.64
2021-06-07,50981.06,15.28,275.79,29.2,20.29,2379.15
2021-06-08,51018.14,2.95,299.65,28.91,19.23,2228.67
2021-06-09,51052.63,36.96,252.26,28.08,20.25,2374.14
2021-06-10,51084.5,6.78,218.06,26.34,19.82,2311.33
2021-06-11,51113.74,1.36,273.12,26.63,20.54,2416.75
2021-06-12,51140.32,0.0,400.4,30.91,20.96,2479.53
2021-06-13,51164.22,0.0,482.53,32.19,18.87,2178.07
2021-06-14,51185.44,0.0,447.77,32.91,21.0,2486.31
2021-06-15,51203.95,0.0,470.07,30.69,18.49,2127.74
2021-06-16,51219.74,0.0,513.11,29.13,15.31,1738.34
2021-06-17,51232.8,0.0,523.37,30.14,15.23,1729.82
2021-06-18,51243.13,0.0,507.41,30.93,16.5,1875.62
2021-06-19,51250.71,90.63,183.76,24.73,19.42,2254.28
2021-06-20,51255.53,0.0,407.84,29.72,19.73,2297.78
2021-06-21,51257.61,36.91,242.22,28.96,21.55,2570.74
2021-06-22,51256.92,0.0,384.84,26.13,17.59,2010.93
2021-06-23,51253.48,0.0,515.97,28.26,14.67,1668.63
2021-06-24,51247.29,0.0,468.61,29.33,17.69,2022.78
2021-06-25,51238.35,0.0,397.6,28.72,19.66,2289.06
2021-06-26,51226.67,0.0,440.57,29.33,18.79,2167.45
2021-06-27,51212.25,6.42,305.12,30.56,20.87,2465.68
2021-06-28,51195.11,19.14,321.37,30.75,20.26,2374.96
2021-06-29,51175.26,22.5,258.92,28.25,20.64,2430.71
2021-06-30,51152.71,0.0,429.25,30.32,20.1,2351.06
2021-07-01,51127.48,4.35,272.92,28.3,20.4,2395.42
2021-07-02,51099.58,4.31,243.55,27.9,21.04,2491.99
2021-07-03,51069.03,0.0,426.97,27.3,17.81,2038.04
2021-07-04,51035.86,0.0,521.98,28.69,15.04,1708.48
2021-07-05,51000.08,0.0,497.75,30.51,17.52,2001.92
2021-07-06,50961.73,40.52,309.67,29.0,19.4,2251.2
2021-07-07,50920.82,3.77,225.92,26.91,20.52,2412.97
2021-07-08,50877.38,0.0,387.16,29.28,20.47,2405.96
2021-07-09,50831.44,6.77,302.49,30.86,21.26,2525.29
2021-07-10,50783.04,3.43,310.85,30.38,20.43,2399.65
2021-07-11,50732.19,3.83,272.08,30.19,21.74,2601.84
2021-07-12,50678.94,12.76,280.14,28.74,20.23,2371.34
2021-07-13,50623.32,11.75,306.54,28.84,19.4,2251.09
2021-07-14,50565.35,0.0,450.59,30.49,19.37,2248.07
2021-07-15,50505.09,0.0,439.35,31.36,20.49,2408.79
2021-07-16,50442.55,16.53,304.75,30.44,20.93,2475.37
2021-07-17,50377.79,28.9,267.4,28.63,20.93,2475.79
2021-07-18,50310.83,19.61,277.17,28.46,20.59,2423.31
2021-07-19,50241.72,37.61,192.8,26.47,21.34,2538.65
2021-07-20,50170.5,6.68,241.94,28.34,21.67,2590.32
2021-07-21,50097.21,11.57,278.24,29.63,21.59,2577.94
2021-07-22,50021.88,0.0,409.01,30.59,21.32,2535.59
2021-07-23,49944.55,0.0,411.7,31.19,21.82,2613.34
2021-07-24,49865.28,0.0,436.8,31.65,21.38,2544.31
2021-07-25,49784.1,8.21,298.7,31.62,22.57,2736.54
2021-07-26,49701.05,8.67,312.22,32.54,22.76,2767.4
2021-07-27,49616.18,27.3,318.09,32.01,22.07,2654.19
2021-07-28,49529.52,0.0,453.17,33.06,21.76,2604.23
2021-07-29,49441.12,0.0,466.4,32.97,21.03,2489.92
2021-07-30,49351.03,1.54,432.54,32.4,21.93,2631.7
2021-07-31,49259.27,3.94,326.74,32.84,22.06,2652.65
2021-08-01,49165.91,0.0,401.2,30.9,21.61,2581.3
2021-08-02,49070.98,0.79,335.54,27.52,20.52,2413.42
2021-08-03,48974.51,0.0,415.28,28.9,19.68,2291.64
2021-08-04,48876.56,0.0,469.88,29.18,18.03,2066.84
2021-08-05,48777.16,0.0,440.23,29.45,19.32,2240.83
2021-08-06,48676.36,0.0,384.11,29.27,20.85,2462.7
2021-08-07,48574.2,7.74,305.17,29.62,20.44,2401.3
2021-08-08,48470.71,0.0,462.14,30.9,19.47,2262.02
2021-08-09,48365.95,0.0,426.43,31.94,21.61,2580.61
2021-08-10,48259.94,6.25,316.57,32.23,21.9,2625.97
2021-08-11,48152.72,9.22,305.79,31.32,21.62,2581.53
2021-08-12,48044.34,0.0,449.03,31.31,20.09,2350.76
2021-08-13,47934.84,0.0,437.12,31.92,20.99,2483.89
2021-08-14,47824.25,0.0,439.23,32.32,21.18,2513.42
2021-08-15,47712.61,13.78,282.3,30.5,21.81,2612.63
2021-08-16,47599.95,0.0,362.87,29.55,21.36,2541.82
2021-08-17,47486.32,0.0,354.14,29.42,21.48,2559.58
2021-08-18,47371.75,8.91,326.57,31.85,20.68,2437.54
2021-08-19,47256.27,18.38,212.44,28.13,21.94,2633.7
2021-08-20,47139.92,0.0,303.33,28.63,21.93,2632.02
2021-08-21,47022.73,12.22,191.98,27.95,22.45,2716.8
2021-08-22,46904.74,0.0,377.65,31.38,22.33,2697.17
2021-08-23,46785.97,0.0,425.86,32.41,21.46,2557.4
2021-08-24,46666.47,0.0,462.7,33.03,20.13,2356.46
2021-08-25,46546.26,0.0,425.69,33.48,22.04,2648.79
2021-08-26,46425.37,0.0,412.48,31.2,20.76,2448.82
2021-08-27,46303.84,2.35,295.01,31.07,21.3,2531.54
2021-08-28,46181.7,0.0,387.21,31.09,21.56,2573.25
2021-08-29,46058.96,6.4,255.74,30.3,22.29,2690.05
2021-08-30,45935.68,55.28,161.83,26.33,21.81,2611.71
2021-08-31,45811.86,23.61,92.39,23.86,21.51,2564.67
2021-09-01,45687.54,6.02,309.77,30.55,20.33,2385.83
2021-09-02,45562.76,0.0,420.89,29.08,18.83,2173.55
2021-09-03,45437.52,0.0,454.91,28.69,17.06,1944.59
2021-09-04,45311.87,0.0,481.44,28.92,15.71,1784.46
2021-09-05,45185.83,1.1,464.05,30.12,17.33,1977.7
2021-09-06,45059.42,1.16,299.07,27.7,20.98,2482.75
2021-09-07,44932.67,0.0,416.7,29.7,19.1,2210.59
2021-09-08,44805.6,3.26,270.15,29.45,20.8,2455.0
2021-09-09,44678.24,0.0,425.13,27.15,16.64,1892.49
2021-09-10,44550.62,0.0,480.4,26.63,13.4,1536.34
2021-09-11,44422.75,0.0,477.79,28.65,14.84,1687.31
2021-09-12,44294.67,0.0,443.29,29.45,17.22,1964.36
2021-09-13,44166.39,0.0,402.0,29.78,19.22,2226.43
2021-09-14,44037.94,1.52,300.21,27.64,20.61,2426.47
2021-09-15,43909.34,3.25,117.19,23.47,20.16,2360.68
2021-09-16,43780.62,3.58,148.05,24.37,20.12,2354.75
2021-09-17,43651.79,12.07,182.67,27.34,21.88,2623.56
2021-09-18,43522.88,39.72,116.01,24.63,21.37,2542.24
2021-09-19,43393.92,41.72,123.97,24.93,21.43,2552.8
2021-09-20,43264.93,2.6,215.1,28.31,21.67,2590.74
2021-09-21,43135.92,9.29,206.46,28.02,21.73,2599.19
2021-09-22,43006.92,0.0,393.47,24.08,14.81,1683.69
2021-09-23,42877.96,0.0,460.28,21.44,9.61,1195.52
2021-09-24,42749.06,0.0,486.85,23.25,8.87,1137.49
2021-09-25,42620.23,0.0,479.87,24.64,10.15,1239.53
2021-09-26,42491.51,0.0,475.04,26.64,11.53,1359.08
2021-09-27,42362.91,0.0,461.67,27.46,12.86,1483.79
2021-09-28,42234.45,0.0,453.68,28.56,13.87,1584.6
2021-09-29,42106.17,0.0,416.69,29.15,16.36,1859.32
2021-09-30,41978.09,0.0,347.36,27.6,17.98,2060.88
2021-10-01,41850.22,0.0,379.35,28.89,17.6,2011.4
2021-10-02,41722.59,8.8,252.69,26.65,17.37,1983.17
2021-10-03,41595.23,42.34,138.79,23.65,19.12,2212.59
2021-10-04,41468.17,8.78,213.94,26.0,18.64,2148.04
2021-10-05,41341.41,12.33,168.36,24.02,18.59,2140.28
2021-10-06,41215.0,24.96,209.18,25.76,18.64,2147.35
2021-10-07,41088.95,0.0,326.0,26.99,18.22,2091.29
2021-10-08,40963.3,0.0,389.47,26.77,15.14,1720.07
2021-10-09,40838.06,0.0,395.42,27.33,15.07,1712.19
2021-10-10,40713.27,0.0,382.95,27.59,15.85,1799.46
2021-10-11,40588.95,0.0,356.6,26.85,16.54,1880.64
2021-10-12,40465.13,0.0,328.8,27.11,17.87,2045.91
2021-10-13,40341.84,0.0,354.84,28.03,17.42,1989.23
2021-10-14,40219.11,0.0,368.14,27.72,16.28,1849.93
2021-10-15,40096.96,4.48,280.15,28.64,16.18,1838.72
2021-10-16,39975.42,0.0,389.72,22.89,10.38,1258.82
2021-10-17,39854.53,0.0,400.95,18.97,5.95,931.29
2021-10-18,39734.32,0.0,426.93,21.58,5.18,882.93
2021-10-19,39614.81,0.0,418.33,22.86,6.28,952.91
2021-10-20,39496.04,3.24,295.12,25.04,9.57,1192.06
2021-10-21,39378.04,13.93,224.85,25.27,15.02,1706.76
2021-10-22,39260.85,0.0,323.81,21.88,10.86,1300.05
2021-10-23,39144.49,0.0,379.12,23.02,8.33,1096.45
2021-10-24,39029.01,0.0,347.06,22.7,10.06,1232.22
2021-10-25,38914.43,0.0,330.98,23.82,11.85,1388.36
2021-10-26,38800.79,0.0,300.88,19.22,9.29,1169.97
2021-10-27,38688.13,8.35,275.72,22.16,7.85,1061.09
2021-10-28,38576.48,6.93,197.03,19.39,10.95,1307.46
2021-10-29,38465.88,6.34,116.08,14.6,10.11,1236.13
2021-10-30,38356.37,2.01,95.96,14.6,10.96,1308.32
2021-10-31,38247.99,0.0,315.41,19.38,8.78,1130.59
2021-11-01,38140.76,0.0,341.06,18.9,6.71,981.64
2021-11-02,38034.75,0.0,320.56,17.97,6.76,984.76
2021-11-03,37929.97,5.0,172.55,13.17,6.03,936.8
2021-11-04,37826.47,0.77,98.15,10.7,7.93,1067.12
2021-11-05,37724.3,0.0,286.95,15.55,5.89,927.94
2021-11-06,37623.49,0.0,365.32,16.46,1.37,674.5
2021-11-07,37524.09,0.0,379.49,18.47,0.79,646.52
2021-11-08,37426.13,0.0,385.61,22.68,1.91,700.96
2021-11-09,37329.65,0.0,377.35,23.74,3.43,780.72
2021-11-10,37234.71,0.0,349.39,23.3,6.51,968.21
2021-11-11,37141.33,13.48,226.18,21.72,8.81,1133.1
2021-11-12,37049.57,0.0,306.95,18.65,5.67,913.86
2021-11-13,36959.46,0.0,275.18,12.0,1.38,674.7
2021-11-14,36871.06,0.0,355.39,16.32,-1.27,556.35
2021-11-15,36784.39,0.0,344.8,17.65,0.71,643.15
2021-11-16,36699.5,0.0,336.16,22.26,5.04,874.43
2021-11-17,36616.44,0.0,309.3,23.13,8.22,1088.13
2021-11-18,36535.24,1.74,306.57,19.16,5.02,873.32
2021-11-19,36455.96,0.0,315.92,15.48,0.89,651.2
2021-11-20,36378.62,0.0,326.48,17.0,0.83,648.76
2021-11-21,36303.28,21.03,222.64,19.16,4.99,871.36
2021-11-22,36229.97,0.0,266.58,15.22,3.63,792.17
2021-11-23,36158.74,0.0,316.32,13.04,-2.24,518.21
2021-11-24,36089.61,0.0,330.63,16.7,-1.04,565.87
2021-11-25,36022.64,8.19,233.19,18.51,2.16,713.46
2021-11-26,35957.87,0.0,277.19,12.79,-0.02,609.68
2021-11-27,35895.32,0.0,328.19,15.55,-2.9,493.16
2021-11-28,35835.04,0.0,267.17,14.78,1.79,694.89
2021-11-29,35777.06,0.0,269.85,13.13,-0.25,599.66
2021-11-30,35721.42,0.0,322.52,18.59,-1.17,560.51
2021-12-01,35668.15,0.0,297.5,19.74,2.6,736.39
2021-12-02,35617.29,0.0,283.16,21.94,5.6,909.11
2021-12-03,35568.87,0.0,289.34,22.59,5.1,878.33
2021-12-04,35522.91,0.0,232.5,20.13,7.39,1028.33
2021-12-05,35479.46,0.0,197.31,23.25,12.36,1435.9
2021-12-06,35438.53,25.52,165.68,18.33,6.41,961.86
2021-12-07,35400.16,1.15,198.43,10.9,1.01,657.23
2021-12-08,35364.37,0.0,228.77,13.77,2.04,707.59
2021-12-09,35331.18,3.1,213.55,16.7,0.17,618.4
2021-12-10,35300.62,4.04,157.88,20.47,9.41,1179.52
2021-12-11,35272.7,18.48,193.87,21.85,7.08,1007.1
2021-12-12,35247.45,0.0,254.18,14.31,0.76,645.4
2021-12-13,35224.88,0.0,289.43,16.76,-0.48,589.52
2021-12-14,35205.01,0.0,289.06,18.95,1.39,675.25
2021-12-15,35187.85,0.0,234.41,18.1,5.52,903.81
2021-12-16,35173.41,0.0,221.17,21.29,9.37,1176.51
2021-12-17,35161.71,28.59,106.02,19.65,12.55,1453.56
2021-12-18,35152.76,13.17,112.32,21.92,14.3,1629.06
2021-12-19,35146.55,0.0,250.05,14.48,1.58,684.77
2021-12-20,35143.09,0.61,217.87,8.99,-1.32,554.4
2021-12-21,35142.39,0.0,171.26,10.5,2.73,743.02
2021-12-22,35144.45,0.0,261.76,12.43,-0.9,572.06
2021-12-23,35149.25,0.0,314.89,16.98,-2.93,492.13
2021-12-24,35156.81,0.0,273.01,19.13,4.12,819.82
2021-12-25,35167.12,0.0,137.05,20.02,13.51,1547.53
2021-12-26,35180.16,0.0,178.2,22.49,13.78,1575.42
2021-12-27,35195.94,0.0,165.62,21.98,14.17,1615.03
2021-12-28,35214.43,17.38,108.71,23.04,16.24,1844.87
2021-12-29,35235.63,55.54,110.22,24.12,17.23,1965.68
2021-12-30,35259.52,3.56,139.14,21.66,13.34,1530.63
2021-12-31,35286.08,2.0,218.2,23.17,13.18,1514.79
2022-01-01,35315.43,12.12,93.85,25.44,19.4,2251.43
2022-01-02,35347.3,20.51,222.84,21.48,4.78,858.66
2022-01-03,35381.78,0.0,141.32,4.08,-1.61,542.81
2022-01-04,35418.86,0.0,300.22,11.76,-3.54,470.41
2022-01-05,35458.5,0.0,279.32,15.25,1.62,686.67
2022-01-06,35500.68,8.24,205.47,11.9,-1.05,565.41
2022-01-07,35545.38,0.0,230.73,4.38,-5.34,410.4
2022-01-08,35592.56,0.0,325.03,14.92,-3.19,482.82
2022-01-09,35642.19,20.27,179.8,16.23,5.41,897.3
2022-01-10,35694.25,0.0,227.72,9.36,-0.25,599.86
2022-01-11,35748.7,0.0,281.96,10.48,-2.43,510.83
2022-01-12,35805.5,0.0,324.58,13.92,-3.21,482.18
2022-01-13,35864.63,0.0,317.26,16.0,-0.35,595.31
2022-01-14,35926.04,0.0,276.68,12.71,0.3,624.29
2022-01-15,35989.69,25.87,147.79,10.73,2.76,744.55
2022-01-16,36055.56,6.33,116.7,7.21,1.18,665.11
2022-01-17,36123.61,0.0,153.6,4.13,-1.69,539.49
2022-01-18,36193.78,0.0,332.63,12.78,-3.93,456.69
2022-01-19,36266.05,14.8,240.75,18.76,2.5,731.29
2022-01-20,36340.37,2.61,225.94,10.67,-2.77,498.19
2022-01-21,36416.71,0.0,127.46,0.92,-3.68,465.49
2022-01-22,36495.01,0.0,272.04,6.38,-4.62,433.61
2022-01-23,36575.25,0.0,353.97,10.1,-7.7,342.49
2022-01-24,36657.38,0.0,364.41,15.82,-4.15,449.12
2022-01-25,36741.35,0.0,298.7,14.55,1.74,692.28
2022-01-26,36827.12,0.0,296.1,8.09,-3.98,455.07
2022-01-27,36914.66,0.0,365.8,14.58,-4.22,446.68
2022-01-28,37003.91,0.0,260.21,8.53,-1.42,550.64
2022-01-29,37094.85,0.0,291.66,4.95,-6.37,379.46
2022-01-30,37187.41,0.0,385.01,16.23,-4.96,422.65
2022-01-31,37281.57,0.0,379.85,17.71,-2.89,493.61
2022-02-01,37377.28,0.0,368.57,18.32,-0.38,594.04
2022-02-02,37474.5,37.57,125.7,15.71,9.35,1175.21
2022-02-03,37573.18,27.94,203.1,18.7,7.76,1054.53
2022-02-04,37673.28,0.0,217.62,7.46,-0.23,600.38
2022-02-05,37774.77,0.0,292.5,6.37,-4.43,439.84
2022-02-06,37877.61,0.0,372.07,12.16,-4.42,440.16
2022-02-07,37981.74,0.0,344.44,11.65,-2.28,516.73
2022-02-08,38087.14,0.0,378.76,13.81,-3.18,483.04
2022-02-09,38193.76,0.0,397.99,17.32,-2.52,507.39
2022-02-10,38301.56,0.0,400.58,19.91,-0.68,581.25
2022-02-11,38410.51,0.0,385.79,20.46,1.93,702.1
2022-02-12,38520.56,0.0,358.5,17.5,2.14,712.75
2022-02-13,38631.69,0.0,301.89,8.54,-2.61,504.19
2022-02-14,38743.84,0.0,407.13,15.34,-4.13,449.76
2022-02-15,38856.99,0.0,405.35,19.15,-0.86,573.74
2022-02-16,38971.1,0.0,353.27,21.49,5.76,919.53
2022-02-17,39086.13,50.5,218.7,21.11,9.24,1166.61
2022-02-18,39202.05,0.0,355.8,13.81,-0.74,578.71
2022-02-19,39318.83,0.0,399.81,13.56,-4.18,448.26
2022-02-20,39436.43,0.0,408.93,17.8,-1.52,546.43
2022-02-21,39554.81,39.86,178.81,14.36,5.44,899.04
2022-02-22,39673.95,16.73,207.01,23.15,12.14,1414.77
2022-02-23,39793.81,3.73,188.23,21.53,12.04,1405.68
2022-02-24,39914.37,7.08,224.71,22.21,10.64,1280.72
2022-02-25,40035.58,1.11,381.72,18.49,2.94,754.1
2022-02-26,40157.42,20.4,167.93,8.71,1.3,671.05
2022-02-27,40279.87,1.77,123.09,9.26,5.46,900.24
2022-02-28,40402.88,0.0,384.64,16.03,1.43,677.08
2022-03-01,40526.44,0.0,448.54,19.59,-0.32,596.83
2022-03-02,40650.51,0.0,467.05,24.59,1.21,666.78
2022-03-03,40775.07,0.0,460.02,25.15,3.03,759.12
2022-03-04,40900.08,0.0,457.47,27.17,4.66,851.41
2022-03-05,41025.53,0.0,409.32,26.19,8.57,1114.95
2022-03-06,41151.38,0.0,325.96,25.08,12.49,1448.06
2022-03-07,41277.61,7.89,276.55,25.09,10.27,1249.87
2022-03-08,41404.19,34.5,98.83,10.95,6.85,990.97
2022-03-09,41531.11,0.0,165.85,11.47,6.29,953.67
2022-03-10,41658.32,0.0,397.84,19.28,4.67,852.19
2022-03-11,41785.82,20.95,324.81,20.65,3.81,802.07
2022-03-12,41913.57,0.0,357.51,7.99,-3.39,475.69
2022-03-13,42041.54,0.0,490.33,13.85,-6.16,385.64
2022-03-14,42169.73,0.0,476.05,18.28,-0.82,575.07
2022-03-15,42298.1,43.04,216.15,14.86,5.87,926.41
2022-03-16,42426.63,4.92,230.12,19.8,10.06,1232.11
2022-03-17,42555.29,15.73,302.45,21.85,8.08,1078.25
2022-03-18,42684.07,19.54,241.29,19.74,9.83,1213.79
2022-03-19,42812.94,0.0,362.17,16.85,5.78,920.31
2022-03-20,42941.87,0.0,500.49,21.4,1.53,682.09
2022-03-21,43070.85,0.0,493.57,23.31,3.91,807.88
2022-03-22,43199.86,60.08,286.85,24.0,11.56,1361.61
2022-03-23,43328.86,0.0,371.04,20.72,9.17,1160.74
2022-03-24,43457.85,0.0,450.74,19.0,3.9,807.15
2022-03-25,43586.78,0.0,393.68,17.79,5.57,907.06
2022-03-26,43715.65,0.0,410.42,18.98,5.97,932.76
2022-03-27,43844.43,0.0,424.14,17.18,3.86,804.8
2022-03-28,43973.09,0.0,434.65,20.03,5.82,922.94
2022-03-29,44101.62,0.0,439.47,23.8,8.63,1118.8
2022-03-30,44229.99,47.74,282.15,27.41,14.76,1677.77
2022-03-31,44358.18,0.0,340.89,19.7,9.56,1191.43
2022-04-01,44486.16,0.0,436.31,18.12,4.64,850.23
2022-04-02,44613.9,0.0,487.29,20.44,4.23,826.43
2022-04-03,44741.4,0.0,481.18,20.65,5.1,878.15
2022-04-04,44868.62,13.68,401.61,25.42,4.52,843.2
2022-04-05,44995.53,26.7,292.74,21.52,10.1,1235.78
2022-04-06,45122.11,1.79,417.38,26.78,13.72,1568.73
2022-04-07,45248.35,0.0,372.02,19.91,9.32,1172.25
2022-04-08,45374.2,0.0,341.49,14.43,5.17,882.35
2022-04-09,45499.65,0.0,431.43,16.32,3.86,804.77
2022-04-10,45624.66,0.0,564.96,25.24,1.76,693.42
2022-04-11,45749.22,2.55,288.81,21.07,9.87,1216.39
2022-04-12,45873.29,0.0,416.65,26.68,13.81,1578.01
2022-04-13,45996.85,21.08,246.32,26.54,17.1,1948.55
2022-04-14,46119.86,0.0,421.82,22.83,10.53,1271.37
2022-04-15,46242.31,43.46,409.7,25.85,5.31,891.31
2022-04-16,46364.15,4.55,228.1,21.11,12.84,1481.16
2022-04-17,46485.37,17.93,268.68,22.16,12.16,1416.72
2022-04-18,46605.92,0.83,351.59,17.97,8.59,1115.79
2022-04-19,46725.79,0.0,473.27,17.33,3.76,799.19
2022-04-20,46844.93,0.0,533.44,21.65,4.27,828.82
2022-04-21,46963.31,0.0,439.14,25.6,12.62,1460.03
2022-04-22,47080.91,0.0,473.12,27.19,12.36,1435.47
2022-04-23,47197.69,0.0,457.26,27.65,13.55,1551.9
2022-04-24,47313.61,0.0,449.69,27.79,14.01,1598.66
2022-04-25,47428.65,9.95,328.14,27.97,14.69,1670.99
2022-04-26,47542.76,0.0,342.16,21.05,12.05,1406.71
2022-04-27,47655.91,0.0,534.46,23.23,5.86,925.81
2022-04-28,47768.07,0.0,549.47,25.29,6.31,954.76
2022-04-29,47879.2,0.0,495.31,26.49,10.75,1289.98
2022-04-30,47989.25,0.0,435.86,26.74,13.69,1565.8
2022-05-01,48098.2,9.71,278.01,27.47,16.78,1910.23
2022-05-02,48206.01,0.0,406.73,27.47,15.64,1776.31
2022-05-03,48312.63,0.0,353.22,28.36,18.38,2113.28
2022-05-04,48418.03,5.45,284.31,29.49,18.7,2156.18
2022-05-05,48522.17,0.72,416.54,29.85,17.67,2020.99
2022-05-06,48625.0,0.0,276.04,25.16,18.07,2072.02
2022-05-07,48726.5,0.0,322.41,21.25,13.27,1523.41
2022-05-08,48826.61,0.0,482.89,24.08,10.28,1250.76
2022-05-09,48925.29,0.0,429.01,25.09,13.37,1533.99
2022-05-10,49022.51,0.0,482.03,27.56,13.54,1550.52
2022-05-11,49118.22,0.0,510.85,29.63,13.51,1547.68
2022-05-12,49212.38,0.0,429.1,29.66,17.38,1983.62
2022-05-13,49304.95,0.0,374.66,27.35,17.31,1975.63
2022-05-14,49395.89,0.0,447.13,29.05,16.17,1836.87
2022-05-15,49485.15,0.0,455.22,30.47,17.16,1956.84
2022-05-16,49572.69,0.0,447.09,29.0,16.24,1844.85
2022-05-17,49658.47,0.0,523.4,28.94,12.24,1424.49
2022-05-18,49742.44,0.0,534.14,30.96,12.72,1469.65
2022-05-19,49824.57,0.0,437.63,32.1,18.72,2158.61
2022-05-20,49904.81,0.0,370.49,31.32,20.74,2446.58
2022-05-21,49983.12,0.0,363.5,32.12,21.69,2593.21
2022-05-22,50059.46,29.06,299.31,30.62,19.32,2240.7
2022-05-23,50133.79,6.16,200.57,25.32,18.67,2151.66
2022-05-24,50206.06,12.47,261.98,26.79,17.89,2048.31
2022-05-25,50276.24,18.51,173.64,24.28,18.79,2167.4
2022-05-26,50344.29,5.04,184.4,23.2,17.48,1996.81
2022-05-27,50410.16,0.0,379.73,25.18,15.99,1816.4
2022-05-28,50473.83,0.0,496.17,26.44,13.09,1505.41
2022-05-29,50535.24,0.0,509.96,28.97,14.44,1644.05
2022-05-30,50594.37,0.0,460.36,30.5,17.94,2054.88
2022-05-31,50651.18,0.0,457.7,31.06,18.44,2120.19
2022-06-01,50705.63,0.0,452.84,31.74,19.13,2214.68
2022-06-02,50757.69,11.12,319.86,31.0,19.52,2268.7
2022-06-03,50807.33,4.52,253.81,26.11,18.09,2074.66
2022-06-04,50854.52,0.0,498.03,28.72,14.8,1682.13
2022-06-05,50899.22,0.0,475.82,29.78,16.48,1874.25
2022-06-06,50941.41,3.37,313.35,29.79,18.66,2149.64
2022-06-07,50981.06,54.33,291.39,31.27,20.94,2475.96
2022-06-08,51018.14,70.55,268.99,29.04,20.03,2340.89
2022-06-09,51052.63,0.0,379.69,28.56,19.1,2209.4
2022-06-10,51084.5,0.0,449.88,27.2,15.75,1788.78
2022-06-11,51113.74,0.0,461.83,29.81,17.42,1988.82
2022-06-12,51140.32,0.0,456.85,31.53,18.9,2182.8
2022-06-13,51164.22,0.0,414.46,33.31,21.94,2633.82
2022-06-14,51185.44,0.0,395.56,33.69,22.96,2802.06
2022-06-15,51203.95,6.28,326.27,34.27,21.96,2635.92
2022-06-16,51219.74,0.0,479.13,33.86,19.82,2310.55
2022-06-17,51232.8,0.0,445.55,33.65,21.31,2533.93
2022-06-18,51243.13,0.0,455.27,32.01,19.71,2295.94
2022-06-19,51250.71,0.0,506.16,30.58,16.19,1840.01
2022-06-20,51255.53,0.0,521.69,32.48,16.45,1870.04
2022-06-21,51257.61,0.0,499.4,33.64,18.43,2119.52
2022-06-22,51256.92,0.0,475.82,34.68,20.17,2361.32
2022-06-23,51253.48,0.0,451.98,34.79,21.24,2523.52
2022-06-24,51247.29,0.0,481.34,33.96,19.02,2199.02
2022-06-25,51238.35,3.49,309.3,34.11,21.95,2634.18
2022-06-26,51226.67,0.0,418.82,33.57,21.23,2521.41
2022-06-27,51212.25,7.7,275.16,31.58,21.5,2563.08
2022-06-28,51195.11,8.02,298.88,31.16,20.18,2363.22
2022-06-29,51175.26,3.33,296.44,31.1,20.28,2378.11
2022-06-30,51152.71,0.0,360.68,30.25,20.75,2447.62
2022-07-01,51127.48,0.0,378.72,31.31,21.13,2505.53
2022-07-02,51099.58,0.0,395.62,31.95,21.11,2501.95
2022-07-03,51069.03,0.0,385.72,32.78,22.05,2650.16
2022-07-04,51035.86,0.0,405.45,33.3,21.83,2615.79
2022-07-05,51000.08,0.0,394.91,33.54,22.44,2714.85
2022-07-06,50961.73,0.77,387.43,33.88,22.98,2804.13
2022-07-07,50920.82,6.14,305.75,35.0,23.06,2818.78
2022-07-08,50877.38,0.0,395.45,34.11,22.78,2770.95
2022-07-09,50831.44,49.37,320.99,35.03,22.14,2665.0
2022-07-10,50783.04,1.96,351.78,30.4,21.12,2503.61
2022-07-11,50732.19,0.0,390.34,31.42,20.8,2455.34
2022-07-12,50678.94,0.0,362.99,31.62,21.9,2626.56
2022-07-13,50623.32,0.0,309.71,29.93,22.06,2651.66
2022-07-14,50565.35,0.0,389.2,30.86,20.53,2414.4
2022-07-15,50505.09,0.0,466.58,32.79,19.04,2202.31
2022-07-16,50442.55,0.0,433.75,32.6,20.32,2384.57
2022-07-17,50377.79,0.0,406.12,32.48,21.28,2529.09
2022-07-18,50310.83,32.69,276.94,31.4,21.66,2589.16
2022-07-19,50241.72,0.0,420.87,31.88,20.4,2396.03
2022-07-20,50170.5,0.0,368.14,33.61,23.68,2926.48
2022-07-21,50097.21,21.76,326.39,33.46,21.26,2526.29
2022-07-22,50021.88,0.0,364.96,29.92,20.9,2471.11
2022-07-23,49944.55,0.0,421.93,32.47,21.21,2517.64
2022-07-24,49865.28,4.87,315.51,33.1,21.79,2609.83
2022-07-25,49784.1,5.66,269.72,31.59,22.62,2744.72
2022-07-26,49701.05,0.0,383.78,31.69,22.05,2650.98
2022-07-27,49616.18,0.0,396.77,32.93,22.62,2744.79
2022-07-28,49529.52,0.0,404.16,33.82,23.05,2816.61
2022-07-29,49441.12,15.53,291.96,33.53,23.32,2863.48
2022-07-30,49351.03,32.81,276.99,31.64,22.43,2712.46
2022-07-31,49259.27,0.0,371.05,30.98,21.86,2619.73
2022-08-01,49165.91,0.0,330.28,29.76,21.99,2641.22
2022-08-02,49070.98,0.0,385.4,31.82,22.18,2671.74
2022-08-03,48974.51,0.0,405.35,31.02,20.91,2472.77
2022-08-04,48876.56,0.0,398.78,31.17,21.25,2524.29
2022-08-05,48777.16,0.0,427.66,32.26,21.11,2502.69
2022-08-06,48676.36,0.0,425.51,32.65,21.5,2563.62
2022-08-07,48574.2,0.0,412.73,32.0,21.45,2555.26
2022-08-08,48470.71,0.0,424.81,31.34,20.54,2416.13
2022-08-09,48365.95,12.36,291.62,31.47,21.81,2612.96
2022-08-10,48259.94,6.48,285.01,30.99,21.7,2595.34
2022-08-11,48152.72,6.38,282.79,29.97,20.94,2476.36
2022-08-12,48044.34,0.0,388.6,30.99,21.4,2547.02
2022-08-13,47934.84,0.0,475.35,30.77,17.83,2040.76
2022-08-14,47824.25,0.0,472.94,31.95,18.79,2167.63
2022-08-15,47712.61,7.41,350.53,33.11,19.8,2308.04
2022-08-16,47599.95,0.0,410.0,29.23,19.11,2211.85
2022-08-17,47486.32,0.0,283.58,25.55,19.37,2246.98
2022-08-18,47371.75,0.0,386.62,28.88,19.66,2288.24
2022-08-19,47256.27,3.14,272.76,28.81,20.26,2374.86
2022-08-20,47139.92,16.5,259.15,29.23,21.19,2515.33
2022-08-21,47022.73,0.0,307.66,27.99,21.11,2502.51
2022-08-22,46904.74,1.49,204.54,25.76,21.49,2561.05
2022-08-23,46785.97,8.31,211.79,27.44,21.39,2546.31
2022-08-24,46666.47,0.0,237.18,25.44,20.59,2423.82
2022-08-25,46546.26,0.58,340.79,28.3,20.83,2460.53
2022-08-26,46425.37,0.0,409.44,30.96,21.01,2487.73
2022-08-27,46303.84,2.56,334.29,32.18,20.42,2398.16
2022-08-28,46181.7,2.06,327.89,32.02,20.6,2425.96
2022-08-29,46058.96,0.0,428.31,32.19,21.02,2489.16
2022-08-30,45935.68,4.5,294.0,30.48,20.94,2476.24
2022-08-31,45811.86,0.0,435.84,30.77,19.44,2257.24
2022-09-01,45687.54,0.0,495.7,31.27,16.37,1860.97
2022-09-02,45562.76,0.0,438.71,30.67,18.95,2188.8
2022-09-03,45437.52,9.21,266.37,29.85,21.22,2519.33
2022-09-04,45311.87,41.07,208.49,27.31,21.11,2502.18
2022-09-05,45185.83,12.33,218.16,27.41,20.94,2477.35
2022-09-06,45059.42,5.18,271.42,28.72,20.2,2366.46
2022-09-07,44932.67,0.0,387.35,28.54,19.28,2234.83
2022-09-08,44805.6,1.45,437.34,28.72,17.44,1991.98
2022-09-09,44678.24,6.69,231.98,26.69,19.82,2310.66
2022-09-10,44550.62,0.0,335.09,26.64,19.1,2209.98
2022-09-11,44422.75,1.0,343.0,29.21,21.12,2503.6
2022-09-12,44294.67,0.0,417.64,26.05,16.02,1820.07
2022-09-13,44166.39,0.0,515.31,26.91,10.63,1280.2
2022-09-14,44037.94,0.0,498.29,27.91,12.65,1463.07
2022-09-15,43909.34,0.0,470.75,28.1,14.56,1656.36
2022-09-16,43780.62,0.0,454.36,27.92,15.11,1716.19
2022-09-17,43651.79,0.0,447.18,28.6,15.79,1792.64
2022-09-18,43522.88,0.0,442.67,29.29,16.31,1854.16
2022-09-19,43393.92,0.0,467.4,30.55,15.24,1730.54
2022-09-20,43264.93,0.0,451.88,32.77,17.38,1984.34
2022-09-21,43135.92,0.0,429.67,33.65,19.04,2201.26
2022-09-22,43006.92,0.0,440.81,34.21,18.2,2088.72
2022-09-23,42877.96,0.0,445.05,28.04,13.28,1524.23
2022-09-24,42749.06,0.0,465.9,29.09,12.02,1403.23
2022-09-25,42620.23,1.14,332.07,27.12,17.31,1975.23
2022-09-26,42491.51,0.0,431.2,27.08,12.61,1459.26
2022-09-27,42362.91,0.0,457.99,23.87,8.01,1072.93
2022-09-28,42234.45,0.0,442.49,22.64,7.82,1059.06
2022-09-29,42106.17,0.0,436.55,22.67,7.88,1063.89
2022-09-30,41978.09,0.0,453.57,25.47,8.56,1113.47
2022-10-01,41850.22,0.0,470.66,25.76,6.73,983.31
2022-10-02,41722.59,0.0,447.05,26.05,8.79,1131.08
2022-10-03,41595.23,0.0,393.87,25.12,11.25,1333.93
2022-10-04,41468.17,0.0,419.4,25.36,9.48,1185.16
2022-10-05,41341.41,0.0,441.58,25.78,7.53,1038.63
2022-10-06,41215.0,0.0,453.46,27.19,6.72,982.07
2022-10-07,41088.95,0.0,427.98,27.67,9.04,1150.89
2022-10-08,40963.3,0.0,373.01,22.71,8.48,1107.92
2022-10-09,40838.06,0.0,425.35,21.84,3.75,798.88
2022-10-10,40713.27,0.0,429.42,23.54,4.13,820.57
2022-10-11,40588.95,0.0,417.55,25.7,6.37,959.07
2022-10-12,40465.13,39.13,137.74,21.2,14.33,1632.4
2022-10-13,40341.84,0.0,313.56,23.65,11.15,1325.42
2022-10-14,40219.11,0.0,405.6,23.92,5.39,896.22
2022-10-15,40096.96,0.0,403.5,27.11,7.66,1047.83
2022-10-16,39975.42,0.0,367.56,26.97,10.12,1237.55
2022-10-17,39854.53,0.0,311.75,21.97,9.03,1149.69
2022-10-18,39734.32,0.0,285.52,12.64,1.67,688.76
2022-10-19,39614.81,0.0,369.42,15.38,-0.52,587.89
2022-10-20,39496.04,0.0,400.38,17.22,-1.66,540.79
2022-10-21,39378.04,0.0,411.66,22.18,0.8,647.12
2022-10-22,39260.85,0.0,370.87,23.96,5.91,928.75
2022-10-23,39144.49,0.0,362.61,24.3,6.58,973.23
2022-10-24,39029.01,0.0,372.3,25.05,6.1,941.08
2022-10-25,38914.43,9.7,203.75,23.91,11.57,1362.19
2022-10-26,38800.79,0.0,232.02,17.0,7.25,1018.66
2022-10-27,38688.13,0.0,353.48,21.81,4.34,832.58
2022-10-28,38576.48,0.0,280.89,22.06,9.24,1166.36
2022-10-29,38465.88,10.8,188.68,23.03,11.59,1364.04
2022-10-30,38356.37,5.97,75.08,18.46,14.38,1638.03
2022-10-31,38247.99,0.0,166.56,19.44,12.49,1448.03
2022-11-01,38140.76,0.0,301.43,22.09,8.26,1091.58
2022-11-02,38034.75,0.0,284.8,24.73,11.45,1351.96
2022-11-03,37929.97,0.0,300.75,24.68,10.32,1253.65
2022-11-04,37826.47,0.0,279.56,24.55,11.52,1358.13
2022-11-05,37724.3,3.47,122.4,21.22,14.34,1633.6
2022-11-06,37623.49,0.0,229.55,25.74,15.51,1761.44
2022-11-07,37524.09,0.0,262.84,28.24,15.8,1794.27
2022-11-08,37426.13,0.0,273.42,28.19,15.13,1719.07
2022-11-09,37329.65,0.0,250.54,22.55,11.69,1373.37
2022-11-10,37234.71,1.61,262.06,23.0,11.55,1360.77
2022-11-11,37141.33,2.5,131.76,20.86,13.62,1558.51
2022-11-12,37049.57,0.0,283.55,16.55,4.34,832.76
2022-11-13,36959.46,0.0,241.32,7.52,-1.81,534.78
2022-11-14,36871.06,18.83,251.08,12.61,-3.01,489.25
2022-11-15,36784.39,7.72,108.78,10.25,4.95,868.65
2022-11-16,36699.5,0.0,240.93,10.25,1.02,657.31
2022-11-17,36616.44,0.0,268.99,7.9,-2.69,501.26
2022-11-18,36535.24,0.0,344.49,11.7,-5.01,421.0
2022-11-19,36455.96,0.0,299.47,9.16,-3.37,476.14
2022-11-20,36378.62,0.0,284.44,8.56,-2.81,496.64
2022-11-21,36303.28,0.0,355.95,13.97,-5.13,416.98
2022-11-22,36229.97,0.0,309.02,16.24,2.36,723.74
2022-11-23,36158.74,0.0,349.07,20.97,0.85,649.69
2022-11-24,36089.61,6.07,230.09,19.95,5.18,883.24
2022-11-25,36022.64,0.0,248.76,18.72,8.17,1084.9
2022-11-26,35957.87,22.06,193.9,17.65,6.68,979.4
2022-11-27,35895.32,0.0,236.92,18.8,8.97,1145.44
2022-11-28,35835.04,0.0,285.91,17.1,4.3,830.4
2022-11-29,35777.06,115.23,243.01,21.72,3.37,777.37
2022-11-30,35721.42,0.0,300.86,17.78,2.71,742.1
2022-12-01,35668.15,0.0,290.48,12.58,-1.06,565.13
2022-12-02,35617.29,7.96,221.78,17.89,2.86,749.85
2022-12-03,35568.87,6.62,160.08,19.59,10.1,1235.89
2022-12-04,35522.91,6.11,160.47,15.63,6.47,965.69
2022-12-05,35479.46,11.43,140.74,16.95,8.94,1143.05
2022-12-06,35438.53,1.29,186.59,23.08,14.64,1665.73
2022-12-07,35400.16,1.14,159.92,23.16,16.06,1824.04
2022-12-08,35364.37,0.0,224.76,24.32,13.78,1575.03
2022-12-09,35331.18,5.25,105.43,21.47,15.44,1753.32
2022-12-10,35300.62,13.73,138.75,20.24,12.32,1432.0
2022-12-11,35272.7,19.99,45.94,15.48,13.29,1526.01
2022-12-12,35247.45,0.0,83.19,14.23,11.15,1325.45
2022-12-13,35224.88,4.62,56.43,13.2,10.53,1271.64
2022-12-14,35205.01,54.1,93.31,15.1,10.5,1268.94
2022-12-15,35187.85,0.0,244.75,13.43,3.51,785.57
2022-12-16,35173.41,0.0,274.68,10.86,-0.86,573.65
2022-12-17,35161.71,0.0,197.52,8.87,1.52,681.45
2022-12-18,35152.76,0.0,260.38,7.06,-3.22,481.79
2022-12-19,35146.55,2.76,206.35,6.98,-4.31,443.79
2022-12-20,35143.09,4.07,86.17,6.56,2.68,740.62
2022-12-21,35142.39,0.87,191.16,9.83,3.23,769.73
2022-12-22,35144.45,2.71,155.59,9.69,2.53,732.83
2022-12-23,35149.25,0.0,335.04,2.61,-13.87,209.27
2022-12-24,35156.81,0.0,303.5,-1.7,-13.54,215.13
2022-12-25,35167.12,0.0,293.49,1.35,-9.82,289.95
2022-12-26,35180.16,0.0,326.05,4.73,-10.22,280.92
2022-12-27,35195.94,0.0,323.43,11.19,-4.35,442.55
2022-12-28,35214.43,0.0,335.94,15.81,-3.95,456.06
2022-12-29,35235.63,0.0,303.0,21.02,6.43,962.76
2022-12-30,35259.52,3.57,182.19,18.31,8.97,1144.93
2022-12-31,35286.08,0.0,244.44,19.55,10.2,1243.93
2023-01-01,35315.43,0.0,256.02,22.52,10.72,1287.77
2023-01-02,35347.3,0.0,237.38,22.13,11.63,1368.13
2023-01-03,35381.78,62.99,98.4,21.87,16.47,1872.17
2023-01-04,35418.86,0.0,260.88,19.47,7.9,1064.72
2023-01-05,35458.5,0.0,291.06,15.32,2.08,709.65
2023-01-06,35500.68,0.0,312.68,14.41,-0.74,578.78
2023-01-07,35545.38,13.28,249.91,20.38,0.55,635.46
2023-01-08,35592.56,4.04,146.75,15.74,8.12,1081.17
2023-01-09,35642.19,0.0,263.06,12.35,1.66,688.28
2023-01-10,35694.25,0.0,334.3,16.05,-1.61,542.77
2023-01-11,35748.7,0.0,294.81,18.31,4.96,869.82
2023-01-12,35805.5,23.35,190.6,18.54,7.97,1070.08
2023-01-13,35864.63,1.56,192.61,8.22,1.29,670.56
2023-01-14,35926.04,0.0,220.01,7.0,-0.98,568.48
2023-01-15,35989.69,0.0,350.77,14.18,-4.63,433.39
2023-01-16,36055.56,16.48,260.67,17.91,-1.2,559.58
2023-01-17,36123.61,5.85,184.56,18.52,8.75,1128.57
2023-01-18,36193.78,9.38,142.82,19.13,11.93,1394.95
2023-01-19,36266.05,0.0,265.3,20.0,9.25,1166.91
2023-01-20,36340.37,0.0,269.49,13.28,2.99,757.03
2023-01-21,36416.71,24.35,194.15,11.97,2.35,723.56
2023-01-22,36495.01,1.41,108.5,9.03,5.47,901.07
2023-01-23,36575.25,0.0,272.27,9.72,-0.23,600.72
2023-01-24,36657.38,31.5,264.38,12.83,-3.4,475.39
2023-01-25,36741.35,6.47,199.36,12.58,2.9,752.43
2023-01-26,36827.12,0.0,240.96,9.06,0.8,647.18
2023-01-27,36914.66,0.0,349.96,11.43,-3.37,476.34
2023-01-28,37003.91,0.0,366.32,14.26,-2.51,507.73
2023-01-29,37094.85,32.49,116.66,12.06,6.98,999.83
2023-01-30,37187.41,2.31,139.75,16.86,10.53,1271.54
2023-01-31,37281.57,7.03,170.44,14.8,7.18,1013.99
2023-02-01,37377.28,5.35,130.97,8.57,3.2,768.31
2023-02-02,37474.5,21.15,82.75,7.18,3.98,811.8
2023-02-03,37573.18,0.0,272.48,8.07,-0.55,586.88
2023-02-04,37673.28,0.0,384.62,12.79,-3.33,477.58
2023-02-05,37774.77,0.0,374.41,16.91,1.59,685.0
2023-02-06,37877.61,0.0,399.36,19.36,0.5,633.3
2023-02-07,37981.74,1.98,395.99,21.35,2.56,734.2
2023-02-08,38087.14,4.86,220.22,22.78,12.19,1419.04
2023-02-09,38193.76,1.59,268.12,19.24,10.5,1269.08
2023-02-10,38301.56,0.0,329.71,15.34,4.32,831.47
2023-02-11,38410.51,30.17,141.92,10.05,4.72,854.88
2023-02-12,38520.56,0.0,344.11,13.09,1.78,694.57
2023-02-13,38631.69,0.0,425.85,18.25,-1.87,532.54
2023-02-14,38743.84,4.56,315.46,21.71,1.7,690.49
2023-02-15,38856.99,3.04,175.48,19.83,12.72,1469.95
2023-02-16,38971.1,39.39,203.47,23.11,14.46,1645.99
2023-02-17,39086.13,0.0,402.49,15.18,0.43,629.85
2023-02-18,39202.05,0.0,428.2,13.49,-3.58,468.78
2023-02-19,39318.83,0.0,410.67,18.12,2.28,719.77
2023-02-20,39436.43,0.0,364.61,20.85,8.04,1075.41
2023-02-21,39554.81,2.4,167.28,21.11,14.16,1614.92
2023-02-22,39673.95,0.45,300.56,27.35,16.92,1927.46
2023-02-23,39793.81,2.84,173.89,26.27,18.84,2174.66
2023-02-24,39914.37,6.02,203.78,20.98,12.77,1474.11
2023-02-25,40035.58,1.25,223.98,18.05,11.69,1373.18
2023-02-26,40157.42,0.0,310.5,22.16,12.74,1472.1
2023-02-27,40279.87,0.0,360.86,25.13,13.37,1533.57
2023-02-28,40402.88,0.0,425.88,25.33,9.07,1153.11
2023-03-01,40526.44,13.87,292.03,25.02,11.4,1347.66
2023-03-02,40650.51,27.67,207.1,21.94,13.74,1571.31
2023-03-03,40775.07,14.89,266.97,24.09,12.47,1445.46
2023-03-04,40900.08,0.0,406.73,21.47,7.43,1031.14
2023-03-05,41025.53,0.0,456.34,23.19,4.73,855.9
2023-03-06,41151.38,0.0,453.48,26.74,7.87,1062.86
2023-03-07,41277.61,0.0,365.08,26.6,14.09,1607.56
2023-03-08,41404.19,8.52,281.76,21.12,9.15,1159.19
2023-03-09,41531.11,31.32,170.54,15.64,9.56,1191.58
2023-03-10,41658.32,0.0,317.87,16.48,7.72,1051.67
2023-03-11,41785.82,20.38,349.99,18.04,1.6,685.76
2023-03-12,41913.57,0.0,344.9,17.81,8.0,1072.28
2023-03-13,42041.54,0.0,373.08,13.41,2.8,747.0
2023-03-14,42169.73,0.0,414.35,10.57,-1.53,545.88
2023-03-15,42298.1,0.0,506.69,15.94,-3.08,486.81
2023-03-16,42426.63,9.91,381.09,20.43,0.27,622.58
2023-03-17,42555.29,11.1,319.05,17.24,4.2,824.61
2023-03-18,42684.07,0.0,395.82,12.67,1.4,675.64
2023-03-19,42812.94,0.0,359.76,6.55,-2.89,493.71
2023-03-20,42941.87,0.0,504.51,11.44,-5.47,406.6
2023-03-21,43070.85,0.0,516.5,17.22,-1.6,543.25
2023-03-22,43199.86,0.0,469.74,23.4,7.54,1039.1
2023-03-23,43328.86,0.0,479.16,28.08,10.22,1245.21
2023-03-24,43457.85,17.84,279.18,27.28,15.57,1767.73
2023-03-25,43586.78,0.0,454.59,27.52,11.56,1362.05
2023-03-26,43715.65,8.74,306.84,25.43,12.22,1422.09
2023-03-27,43844.43,0.0,384.25,26.2,13.93,1590.44
2023-03-28,43973.09,0.0,416.33,22.68,9.47,1184.62
2023-03-29,44101.62,0.0,456.94,19.24,4.47,840.46
2023-03-30,44229.99,0.0,525.41,23.44,2.89,751.44
2023-03-31,44358.18,11.6,283.07,24.15,12.44,1443.45
2023-04-01,44486.16,0.0,424.6,27.3,13.02,1499.25
2023-04-02,44613.9,3.45,368.88,22.92,5.42,897.97
2023-04-03,44741.4,1.55,311.32,19.54,10.6,1277.57
2023-04-04,44868.62,0.0,414.73,28.96,15.18,1724.36
2023-04-05,44995.53,0.0,381.43,30.22,17.87,2045.63
2023-04-06,45122.11,0.0,381.87,26.95,15.17,1723.45
2023-04-07,45248.35,39.47,223.92,20.56,12.34,1433.8
2023-04-08,45374.2,19.77,159.09,13.51,8.1,1079.66
2023-04-09,45499.65,0.0,435.42,20.11,7.2,1015.29
2023-04-10,45624.66,0.0,443.94,20.65,7.45,1033.01
2023-04-11,45749.22,0.0,517.03,22.93,5.2,884.21
2023-04-12,45873.29,6.68,403.88,25.23,4.94,868.07
2023-04-13,45996.85,15.23,266.83,20.39,10.28,1250.23
2023-04-14,46119.86,0.0,219.03,18.94,13.19,1516.16
2023-04-15,46242.31,0.0,495.36,26.43,10.09,1234.61
2023-04-16,46364.15,0.0,346.91,21.29,11.91,1393.83
2023-04-17,46485.37,0.0,496.35,21.56,6.15,944.5
2023-04-18,46605.92,0.0,563.84,26.72,4.5,841.8
2023-04-19,46725.79,0.0,553.41,28.27,6.72,982.39
2023-04-20,46844.93,0.0,538.04,28.62,8.52,1110.87
2023-04-21,46963.31,8.75,323.12,24.57,11.55,1360.56
2023-04-22,47080.91,0.0,427.17,21.67,9.36,1175.59
2023-04-23,47197.69,0.0,367.96,18.03,8.16,1084.0
2023-04-24,47313.61,0.0,447.34,19.04,6.39,960.17
2023-04-25,47428.65,0.0,518.0,21.98,5.49,902.26
2023-04-26,47542.76,20.09,213.93,18.01,10.69,1284.85
2023-04-27,47655.91,1.53,287.87,20.02,12.62,1460.56
2023-04-28,47768.07,0.0,386.41,24.16,13.58,1554.67
2023-04-29,47879.2,27.13,348.41,22.96,9.79,1209.87
2023-04-30,47989.25,0.0,332.04,20.52,12.17,1417.89
2023-05-01,48098.2,0.0,488.79,19.95,6.31,954.87
2023-05-02,48206.01,0.0,542.92,22.65,5.64,911.91
2023-05-03,48312.63,0.0,540.09,22.28,5.35,893.55
2023-05-04,48418.03,1.53,551.44,23.75,5.6,909.21
2023-05-05,48522.17,5.02,217.67,18.81,11.64,1368.91
2023-05-06,48625.0,0.0,434.06,26.39,14.08,1606.17
2023-05-07,48726.5,1.52,423.95,28.77,16.38,1861.36
2023-05-08,48826.61,0.0,355.25,27.83,17.87,2045.99
2023-05-09,48925.29,0.0,374.09,29.55,18.79,2167.03
2023-05-10,49022.51,19.29,318.91,28.98,16.48,1873.94
2023-05-11,49118.22,4.22,258.22,27.21,17.9,2050.3
2023-05-12,49212.38,2.58,235.7,26.2,18.1,2076.53
2023-05-13,49304.95,0.0,450.57,29.71,16.56,1883.35
2023-05-14,49395.89,0.3,442.37,30.35,17.23,1965.74
2023-05-15,49485.15,9.29,317.96,31.08,18.64,2147.1
2023-05-16,49572.69,6.22,314.33,29.66,17.63,2015.54
2023-05-17,49658.47,13.26,193.44,24.87,18.41,2117.19
2023-05-18,49742.44,3.44,261.82,26.01,17.25,1967.2
2023-05-19,49824.57,0.0,252.48,22.83,17.08,1946.48
2023-05-20,49904.81,3.97,319.93,26.82,16.17,1836.71
2023-05-21,49983.12,0.0,400.93,26.09,16.45,1869.86
2023-05-22,50059.46,18.04,279.99,25.98,17.22,1964.25
2023-05-23,50133.79,31.48,191.51,21.1,15.7,1782.56
2023-05-24,50206.06,0.0,434.85,25.21,14.88,1691.56
2023-05-25,50276.24,0.0,502.16,26.56,13.52,1548.38
2023-05-26,50344.29,0.0,494.82,26.8,13.89,1586.13
2023-05-27,50410.16,0.0,467.41,25.79,14.07,1604.75
2023-05-28,50473.83,0.0,504.05,26.13,12.72,1470.2
2023-05-29,50535.24,0.0,442.34,23.42,12.93,1490.23
2023-05-30,50594.37,0.0,527.33,27.02,12.13,1413.65
2023-05-31,50651.18,0.0,433.9,27.49,16.63,1892.06
2023-06-01,50705.63,0.0,430.06,28.32,17.61,2013.1
2023-06-02,50757.69,0.0,480.74,29.93,17.07,1945.29
2023-06-03,50807.33,0.0,504.98,31.1,16.88,1921.54
2023-06-04,50854.52,0.0,518.18,30.5,15.5,1760.44
2023-06-05,50899.22,0.0,466.46,30.13,17.75,2030.22
2023-06-06,50941.41,0.0,488.21,30.48,17.03,1940.11
2023-06-07,50981.06,0.0,478.37,30.94,17.74,2029.8
2023-06-08,51018.14,0.0,461.98,29.12,16.97,1933.45
2023-06-09,51052.63,0.0,489.66,28.96,15.64,1776.23
2023-06-10,51084.5,0.0,515.6,29.75,14.76,1678.49
2023-06-11,51113.74,19.39,340.99,31.93,19.17,2219.37
2023-06-12,51140.32,0.0,364.61,26.81,18.04,2068.62
2023-06-13,51164.22,4.84,271.71,25.31,16.86,1919.97
2023-06-14,51185.44,19.28,251.57,25.76,18.07,2072.48
2023-06-15,51203.95,0.0,409.04,27.87,17.92,2052.0
2023-06-16,51219.74,1.6,433.52,30.69,19.31,2239.56
2023-06-17,51232.8,0.0,461.43,30.41,17.93,2053.89
2023-06-18,51243.13,20.53,271.17,27.42,18.66,2150.64
2023-06-19,51250.71,0.0,359.4,29.2,20.32,2384.04
2023-06-20,51255.53,0.0,412.83,28.74,18.28,2099.39
2023-06-21,51257.61,8.62,219.58,26.69,19.86,2317.06
2023-06-22,51256.92,0.35,344.27,26.99,18.76,2163.73
2023-06-23,51253.48,0.0,429.25,28.15,17.2,1961.34
2023-06-24,51247.29,0.0,484.25,31.09,17.32,1976.65
2023-06-25,51238.35,6.67,355.99,32.36,18.67,2151.99
2023-06-26,51226.67,0.0,443.99,31.51,19.33,2242.38
2023-06-27,51212.25,0.0,466.24,31.88,18.71,2156.68
2023-06-28,51195.11,0.0,486.26,32.14,17.86,2044.3
2023-06-29,51175.26,0.0,478.1,33.4,19.17,2220.36
2023-06-30,51152.71,0.0,453.6,34.69,21.16,2510.59
2023-07-01,51127.48,22.58,320.29,34.62,22.16,2669.11
2023-07-02,51099.58,7.66,311.03,33.17,21.55,2571.81
2023-07-03,51069.03,10.69,293.27,31.27,20.94,2476.1
2023-07-04,51035.86,6.47,309.55,31.59,20.56,2419.17
2023-07-05,51000.08,0.0,363.34,31.39,22.06,2652.23
2023-07-06,50961.73,11.26,294.63,32.04,21.73,2600.25
2023-07-07,50920.82,4.15,285.63,31.28,21.57,2573.72
2023-07-08,50877.38,7.93,297.91,29.96,20.01,2338.79
2023-07-09,50831.44,22.58,267.31,29.92,21.28,2528.59
2023-07-10,50783.04,0.0,399.83,29.37,19.65,2287.6
2023-07-11,50732.19,0.0,458.8,30.49,18.54,2133.45
2023-07-12,50678.94,30.92,331.87,32.19,20.4,2395.46
2023-07-13,50623.32,0.0,321.38,29.02,21.51,2564.43
2023-07-14,50565.35,2.42,299.2,32.47,22.12,2662.78
2023-07-15,50505.09,3.16,289.46,30.72,21.1,2501.24
2023-07-16,50442.55,0.0,364.42,31.68,22.6,2740.61
2023-07-17,50377.79,0.0,431.93,31.24,20.1,2351.19
2023-07-18,50310.83,2.35,344.78,32.97,20.2,2366.53
2023-07-19,50241.72,0.0,411.9,30.44,20.0,2337.1
2023-07-20,50170.5,0.0,397.46,33.7,23.07,2820.5
2023-07-21,50097.21,19.16,298.69,32.23,21.78,2607.72
2023-07-22,50021.88,0.0,342.23,29.21,20.93,2475.68
2023-07-23,49944.55,0.0,400.21,30.13,20.03,2341.68
2023-07-24,49865.28,0.0,462.12,30.97,18.46,2123.67
2023-07-25,49784.1,0.0,478.79,32.65,18.94,2188.72
2023-07-26,49701.05,0.0,464.31,33.89,20.47,2406.03
2023-07-27,49616.18,0.0,457.24,34.59,21.28,2528.84
2023-07-28,49529.52,7.21,322.1,34.31,22.26,2684.55
2023-07-29,49441.12,0.0,432.74,34.3,22.18,2672.19
2023-07-30,49351.03,6.84,312.86,32.36,21.34,2537.52
2023-07-31,49259.27,0.0,438.25,32.42,20.63,2429.64
2023-08-01,49165.91,0.0,408.08,32.08,21.46,2556.71
2023-08-02,49070.98,0.0,482.83,32.57,18.65,2148.74
2023-08-03,48974.51,36.59,320.99,33.16,21.44,2553.91
2023-08-04,48876.56,3.58,231.21,28.19,20.96,2480.19
2023-08-05,48777.16,3.29,327.82,32.21,20.33,2384.78
2023-08-06,48676.36,7.66,321.24,33.74,21.77,2605.63
2023-08-07,48574.2,9.53,319.79,33.38,21.5,2563.72
2023-08-08,48470.71,4.19,213.16,26.59,20.03,2341.3
2023-08-09,48365.95,59.35,335.26,30.91,18.74,2161.16
2023-08-10,48259.94,35.89,291.55,29.43,19.64,2286.23
2023-08-11,48152.72,2.35,299.21,32.45,21.78,2607.97
2023-08-12,48044.34,5.88,314.89,33.81,21.94,2633.62
2023-08-13,47934.84,4.97,312.4,34.13,22.24,2681.83
2023-08-14,47824.25,0.0,407.26,34.55,22.87,2785.72
2023-08-15,47712.61,0.0,349.74,29.25,20.46,2405.17
2023-08-16,47599.95,0.0,437.35,28.28,16.72,1903.08
2023-08-17,47486.32,0.0,456.33,29.26,16.72,1903.06
2023-08-18,47371.75,0.0,463.1,31.17,17.77,2033.86
2023-08-19,47256.27,0.0,438.88,31.65,19.12,2213.38
2023-08-20,47139.92,0.0,435.51,32.35,19.71,2295.99
2023-08-21,47022.73,0.0,409.7,33.64,21.62,2581.8
2023-08-22,46904.74,0.0,412.67,33.8,21.53,2567.68
2023-08-23,46785.97,0.0,393.62,34.66,22.92,2794.36
2023-08-24,46666.47,0.0,373.38,34.38,23.48,2890.75
2023-08-25,46546.26,0.0,394.07,35.46,23.52,2897.01
2023-08-26,46425.37,0.0,395.06,35.23,23.3,2859.53
2023-08-27,46303.84,8.92,301.77,34.05,22.06,2652.3
2023-08-28,46181.7,12.49,233.65,31.14,22.84,2780.87
2023-08-29,46058.96,0.0,326.43,30.78,22.12,2661.72
2023-08-30,45935.68,0.0,361.69,30.28,20.62,2428.84
2023-08-31,45811.86,0.0,439.64,29.39,16.91,1925.12
2023-09-01,45687.54,4.69,207.9,26.94,20.16,2360.44
2023-09-02,45562.76,0.0,273.26,26.83,20.24,2372.21
2023-09-03,45437.52,0.0,430.79,30.84,18.43,2118.76
2023-09-04,45311.87,0.0,423.06,31.86,19.47,2262.02
2023-09-05,45185.83,0.0,392.28,32.42,21.14,2507.08
2023-09-06,45059.42,0.41,392.64,32.21,20.92,2473.49
2023-09-07,44932.67,0.0,380.12,30.13,19.59,2277.94
2023-09-08,44805.6,0.0,447.21,28.34,15.25,1732.15
2023-09-09,44678.24,0.0,438.91,30.28,16.99,1935.07
2023-09-10,44550.62,0.0,429.19,30.71,17.64,2016.73
2023-09-11,44422.75,0.0,412.62,31.86,19.19,2222.09
2023-09-12,44294.67,4.54,307.39,32.44,19.61,2281.28
2023-09-13,44166.39,0.0,327.91,28.88,19.88,2320.06
2023-09-14,44037.94,1.95,312.71,26.68,18.4,2115.51
2023-09-15,43909.34,5.43,230.81,28.21,19.9,2322.83
2023-09-16,43780.62,22.87,182.96,26.25,20.03,2340.86
2023-09-17,43651.79,0.0,366.79,27.15,17.2,1960.95
2023-09-18,43522.88,0.0,439.69,26.38,13.39,1535.62
2023-09-19,43393.92,0.0,460.53,27.48,12.86,1482.95
2023-09-20,43264.93,0.0,414.34,27.61,15.36,1744.3
2023-09-21,43135.92,0.0,379.13,27.64,16.86,1919.66
2023-09-22,43006.92,0.0,417.63,28.29,15.54,1765.03
2023-09-23,42877.96,0.0,457.91,29.68,13.86,1582.9
2023-09-24,42749.06,0.0,465.15,30.12,13.19,1516.13
2023-09-25,42620.23,0.0,418.88,30.43,16.44,1869.48
2023-09-26,42491.51,0.0,399.82,30.71,17.54,2003.92
2023-09-27,42362.91,0.0,338.67,28.2,18.06,2070.48
2023-09-28,42234.45,0.0,353.99,26.84,16.21,1841.37
2023-09-29,42106.17,0.0,417.81,29.12,14.7,1671.64
2023-09-30,41978.09,0.0,417.94,30.65,15.61,1772.95
2023-10-01,41850.22,0.0,380.31,29.19,16.33,1855.57
2023-10-02,41722.59,0.0,393.68,29.19,15.32,1739.58
2023-10-03,41595.23,0.0,412.22,28.97,13.78,1574.63
2023-10-04,41468.17,0.0,406.28,28.25,13.41,1537.87
2023-10-05,41341.41,1.26,306.45,26.21,16.41,1865.6
2023-10-06,41215.0,0.0,256.78,24.01,16.2,1840.4
2023-10-07,41088.95,0.0,328.65,19.68,9.68,1200.92
2023-10-08,40963.3,0.0,436.2,20.03,4.06,816.66
2023-10-09,40838.06,0.0,453.07,24.94,5.8,921.84
2023-10-10,40713.27,0.0,433.51,27.86,9.44,1182.01
2023-10-11,40588.95,9.11,181.59,21.59,14.03,1600.47
2023-10-12,40465.13,1.6,198.79,20.88,14.83,1686.27
2023-10-13,40341.84,3.45,116.48,20.19,15.56,1766.77
2023-10-14,40219.11,0.64,222.27,22.81,15.89,1804.42
2023-10-15,40096.96,0.75,268.88,17.34,9.19,1161.97
2023-10-16,39975.42,0.0,316.19,16.18,6.19,947.15
2023-10-17,39854.53,0.0,339.28,18.38,7.04,1004.48
2023-10-18,39734.32,0.0,410.45,22.16,5.53,904.58
2023-10-19,39614.81,1.19,366.52,21.04,7.64,1046.31
2023-10-20,39496.04,0.0,379.5,26.53,10.99,1310.88
2023-10-21,39378.04,0.0,417.61,26.5,6.59,973.45
2023-10-22,39260.85,0.0,366.78,25.95,10.73,1288.25
2023-10-23,39144.49,0.0,387.84,25.75,8.6,1117.16
2023-10-24,39029.01,0.0,342.31,25.31,11.57,1362.92
2023-10-25,38914.43,0.0,340.55,25.54,11.73,1376.62
2023-10-26,38800.79,0.0,313.86,26.91,14.3,1629.53
2023-10-27,38688.13,0.0,315.74,27.28,14.28,1627.01
2023-10-28,38576.48,0.0,326.2,27.78,13.82,1579.68
2023-10-29,38465.88,0.0,335.73,28.23,13.36,1532.86
2023-10-30,38356.37,0.0,307.16,20.61,8.68,1122.86
2023-10-31,38247.99,0.0,264.01,14.3,4.94,868.22
2023-11-01,38140.76,0.0,333.53,11.32,-1.4,551.4
2023-11-02,38034.75,0.0,398.22,15.84,-3.72,464.07
2023-11-03,37929.97,0.0,394.36,19.15,-1.12,562.53
2023-11-04,37826.47,0.0,390.39,23.17,1.59,685.12
2023-11-05,37724.3,0.0,376.36,23.99,3.54,786.83
2023-11-06,37623.49,0.0,366.32,25.11,5.06,875.46
2023-11-07,37524.09,0.0,357.92,26.82,6.91,995.15
2023-11-08,37426.13,0.0,335.57,26.48,8.89,1139.26
2023-11-09,37329.65,2.13,195.35,25.02,13.07,1503.48
2023-11-10,37234.71,7.72,100.38,17.91,12.47,1445.56
2023-11-11,37141.33,1.36,81.03,13.35,10.38,1258.62
2023-11-12,37049.57,0.0,133.45,15.64,10.28,1250.92
2023-11-13,36959.46,0.0,249.31,19.95,8.87,1137.25
2023-11-14,36871.06,4.85,197.65,20.77,8.55,1112.75
2023-11-15,36784.39,0.0,208.91,17.51,8.48,1107.54
2023-11-16,36699.5,0.0,245.29,23.79,12.17,1417.23
2023-11-17,36616.44,0.0,215.58,22.08,12.32,1431.83
2023-11-18,36535.24,0.0,230.39,19.23,8.97,1145.45
2023-11-19,36455.96,0.0,338.44,21.0,1.92,679.87
2023-11-20,36378.62,11.91,232.99,21.37,5.0,872.16
2023-11-21,36303.28,4.4,134.41,19.17,11.34,1341.91
2023-11-22,36229.97,0.0,191.04,13.13,5.26,887.69
2023-11-23,36158.74,0.0,260.05,12.22,0.89,651.53
2023-11-24,36089.61,0.0,280.05,15.79,2.81,747.42
2023-11-25,36022.64,0.0,314.91,17.15,0.8,647.14
2023-11-26,35957.87,4.33,121.68,12.06,5.42,897.77
2023-11-27,35895.32,0.0,237.29,10.03,-0.02,609.92
2023-11-28,35835.04,0.0,276.9,11.01,-1.51,546.81
2023-11-29,35777.06,0.0,337.34,14.27,-5.32,411.06
2023-11-30,35721.42,4.87,234.45,14.66,-2.22,519.02
2023-12-01,35668.15,0.92,229.12,17.72,7.13,1010.47
2023-12-02,35617.29,2.86,77.24,18.98,14.56,1656.33
2023-12-03,35568.87,0.0,240.36,19.04,8.12,1081.08
2023-12-04,35522.91,0.0,287.47,17.44,3.5,785.08
2023-12-05,35479.46,0.0,305.62,15.0,-0.28,598.49
2023-12-06,35438.53,0.0,266.37,11.44,-0.07,607.53
2023-12-07,35400.16,0.0,320.96,14.47,-2.55,506.34
2023-12-08,35364.37,8.23,236.02,17.74,0.69,641.87
2023-12-09,35331.18,32.12,172.92,20.56,10.36,1256.96
2023-12-10,35300.62,0.0,286.18,17.42,3.46,782.38
2023-12-11,35272.7,0.0,277.91,10.0,-2.88,494.05
2023-12-12,35247.45,0.0,315.22,14.38,-3.44,473.93
2023-12-13,35224.88,0.0,302.32,14.86,-1.55,545.16
2023-12-14,35205.01,0.0,274.59,16.73,2.76,744.83
2023-12-15,35187.85,0.0,271.94,16.31,2.44,727.92
2023-12-16,35173.41,3.23,170.19,15.39,4.7,854.05
2023-12-17,35161.71,0.0,183.48,13.32,5.2,884.07
2023-12-18,35152.76,0.0,250.5,13.03,1.06,659.58
2023-12-19,35146.55,0.0,257.04,8.42,-3.5,471.61
2023-12-20,35143.09,0.0,283.58,10.89,-3.21,481.9
2023-12-21,35142.39,0.0,294.11,12.61,-2.94,491.92
2023-12-22,35144.45,0.0,286.6,15.67,0.31,624.56
2023-12-23,35149.25,0.0,284.31,19.0,3.29,773.29
2023-12-24,35156.81,34.63,169.02,17.92,6.91,995.19
2023-12-25,35167.12,12.42,128.22,18.25,10.39,1259.75
2023-12-26,35180.16,0.0,193.94,12.83,4.16,822.08
2023-12-27,35195.94,0.0,264.37,12.53,-0.46,590.4
2023-12-28,35214.43,0.0,213.87,9.13,-0.37,594.27
2023-12-29,35235.63,0.0,108.35,6.23,1.94,702.24
2023-12-30,35259.52,0.0,127.35,4.71,-0.2,601.75
2023-12-31,35286.08,0.0,319.02,14.28,-3.59,468.39
