Date,Q_cfs,Q_m3s
2000-01-01,3.0,0.085
2000-01-02,16.0,0.453
2000-01-03,21.0,0.595
2000-01-04,73.0,2.067
2000-01-05,32.0,0.906
2000-01-06,26.0,0.736
2000-01-07,23.0,0.651
2000-01-08,22.0,0.623
2000-01-09,24.0,0.68
2000-01-10,61.0,1.727
2000-01-11,23.0,0.651
2000-01-12,13.0,0.368
2000-01-13,11.0,0.311
2000-01-14,9.2,0.261
2000-01-15,7.5,0.212
2000-01-16,6.9,0.195
2000-01-17,9.0,0.255
2000-01-18,7.4,0.21
2000-01-19,6.7,0.19
2000-01-20,6.5,0.184
2000-01-21,5.3,0.15
2000-01-22,9.6,0.272
2000-01-23,79.0,2.237
2000-01-24,37.0,1.048
2000-01-25,23.0,0.651
2000-01-26,16.0,0.453
2000-01-27,13.0,0.368
2000-01-28,12.0,0.34
2000-01-29,27.0,0.765
2000-01-30,34.0,0.963
2000-01-31,25.0,0.708
2000-02-01,19.0,0.538
2000-02-02,15.0,0.425
2000-02-03,13.0,0.368
2000-02-04,12.0,0.34
2000-02-05,9.9,0.28
2000-02-06,8.6,0.244
2000-02-07,8.3,0.235
2000-02-08,7.5,0.212
2000-02-09,7.1,0.201
2000-02-10,6.8,0.193
2000-02-11,6.6,0.187
2000-02-12,6.4,0.181
2000-02-13,10.0,0.283
2000-02-14,23.0,0.651
2000-02-15,15.0,0.425
2000-02-16,13.0,0.368
2000-02-17,12.0,0.34
2000-02-18,12.0,0.34
2000-02-19,11.0,0.311
2000-02-20,10.0,0.283
2000-02-21,9.7,0.275
2000-02-22,8.8,0.249
2000-02-23,7.9,0.224
2000-02-24,7.6,0.215
2000-02-25,7.2,0.204
2000-02-26,7.0,0.198
2000-02-27,68.0,1.926
2000-02-28,40.0,1.133
2000-02-29,28.0,0.793
2000-03-01,22.0,0.623
2000-03-02,19.0,0.538
2000-03-03,17.0,0.481
2000-03-04,22.0,0.623
2000-03-05,17.0,0.481
2000-03-06,15.0,0.425
2000-03-07,13.0,0.368
2000-03-08,13.0,0.368
2000-03-09,12.0,0.34
2000-03-10,212.0,6.003
2000-03-11,1130.0,31.998
2000-03-12,169.0,4.786
2000-03-13,75.0,2.124
2000-03-14,42.0,1.189
2000-03-15,34.0,0.963
2000-03-16,31.0,0.878
2000-03-17,22.0,0.623
2000-03-18,21.0,0.595
2000-03-19,470.0,13.309
2000-03-20,301.0,8.523
2000-03-21,103.0,2.917
2000-03-22,54.0,1.529
2000-03-23,42.0,1.189
2000-03-24,32.0,0.906
2000-03-25,26.0,0.736
2000-03-26,26.0,0.736
2000-03-27,27.0,0.765
2000-03-28,25.0,0.708
2000-03-29,23.0,0.651
2000-03-30,34.0,0.963
2000-03-31,25.0,0.708
2000-04-01,22.0,0.623
2000-04-02,283.0,8.014
2000-04-03,2000.0,56.634
2000-04-04,583.0,16.509
2000-04-05,171.0,4.842
2000-04-06,94.0,2.662
2000-04-07,52.0,1.472
2000-04-08,43.0,1.218
2000-04-09,31.0,0.878
2000-04-10,26.0,0.736
2000-04-11,24.0,0.68
2000-04-12,25.0,0.708
2000-04-13,22.0,0.623
2000-04-14,28.0,0.793
2000-04-15,26.0,0.736
2000-04-16,23.0,0.651
2000-04-17,23.0,0.651
2000-04-18,18.0,0.51
2000-04-19,16.0,0.453
2000-04-20,30.0,0.85
2000-04-21,13.0,0.368
2000-04-22,11.0,0.311
2000-04-23,11.0,0.311
2000-04-24,11.0,0.311
2000-04-25,10.0,0.283
2000-04-26,9.1,0.258
2000-04-27,8.8,0.249
2000-04-28,11.0,0.311
2000-04-29,8.8,0.249
2000-04-30,7.8,0.221
2000-05-01,7.6,0.215
2000-05-02,7.1,0.201
2000-05-03,6.7,0.19
2000-05-04,6.6,0.187
2000-05-05,6.1,0.173
2000-05-06,5.8,0.164
2000-05-07,5.6,0.159
2000-05-08,5.4,0.153
2000-05-09,5.1,0.144
2000-05-10,5.0,0.142
2000-05-11,4.9,0.139
2000-05-12,5.1,0.144
2000-05-13,4.6,0.13
2000-05-14,4.4,0.125
2000-05-15,4.2,0.119
2000-05-16,4.4,0.125
2000-05-17,4.2,0.119
2000-05-18,4.0,0.113
2000-05-19,4.3,0.122
2000-05-20,5.6,0.159
2000-05-21,8.4,0.238
2000-05-22,5.1,0.144
2000-05-23,4.4,0.125
2000-05-24,4.1,0.116
2000-05-25,4.2,0.119
2000-05-26,4.8,0.136
2000-05-27,4.3,0.122
2000-05-28,7.9,0.224
2000-05-29,3.7,0.105
2000-05-30,2.4,0.068
2000-05-31,2.1,0.059
2000-06-01,2.0,0.057
2000-06-02,2.2,0.062
2000-06-03,2.1,0.059
2000-06-04,3.2,0.091
2000-06-05,3.7,0.105
2000-06-06,3.2,0.091
2000-06-07,2.4,0.068
2000-06-08,2.2,0.062
2000-06-09,2.0,0.057
2000-06-10,2.0,0.057
2000-06-11,2.0,0.057
2000-06-12,2.1,0.059
2000-06-13,2.1,0.059
2000-06-14,2.2,0.062
2000-06-15,2.3,0.065
2000-06-16,8.0,0.227
2000-06-17,3.1,0.088
2000-06-18,2.3,0.065
2000-06-19,2.2,0.062
2000-06-20,2.0,0.057
2000-06-21,1.8,0.051
2000-06-22,1.8,0.051
2000-06-23,1.5,0.042
2000-06-24,1.3,0.037
2000-06-25,49.0,1.388
2000-06-26,1.7,0.048
2000-06-27,0.86,0.024
2000-06-28,0.68,0.019
2000-06-29,1.0,0.028
2000-06-30,0.62,0.018
2000-07-01,0.38,0.011
2000-07-02,0.26,0.007
2000-07-03,0.21,0.006
2000-07-04,0.15,0.004
2000-07-05,0.11,0.003
2000-07-06,0.05,0.001
2000-07-07,0.04,0.001
2000-07-08,0.04,0.001
2000-07-09,0.04,0.001
2000-07-10,0.03,0.001
2000-07-11,0.02,0.001
2000-07-12,0.01,0.0
2000-07-13,0.04,0.001
2000-07-14,0.02,0.001
2000-07-15,0.08,0.002
2000-07-16,0.06,0.002
2000-07-17,0.08,0.002
2000-07-18,0.02,0.001
2000-07-19,0.01,0.0
2000-07-20,0.03,0.001
2000-07-21,0.04,0.001
2000-07-22,0.01,0.0
2000-07-23,0.0,0.0
2000-07-24,0.01,0.0
2000-07-25,0.51,0.014
2000-07-26,0.03,0.001
2000-07-27,0.03,0.001
2000-07-28,0.03,0.001
2000-07-29,0.04,0.001
2000-07-30,0.06,0.002
2000-07-31,0.05,0.001
2000-08-01,0.03,0.001
2000-08-02,100.0,2.832
2000-08-03,2.2,0.062
2000-08-04,24.0,0.68
2000-08-05,0.42,0.012
2000-08-06,0.15,0.004
2000-08-07,0.1,0.003
2000-08-08,0.08,0.002
2000-08-09,4.6,0.13
2000-08-10,45.0,1.274
2000-08-11,11.0,0.311
2000-08-12,0.88,0.025
2000-08-13,0.12,0.003
2000-08-14,0.04,0.001
2000-08-15,0.02,0.001
2000-08-16,0.01,0.0
2000-08-17,0.0,0.0
2000-08-18,0.05,0.001
2000-08-19,0.28,0.008
2000-08-20,0.07,0.002
2000-08-21,0.38,0.011
2000-08-22,0.48,0.014
2000-08-23,0.54,0.015
2000-08-24,0.48,0.014
2000-08-25,0.68,0.019
2000-08-26,0.7,0.02
2000-08-27,0.99,0.028
2000-08-28,0.99,0.028
2000-08-29,1.1,0.031
2000-08-30,0.98,0.028
2000-08-31,0.71,0.02
2000-09-01,0.73,0.021
2000-09-02,0.74,0.021
2000-09-03,0.35,0.01
2000-09-04,0.28,0.008
2000-09-05,0.64,0.018
2000-09-06,0.63,0.018
2000-09-07,0.13,0.004
2000-09-08,0.01,0.0
2000-09-09,0.0,0.0
2000-09-10,0.36,0.01
2000-09-11,0.11,0.003
2000-09-12,0.13,0.004
2000-09-13,0.16,0.005
2000-09-14,0.17,0.005
2000-09-15,0.12,0.003
2000-09-16,0.1,0.003
2000-09-17,0.09,0.003
2000-09-18,0.05,0.001
2000-09-19,0.05,0.001
2000-09-20,0.07,0.002
2000-09-21,0.23,0.007
2000-09-22,0.29,0.008
2000-09-23,7.9,0.224
2000-09-24,2.3,0.065
2000-09-25,0.13,0.004
2000-09-26,0.17,0.005
2000-09-27,0.15,0.004
2000-09-28,0.12,0.003
2000-09-29,0.16,0.005
2000-09-30,0.11,0.003
2000-10-01,0.1,0.003
2000-10-02,0.08,0.002
2000-10-03,0.04,0.001
2000-10-04,0.0,0.0
2000-10-05,0.0,0.0
2000-10-06,9.0,0.255
2000-10-07,5.0,0.142
2000-10-08,3.0,0.085
2000-10-09,1.8,0.051
2000-10-10,1.4,0.04
2000-10-11,1.1,0.031
2000-10-12,0.8,0.023
2000-10-13,0.5,0.014
2000-10-14,0.3,0.008
2000-10-15,0.2,0.006
2000-10-16,0.15,0.004
2000-10-17,0.1,0.003
2000-10-18,0.08,0.002
2000-10-19,0.02,0.001
2000-10-20,0.0,0.0
2000-10-21,0.0,0.0
2000-10-22,0.0,0.0
2000-10-23,0.08,0.002
2000-10-24,0.04,0.001
2000-10-25,0.03,0.001
2000-10-26,0.02,0.001
2000-10-27,0.0,0.0
2000-10-28,0.0,0.0
2000-10-29,0.0,0.0
2000-10-30,0.0,0.0
2000-10-31,0.0,0.0
2000-11-01,0.0,0.0
2000-11-02,0.02,0.001
2000-11-03,0.04,0.001
2000-11-04,0.08,0.002
2000-11-05,0.06,0.002
2000-11-06,0.08,0.002
2000-11-07,1.0,0.028
2000-11-08,10.0,0.283
2000-11-09,372.0,10.534
2000-11-10,23.0,0.651
2000-11-11,10.0,0.283
2000-11-12,5.5,0.156
2000-11-13,3.7,0.105
2000-11-14,2.3,0.065
2000-11-15,1.5,0.042
2000-11-16,11.0,0.311
2000-11-17,15.0,0.425
2000-11-18,9.4,0.266
2000-11-19,25.0,0.708
2000-11-20,17.0,0.481
2000-11-21,9.6,0.272
2000-11-22,6.1,0.173
2000-11-23,4.5,0.127
2000-11-24,6.3,0.178
2000-11-25,15.0,0.425
2000-11-26,10.0,0.283
2000-11-27,7.9,0.224
2000-11-28,5.7,0.161
2000-11-29,5.5,0.156
2000-11-30,6.6,0.187
2000-12-01,5.8,0.164
2000-12-02,5.4,0.153
2000-12-03,4.6,0.13
2000-12-04,4.4,0.125
2000-12-05,3.8,0.108
2000-12-06,3.7,0.105
2000-12-07,3.3,0.093
2000-12-08,3.0,0.085
2000-12-09,3.0,0.085
2000-12-10,2.8,0.079
2000-12-11,2.2,0.062
2000-12-12,0.72,0.02
2000-12-13,1.7,0.048
2000-12-14,6.5,0.184
2000-12-15,3.3,0.093
2000-12-16,13.0,0.368
2000-12-17,28.0,0.793
2000-12-18,17.0,0.481
2000-12-19,14.0,0.396
2000-12-20,11.0,0.311
2000-12-21,9.4,0.266
2000-12-22,7.4,0.21
2000-12-23,6.2,0.176
2000-12-24,5.5,0.156
2000-12-25,4.6,0.13
2000-12-26,3.8,0.108
2000-12-27,4.8,0.136
2000-12-28,6.1,0.173
2000-12-29,5.4,0.153
2000-12-30,4.9,0.139
2000-12-31,4.3,0.122
2001-01-01,4.0,0.113
2001-01-02,10.0,0.283
2001-01-03,7.0,0.198
2001-01-04,5.0,0.142
2001-01-05,3.5,0.099
2001-01-06,3.0,0.085
2001-01-07,10.0,0.283
2001-01-08,20.0,0.566
2001-01-09,13.0,0.368
2001-01-10,10.0,0.283
2001-01-11,9.5,0.269
2001-01-12,11.0,0.311
2001-01-13,9.9,0.28
2001-01-14,10.0,0.283
2001-01-15,10.0,0.283
2001-01-16,9.2,0.261
2001-01-17,9.7,0.275
2001-01-18,35.0,0.991
2001-01-19,177.0,5.012
2001-01-20,81.0,2.294
2001-01-21,51.0,1.444
2001-01-22,39.0,1.104
2001-01-23,32.0,0.906
2001-01-24,28.0,0.793
2001-01-25,22.0,0.623
2001-01-26,11.0,0.311
2001-01-27,9.4,0.266
2001-01-28,8.2,0.232
2001-01-29,29.0,0.821
2001-01-30,77.0,2.18
2001-01-31,35.0,0.991
2001-02-01,23.0,0.651
2001-02-02,18.0,0.51
2001-02-03,15.0,0.425
2001-02-04,25.0,0.708
2001-02-05,12.0,0.34
2001-02-06,9.9,0.28
2001-02-07,8.7,0.246
2001-02-08,7.8,0.221
2001-02-09,9.1,0.258
2001-02-10,15.0,0.425
2001-02-11,10.0,0.283
2001-02-12,23.0,0.651
2001-02-13,115.0,3.256
2001-02-14,74.0,2.095
2001-02-15,48.0,1.359
2001-02-16,47.0,1.331
2001-02-17,66.0,1.869
2001-02-18,40.0,1.133
2001-02-19,29.0,0.821
2001-02-20,23.0,0.651
2001-02-21,19.0,0.538
2001-02-22,39.0,1.104
2001-02-23,26.0,0.736
2001-02-24,20.0,0.566
2001-02-25,98.0,2.775
2001-02-26,54.0,1.529
2001-02-27,41.0,1.161
2001-02-28,49.0,1.388
2001-03-01,39.0,1.104
2001-03-02,52.0,1.472
2001-03-03,135.0,3.823
2001-03-04,164.0,4.644
2001-03-05,79.0,2.237
2001-03-06,46.0,1.303
2001-03-07,34.0,0.963
2001-03-08,27.0,0.765
2001-03-09,23.0,0.651
2001-03-10,19.0,0.538
2001-03-11,16.0,0.453
2001-03-12,113.0,3.2
2001-03-13,96.0,2.718
2001-03-14,56.0,1.586
2001-03-15,288.0,8.155
2001-03-16,97.0,2.747
2001-03-17,54.0,1.529
2001-03-18,38.0,1.076
2001-03-19,43.0,1.218
2001-03-20,673.0,19.057
2001-03-21,212.0,6.003
2001-03-22,100.0,2.832
2001-03-23,62.0,1.756
2001-03-24,41.0,1.161
2001-03-25,32.0,0.906
2001-03-26,26.0,0.736
2001-03-27,22.0,0.623
2001-03-28,19.0,0.538
2001-03-29,23.0,0.651
2001-03-30,30.0,0.85
2001-03-31,27.0,0.765
2001-04-01,25.0,0.708
2001-04-02,21.0,0.595
2001-04-03,1230.0,34.83
2001-04-04,573.0,16.226
2001-04-05,214.0,6.06
2001-04-06,105.0,2.973
2001-04-07,65.0,1.841
2001-04-08,47.0,1.331
2001-04-09,37.0,1.048
2001-04-10,30.0,0.85
2001-04-11,24.0,0.68
2001-04-12,21.0,0.595
2001-04-13,28.0,0.793
2001-04-14,21.0,0.595
2001-04-15,86.0,2.435
2001-04-16,50.0,1.416
2001-04-17,34.0,0.963
2001-04-18,25.0,0.708
2001-04-19,21.0,0.595
2001-04-20,18.0,0.51
2001-04-21,16.0,0.453
2001-04-22,14.0,0.396
2001-04-23,12.0,0.34
2001-04-24,11.0,0.311
2001-04-25,9.9,0.28
2001-04-26,8.7,0.246
2001-04-27,8.2,0.232
2001-04-28,7.7,0.218
2001-04-29,7.0,0.198
2001-04-30,6.6,0.187
2001-05-01,6.0,0.17
2001-05-02,6.4,0.181
2001-05-03,8.0,0.227
2001-05-04,7.5,0.212
2001-05-05,7.2,0.204
2001-05-06,6.8,0.193
2001-05-07,6.3,0.178
2001-05-08,9.4,0.266
2001-05-09,12.0,0.34
2001-05-10,7.8,0.221
2001-05-11,8.0,0.227
2001-05-12,5.6,0.159
2001-05-13,2.8,0.079
2001-05-14,2.1,0.059
2001-05-15,1.8,0.051
2001-05-16,2.0,0.057
2001-05-17,1.9,0.054
2001-05-18,2.2,0.062
2001-05-19,1.5,0.042
2001-05-20,6.5,0.184
2001-05-21,2.3,0.065
2001-05-22,4.8,0.136
2001-05-23,3.1,0.088
2001-05-24,2.3,0.065
2001-05-25,6.2,0.176
2001-05-26,3.1,0.088
2001-05-27,2.3,0.065
2001-05-28,9.0,0.255
2001-05-29,18.0,0.51
2001-05-30,5.6,0.159
2001-05-31,11.0,0.311
2001-06-01,27.0,0.765
2001-06-02,12.0,0.34
2001-06-03,9.1,0.258
2001-06-04,7.3,0.207
2001-06-05,5.8,0.164
2001-06-06,4.9,0.139
2001-06-07,93.0,2.633
2001-06-08,71.0,2.01
2001-06-09,25.0,0.708
2001-06-10,15.0,0.425
2001-06-11,27.0,0.765
2001-06-12,9.5,0.269
2001-06-13,7.2,0.204
2001-06-14,5.9,0.167
2001-06-15,8.3,0.235
2001-06-16,6.5,0.184
2001-06-17,4.9,0.139
2001-06-18,4.4,0.125
2001-06-19,3.4,0.096
2001-06-20,2.7,0.076
2001-06-21,5.3,0.15
2001-06-22,157.0,4.446
2001-06-23,31.0,0.878
2001-06-24,15.0,0.425
2001-06-25,9.9,0.28
2001-06-26,8.3,0.235
2001-06-27,9.7,0.275
2001-06-28,9.1,0.258
2001-06-29,8.0,0.227
2001-06-30,8.1,0.229
2001-07-01,8.9,0.252
2001-07-02,9.2,0.261
2001-07-03,36.0,1.019
2001-07-04,36.0,1.019
2001-07-05,84.0,2.379
2001-07-06,44.0,1.246
2001-07-07,19.0,0.538
2001-07-08,14.0,0.396
2001-07-09,24.0,0.68
2001-07-10,58.0,1.642
2001-07-11,18.0,0.51
2001-07-12,12.0,0.34
2001-07-13,8.1,0.229
2001-07-14,6.4,0.181
2001-07-15,5.5,0.156
2001-07-16,3.8,0.108
2001-07-17,2.8,0.079
2001-07-18,2.1,0.059
2001-07-19,2.1,0.059
2001-07-20,2.5,0.071
2001-07-21,2.8,0.079
2001-07-22,4.0,0.113
2001-07-23,3.9,0.11
2001-07-24,1.3,0.037
2001-07-25,20.0,0.566
2001-07-26,9.2,0.261
2001-07-27,4.1,0.116
2001-07-28,1.9,0.054
2001-07-29,2.8,0.079
2001-07-30,3.6,0.102
2001-07-31,2.2,0.062
2001-08-01,0.85,0.024
2001-08-02,0.44,0.012
2001-08-03,0.3,0.008
2001-08-04,0.37,0.01
2001-08-05,6.5,0.184
2001-08-06,11.0,0.311
2001-08-07,18.0,0.51
2001-08-08,5.0,0.142
2001-08-09,2.7,0.076
2001-08-10,2.3,0.065
2001-08-11,19.0,0.538
2001-08-12,19.0,0.538
2001-08-13,195.0,5.522
2001-08-14,42.0,1.189
2001-08-15,16.0,0.453
2001-08-16,10.0,0.283
2001-08-17,7.9,0.224
2001-08-18,12.0,0.34
2001-08-19,9.9,0.28
2001-08-20,5.6,0.159
2001-08-21,3.4,0.096
2001-08-22,2.6,0.074
2001-08-23,1.6,0.045
2001-08-24,1.4,0.04
2001-08-25,1.2,0.034
2001-08-26,0.82,0.023
2001-08-27,17.0,0.481
2001-08-28,20.0,0.566
2001-08-29,4.3,0.122
2001-08-30,2.7,0.076
2001-08-31,124.0,3.511
2001-09-01,88.0,2.492
2001-09-02,135.0,3.823
2001-09-03,1390.0,39.36
2001-09-04,1020.0,28.883
2001-09-05,305.0,8.637
2001-09-06,131.0,3.71
2001-09-07,70.0,1.982
2001-09-08,30.0,0.85
2001-09-09,26.0,0.736
2001-09-10,18.0,0.51
2001-09-11,16.0,0.453
2001-09-12,19.0,0.538
2001-09-13,25.0,0.708
2001-09-14,8.7,0.246
2001-09-15,7.0,0.198
2001-09-16,6.2,0.176
2001-09-17,5.8,0.164
2001-09-18,5.5,0.156
2001-09-19,5.4,0.153
2001-09-20,5.2,0.147
2001-09-21,4.4,0.125
2001-09-22,3.9,0.11
2001-09-23,4.1,0.116
2001-09-24,4.9,0.139
2001-09-25,4.4,0.125
2001-09-26,3.4,0.096
2001-09-27,3.0,0.085
2001-09-28,2.6,0.074
2001-09-29,2.1,0.059
2001-09-30,1.9,0.054
2001-10-01,1.27,0.036
2001-10-02,1.19,0.034
2001-10-03,0.95,0.027
2001-10-04,0.57,0.016
2001-10-05,0.59,0.017
2001-10-06,22.1,0.626
2001-10-07,4.49,0.127
2001-10-08,2.91,0.082
2001-10-09,2.18,0.062
2001-10-10,1.68,0.048
2001-10-11,1.32,0.037
2001-10-12,1.71,0.048
2001-10-13,5.35,0.151
2001-10-14,25.5,0.722
2001-10-15,6.35,0.18
2001-10-16,4.27,0.121
2001-10-17,3.75,0.106
2001-10-18,2.86,0.081
2001-10-19,2.48,0.07
2001-10-20,2.15,0.061
2001-10-21,2.15,0.061
2001-10-22,1.85,0.052
2001-10-23,1.73,0.049
2001-10-24,1.52,0.043
2001-10-25,1.31,0.037
2001-10-26,0.61,0.017
2001-10-27,0.46,0.013
2001-10-28,0.85,0.024
2001-10-29,1.21,0.034
2001-10-30,1.13,0.032
2001-10-31,1.04,0.029
2001-11-01,1.0,0.028
2001-11-02,1.04,0.029
2001-11-03,0.95,0.027
2001-11-04,1.37,0.039
2001-11-05,0.99,0.028
2001-11-06,0.44,0.012
2001-11-07,0.35,0.01
2001-11-08,0.4,0.011
2001-11-09,0.46,0.013
2001-11-10,0.37,0.01
2001-11-11,0.28,0.008
2001-11-12,0.29,0.008
2001-11-13,0.29,0.008
2001-11-14,0.21,0.006
2001-11-15,0.16,0.005
2001-11-16,0.14,0.004
2001-11-17,0.09,0.003
2001-11-18,0.04,0.001
2001-11-19,0.05,0.001
2001-11-20,0.14,0.004
2001-11-21,0.07,0.002
2001-11-22,0.04,0.001
2001-11-23,2.1,0.059
2001-11-24,14.1,0.399
2001-11-25,7.57,0.214
2001-11-26,2.83,0.08
2001-11-27,2.58,0.073
2001-11-28,2.27,0.064
2001-11-29,21.2,0.6
2001-11-30,55.8,1.58
2001-12-01,30.0,0.85
2001-12-02,23.7,0.671
2001-12-03,20.2,0.572
2001-12-04,22.9,0.648
2001-12-05,18.1,0.513
2001-12-06,15.7,0.445
2001-12-07,14.1,0.399
2001-12-08,13.7,0.388
2001-12-09,13.1,0.371
2001-12-10,26.2,0.742
2001-12-11,29.3,0.83
2001-12-12,25.1,0.711
2001-12-13,164.0,4.644
2001-12-14,437.0,12.374
2001-12-15,77.2,2.186
2001-12-16,37.3,1.056
2001-12-17,61.0,1.727
2001-12-18,50.9,1.441
2001-12-19,34.0,0.963
2001-12-20,25.0,0.708
2001-12-21,20.7,0.586
2001-12-22,18.0,0.51
2001-12-23,29.6,0.838
2001-12-24,23.8,0.674
2001-12-25,20.8,0.589
2001-12-26,18.2,0.515
2001-12-27,15.8,0.447
2001-12-28,14.5,0.411
2001-12-29,13.4,0.379
2001-12-30,11.7,0.331
2001-12-31,10.7,0.303
2002-01-01,11.5,0.326
2002-01-02,18.7,0.53
2002-01-03,18.4,0.521
2002-01-04,18.0,0.51
2002-01-05,18.4,0.521
2002-01-06,23.2,0.657
2002-01-07,17.5,0.496
2002-01-08,9.79,0.277
2002-01-09,9.02,0.255
2002-01-10,8.79,0.249
2002-01-11,8.53,0.242
2002-01-12,7.99,0.226
2002-01-13,7.95,0.225
2002-01-14,7.57,0.214
2002-01-15,6.96,0.197
2002-01-16,6.52,0.185
2002-01-17,6.15,0.174
2002-01-18,6.39,0.181
2002-01-19,154.0,4.361
2002-01-20,135.0,3.823
2002-01-21,151.0,4.276
2002-01-22,90.0,2.549
2002-01-23,106.0,3.002
2002-01-24,380.0,10.76
2002-01-25,362.0,10.251
2002-01-26,153.0,4.332
2002-01-27,99.7,2.823
2002-01-28,75.6,2.141
2002-01-29,53.5,1.515
2002-01-30,34.0,0.963
2002-01-31,31.6,0.895
2002-02-01,64.4,1.824
2002-02-02,36.5,1.034
2002-02-03,33.7,0.954
2002-02-04,32.6,0.923
2002-02-05,35.6,1.008
2002-02-06,113.0,3.2
2002-02-07,121.0,3.426
2002-02-08,70.8,2.005
2002-02-09,45.9,1.3
2002-02-10,36.8,1.042
2002-02-11,39.3,1.113
2002-02-12,35.5,1.005
2002-02-13,27.3,0.773
2002-02-14,25.0,0.708
2002-02-15,23.7,0.671
2002-02-16,22.9,0.648
2002-02-17,22.0,0.623
2002-02-18,20.9,0.592
2002-02-19,20.3,0.575
2002-02-20,43.3,1.226
2002-02-21,30.1,0.852
2002-02-22,27.9,0.79
2002-02-23,26.1,0.739
2002-02-24,24.2,0.685
2002-02-25,23.0,0.651
2002-02-26,22.5,0.637
2002-02-27,20.5,0.58
2002-02-28,19.2,0.544
2002-03-01,18.7,0.53
2002-03-02,25.9,0.733
2002-03-03,25.0,0.708
2002-03-04,22.9,0.648
2002-03-05,22.0,0.623
2002-03-06,20.9,0.592
2002-03-07,19.8,0.561
2002-03-08,19.1,0.541
2002-03-09,19.4,0.549
2002-03-10,17.8,0.504
2002-03-11,17.5,0.496
2002-03-12,196.0,5.55
2002-03-13,157.0,4.446
2002-03-14,82.9,2.347
2002-03-15,55.4,1.569
2002-03-16,147.0,4.163
2002-03-17,111.0,3.143
2002-03-18,69.7,1.974
2002-03-19,49.2,1.393
2002-03-20,59.6,1.688
2002-03-21,132.0,3.738
2002-03-22,71.5,2.025
2002-03-23,48.0,1.359
2002-03-24,41.3,1.169
2002-03-25,34.9,0.988
2002-03-26,47.9,1.356
2002-03-27,35.1,0.994
2002-03-28,31.6,0.895
2002-03-29,29.5,0.835
2002-03-30,133.0,3.766
2002-03-31,148.0,4.191
2002-04-01,59.3,1.679
2002-04-02,42.6,1.206
2002-04-03,34.1,0.966
2002-04-04,28.8,0.816
2002-04-05,24.8,0.702
2002-04-06,22.9,0.648
2002-04-07,21.8,0.617
2002-04-08,22.1,0.626
2002-04-09,23.4,0.663
2002-04-10,20.7,0.586
2002-04-11,21.1,0.597
2002-04-12,21.1,0.597
2002-04-13,20.3,0.575
2002-04-14,20.2,0.572
2002-04-15,19.9,0.564
2002-04-16,17.8,0.504
2002-04-17,17.1,0.484
2002-04-18,15.5,0.439
2002-04-19,15.1,0.428
2002-04-20,14.4,0.408
2002-04-21,13.9,0.394
2002-04-22,13.7,0.388
2002-04-23,12.3,0.348
2002-04-24,11.3,0.32
2002-04-25,10.2,0.289
2002-04-26,9.61,0.272
2002-04-27,9.92,0.281
2002-04-28,9.62,0.272
2002-04-29,10.3,0.292
2002-04-30,95.1,2.693
2002-05-01,58.1,1.645
2002-05-02,34.4,0.974
2002-05-03,235.0,6.654
2002-05-04,106.0,3.002
2002-05-05,48.5,1.373
2002-05-06,32.2,0.912
2002-05-07,24.6,0.697
2002-05-08,19.9,0.564
2002-05-09,30.1,0.852
2002-05-10,24.2,0.685
2002-05-11,17.6,0.498
2002-05-12,14.8,0.419
2002-05-13,13.0,0.368
2002-05-14,10.5,0.297
2002-05-15,9.14,0.259
2002-05-16,8.04,0.228
2002-05-17,14.5,0.411
2002-05-18,16.0,0.453
2002-05-19,9.86,0.279
2002-05-20,8.4,0.238
2002-05-21,6.79,0.192
2002-05-22,5.99,0.17
2002-05-23,5.59,0.158
2002-05-24,5.0,0.142
2002-05-25,4.61,0.131
2002-05-26,4.63,0.131
2002-05-27,4.07,0.115
2002-05-28,3.91,0.111
2002-05-29,6.89,0.195
2002-05-30,6.5,0.184
2002-05-31,5.68,0.161
2002-06-01,4.05,0.115
2002-06-02,3.62,0.103
2002-06-03,3.35,0.095
2002-06-04,2.77,0.078
2002-06-05,5.55,0.157
2002-06-06,6.96,0.197
2002-06-07,4.55,0.129
2002-06-08,3.41,0.097
2002-06-09,2.96,0.084
2002-06-10,2.63,0.074
2002-06-11,2.25,0.064
2002-06-12,2.21,0.063
2002-06-13,3.58,0.101
2002-06-14,10.8,0.306
2002-06-15,4.97,0.141
2002-06-16,3.05,0.086
2002-06-17,3.16,0.089
2002-06-18,1.9,0.054
2002-06-19,1.46,0.041
2002-06-20,1.2,0.034
2002-06-21,0.76,0.022
2002-06-22,0.37,0.01
2002-06-23,0.36,0.01
2002-06-24,2.33,0.066
2002-06-25,3.61,0.102
2002-06-26,3.98,0.113
2002-06-27,8.23,0.233
2002-06-28,7.43,0.21
2002-06-29,20.2,0.572
2002-06-30,8.93,0.253
2002-07-01,5.5,0.156
2002-07-02,4.37,0.124
2002-07-03,5.33,0.151
2002-07-04,3.34,0.095
2002-07-05,2.3,0.065
2002-07-06,1.8,0.051
2002-07-07,1.27,0.036
2002-07-08,1.23,0.035
2002-07-09,0.63,0.018
2002-07-10,0.7,0.02
2002-07-11,31.9,0.903
2002-07-12,272.0,7.702
2002-07-13,299.0,8.467
2002-07-14,126.0,3.568
2002-07-15,57.9,1.64
2002-07-16,23.1,0.654
2002-07-17,15.3,0.433
2002-07-18,10.4,0.294
2002-07-19,7.7,0.218
2002-07-20,9.0,0.255
2002-07-21,8.13,0.23
2002-07-22,7.12,0.202
2002-07-23,5.22,0.148
2002-07-24,4.1,0.116
2002-07-25,3.4,0.096
2002-07-26,2.9,0.082
2002-07-27,2.4,0.068
2002-07-28,2.5,0.071
2002-07-29,1.3,0.037
2002-07-30,1.3,0.037
2002-07-31,4.9,0.139
2002-08-01,2.3,0.065
2002-08-02,1.3,0.037
2002-08-03,0.82,0.023
2002-08-04,0.24,0.007
2002-08-05,0.08,0.002
2002-08-06,0.05,0.001
2002-08-07,0.05,0.001
2002-08-08,0.04,0.001
2002-08-09,0.09,0.003
2002-08-10,0.0,0.0
2002-08-11,0.0,0.0
2002-08-12,0.0,0.0
2002-08-13,0.0,0.0
2002-08-14,18.0,0.51
2002-08-15,3.8,0.108
2002-08-16,0.33,0.009
2002-08-17,1.1,0.031
2002-08-18,1.27,0.036
2002-08-19,2.75,0.078
2002-08-20,1.08,0.031
2002-08-21,0.49,0.014
2002-08-22,0.44,0.012
2002-08-23,0.04,0.001
2002-08-24,0.0,0.0
2002-08-25,0.0,0.0
2002-08-26,0.0,0.0
2002-08-27,0.0,0.0
2002-08-28,0.0,0.0
2002-08-29,0.0,0.0
2002-08-30,0.0,0.0
2002-08-31,0.0,0.0
2002-09-01,0.0,0.0
2002-09-02,0.0,0.0
2002-09-03,0.0,0.0
2002-09-04,0.0,0.0
2002-09-05,0.0,0.0
2002-09-06,0.04,0.001
2002-09-07,0.04,0.001
2002-09-08,0.05,0.001
2002-09-09,0.04,0.001
2002-09-10,0.04,0.001
2002-09-11,0.0,0.0
2002-09-12,10.0,0.283
2002-09-13,0.13,0.004
2002-09-14,0.12,0.003
2002-09-15,0.04,0.001
2002-09-16,0.04,0.001
2002-09-17,0.0,0.0
2002-09-18,0.0,0.0
2002-09-19,0.0,0.0
2002-09-20,3.9,0.11
2002-09-21,12.9,0.365
2002-09-22,82.7,2.342
2002-09-23,17.9,0.507
2002-09-24,11.8,0.334
2002-09-25,54.7,1.549
2002-09-26,71.0,2.01
2002-09-27,57.8,1.637
2002-09-28,29.7,0.841
2002-09-29,21.1,0.597
2002-09-30,17.0,0.481
2002-10-01,7.35,0.208
2002-10-02,3.11,0.088
2002-10-03,1.83,0.052
2002-10-04,3.2,0.091
2002-10-05,4.09,0.116
2002-10-06,8.43,0.239
2002-10-07,136.0,3.851
2002-10-08,14.5,0.411
2002-10-09,6.6,0.187
2002-10-10,5.22,0.148
2002-10-11,8.94,0.253
2002-10-12,13.4,0.379
2002-10-13,22.7,0.643
2002-10-14,10.5,0.297
2002-10-15,43.7,1.237
2002-10-16,39.2,1.11
2002-10-17,16.0,0.453
2002-10-18,9.61,0.272
2002-10-19,4.13,0.117
2002-10-20,6.09,0.172
2002-10-21,5.2,0.147
2002-10-22,3.65,0.103
2002-10-23,5.41,0.153
2002-10-24,5.21,0.148
2002-10-25,1.53,0.043
2002-10-26,1.5,0.042
2002-10-27,1.34,0.038
2002-10-28,10.3,0.292
2002-10-29,17.5,0.496
2002-10-30,15.4,0.436
2002-10-31,10.1,0.286
2002-11-01,7.14,0.202
2002-11-02,4.57,0.129
2002-11-03,11.6,0.328
2002-11-04,23.6,0.668
2002-11-05,292.0,8.269
2002-11-06,202.0,5.72
2002-11-07,78.0,2.209
2002-11-08,31.7,0.898
2002-11-09,21.4,0.606
2002-11-10,38.3,1.085
2002-11-11,249.0,7.051
2002-11-12,117.0,3.313
2002-11-13,68.1,1.928
2002-11-14,41.2,1.167
2002-11-15,44.2,1.252
2002-11-16,42.2,1.195
2002-11-17,24.3,0.688
2002-11-18,24.3,0.688
2002-11-19,22.6,0.64
2002-11-20,23.3,0.66
2002-11-21,59.3,1.679
2002-11-22,41.5,1.175
2002-11-23,31.2,0.883
2002-11-24,26.6,0.753
2002-11-25,21.9,0.62
2002-11-26,20.8,0.589
2002-11-27,19.3,0.547
2002-11-28,16.3,0.462
2002-11-29,16.0,0.453
2002-11-30,16.5,0.467
2002-12-01,15.6,0.442
2002-12-02,14.6,0.413
2002-12-03,14.0,0.396
2002-12-04,44.1,1.249
2002-12-05,123.0,3.483
2002-12-06,55.7,1.577
2002-12-07,36.0,1.019
2002-12-08,27.7,0.784
2002-12-09,23.1,0.654
2002-12-10,221.0,6.258
2002-12-11,179.0,5.069
2002-12-12,69.8,1.977
2002-12-13,112.0,3.171
2002-12-14,81.0,2.294
2002-12-15,51.6,1.461
2002-12-16,39.1,1.107
2002-12-17,29.2,0.827
2002-12-18,25.0,0.708
2002-12-19,87.9,2.489
2002-12-20,100.0,2.832
2002-12-21,54.0,1.529
2002-12-22,38.5,1.09
2002-12-23,28.8,0.816
2002-12-24,739.0,20.926
2002-12-25,226.0,6.4
2002-12-26,107.0,3.03
2002-12-27,71.1,2.013
2002-12-28,54.1,1.532
2002-12-29,45.2,1.28
2002-12-30,39.4,1.116
2002-12-31,48.7,1.379
2003-01-01,76.2,2.158
2003-01-02,71.9,2.036
2003-01-03,62.1,1.758
2003-01-04,51.1,1.447
2003-01-05,43.3,1.226
2003-01-06,32.2,0.912
2003-01-07,21.7,0.614
2003-01-08,20.1,0.569
2003-01-09,19.5,0.552
2003-01-10,20.5,0.58
2003-01-11,15.5,0.439
2003-01-12,15.0,0.425
2003-01-13,14.0,0.396
2003-01-14,12.1,0.343
2003-01-15,10.8,0.306
2003-01-16,11.9,0.337
2003-01-17,12.2,0.345
2003-01-18,10.2,0.289
2003-01-19,10.3,0.292
2003-01-20,9.68,0.274
2003-01-21,10.2,0.289
2003-01-22,18.1,0.513
2003-01-23,13.7,0.388
2003-01-24,11.9,0.337
2003-01-25,11.6,0.328
2003-01-26,11.3,0.32
2003-01-27,9.76,0.276
2003-01-28,8.96,0.254
2003-01-29,34.7,0.983
2003-01-30,82.7,2.342
2003-01-31,47.1,1.334
2003-02-01,33.0,0.934
2003-02-02,25.9,0.733
2003-02-03,22.6,0.64
2003-02-04,39.4,1.116
2003-02-05,22.7,0.643
2003-02-06,53.5,1.515
2003-02-07,91.8,2.599
2003-02-08,53.1,1.504
2003-02-09,40.2,1.138
2003-02-10,57.1,1.617
2003-02-11,40.1,1.136
2003-02-12,31.8,0.9
2003-02-13,24.9,0.705
2003-02-14,25.5,0.722
2003-02-15,23.0,0.651
2003-02-16,71.5,2.025
2003-02-17,52.4,1.484
2003-02-18,38.2,1.082
2003-02-19,30.1,0.852
2003-02-20,25.3,0.716
2003-02-21,234.0,6.626
2003-02-22,697.0,19.737
2003-02-23,229.0,6.485
2003-02-24,112.0,3.171
2003-02-25,74.3,2.104
2003-02-26,62.1,1.758
2003-02-27,91.8,2.599
2003-02-28,69.0,1.954
2003-03-01,58.2,1.648
2003-03-02,50.2,1.422
2003-03-03,40.8,1.155
2003-03-04,36.0,1.019
2003-03-05,85.6,2.424
2003-03-06,598.0,16.933
2003-03-07,199.0,5.635
2003-03-08,57.5,1.628
2003-03-09,48.0,1.359
2003-03-10,38.1,1.079
2003-03-11,39.2,1.11
2003-03-12,32.8,0.929
2003-03-13,31.5,0.892
2003-03-14,28.2,0.799
2003-03-15,41.2,1.167
2003-03-16,29.6,0.838
2003-03-17,85.5,2.421
2003-03-18,85.7,2.427
2003-03-19,64.7,1.832
2003-03-20,48.0,1.359
2003-03-21,38.0,1.076
2003-03-22,31.0,0.878
2003-03-23,27.2,0.77
2003-03-24,23.9,0.677
2003-03-25,21.1,0.597
2003-03-26,18.5,0.524
2003-03-27,24.1,0.682
2003-03-28,35.2,0.997
2003-03-29,29.8,0.844
2003-03-30,21.1,0.597
2003-03-31,29.3,0.83
2003-04-01,11.9,0.337
2003-04-02,10.5,0.297
2003-04-03,9.97,0.282
2003-04-04,9.57,0.271
2003-04-05,17.2,0.487
2003-04-06,11.2,0.317
2003-04-07,53.1,1.504
2003-04-08,33.7,0.954
2003-04-09,27.8,0.787
2003-04-10,23.6,0.668
2003-04-11,20.6,0.583
2003-04-12,16.7,0.473
2003-04-13,14.2,0.402
2003-04-14,12.4,0.351
2003-04-15,10.5,0.297
2003-04-16,9.56,0.271
2003-04-17,9.19,0.26
2003-04-18,8.48,0.24
2003-04-19,7.52,0.213
2003-04-20,6.75,0.191
2003-04-21,7.7,0.218
2003-04-22,5.93,0.168
2003-04-23,4.68,0.133
2003-04-24,21.3,0.603
2003-04-25,267.0,7.561
2003-04-26,100.0,2.832
2003-04-27,49.7,1.407
2003-04-28,30.7,0.869
2003-04-29,26.0,0.736
2003-04-30,13.9,0.394
2003-05-01,10.9,0.309
2003-05-02,9.51,0.269
2003-05-03,10.5,0.297
2003-05-04,8.39,0.238
2003-05-05,306.0,8.665
2003-05-06,662.0,18.746
2003-05-07,2160.0,61.164
2003-05-08,640.0,18.123
2003-05-09,177.0,5.012
2003-05-10,61.7,1.747
2003-05-11,69.4,1.965
2003-05-12,36.4,1.031
2003-05-13,22.3,0.631
2003-05-14,30.8,0.872
2003-05-15,19.4,0.549
2003-05-16,174.0,4.927
2003-05-17,210.0,5.947
2003-05-18,1190.0,33.697
2003-05-19,268.0,7.589
2003-05-20,117.0,3.313
2003-05-21,346.0,9.798
2003-05-22,382.0,10.817
2003-05-23,220.0,6.23
2003-05-24,146.0,4.134
2003-05-25,98.9,2.801
2003-05-26,79.1,2.24
2003-05-27,59.7,1.691
2003-05-28,39.6,1.121
2003-05-29,32.6,0.923
2003-05-30,35.6,1.008
2003-05-31,21.5,0.609
2003-06-01,31.6,0.895
2003-06-02,20.9,0.592
2003-06-03,47.4,1.342
2003-06-04,52.8,1.495
2003-06-05,35.3,1.0
2003-06-06,22.1,0.626
2003-06-07,23.0,0.651
2003-06-08,17.6,0.498
2003-06-09,25.2,0.714
2003-06-10,12.7,0.36
2003-06-11,35.7,1.011
2003-06-12,44.5,1.26
2003-06-13,90.2,2.554
2003-06-14,38.1,1.079
2003-06-15,34.5,0.977
2003-06-16,23.9,0.677
2003-06-17,306.0,8.665
2003-06-18,412.0,11.667
2003-06-19,189.0,5.352
2003-06-20,104.0,2.945
2003-06-21,56.1,1.589
2003-06-22,35.8,1.014
2003-06-23,19.6,0.555
2003-06-24,13.6,0.385
2003-06-25,11.9,0.337
2003-06-26,13.9,0.394
2003-06-27,11.0,0.311
2003-06-28,17.8,0.504
2003-06-29,15.0,0.425
2003-06-30,33.7,0.954
2003-07-01,508.0,14.385
2003-07-02,317.0,8.976
2003-07-03,135.0,3.823
2003-07-04,69.5,1.968
2003-07-05,41.2,1.167
2003-07-06,30.6,0.866
2003-07-07,16.6,0.47
2003-07-08,12.4,0.351
2003-07-09,9.32,0.264
2003-07-10,15.7,0.445
2003-07-11,16.5,0.467
2003-07-12,13.7,0.388
2003-07-13,11.2,0.317
2003-07-14,9.36,0.265
2003-07-15,8.66,0.245
2003-07-16,7.68,0.217
2003-07-17,7.24,0.205
2003-07-18,6.39,0.181
2003-07-19,8.59,0.243
2003-07-20,9.97,0.282
2003-07-21,9.81,0.278
2003-07-22,11.6,0.328
2003-07-23,93.8,2.656
2003-07-24,23.6,0.668
2003-07-25,14.0,0.396
2003-07-26,6.44,0.182
2003-07-27,9.55,0.27
2003-07-28,11.0,0.311
2003-07-29,6.06,0.172
2003-07-30,4.93,0.14
2003-07-31,4.77,0.135
2003-08-01,4.89,0.138
2003-08-02,4.1,0.116
2003-08-03,167.0,4.729
2003-08-04,82.5,2.336
2003-08-05,29.4,0.833
2003-08-06,14.4,0.408
2003-08-07,19.3,0.547
2003-08-08,16.2,0.459
2003-08-09,12.0,0.34
2003-08-10,11.4,0.323
2003-08-11,8.02,0.227
2003-08-12,6.5,0.184
2003-08-13,9.6,0.272
2003-08-14,11.8,0.334
2003-08-15,9.3,0.263
2003-08-16,7.71,0.218
2003-08-17,6.69,0.189
2003-08-18,6.32,0.179
2003-08-19,5.32,0.151
2003-08-20,105.0,2.973
2003-08-21,39.5,1.119
2003-08-22,15.9,0.45
2003-08-23,8.81,0.249
2003-08-24,5.92,0.168
2003-08-25,6.05,0.171
2003-08-26,4.02,0.114
2003-08-27,2.88,0.082
2003-08-28,4.01,0.114
2003-08-29,4.72,0.134
2003-08-30,3.92,0.111
2003-08-31,3.23,0.091
2003-09-01,4.28,0.121
2003-09-02,2.64,0.075
2003-09-03,3.03,0.086
2003-09-04,3.24,0.092
2003-09-05,2.81,0.08
2003-09-06,1.78,0.05
2003-09-07,1.46,0.041
2003-09-08,2.08,0.059
2003-09-09,0.34,0.01
2003-09-10,0.4,0.011
2003-09-11,0.31,0.009
2003-09-12,0.31,0.009
2003-09-13,0.37,0.01
2003-09-14,0.39,0.011
2003-09-15,0.42,0.012
2003-09-16,0.43,0.012
2003-09-17,0.59,0.017
2003-09-18,0.36,0.01
2003-09-19,0.23,0.007
2003-09-20,0.21,0.006
2003-09-21,0.54,0.015
2003-09-22,116.0,3.285
2003-09-23,12.7,0.36
2003-09-24,3.57,0.101
2003-09-25,2.05,0.058
2003-09-26,3.27,0.093
2003-09-27,2.14,0.061
2003-09-28,2.17,0.061
2003-09-29,1.78,0.05
2003-09-30,1.72,0.049
2003-10-01,0.45,0.013
2003-10-02,0.35,0.01
2003-10-03,0.29,0.008
2003-10-04,0.37,0.01
2003-10-05,0.39,0.011
2003-10-06,0.4,0.011
2003-10-07,0.46,0.013
2003-10-08,0.69,0.02
2003-10-09,0.44,0.012
2003-10-10,0.37,0.01
2003-10-11,0.5,0.014
2003-10-12,0.38,0.011
2003-10-13,0.4,0.011
2003-10-14,0.31,0.009
2003-10-15,0.35,0.01
2003-10-16,0.25,0.007
2003-10-17,0.23,0.007
2003-10-18,0.22,0.006
2003-10-19,0.26,0.007
2003-10-20,0.55,0.016
2003-10-21,0.4,0.011
2003-10-22,0.26,0.007
2003-10-23,0.22,0.006
2003-10-24,0.21,0.006
2003-10-25,0.2,0.006
2003-10-26,0.2,0.006
2003-10-27,0.2,0.006
2003-10-28,0.2,0.006
2003-10-29,0.2,0.006
2003-10-30,1.74,0.049
2003-10-31,0.63,0.018
2003-11-01,2.05,0.058
2003-11-02,0.38,0.011
2003-11-03,1.91,0.054
2003-11-04,0.22,0.006
2003-11-05,0.08,0.002
2003-11-06,0.01,0.0
2003-11-07,0.0,0.0
2003-11-08,0.03,0.001
2003-11-09,0.08,0.002
2003-11-10,0.1,0.003
2003-11-11,0.11,0.003
2003-11-12,0.11,0.003
2003-11-13,0.11,0.003
2003-11-14,0.12,0.003
2003-11-15,13.4,0.379
2003-11-16,84.8,2.401
2003-11-17,82.7,2.342
2003-11-18,112.0,3.171
2003-11-19,49.6,1.405
2003-11-20,6.41,0.182
2003-11-21,3.08,0.087
2003-11-22,2.43,0.069
2003-11-23,2.23,0.063
2003-11-24,2.17,0.061
2003-11-25,1.91,0.054
2003-11-26,1.85,0.052
2003-11-27,74.1,2.098
2003-11-28,20.1,0.569
2003-11-29,8.43,0.239
2003-11-30,5.54,0.157
2003-12-01,4.02,0.114
2003-12-02,2.74,0.078
2003-12-03,2.58,0.073
2003-12-04,3.31,0.094
2003-12-05,3.77,0.107
2003-12-06,3.14,0.089
2003-12-07,2.77,0.078
2003-12-08,2.74,0.078
2003-12-09,2.64,0.075
2003-12-10,16.3,0.462
2003-12-11,10.0,0.283
2003-12-12,6.53,0.185
2003-12-13,5.24,0.148
2003-12-14,5.54,0.157
2003-12-15,4.66,0.132
2003-12-16,5.6,0.159
2003-12-17,6.07,0.172
2003-12-18,4.98,0.141
2003-12-19,4.14,0.117
2003-12-20,3.28,0.093
2003-12-21,2.96,0.084
2003-12-22,2.89,0.082
2003-12-23,6.4,0.181
2003-12-24,6.86,0.194
2003-12-25,5.64,0.16
2003-12-26,4.86,0.138
2003-12-27,3.82,0.108
2003-12-28,3.8,0.108
2003-12-29,32.1,0.909
2003-12-30,66.0,1.869
2003-12-31,24.6,0.697
2004-01-01,14.9,0.422
2004-01-02,11.3,0.32
2004-01-03,9.02,0.255
2004-01-04,7.59,0.215
2004-01-05,93.3,2.642
2004-01-06,55.8,1.58
2004-01-07,26.4,0.748
2004-01-08,18.8,0.532
2004-01-09,27.7,0.784
2004-01-10,21.1,0.597
2004-01-11,16.0,0.453
2004-01-12,12.5,0.354
2004-01-13,9.92,0.281
2004-01-14,8.88,0.251
2004-01-15,7.42,0.21
2004-01-16,6.12,0.173
2004-01-17,5.58,0.158
2004-01-18,6.74,0.191
2004-01-19,5.78,0.164
2004-01-20,3.92,0.111
2004-01-21,3.27,0.093
2004-01-22,2.98,0.084
2004-01-23,2.79,0.079
2004-01-24,2.99,0.085
2004-01-25,183.0,5.182
2004-01-26,115.0,3.256
2004-01-27,40.3,1.141
2004-01-28,22.1,0.626
2004-01-29,16.3,0.462
2004-01-30,13.3,0.377
2004-01-31,10.5,0.297
2004-02-01,8.5,0.241
2004-02-02,8.54,0.242
2004-02-03,7.87,0.223
2004-02-04,6.5,0.184
2004-02-05,5.85,0.166
2004-02-06,1210.0,34.263
2004-02-07,192.0,5.437
2004-02-08,81.9,2.319
2004-02-09,49.2,1.393
2004-02-10,37.0,1.048
2004-02-11,33.8,0.957
2004-02-12,146.0,4.134
2004-02-13,97.2,2.752
2004-02-14,81.5,2.308
2004-02-15,191.0,5.409
2004-02-16,98.7,2.795
2004-02-17,60.8,1.722
2004-02-18,47.0,1.331
2004-02-19,36.7,1.039
2004-02-20,30.2,0.855
2004-02-21,25.0,0.708
2004-02-22,18.7,0.53
2004-02-23,15.9,0.45
2004-02-24,14.7,0.416
2004-02-25,20.2,0.572
2004-02-26,79.2,2.243
2004-02-27,45.2,1.28
2004-02-28,32.1,0.909
2004-02-29,24.8,0.702
2004-03-01,21.6,0.612
2004-03-02,29.0,0.821
2004-03-03,26.3,0.745
2004-03-04,22.6,0.64
2004-03-05,20.1,0.569
2004-03-06,361.0,10.222
2004-03-07,183.0,5.182
2004-03-08,88.9,2.517
2004-03-09,66.8,1.892
2004-03-10,52.0,1.472
2004-03-11,41.8,1.184
2004-03-12,35.4,1.002
2004-03-13,29.2,0.827
2004-03-14,25.1,0.711
2004-03-15,23.2,0.657
2004-03-16,117.0,3.313
2004-03-17,63.6,1.801
2004-03-18,44.8,1.269
2004-03-19,33.5,0.949
2004-03-20,29.4,0.833
2004-03-21,25.7,0.728
2004-03-22,23.6,0.668
2004-03-23,21.1,0.597
2004-03-24,17.8,0.504
2004-03-25,15.7,0.445
2004-03-26,14.1,0.399
2004-03-27,13.1,0.371
2004-03-28,12.1,0.343
2004-03-29,15.0,0.425
2004-03-30,23.0,0.651
2004-03-31,21.5,0.609
2004-04-01,19.6,0.555
2004-04-02,17.7,0.501
2004-04-03,15.5,0.439
2004-04-04,13.9,0.394
2004-04-05,12.0,0.34
2004-04-06,10.2,0.289
2004-04-07,9.52,0.27
2004-04-08,14.3,0.405
2004-04-09,10.4,0.294
2004-04-10,10.0,0.283
2004-04-11,51.8,1.467
2004-04-12,53.1,1.504
2004-04-13,180.0,5.097
2004-04-14,96.2,2.724
2004-04-15,57.0,1.614
2004-04-16,39.1,1.107
2004-04-17,28.6,0.81
2004-04-18,21.5,0.609
2004-04-19,16.4,0.464
2004-04-20,13.0,0.368
2004-04-21,11.4,0.323
2004-04-22,9.64,0.273
2004-04-23,7.97,0.226
2004-04-24,6.79,0.192
2004-04-25,6.12,0.173
2004-04-26,9.56,0.271
2004-04-27,6.38,0.181
2004-04-28,5.02,0.142
2004-04-29,4.43,0.125
2004-04-30,5.51,0.156
2004-05-01,5.12,0.145
2004-05-02,139.0,3.936
2004-05-03,35.6,1.008
2004-05-04,21.8,0.617
2004-05-05,16.1,0.456
2004-05-06,12.4,0.351
2004-05-07,9.85,0.279
2004-05-08,8.2,0.232
2004-05-09,6.73,0.191
2004-05-10,5.8,0.164
2004-05-11,5.63,0.159
2004-05-12,5.63,0.159
2004-05-13,8.65,0.245
2004-05-14,7.33,0.208
2004-05-15,5.98,0.169
2004-05-16,5.15,0.146
2004-05-17,4.54,0.129
2004-05-18,123.0,3.483
2004-05-19,85.8,2.43
2004-05-20,19.5,0.552
2004-05-21,12.1,0.343
2004-05-22,10.7,0.303
2004-05-23,24.6,0.697
2004-05-24,8.43,0.239
2004-05-25,6.38,0.181
2004-05-26,5.15,0.146
2004-05-27,4.28,0.121
2004-05-28,7.05,0.2
2004-05-29,7.86,0.223
2004-05-30,5.63,0.159
2004-05-31,113.0,3.2
2004-06-01,28.8,0.816
2004-06-02,20.4,0.578
2004-06-03,45.4,1.286
2004-06-04,22.8,0.646
2004-06-05,13.2,0.374
2004-06-06,8.9,0.252
2004-06-07,6.82,0.193
2004-06-08,7.4,0.21
2004-06-09,8.15,0.231
2004-06-10,5.67,0.161
2004-06-11,4.68,0.133
2004-06-12,3.97,0.112
2004-06-13,35.5,1.005
2004-06-14,8.62,0.244
2004-06-15,18.7,0.53
2004-06-16,71.5,2.025
2004-06-17,34.4,0.974
2004-06-18,18.4,0.521
2004-06-19,11.9,0.337
2004-06-20,8.3,0.235
2004-06-21,6.51,0.184
2004-06-22,63.7,1.804
2004-06-23,41.6,1.178
2004-06-24,511.0,14.47
2004-06-25,243.0,6.881
2004-06-26,158.0,4.474
2004-06-27,94.1,2.665
2004-06-28,93.9,2.659
2004-06-29,53.3,1.509
2004-06-30,38.0,1.076
2004-07-01,62.7,1.775
2004-07-02,40.0,1.133
2004-07-03,24.8,0.702
2004-07-04,16.5,0.467
2004-07-05,14.4,0.408
2004-07-06,82.4,2.333
2004-07-07,88.8,2.515
2004-07-08,48.5,1.373
2004-07-09,25.9,0.733
2004-07-10,18.2,0.515
2004-07-11,14.0,0.396
2004-07-12,47.6,1.348
2004-07-13,17.5,0.496
2004-07-14,11.2,0.317
2004-07-15,9.59,0.272
2004-07-16,8.29,0.235
2004-07-17,12.6,0.357
2004-07-18,10.1,0.286
2004-07-19,7.88,0.223
2004-07-20,6.77,0.192
2004-07-21,5.78,0.164
2004-07-22,5.12,0.145
2004-07-23,4.54,0.129
2004-07-24,4.13,0.117
2004-07-25,3.64,0.103
2004-07-26,65.3,1.849
2004-07-27,22.2,0.629
2004-07-28,8.71,0.247
2004-07-29,6.3,0.178
2004-07-30,5.03,0.142
2004-07-31,4.46,0.126
2004-08-01,4.09,0.116
2004-08-02,3.73,0.106
2004-08-03,3.04,0.086
2004-08-04,2.54,0.072
2004-08-05,2.65,0.075
2004-08-06,3.9,0.11
2004-08-07,2.76,0.078
2004-08-08,2.05,0.058
2004-08-09,1.6,0.045
2004-08-10,1.49,0.042
2004-08-11,1.25,0.035
2004-08-12,71.3,2.019
2004-08-13,6.47,0.183
2004-08-14,3.52,0.1
2004-08-15,2.39,0.068
2004-08-16,2.04,0.058
2004-08-17,1.33,0.038
2004-08-18,0.89,0.025
2004-08-19,0.56,0.016
2004-08-20,21.9,0.62
2004-08-21,4.59,0.13
2004-08-22,2.57,0.073
2004-08-23,1.85,0.052
2004-08-24,1.57,0.044
2004-08-25,1.51,0.043
2004-08-26,3.03,0.086
2004-08-27,2.15,0.061
2004-08-28,1.85,0.052
2004-08-29,1.18,0.033
2004-08-30,0.76,0.022
2004-08-31,0.59,0.017
2004-09-01,0.37,0.01
2004-09-02,0.45,0.013
2004-09-03,14.5,0.411
2004-09-04,1.81,0.051
2004-09-05,0.85,0.024
2004-09-06,0.65,0.018
2004-09-07,20.4,0.578
2004-09-08,10.2,0.289
2004-09-09,4.59,0.13
2004-09-10,3.2,0.091
2004-09-11,2.23,0.063
2004-09-12,2.01,0.057
2004-09-13,1.76,0.05
2004-09-14,1.32,0.037
2004-09-15,27.4,0.776
2004-09-16,1780.0,50.404
2004-09-17,698.0,19.765
2004-09-18,274.0,7.759
2004-09-19,107.0,3.03
2004-09-20,48.0,1.359
2004-09-21,46.2,1.308
2004-09-22,33.4,0.946
2004-09-23,25.9,0.733
2004-09-24,20.1,0.569
2004-09-25,15.7,0.445
2004-09-26,12.5,0.354
2004-09-27,10.1,0.286
2004-09-28,8.66,0.245
2004-09-29,8.18,0.232
2004-09-30,6.29,0.178
2004-10-01,5.74,0.163
2004-10-02,5.4,0.153
2004-10-03,4.87,0.138
2004-10-04,3.86,0.109
2004-10-05,3.16,0.089
2004-10-06,2.57,0.073
2004-10-07,2.42,0.069
2004-10-08,2.71,0.077
2004-10-09,3.34,0.095
2004-10-10,3.77,0.107
2004-10-11,3.6,0.102
2004-10-12,3.8,0.108
2004-10-13,4.18,0.118
2004-10-14,3.65,0.103
2004-10-15,3.22,0.091
2004-10-16,2.68,0.076
2004-10-17,2.41,0.068
2004-10-18,2.63,0.074
2004-10-19,244.0,6.909
2004-10-20,120.0,3.398
2004-10-21,45.2,1.28
2004-10-22,27.3,0.773
2004-10-23,28.1,0.796
2004-10-24,84.0,2.379
2004-10-25,39.2,1.11
2004-10-26,27.3,0.773
2004-10-27,21.7,0.614
2004-10-28,17.4,0.493
2004-10-29,14.8,0.419
2004-10-30,13.2,0.374
2004-10-31,11.3,0.32
2004-11-01,10.2,0.289
2004-11-02,12.3,0.348
2004-11-03,121.0,3.426
2004-11-04,316.0,8.948
2004-11-05,140.0,3.964
2004-11-06,80.8,2.288
2004-11-07,54.7,1.549
2004-11-08,38.9,1.102
2004-11-09,28.1,0.796
2004-11-10,22.6,0.64
2004-11-11,271.0,7.674
2004-11-12,331.0,9.373
2004-11-13,170.0,4.814
2004-11-14,79.2,2.243
2004-11-15,42.3,1.198
2004-11-16,26.2,0.742
2004-11-17,19.6,0.555
2004-11-18,14.7,0.416
2004-11-19,15.2,0.43
2004-11-20,13.2,0.374
2004-11-21,375.0,10.619
2004-11-22,1080.0,30.582
2004-11-23,1660.0,47.006
2004-11-24,1690.0,47.855
2004-11-25,605.0,17.132
2004-11-26,221.0,6.258
2004-11-27,189.0,5.352
2004-11-28,162.0,4.587
2004-11-29,126.0,3.568
2004-11-30,156.0,4.417
2004-12-01,186.0,5.267
2004-12-02,113.0,3.2
2004-12-03,80.4,2.277
2004-12-04,61.3,1.736
2004-12-05,58.4,1.654
2004-12-06,80.5,2.28
2004-12-07,329.0,9.316
2004-12-08,216.0,6.116
2004-12-09,302.0,8.552
2004-12-10,274.0,7.759
2004-12-11,159.0,4.502
2004-12-12,87.0,2.464
2004-12-13,68.5,1.94
2004-12-14,51.2,1.45
2004-12-15,42.3,1.198
2004-12-16,36.4,1.031
2004-12-17,32.5,0.92
2004-12-18,29.4,0.833
2004-12-19,26.7,0.756
2004-12-20,23.0,0.651
2004-12-21,21.6,0.612
2004-12-22,31.8,0.9
2004-12-23,139.0,3.936
2004-12-24,67.4,1.909
2004-12-25,50.5,1.43
2004-12-26,40.5,1.147
2004-12-27,32.5,0.92
2004-12-28,27.9,0.79
2004-12-29,25.1,0.711
2004-12-30,23.4,0.663
2004-12-31,21.4,0.606
2005-01-01,20.2,0.572
2005-01-02,19.0,0.538
2005-01-03,17.1,0.484
2005-01-04,16.8,0.476
2005-01-05,16.7,0.473
2005-01-06,18.0,0.51
2005-01-07,17.2,0.487
2005-01-08,29.9,0.847
2005-01-09,20.4,0.578
2005-01-10,18.5,0.524
2005-01-11,17.7,0.501
2005-01-12,17.1,0.484
2005-01-13,84.2,2.384
2005-01-14,92.4,2.616
2005-01-15,55.9,1.583
2005-01-16,41.9,1.186
2005-01-17,33.0,0.934
2005-01-18,28.1,0.796
2005-01-19,25.7,0.728
2005-01-20,23.8,0.674
2005-01-21,22.1,0.626
2005-01-22,20.7,0.586
2005-01-23,18.1,0.513
2005-01-24,16.1,0.456
2005-01-25,15.7,0.445
2005-01-26,15.2,0.43
2005-01-27,13.9,0.394
2005-01-28,13.3,0.377
2005-01-29,18.9,0.535
2005-01-30,17.5,0.496
2005-01-31,15.9,0.45
2005-02-01,15.4,0.436
2005-02-02,29.1,0.824
2005-02-03,32.9,0.932
2005-02-04,31.1,0.881
2005-02-05,26.6,0.753
2005-02-06,25.5,0.722
2005-02-07,45.3,1.283
2005-02-08,58.5,1.657
2005-02-09,65.0,1.841
2005-02-10,64.5,1.826
2005-02-11,57.6,1.631
2005-02-12,48.9,1.385
2005-02-13,27.8,0.787
2005-02-14,96.7,2.738
2005-02-15,45.9,1.3
2005-02-16,30.2,0.855
2005-02-17,21.1,0.597
2005-02-18,15.6,0.442
2005-02-19,14.2,0.402
2005-02-20,34.4,0.974
2005-02-21,54.4,1.54
2005-02-22,40.8,1.155
2005-02-23,39.2,1.11
2005-02-24,55.1,1.56
2005-02-25,34.4,0.974
2005-02-26,24.8,0.702
2005-02-27,44.5,1.26
2005-02-28,74.1,2.098
2005-03-01,74.2,2.101
2005-03-02,35.2,0.997
2005-03-03,27.4,0.776
2005-03-04,22.9,0.648
2005-03-05,19.4,0.549
2005-03-06,29.8,0.844
2005-03-07,110.0,3.115
2005-03-08,170.0,4.814
2005-03-09,88.7,2.512
2005-03-10,55.3,1.566
2005-03-11,35.6,1.008
2005-03-12,28.0,0.793
2005-03-13,25.9,0.733
2005-03-14,64.2,1.818
2005-03-15,45.2,1.28
2005-03-16,55.2,1.563
2005-03-17,47.9,1.356
2005-03-18,36.3,1.028
2005-03-19,19.5,0.552
2005-03-20,16.7,0.473
2005-03-21,15.0,0.425
2005-03-22,220.0,6.23
2005-03-23,208.0,5.89
2005-03-24,100.0,2.832
2005-03-25,67.7,1.917
2005-03-26,52.9,1.498
2005-03-27,93.7,2.653
2005-03-28,102.0,2.888
2005-03-29,59.1,1.674
2005-03-30,49.3,1.396
2005-03-31,679.0,19.227
2005-04-01,495.0,14.017
2005-04-02,338.0,9.571
2005-04-03,181.0,5.125
2005-04-04,111.0,3.143
2005-04-05,82.9,2.347
2005-04-06,104.0,2.945
2005-04-07,184.0,5.21
2005-04-08,124.0,3.511
2005-04-09,91.4,2.588
2005-04-10,72.2,2.044
2005-04-11,61.5,1.741
2005-04-12,58.0,1.642
2005-04-13,34.8,0.985
2005-04-14,24.5,0.694
2005-04-15,20.8,0.589
2005-04-16,18.3,0.518
2005-04-17,16.6,0.47
2005-04-18,15.1,0.428
2005-04-19,13.5,0.382
2005-04-20,13.0,0.368
2005-04-21,12.0,0.34
2005-04-22,18.8,0.532
2005-04-23,14.4,0.408
2005-04-24,11.5,0.326
2005-04-25,10.5,0.297
2005-04-26,34.3,0.971
2005-04-27,17.9,0.507
2005-04-28,12.8,0.362
2005-04-29,11.9,0.337
2005-04-30,353.0,9.996
2005-05-01,119.0,3.37
2005-05-02,57.8,1.637
2005-05-03,28.0,0.793
2005-05-04,21.1,0.597
2005-05-05,17.1,0.484
2005-05-06,15.1,0.428
2005-05-07,13.4,0.379
2005-05-08,12.3,0.348
2005-05-09,10.9,0.309
2005-05-10,9.49,0.269
2005-05-11,8.93,0.253
2005-05-12,8.45,0.239
2005-05-13,7.86,0.223
2005-05-14,7.33,0.208
2005-05-15,11.5,0.326
2005-05-16,7.89,0.223
2005-05-17,7.04,0.199
2005-05-18,6.77,0.192
2005-05-19,6.73,0.191
2005-05-20,8.06,0.228
2005-05-21,8.18,0.232
2005-05-22,6.79,0.192
2005-05-23,6.44,0.182
2005-05-24,6.15,0.174
2005-05-25,5.54,0.157
2005-05-26,5.01,0.142
2005-05-27,4.44,0.126
2005-05-28,4.28,0.121
2005-05-29,57.3,1.623
2005-05-30,14.5,0.411
2005-05-31,14.7,0.416
2005-06-01,164.0,4.644
2005-06-02,44.3,1.254
2005-06-03,29.5,0.835
2005-06-04,16.9,0.479
2005-06-05,13.7,0.388
2005-06-06,12.0,0.34
2005-06-07,12.7,0.36
2005-06-08,13.2,0.374
2005-06-09,11.2,0.317
2005-06-10,12.6,0.357
2005-06-11,16.2,0.459
2005-06-12,73.7,2.087
2005-06-13,37.1,1.051
2005-06-14,26.4,0.748
2005-06-15,34.2,0.968
2005-06-16,10.2,0.289
2005-06-17,7.97,0.226
2005-06-18,6.37,0.18
2005-06-19,4.99,0.141
2005-06-20,4.63,0.131
2005-06-21,4.91,0.139
2005-06-22,4.44,0.126
2005-06-23,4.18,0.118
2005-06-24,3.73,0.106
2005-06-25,3.62,0.103
2005-06-26,3.22,0.091
2005-06-27,3.44,0.097
2005-06-28,69.7,1.974
2005-06-29,8.48,0.24
2005-06-30,5.34,0.151
2005-07-01,4.31,0.122
2005-07-02,4.41,0.125
2005-07-03,3.61,0.102
2005-07-04,4.3,0.122
2005-07-05,6.51,0.184
2005-07-06,50.4,1.427
2005-07-07,46.2,1.308
2005-07-08,10.8,0.306
2005-07-09,90.1,2.551
2005-07-10,216.0,6.116
2005-07-11,526.0,14.895
2005-07-12,170.0,4.814
2005-07-13,207.0,5.862
2005-07-14,620.0,17.556
2005-07-15,315.0,8.92
2005-07-16,156.0,4.417
2005-07-17,86.3,2.444
2005-07-18,122.0,3.455
2005-07-19,167.0,4.729
2005-07-20,141.0,3.993
2005-07-21,61.4,1.739
2005-07-22,37.3,1.056
2005-07-23,25.3,0.716
2005-07-24,18.8,0.532
2005-07-25,15.6,0.442
2005-07-26,12.9,0.365
2005-07-27,11.4,0.323
2005-07-28,10.4,0.294
2005-07-29,43.2,1.223
2005-07-30,13.5,0.382
2005-07-31,11.0,0.311
2005-08-01,26.3,0.745
2005-08-02,10.0,0.283
2005-08-03,8.4,0.238
2005-08-04,7.58,0.215
2005-08-05,7.06,0.2
2005-08-06,28.4,0.804
2005-08-07,18.6,0.527
2005-08-08,11.2,0.317
2005-08-09,9.64,0.273
2005-08-10,7.74,0.219
2005-08-11,6.57,0.186
2005-08-12,5.82,0.165
2005-08-13,13.2,0.374
2005-08-14,6.21,0.176
2005-08-15,5.88,0.167
2005-08-16,4.32,0.122
2005-08-17,4.17,0.118
2005-08-18,3.92,0.111
2005-08-19,3.57,0.101
2005-08-20,3.26,0.092
2005-08-21,3.02,0.086
2005-08-22,2.83,0.08
2005-08-23,9.41,0.266
2005-08-24,4.87,0.138
2005-08-25,3.36,0.095
2005-08-26,2.96,0.084
2005-08-27,2.71,0.077
2005-08-28,2.51,0.071
2005-08-29,4.84,0.137
2005-08-30,8.24,0.233
2005-08-31,6.76,0.191
2005-09-01,13.1,0.371
2005-09-02,3.37,0.095
2005-09-03,2.44,0.069
2005-09-04,2.09,0.059
2005-09-05,1.88,0.053
2005-09-06,1.67,0.047
2005-09-07,1.6,0.045
2005-09-08,1.44,0.041
2005-09-09,1.33,0.038
2005-09-10,1.12,0.032
2005-09-11,0.83,0.024
2005-09-12,1.18,0.033
2005-09-13,1.1,0.031
2005-09-14,0.49,0.014
2005-09-15,0.36,0.01
2005-09-16,0.3,0.008
2005-09-17,1.03,0.029
2005-09-18,0.62,0.018
2005-09-19,0.35,0.01
2005-09-20,0.27,0.008
2005-09-21,0.28,0.008
2005-09-22,0.3,0.008
2005-09-23,0.32,0.009
2005-09-24,0.32,0.009
2005-09-25,0.35,0.01
2005-09-26,52.7,1.492
2005-09-27,1.95,0.055
2005-09-28,0.44,0.012
2005-09-29,0.23,0.007
2005-09-30,0.2,0.006
2005-10-01,0.2,0.006
2005-10-02,0.28,0.008
2005-10-03,0.31,0.009
2005-10-04,0.26,0.007
2005-10-05,0.25,0.007
2005-10-06,0.65,0.018
2005-10-07,1.09,0.031
2005-10-08,0.63,0.018
2005-10-09,0.45,0.013
2005-10-10,0.39,0.011
2005-10-11,0.35,0.01
2005-10-12,0.66,0.019
2005-10-13,0.25,0.007
2005-10-14,0.27,0.008
2005-10-15,0.24,0.007
2005-10-16,0.22,0.006
2005-10-17,0.15,0.004
2005-10-18,0.11,0.003
2005-10-19,0.1,0.003
2005-10-20,0.08,0.002
2005-10-21,0.08,0.002
2005-10-22,0.07,0.002
2005-10-23,0.07,0.002
2005-10-24,0.06,0.002
2005-10-25,0.06,0.002
2005-10-26,0.06,0.002
2005-10-27,0.06,0.002
2005-10-28,0.07,0.002
2005-10-29,0.07,0.002
2005-10-30,0.05,0.001
2005-10-31,0.05,0.001
2005-11-01,0.06,0.002
2005-11-02,0.06,0.002
2005-11-03,0.05,0.001
2005-11-04,0.05,0.001
2005-11-05,0.05,0.001
2005-11-06,0.06,0.002
2005-11-07,0.07,0.002
2005-11-08,0.07,0.002
2005-11-09,0.09,0.003
2005-11-10,0.1,0.003
2005-11-11,0.11,0.003
2005-11-12,0.12,0.003
2005-11-13,0.12,0.003
2005-11-14,0.13,0.004
2005-11-15,0.14,0.004
2005-11-16,2.87,0.081
2005-11-17,1.89,0.054
2005-11-18,2.3,0.065
2005-11-19,2.52,0.071
2005-11-20,3.17,0.09
2005-11-21,12.7,0.36
2005-11-22,7.27,0.206
2005-11-23,5.04,0.143
2005-11-24,6.08,0.172
2005-11-25,6.82,0.193
2005-11-26,6.88,0.195
2005-11-27,9.81,0.278
2005-11-28,88.5,2.506
2005-11-29,23.4,0.663
2005-11-30,5.7,0.161
2005-12-01,3.7,0.105
2005-12-02,2.85,0.081
2005-12-03,2.55,0.072
2005-12-04,39.3,1.113
2005-12-05,48.1,1.362
2005-12-06,10.6,0.3
2005-12-07,6.51,0.184
2005-12-08,8.56,0.242
2005-12-09,12.1,0.343
2005-12-10,8.53,0.242
2005-12-11,24.1,0.682
2005-12-12,22.6,0.64
2005-12-13,20.6,0.583
2005-12-14,19.2,0.544
2005-12-15,152.0,4.304
2005-12-16,28.4,0.804
2005-12-17,29.2,0.827
2005-12-18,8.2,0.232
2005-12-19,5.69,0.161
2005-12-20,4.62,0.131
2005-12-21,3.93,0.111
2005-12-22,3.41,0.097
2005-12-23,3.17,0.09
2005-12-24,30.1,0.852
2005-12-25,58.6,1.659
2005-12-26,19.5,0.552
2005-12-27,11.9,0.337
2005-12-28,8.93,0.253
2005-12-29,6.84,0.194
2005-12-30,5.53,0.157
2005-12-31,4.88,0.138
2006-01-01,4.25,0.12
2006-01-02,4.65,0.132
2006-01-03,4.07,0.115
2006-01-04,3.47,0.098
2006-01-05,3.24,0.092
2006-01-06,2.94,0.083
2006-01-07,2.82,0.08
2006-01-08,2.79,0.079
2006-01-09,2.81,0.08
2006-01-10,2.8,0.079
2006-01-11,5.67,0.161
2006-01-12,3.91,0.111
2006-01-13,69.7,1.974
2006-01-14,33.2,0.94
2006-01-15,16.3,0.462
2006-01-16,15.0,0.425
2006-01-17,200.0,5.663
2006-01-18,170.0,4.814
2006-01-19,83.1,2.353
2006-01-20,57.8,1.637
2006-01-21,157.0,4.446
2006-01-22,86.7,2.455
2006-01-23,259.0,7.334
2006-01-24,102.0,2.888
2006-01-25,72.0,2.039
2006-01-26,52.0,1.472
2006-01-27,32.0,0.906
2006-01-28,27.7,0.784
2006-01-29,44.0,1.246
2006-01-30,24.3,0.688
2006-01-31,16.6,0.47
2006-02-01,12.5,0.354
2006-02-02,12.0,0.34
2006-02-03,17.3,0.49
2006-02-04,21.9,0.62
2006-02-05,34.3,0.971
2006-02-06,765.0,21.662
2006-02-07,332.0,9.401
2006-02-08,142.0,4.021
2006-02-09,86.6,2.452
2006-02-10,67.8,1.92
2006-02-11,75.4,2.135
2006-02-12,45.6,1.291
2006-02-13,34.6,0.98
2006-02-14,27.4,0.776
2006-02-15,22.6,0.64
2006-02-16,19.0,0.538
2006-02-17,16.6,0.47
2006-02-18,16.5,0.467
2006-02-19,15.3,0.433
2006-02-20,14.6,0.413
2006-02-21,13.8,0.391
2006-02-22,162.0,4.587
2006-02-23,481.0,13.62
2006-02-24,168.0,4.757
2006-02-25,210.0,5.947
2006-02-26,207.0,5.862
2006-02-27,104.0,2.945
2006-02-28,66.7,1.889
2006-03-01,47.5,1.345
2006-03-02,36.3,1.028
2006-03-03,27.4,0.776
2006-03-04,21.4,0.606
2006-03-05,18.1,0.513
2006-03-06,19.6,0.555
2006-03-07,14.6,0.413
2006-03-08,12.4,0.351
2006-03-09,47.1,1.334
2006-03-10,70.0,1.982
2006-03-11,38.2,1.082
2006-03-12,28.5,0.807
2006-03-13,102.0,2.888
2006-03-14,114.0,3.228
2006-03-15,49.9,1.413
2006-03-16,34.3,0.971
2006-03-17,25.4,0.719
2006-03-18,20.0,0.566
2006-03-19,22.0,0.623
2006-03-20,352.0,9.968
2006-03-21,422.0,11.95
2006-03-22,186.0,5.267
2006-03-23,110.0,3.115
2006-03-24,75.5,2.138
2006-03-25,57.0,1.614
2006-03-26,45.3,1.283
2006-03-27,37.4,1.059
2006-03-28,32.4,0.917
2006-03-29,27.5,0.779
2006-03-30,23.6,0.668
2006-03-31,22.0,0.623
2006-04-01,23.3,0.66
2006-04-02,22.5,0.637
2006-04-03,29.5,0.835
2006-04-04,20.1,0.569
2006-04-05,17.3,0.49
2006-04-06,16.8,0.476
2006-04-07,15.9,0.45
2006-04-08,38.3,1.085
2006-04-09,23.0,0.651
2006-04-10,19.0,0.538
2006-04-11,16.9,0.479
2006-04-12,14.5,0.411
2006-04-13,13.0,0.368
2006-04-14,11.7,0.331
2006-04-15,10.7,0.303
2006-04-16,9.88,0.28
2006-04-17,9.44,0.267
2006-04-18,8.67,0.246
2006-04-19,21.2,0.6
2006-04-20,111.0,3.143
2006-04-21,137.0,3.879
2006-04-22,256.0,7.249
2006-04-23,108.0,3.058
2006-04-24,61.0,1.727
2006-04-25,40.0,1.133
2006-04-26,48.0,1.359
2006-04-27,32.2,0.912
2006-04-28,22.5,0.637
2006-04-29,17.9,0.507
2006-04-30,16.9,0.479
2006-05-01,16.7,0.473
2006-05-02,14.0,0.396
2006-05-03,12.2,0.345
2006-05-04,14.2,0.402
2006-05-05,17.9,0.507
2006-05-06,14.3,0.405
2006-05-07,25.6,0.725
2006-05-08,21.2,0.6
2006-05-09,50.4,1.427
2006-05-10,182.0,5.154
2006-05-11,182.0,5.154
2006-05-12,84.0,2.379
2006-05-13,51.5,1.458
2006-05-14,37.3,1.056
2006-05-15,27.8,0.787
2006-05-16,22.0,0.623
2006-05-17,19.0,0.538
2006-05-18,16.4,0.464
2006-05-19,14.1,0.399
2006-05-20,11.8,0.334
2006-05-21,9.55,0.27
2006-05-22,8.5,0.241
2006-05-23,6.8,0.193
2006-05-24,6.0,0.17
2006-05-25,5.7,0.161
2006-05-26,5.3,0.15
2006-05-27,5.0,0.142
2006-05-28,3.91,0.111
2006-05-29,4.2,0.119
2006-05-30,3.8,0.108
2006-05-31,3.1,0.088
2006-06-01,2.9,0.082
2006-06-02,6.1,0.173
2006-06-03,9.7,0.275
2006-06-04,4.3,0.122
2006-06-05,3.42,0.097
2006-06-06,2.9,0.082
2006-06-07,2.6,0.074
2006-06-08,2.31,0.065
2006-06-09,1.8,0.051
2006-06-10,1.47,0.042
2006-06-11,1.28,0.036
2006-06-12,13.2,0.374
2006-06-13,2.09,0.059
2006-06-14,1.17,0.033
2006-06-15,1.36,0.039
2006-06-16,0.88,0.025
2006-06-17,0.65,0.018
2006-06-18,0.57,0.016
2006-06-19,0.27,0.008
2006-06-20,0.2,0.006
2006-06-21,0.17,0.005
2006-06-22,0.15,0.004
2006-06-23,80.9,2.291
2006-06-24,7.6,0.215
2006-06-25,2.48,0.07
2006-06-26,1.1,0.031
2006-06-27,0.64,0.018
2006-06-28,0.27,0.008
2006-06-29,0.16,0.005
2006-06-30,0.11,0.003
2006-07-01,0.08,0.002
2006-07-02,0.05,0.001
2006-07-03,0.01,0.0
2006-07-04,0.01,0.0
2006-07-05,0.03,0.001
2006-07-06,0.02,0.001
2006-07-07,0.02,0.001
2006-07-08,0.01,0.0
2006-07-09,0.01,0.0
2006-07-10,0.02,0.001
2006-07-11,0.02,0.001
2006-07-12,0.01,0.0
2006-07-13,0.02,0.001
2006-07-14,0.02,0.001
2006-07-15,0.03,0.001
2006-07-16,0.07,0.002
2006-07-17,0.07,0.002
2006-07-18,0.2,0.006
2006-07-19,0.15,0.004
2006-07-20,0.1,0.003
2006-07-21,0.07,0.002
2006-07-22,0.11,0.003
2006-07-23,0.17,0.005
2006-07-24,0.32,0.009
2006-07-25,0.07,0.002
2006-07-26,0.04,0.001
2006-07-27,0.03,0.001
2006-07-28,0.03,0.001
2006-07-29,0.11,0.003
2006-07-30,28.6,0.81
2006-07-31,0.24,0.007
2006-08-01,0.15,0.004
2006-08-02,0.14,0.004
2006-08-03,0.13,0.004
2006-08-04,0.13,0.004
2006-08-05,0.14,0.004
2006-08-06,0.13,0.004
2006-08-07,0.13,0.004
2006-08-08,0.14,0.004
2006-08-09,0.14,0.004
2006-08-10,3.41,0.097
2006-08-11,2.51,0.071
2006-08-12,0.17,0.005
2006-08-13,0.14,0.004
2006-08-14,0.13,0.004
2006-08-15,10.1,0.286
2006-08-16,1.62,0.046
2006-08-17,0.23,0.007
2006-08-18,0.19,0.005
2006-08-19,0.13,0.004
2006-08-20,0.13,0.004
2006-08-21,0.13,0.004
2006-08-22,47.6,1.348
2006-08-23,34.2,0.968
2006-08-24,3.25,0.092
2006-08-25,1.28,0.036
2006-08-26,0.78,0.022
2006-08-27,0.36,0.01
2006-08-28,0.3,0.008
2006-08-29,0.28,0.008
2006-08-30,0.25,0.007
2006-08-31,0.25,0.007
2006-09-01,0.28,0.008
2006-09-02,0.27,0.008
2006-09-03,0.27,0.008
2006-09-04,0.25,0.007
2006-09-05,0.27,0.008
2006-09-06,0.24,0.007
2006-09-07,0.19,0.005
2006-09-08,0.17,0.005
2006-09-09,0.17,0.005
2006-09-10,0.13,0.004
2006-09-11,0.13,0.004
2006-09-12,1.81,0.051
2006-09-13,0.59,0.017
2006-09-14,0.16,0.005
2006-09-15,0.15,0.004
2006-09-16,0.13,0.004
2006-09-17,0.11,0.003
2006-09-18,0.16,0.005
2006-09-19,1.51,0.043
2006-09-20,0.15,0.004
2006-09-21,0.13,0.004
2006-09-22,0.14,0.004
2006-09-23,0.13,0.004
2006-09-24,2.73,0.077
2006-09-25,0.1,0.003
2006-09-26,0.09,0.003
2006-09-27,0.07,0.002
2006-09-28,0.06,0.002
2006-09-29,0.06,0.002
2006-09-30,0.05,0.001
2006-10-01,0.04,0.001
2006-10-02,0.04,0.001
2006-10-03,0.02,0.001
2006-10-04,0.02,0.001
2006-10-05,0.02,0.001
2006-10-06,0.02,0.001
2006-10-07,0.02,0.001
2006-10-08,0.02,0.001
2006-10-09,0.02,0.001
2006-10-10,0.02,0.001
2006-10-11,0.02,0.001
2006-10-12,0.01,0.0
2006-10-13,0.01,0.0
2006-10-14,0.01,0.0
2006-10-15,0.01,0.0
2006-10-16,0.04,0.001
2006-10-17,56.4,1.597
2006-10-18,0.44,0.012
2006-10-19,0.35,0.01
2006-10-20,0.23,0.007
2006-10-21,0.2,0.006
2006-10-22,51.7,1.464
2006-10-23,2.32,0.066
2006-10-24,0.59,0.017
2006-10-25,0.27,0.008
2006-10-26,0.16,0.005
2006-10-27,53.4,1.512
2006-10-28,12.0,0.34
2006-10-29,2.91,0.082
2006-10-30,1.23,0.035
2006-10-31,0.63,0.018
2006-11-01,2.4,0.068
2006-11-02,2.2,0.062
2006-11-03,0.72,0.02
2006-11-04,0.65,0.018
2006-11-05,0.61,0.017
2006-11-06,0.5,0.014
2006-11-07,27.7,0.784
2006-11-08,10.4,0.294
2006-11-09,3.62,0.103
2006-11-10,2.09,0.059
2006-11-11,1.34,0.038
2006-11-12,1.26,0.036
2006-11-13,0.96,0.027
2006-11-14,0.83,0.024
2006-11-15,41.8,1.184
2006-11-16,47.5,1.345
2006-11-17,14.5,0.411
2006-11-18,7.82,0.221
2006-11-19,4.77,0.135
2006-11-20,3.67,0.104
2006-11-21,2.65,0.075
2006-11-22,2.2,0.062
2006-11-23,2.18,0.062
2006-11-24,1.73,0.049
2006-11-25,1.31,0.037
2006-11-26,1.22,0.035
2006-11-27,1.2,0.034
2006-11-28,1.12,0.032
2006-11-29,1.26,0.036
2006-11-30,1.42,0.04
2006-12-01,2.49,0.071
2006-12-02,1.27,0.036
2006-12-03,1.16,0.033
2006-12-04,0.98,0.028
2006-12-05,0.94,0.027
2006-12-06,0.89,0.025
2006-12-07,0.76,0.022
2006-12-08,0.79,0.022
2006-12-09,0.8,0.023
2006-12-10,0.68,0.019
2006-12-11,0.62,0.018
2006-12-12,0.89,0.025
2006-12-13,1.02,0.029
2006-12-14,0.81,0.023
2006-12-15,0.73,0.021
2006-12-16,1.01,0.029
2006-12-17,0.7,0.02
2006-12-18,0.64,0.018
2006-12-19,0.7,0.02
2006-12-20,0.79,0.022
2006-12-21,0.81,0.023
2006-12-22,86.0,2.435
2006-12-23,22.2,0.629
2006-12-24,11.5,0.326
2006-12-25,12.3,0.348
2006-12-26,10.9,0.309
2006-12-27,8.08,0.229
2006-12-28,6.12,0.173
2006-12-29,4.78,0.135
2006-12-30,3.95,0.112
2006-12-31,101.0,2.86
2007-01-01,66.1,1.872
2007-01-02,30.2,0.855
2007-01-03,17.7,0.501
2007-01-04,38.0,1.076
2007-01-05,81.0,2.294
2007-01-06,57.2,1.62
2007-01-07,103.0,2.917
2007-01-08,80.4,2.277
2007-01-09,59.2,1.676
2007-01-10,44.1,1.249
2007-01-11,35.5,1.005
2007-01-12,30.0,0.85
2007-01-13,9.03,0.256
2007-01-14,4.76,0.135
2007-01-15,3.93,0.111
2007-01-16,3.73,0.106
2007-01-17,2.41,0.068
2007-01-18,2.0,0.057
2007-01-19,1.74,0.049
2007-01-20,1.37,0.039
2007-01-21,41.9,1.186
2007-01-22,54.0,1.529
2007-01-23,30.5,0.864
2007-01-24,32.0,0.906
2007-01-25,25.8,0.731
2007-01-26,17.6,0.498
2007-01-27,4.97,0.141
2007-01-28,3.75,0.106
2007-01-29,2.47,0.07
2007-01-30,1.75,0.05
2007-01-31,1.45,0.041
2007-02-01,67.8,1.92
2007-02-02,46.6,1.32
2007-02-03,27.6,0.782
2007-02-04,19.6,0.555
2007-02-05,14.6,0.413
2007-02-06,14.8,0.419
2007-02-07,33.1,0.937
2007-02-08,11.3,0.32
2007-02-09,7.57,0.214
2007-02-10,6.32,0.179
2007-02-11,5.45,0.154
2007-02-12,5.11,0.145
2007-02-13,11.2,0.317
2007-02-14,16.4,0.464
2007-02-15,10.9,0.309
2007-02-16,8.94,0.253
2007-02-17,7.9,0.224
2007-02-18,6.74,0.191
2007-02-19,5.61,0.159
2007-02-20,5.47,0.155
2007-02-21,17.5,0.496
2007-02-22,11.1,0.314
2007-02-23,9.3,0.263
2007-02-24,8.64,0.245
2007-02-25,73.2,2.073
2007-02-26,39.6,1.121
2007-02-27,25.5,0.722
2007-02-28,17.9,0.507
2007-03-01,31.0,0.878
2007-03-02,43.7,1.237
2007-03-03,28.5,0.807
2007-03-04,19.9,0.564
2007-03-05,15.3,0.433
2007-03-06,12.4,0.351
2007-03-07,10.7,0.303
2007-03-08,9.38,0.266
2007-03-09,8.05,0.228
2007-03-10,7.24,0.205
2007-03-11,6.49,0.184
2007-03-12,6.02,0.17
2007-03-13,5.36,0.152
2007-03-14,5.03,0.142
2007-03-15,11.2,0.317
2007-03-16,25.3,0.716
2007-03-17,20.9,0.592
2007-03-18,16.2,0.459
2007-03-19,13.7,0.388
2007-03-20,11.4,0.323
2007-03-21,9.46,0.268
2007-03-22,8.48,0.24
2007-03-23,7.79,0.221
2007-03-24,6.67,0.189
2007-03-25,6.26,0.177
2007-03-26,6.32,0.179
2007-03-27,5.41,0.153
2007-03-28,5.02,0.142
2007-03-29,4.37,0.124
2007-03-30,3.74,0.106
2007-03-31,3.4,0.096
2007-04-01,3.22,0.091
2007-04-02,3.76,0.106
2007-04-03,3.3,0.093
2007-04-04,6.44,0.182
2007-04-05,2.93,0.083
2007-04-06,2.64,0.075
2007-04-07,2.23,0.063
2007-04-08,2.13,0.06
2007-04-09,1.92,0.054
2007-04-10,1.68,0.048
2007-04-11,1.93,0.055
2007-04-12,1.88,0.053
2007-04-13,1.56,0.044
2007-04-14,1.59,0.045
2007-04-15,2.11,0.06
2007-04-16,2.29,0.065
2007-04-17,1.39,0.039
2007-04-18,1.07,0.03
2007-04-19,0.99,0.028
2007-04-20,0.77,0.022
2007-04-21,0.59,0.017
2007-04-22,0.49,0.014
2007-04-23,0.35,0.01
2007-04-24,0.27,0.008
2007-04-25,0.23,0.007
2007-04-26,78.7,2.229
2007-04-27,8.13,0.23
2007-04-28,1.88,0.053
2007-04-29,0.61,0.017
2007-04-30,0.23,0.007
2007-05-01,0.17,0.005
2007-05-02,0.12,0.003
2007-05-03,0.08,0.002
2007-05-04,0.05,0.001
2007-05-05,0.02,0.001
2007-05-06,0.03,0.001
2007-05-07,0.02,0.001
2007-05-08,0.0,0.0
2007-05-09,0.01,0.0
2007-05-10,0.0,0.0
2007-05-11,0.56,0.016
2007-05-12,0.0,0.0
2007-05-13,0.0,0.0
2007-05-14,0.0,0.0
2007-05-15,0.0,0.0
2007-05-16,0.04,0.001
2007-05-17,0.0,0.0
2007-05-18,0.0,0.0
2007-05-19,0.0,0.0
2007-05-20,0.0,0.0
2007-05-21,0.0,0.0
2007-05-22,0.0,0.0
2007-05-23,0.0,0.0
2007-05-24,0.0,0.0
2007-05-25,0.0,0.0
2007-05-26,0.0,0.0
2007-05-27,0.0,0.0
2007-05-28,0.0,0.0
2007-05-29,0.0,0.0
2007-05-30,0.0,0.0
2007-05-31,0.0,0.0
2007-06-01,0.0,0.0
2007-06-02,0.0,0.0
2007-06-03,0.0,0.0
2007-06-04,0.0,0.0
2007-06-05,0.0,0.0
2007-06-06,0.0,0.0
2007-06-07,0.0,0.0
2007-06-08,0.0,0.0
2007-06-09,0.0,0.0
2007-06-10,0.0,0.0
2007-06-11,0.0,0.0
2007-06-12,0.0,0.0
2007-06-13,0.0,0.0
2007-06-14,0.0,0.0
2007-06-15,0.0,0.0
2007-06-16,0.0,0.0
2007-06-17,0.0,0.0
2007-06-18,0.0,0.0
2007-06-19,0.01,0.0
2007-06-20,0.0,0.0
2007-06-21,0.0,0.0
2007-06-22,0.0,0.0
2007-06-23,0.0,0.0
2007-06-24,0.0,0.0
2007-06-25,0.0,0.0
2007-06-26,0.0,0.0
2007-06-27,0.0,0.0
2007-06-28,0.0,0.0
2007-06-29,0.0,0.0
2007-06-30,0.01,0.0
2007-07-01,0.03,0.001
2007-07-02,0.05,0.001
2007-07-03,0.07,0.002
2007-07-04,0.03,0.001
2007-07-05,0.01,0.0
2007-07-06,0.16,0.005
2007-07-07,0.27,0.008
2007-07-08,0.29,0.008
2007-07-09,0.53,0.015
2007-07-10,0.56,0.016
2007-07-11,0.06,0.002
2007-07-12,0.0,0.0
2007-07-13,0.0,0.0
2007-07-14,1.27,0.036
2007-07-15,0.0,0.0
2007-07-16,0.0,0.0
2007-07-17,14.7,0.416
2007-07-18,0.03,0.001
2007-07-19,0.0,0.0
2007-07-20,0.0,0.0
2007-07-21,0.0,0.0
2007-07-22,0.0,0.0
2007-07-23,0.01,0.0
2007-07-24,0.0,0.0
2007-07-25,0.0,0.0
2007-07-26,0.0,0.0
2007-07-27,0.02,0.001
2007-07-28,0.02,0.001
2007-07-29,0.02,0.001
2007-07-30,0.01,0.0
2007-07-31,0.0,0.0
2007-08-01,0.0,0.0
2007-08-02,0.0,0.0
2007-08-03,0.0,0.0
2007-08-04,0.0,0.0
2007-08-05,0.0,0.0
2007-08-06,0.0,0.0
2007-08-07,0.0,0.0
2007-08-08,0.0,0.0
2007-08-09,0.0,0.0
2007-08-10,0.0,0.0
2007-08-11,0.0,0.0
2007-08-12,0.0,0.0
2007-08-13,0.0,0.0
2007-08-14,0.0,0.0
2007-08-15,0.0,0.0
2007-08-16,0.0,0.0
2007-08-17,0.0,0.0
2007-08-18,0.0,0.0
2007-08-19,0.0,0.0
2007-08-20,0.0,0.0
2007-08-21,0.0,0.0
2007-08-22,0.0,0.0
2007-08-23,0.0,0.0
2007-08-24,0.0,0.0
2007-08-25,0.0,0.0
2007-08-26,0.0,0.0
2007-08-27,0.0,0.0
2007-08-28,0.0,0.0
2007-08-29,0.0,0.0
2007-08-30,0.0,0.0
2007-08-31,0.0,0.0
2007-09-01,0.0,0.0
2007-09-02,0.0,0.0
2007-09-03,0.0,0.0
2007-09-04,0.0,0.0
2007-09-05,0.0,0.0
2007-09-06,0.0,0.0
2007-09-07,0.0,0.0
2007-09-08,0.0,0.0
2007-09-09,0.0,0.0
2007-09-10,0.0,0.0
2007-09-11,0.0,0.0
2007-09-12,0.0,0.0
2007-09-13,0.0,0.0
2007-09-14,62.1,1.758
2007-09-15,0.26,0.007
2007-09-16,0.0,0.0
2007-09-17,0.0,0.0
2007-09-18,0.0,0.0
2007-09-19,0.0,0.0
2007-09-20,0.0,0.0
2007-09-21,0.0,0.0
2007-09-22,0.0,0.0
2007-09-23,0.0,0.0
2007-09-24,0.0,0.0
2007-09-25,0.0,0.0
2007-09-26,0.0,0.0
2007-09-27,0.0,0.0
2007-09-28,0.0,0.0
2007-09-29,0.0,0.0
2007-09-30,0.0,0.0
2007-10-01,0.0,0.0
2007-10-02,0.0,0.0
2007-10-03,0.03,0.001
2007-10-04,0.02,0.001
2007-10-05,0.0,0.0
2007-10-06,0.0,0.0
2007-10-07,0.0,0.0
2007-10-08,0.0,0.0
2007-10-09,0.0,0.0
2007-10-10,0.0,0.0
2007-10-11,0.0,0.0
2007-10-12,0.0,0.0
2007-10-13,0.0,0.0
2007-10-14,0.0,0.0
2007-10-15,0.0,0.0
2007-10-16,0.0,0.0
2007-10-17,0.0,0.0
2007-10-18,0.0,0.0
2007-10-19,0.0,0.0
2007-10-20,0.0,0.0
2007-10-21,0.0,0.0
2007-10-22,0.0,0.0
2007-10-23,7.96,0.225
2007-10-24,0.1,0.003
2007-10-25,0.01,0.0
2007-10-26,0.0,0.0
2007-10-27,0.0,0.0
2007-10-28,0.0,0.0
2007-10-29,0.0,0.0
2007-10-30,0.0,0.0
2007-10-31,0.0,0.0
2007-11-01,0.0,0.0
2007-11-02,0.02,0.001
2007-11-03,0.03,0.001
2007-11-04,0.03,0.001
2007-11-05,0.01,0.0
2007-11-06,0.01,0.0
2007-11-07,0.0,0.0
2007-11-08,0.01,0.0
2007-11-09,0.01,0.0
2007-11-10,0.0,0.0
2007-11-11,0.0,0.0
2007-11-12,0.0,0.0
2007-11-13,0.03,0.001
2007-11-14,0.7,0.02
2007-11-15,1.23,0.035
2007-11-16,0.0,0.0
2007-11-17,0.0,0.0
2007-11-18,0.0,0.0
2007-11-19,0.0,0.0
2007-11-20,0.0,0.0
2007-11-21,0.0,0.0
2007-11-22,0.0,0.0
2007-11-23,0.0,0.0
2007-11-24,0.0,0.0
2007-11-25,0.0,0.0
2007-11-26,0.86,0.024
2007-11-27,0.07,0.002
2007-11-28,0.01,0.0
2007-11-29,0.01,0.0
2007-11-30,0.01,0.0
2007-12-01,0.05,0.001
2007-12-02,0.09,0.003
2007-12-03,0.12,0.003
2007-12-04,0.11,0.003
2007-12-05,0.09,0.003
2007-12-06,0.12,0.003
2007-12-07,0.15,0.004
2007-12-08,0.12,0.003
2007-12-09,0.11,0.003
2007-12-10,0.12,0.003
2007-12-11,0.15,0.004
2007-12-12,0.04,0.001
2007-12-13,0.07,0.002
2007-12-14,0.17,0.005
2007-12-15,0.19,0.005
2007-12-16,0.19,0.005
2007-12-17,0.21,0.006
2007-12-18,0.25,0.007
2007-12-19,0.23,0.007
2007-12-20,0.28,0.008
2007-12-21,0.39,0.011
2007-12-22,0.41,0.012
2007-12-23,0.8,0.023
2007-12-24,0.63,0.018
2007-12-25,0.57,0.016
2007-12-26,0.55,0.016
2007-12-27,0.49,0.014
2007-12-28,0.9,0.025
2007-12-29,0.97,0.027
2007-12-30,3.3,0.093
2007-12-31,3.39,0.096
2008-01-01,2.04,0.058
2008-01-02,1.42,0.04
2008-01-03,0.87,0.025
2008-01-04,0.78,0.022
2008-01-05,0.82,0.023
2008-01-06,0.91,0.026
2008-01-07,0.93,0.026
2008-01-08,2.09,0.059
2008-01-09,7.33,0.208
2008-01-10,47.2,1.337
2008-01-11,38.8,1.099
2008-01-12,13.8,0.391
2008-01-13,8.18,0.232
2008-01-14,5.01,0.142
2008-01-15,3.46,0.098
2008-01-16,2.92,0.083
2008-01-17,3.6,0.102
2008-01-18,3.19,0.09
2008-01-19,2.92,0.083
2008-01-20,2.66,0.075
2008-01-21,2.37,0.067
2008-01-22,2.68,0.076
2008-01-23,3.52,0.1
2008-01-24,3.0,0.085
2008-01-25,2.58,0.073
2008-01-26,2.74,0.078
2008-01-27,2.53,0.072
2008-01-28,2.57,0.073
2008-01-29,4.16,0.118
2008-01-30,6.3,0.178
2008-01-31,21.8,0.617
2008-02-01,56.5,1.6
2008-02-02,28.2,0.799
2008-02-03,22.1,0.626
2008-02-04,22.8,0.646
2008-02-05,19.2,0.544
2008-02-06,25.1,0.711
2008-02-07,23.0,0.651
2008-02-08,18.7,0.53
2008-02-09,15.1,0.428
2008-02-10,12.1,0.343
2008-02-11,10.7,0.303
2008-02-12,13.6,0.385
2008-02-13,17.5,0.496
2008-02-14,13.5,0.382
2008-02-15,11.7,0.331
2008-02-16,10.8,0.306
2008-02-17,51.9,1.47
2008-02-18,50.3,1.424
2008-02-19,30.7,0.869
2008-02-20,22.0,0.623
2008-02-21,34.3,0.971
2008-02-22,135.0,3.823
2008-02-23,61.0,1.727
2008-02-24,38.8,1.099
2008-02-25,29.1,0.824
2008-02-26,62.7,1.775
2008-02-27,39.4,1.116
2008-02-28,29.3,0.83
2008-02-29,23.6,0.668
2008-03-01,22.9,0.648
2008-03-02,19.0,0.538
2008-03-03,16.6,0.47
2008-03-04,111.0,3.143
2008-03-05,62.5,1.77
2008-03-06,41.4,1.172
2008-03-07,90.9,2.574
2008-03-08,62.8,1.778
2008-03-09,43.8,1.24
2008-03-10,34.9,0.988
2008-03-11,30.3,0.858
2008-03-12,25.9,0.733
2008-03-13,22.1,0.626
2008-03-14,22.6,0.64
2008-03-15,28.4,0.804
2008-03-16,24.6,0.697
2008-03-17,21.1,0.597
2008-03-18,19.4,0.549
2008-03-19,23.9,0.677
2008-03-20,21.4,0.606
2008-03-21,19.0,0.538
2008-03-22,18.5,0.524
2008-03-23,16.3,0.462
2008-03-24,14.4,0.408
2008-03-25,13.2,0.374
2008-03-26,12.6,0.357
2008-03-27,12.4,0.351
2008-03-28,12.0,0.34
2008-03-29,13.8,0.391
2008-03-30,17.0,0.481
2008-03-31,20.0,0.566
2008-04-01,33.1,0.937
2008-04-02,53.6,1.518
2008-04-03,40.0,1.133
2008-04-04,35.2,0.997
2008-04-05,72.1,2.042
2008-04-06,55.8,1.58
2008-04-07,40.6,1.15
2008-04-08,32.6,0.923
2008-04-09,26.9,0.762
2008-04-10,22.9,0.648
2008-04-11,81.6,2.311
2008-04-12,93.7,2.653
2008-04-13,48.3,1.368
2008-04-14,33.5,0.949
2008-04-15,25.5,0.722
2008-04-16,20.7,0.586
2008-04-17,17.4,0.493
2008-04-18,15.5,0.439
2008-04-19,47.5,1.345
2008-04-20,27.8,0.787
2008-04-21,21.9,0.62
2008-04-22,18.0,0.51
2008-04-23,14.9,0.422
2008-04-24,12.7,0.36
2008-04-25,11.1,0.314
2008-04-26,11.7,0.331
2008-04-27,18.2,0.515
2008-04-28,59.8,1.693
2008-04-29,27.6,0.782
2008-04-30,22.1,0.626
2008-05-01,18.7,0.53
2008-05-02,15.2,0.43
2008-05-03,28.5,0.807
2008-05-04,21.5,0.609
2008-05-05,16.3,0.462
2008-05-06,13.0,0.368
2008-05-07,11.0,0.311
2008-05-08,33.7,0.954
2008-05-09,33.5,0.949
2008-05-10,23.0,0.651
2008-05-11,251.0,7.108
2008-05-12,70.5,1.996
2008-05-13,41.6,1.178
2008-05-14,31.6,0.895
2008-05-15,89.8,2.543
2008-05-16,80.5,2.28
2008-05-17,49.0,1.388
2008-05-18,36.4,1.031
2008-05-19,29.4,0.833
2008-05-20,25.4,0.719
2008-05-21,59.8,1.693
2008-05-22,29.0,0.821
2008-05-23,22.6,0.64
2008-05-24,18.7,0.53
2008-05-25,15.5,0.439
2008-05-26,14.9,0.422
2008-05-27,157.0,4.446
2008-05-28,110.0,3.115
2008-05-29,52.7,1.492
2008-05-30,37.7,1.068
2008-05-31,29.7,0.841
2008-06-01,54.2,1.535
2008-06-02,55.5,1.572
2008-06-03,36.8,1.042
2008-06-04,27.5,0.779
2008-06-05,21.4,0.606
2008-06-06,17.2,0.487
2008-06-07,13.8,0.391
2008-06-08,11.0,0.311
2008-06-09,8.14,0.23
2008-06-10,16.1,0.456
2008-06-11,24.7,0.699
2008-06-12,12.5,0.354
2008-06-13,10.9,0.309
2008-06-14,13.3,0.377
2008-06-15,9.86,0.279
2008-06-16,7.6,0.215
2008-06-17,6.07,0.172
2008-06-18,4.7,0.133
2008-06-19,3.18,0.09
2008-06-20,3.25,0.092
2008-06-21,2.66,0.075
2008-06-22,3.74,0.106
2008-06-23,2.93,0.083
2008-06-24,3.36,0.095
2008-06-25,2.04,0.058
2008-06-26,1.65,0.047
2008-06-27,2.31,0.065
2008-06-28,1.67,0.047
2008-06-29,1.32,0.037
2008-06-30,1.15,0.033
2008-07-01,1.08,0.031
2008-07-02,1.06,0.03
2008-07-03,1.01,0.029
2008-07-04,0.96,0.027
2008-07-05,1.36,0.039
2008-07-06,12.8,0.362
2008-07-07,1.9,0.054
2008-07-08,1.36,0.039
2008-07-09,23.5,0.665
2008-07-10,16.2,0.459
2008-07-11,5.51,0.156
2008-07-12,4.99,0.141
2008-07-13,23.7,0.671
2008-07-14,6.68,0.189
2008-07-15,1.68,0.048
2008-07-16,1.32,0.037
2008-07-17,0.72,0.02
2008-07-18,0.86,0.024
2008-07-19,0.62,0.018
2008-07-20,0.23,0.007
2008-07-21,0.38,0.011
2008-07-22,6.78,0.192
2008-07-23,2.3,0.065
2008-07-24,19.7,0.558
2008-07-25,1.51,0.043
2008-07-26,23.6,0.668
2008-07-27,8.0,0.227
2008-07-28,2.22,0.063
2008-07-29,30.4,0.861
2008-07-30,23.4,0.663
2008-07-31,5.39,0.153
2008-08-01,3.82,0.108
2008-08-02,1.99,0.056
2008-08-03,1.64,0.046
2008-08-04,1.56,0.044
2008-08-05,0.99,0.028
2008-08-06,0.7,0.02
2008-08-07,0.89,0.025
2008-08-08,0.81,0.023
2008-08-09,0.54,0.015
2008-08-10,0.16,0.005
2008-08-11,0.06,0.002
2008-08-12,0.7,0.02
2008-08-13,1.03,0.029
2008-08-14,0.98,0.028
2008-08-15,0.98,0.028
2008-08-16,1.02,0.029
2008-08-17,0.95,0.027
2008-08-18,0.92,0.026
2008-08-19,0.83,0.024
2008-08-20,0.71,0.02
2008-08-21,0.67,0.019
2008-08-22,0.55,0.016
2008-08-23,0.61,0.017
2008-08-24,130.0,3.681
2008-08-25,156.0,4.417
2008-08-26,557.0,15.772
2008-08-27,72.6,2.056
2008-08-28,32.6,0.923
2008-08-29,19.8,0.561
2008-08-30,13.1,0.371
2008-08-31,9.62,0.272
2008-09-01,6.82,0.193
2008-09-02,6.22,0.176
2008-09-03,4.98,0.141
2008-09-04,4.29,0.121
2008-09-05,3.49,0.099
2008-09-06,2.52,0.071
2008-09-07,2.75,0.078
2008-09-08,1.87,0.053
2008-09-09,1.66,0.047
2008-09-10,1.12,0.032
2008-09-11,0.84,0.024
2008-09-12,0.61,0.017
2008-09-13,0.41,0.012
2008-09-14,0.12,0.003
2008-09-15,0.09,0.003
2008-09-16,0.01,0.0
2008-09-17,0.0,0.0
2008-09-18,0.0,0.0
2008-09-19,0.0,0.0
2008-09-20,0.0,0.0
2008-09-21,0.0,0.0
2008-09-22,0.04,0.001
2008-09-23,0.0,0.0
2008-09-24,0.0,0.0
2008-09-25,0.0,0.0
2008-09-26,0.0,0.0
2008-09-27,0.0,0.0
2008-09-28,0.0,0.0
2008-09-29,0.0,0.0
2008-09-30,0.02,0.001
2008-10-01,0.24,0.007
2008-10-02,0.2,0.006
2008-10-03,0.05,0.001
2008-10-04,0.18,0.005
2008-10-05,0.4,0.011
2008-10-06,0.1,0.003
2008-10-07,0.0,0.0
2008-10-08,9.17,0.26
2008-10-09,0.2,0.006
2008-10-10,0.0,0.0
2008-10-11,0.0,0.0
2008-10-12,0.01,0.0
2008-10-13,0.16,0.005
2008-10-14,0.3,0.008
2008-10-15,0.04,0.001
2008-10-16,0.0,0.0
2008-10-17,0.28,0.008
2008-10-18,0.41,0.012
2008-10-19,0.27,0.008
2008-10-20,0.18,0.005
2008-10-21,0.13,0.004
2008-10-22,0.08,0.002
2008-10-23,0.04,0.001
2008-10-24,0.12,0.003
2008-10-25,0.12,0.003
2008-10-26,0.1,0.003
2008-10-27,0.06,0.002
2008-10-28,0.11,0.003
2008-10-29,0.09,0.003
2008-10-30,0.06,0.002
2008-10-31,0.14,0.004
2008-11-01,0.11,0.003
2008-11-02,0.13,0.004
2008-11-03,0.15,0.004
2008-11-04,0.01,0.0
2008-11-05,0.01,0.0
2008-11-06,0.07,0.002
2008-11-07,0.14,0.004
2008-11-08,0.13,0.004
2008-11-09,0.09,0.003
2008-11-10,0.07,0.002
2008-11-11,0.12,0.003
2008-11-12,0.22,0.006
2008-11-13,0.34,0.01
2008-11-14,0.28,0.008
2008-11-15,0.76,0.022
2008-11-16,0.6,0.017
2008-11-17,0.34,0.01
2008-11-18,0.3,0.008
2008-11-19,0.3,0.008
2008-11-20,0.01,0.0
2008-11-21,0.01,0.0
2008-11-22,0.04,0.001
2008-11-23,0.0,0.0
2008-11-24,0.14,0.004
2008-11-25,0.09,0.003
2008-11-26,0.06,0.002
2008-11-27,0.15,0.004
2008-11-28,0.95,0.027
2008-11-29,5.29,0.15
2008-11-30,5.6,0.159
2008-12-01,2.74,0.078
2008-12-02,1.94,0.055
2008-12-03,1.73,0.049
2008-12-04,8.8,0.249
2008-12-05,4.33,0.123
2008-12-06,2.56,0.072
2008-12-07,1.84,0.052
2008-12-08,1.56,0.044
2008-12-09,1.44,0.041
2008-12-10,83.0,2.35
2008-12-11,217.0,6.145
2008-12-12,50.6,1.433
2008-12-13,26.9,0.762
2008-12-14,19.3,0.547
2008-12-15,16.3,0.462
2008-12-16,36.1,1.022
2008-12-17,41.6,1.178
2008-12-18,35.9,1.017
2008-12-19,28.2,0.799
2008-12-20,23.3,0.66
2008-12-21,23.9,0.677
2008-12-22,18.8,0.532
2008-12-23,16.3,0.462
2008-12-24,15.6,0.442
2008-12-25,18.7,0.53
2008-12-26,15.8,0.447
2008-12-27,14.9,0.422
2008-12-28,19.8,0.561
2008-12-29,18.3,0.518
2008-12-30,16.3,0.462
2008-12-31,14.3,0.405
2009-01-01,12.3,0.348
2009-01-02,12.1,0.343
2009-01-03,12.2,0.345
2009-01-04,15.2,0.43
2009-01-05,75.7,2.144
2009-01-06,724.0,20.501
2009-01-07,338.0,9.571
2009-01-08,106.0,3.002
2009-01-09,58.9,1.668
2009-01-10,53.3,1.509
2009-01-11,61.0,1.727
2009-01-12,43.7,1.237
2009-01-13,35.9,1.017
2009-01-14,29.2,0.827
2009-01-15,24.3,0.688
2009-01-16,20.4,0.578
2009-01-17,18.6,0.527
2009-01-18,19.0,0.538
2009-01-19,17.4,0.493
2009-01-20,14.9,0.422
2009-01-21,13.4,0.379
2009-01-22,12.6,0.357
2009-01-23,12.0,0.34
2009-01-24,14.8,0.419
2009-01-25,13.1,0.371
2009-01-26,11.9,0.337
2009-01-27,11.5,0.326
2009-01-28,14.6,0.413
2009-01-29,15.0,0.425
2009-01-30,14.1,0.399
2009-01-31,13.4,0.379
2009-02-01,12.8,0.362
2009-02-02,24.6,0.697
2009-02-03,25.0,0.708
2009-02-04,21.3,0.603
2009-02-05,18.4,0.521
2009-02-06,17.0,0.481
2009-02-07,15.6,0.442
2009-02-08,14.5,0.411
2009-02-09,13.7,0.388
2009-02-10,13.2,0.374
2009-02-11,13.6,0.385
2009-02-12,13.3,0.377
2009-02-13,12.0,0.34
2009-02-14,11.8,0.334
2009-02-15,10.8,0.306
2009-02-16,9.88,0.28
2009-02-17,9.53,0.27
2009-02-18,22.5,0.637
2009-02-19,14.8,0.419
2009-02-20,12.6,0.357
2009-02-21,11.9,0.337
2009-02-22,11.8,0.334
2009-02-23,11.0,0.311
2009-02-24,10.7,0.303
2009-02-25,10.4,0.294
2009-02-26,10.3,0.292
2009-02-27,273.0,7.73
2009-02-28,502.0,14.215
2009-03-01,154.0,4.361
2009-03-02,89.0,2.52
2009-03-03,59.8,1.693
2009-03-04,45.2,1.28
2009-03-05,36.8,1.042
2009-03-06,30.9,0.875
2009-03-07,27.5,0.779
2009-03-08,24.9,0.705
2009-03-09,23.3,0.66
2009-03-10,21.5,0.609
2009-03-11,20.4,0.578
2009-03-12,18.7,0.53
2009-03-13,18.8,0.532
2009-03-14,33.9,0.96
2009-03-15,133.0,3.766
2009-03-16,116.0,3.285
2009-03-17,82.8,2.345
2009-03-18,56.8,1.608
2009-03-19,43.6,1.235
2009-03-20,35.2,0.997
2009-03-21,29.8,0.844
2009-03-22,26.3,0.745
2009-03-23,24.0,0.68
2009-03-24,21.9,0.62
2009-03-25,31.6,0.895
2009-03-26,178.0,5.04
2009-03-27,139.0,3.936
2009-03-28,132.0,3.738
2009-03-29,84.4,2.39
2009-03-30,56.4,1.597
2009-03-31,51.4,1.455
2009-04-01,122.0,3.455
2009-04-02,78.6,2.226
2009-04-03,78.4,2.22
2009-04-04,56.1,1.589
2009-04-05,42.0,1.189
2009-04-06,37.8,1.07
2009-04-07,31.9,0.903
2009-04-08,28.5,0.807
2009-04-09,25.4,0.719
2009-04-10,23.3,0.66
2009-04-11,21.2,0.6
2009-04-12,20.1,0.569
2009-04-13,140.0,3.964
2009-04-14,61.1,1.73
2009-04-15,40.3,1.141
2009-04-16,31.7,0.898
2009-04-17,26.7,0.756
2009-04-18,23.5,0.665
2009-04-19,22.0,0.623
2009-04-20,23.6,0.668
2009-04-21,18.5,0.524
2009-04-22,15.1,0.428
2009-04-23,13.5,0.382
2009-04-24,12.1,0.343
2009-04-25,11.0,0.311
2009-04-26,10.3,0.292
2009-04-27,9.57,0.271
2009-04-28,8.77,0.248
2009-04-29,8.4,0.238
2009-04-30,8.17,0.231
2009-05-01,8.26,0.234
2009-05-02,26.8,0.759
2009-05-03,112.0,3.171
2009-05-04,90.2,2.554
2009-05-05,56.7,1.606
2009-05-06,39.2,1.11
2009-05-07,45.6,1.291
2009-05-08,31.8,0.9
2009-05-09,26.6,0.753
2009-05-10,48.5,1.373
2009-05-11,37.3,1.056
2009-05-12,31.3,0.886
2009-05-13,31.7,0.898
2009-05-14,30.7,0.869
2009-05-15,26.6,0.753
2009-05-16,71.5,2.025
2009-05-17,145.0,4.106
2009-05-18,110.0,3.115
2009-05-19,57.7,1.634
2009-05-20,39.2,1.11
2009-05-21,30.8,0.872
2009-05-22,26.1,0.739
2009-05-23,23.2,0.657
2009-05-24,86.6,2.452
2009-05-25,50.0,1.416
2009-05-26,59.6,1.688
2009-05-27,54.6,1.546
2009-05-28,43.7,1.237
2009-05-29,33.2,0.94
2009-05-30,26.9,0.762
2009-05-31,22.5,0.637
2009-06-01,19.8,0.561
2009-06-02,16.9,0.479
2009-06-03,13.6,0.385
2009-06-04,13.8,0.391
2009-06-05,14.7,0.416
2009-06-06,12.9,0.365
2009-06-07,10.8,0.306
2009-06-08,8.68,0.246
2009-06-09,7.68,0.217
2009-06-10,7.0,0.198
2009-06-11,6.81,0.193
2009-06-12,6.22,0.176
2009-06-13,19.2,0.544
2009-06-14,37.8,1.07
2009-06-15,51.5,1.458
2009-06-16,49.9,1.413
2009-06-17,20.2,0.572
2009-06-18,13.6,0.385
2009-06-19,10.6,0.3
2009-06-20,8.73,0.247
2009-06-21,7.45,0.211
2009-06-22,6.85,0.194
2009-06-23,5.45,0.154
2009-06-24,4.54,0.129
2009-06-25,4.1,0.116
2009-06-26,3.71,0.105
2009-06-27,3.21,0.091
2009-06-28,3.12,0.088
2009-06-29,2.72,0.077
2009-06-30,2.54,0.072
2009-07-01,3.14,0.089
2009-07-02,3.5,0.099
2009-07-03,3.05,0.086
2009-07-04,2.41,0.068
2009-07-05,3.4,0.096
2009-07-06,8.1,0.229
2009-07-07,5.8,0.164
2009-07-08,5.34,0.151
2009-07-09,3.78,0.107
2009-07-10,3.08,0.087
2009-07-11,2.83,0.08
2009-07-12,36.6,1.036
2009-07-13,106.0,3.002
2009-07-14,8.87,0.251
2009-07-15,4.41,0.125
2009-07-16,35.4,1.002
2009-07-17,12.1,0.343
2009-07-18,6.32,0.179
2009-07-19,4.53,0.128
2009-07-20,3.41,0.097
2009-07-21,2.74,0.078
2009-07-22,2.89,0.082
2009-07-23,6.03,0.171
2009-07-24,2.65,0.075
2009-07-25,2.39,0.068
2009-07-26,2.08,0.059
2009-07-27,1.83,0.052
2009-07-28,1.97,0.056
2009-07-29,2.77,0.078
2009-07-30,6.49,0.184
2009-07-31,33.0,0.934
2009-08-01,60.3,1.708
2009-08-02,34.7,0.983
2009-08-03,13.4,0.379
2009-08-04,7.95,0.225
2009-08-05,6.51,0.184
2009-08-06,5.12,0.145
2009-08-07,3.51,0.099
2009-08-08,2.97,0.084
2009-08-09,2.62,0.074
2009-08-10,2.5,0.071
2009-08-11,2.38,0.067
2009-08-12,3.07,0.087
2009-08-13,3.42,0.097
2009-08-14,2.86,0.081
2009-08-15,2.53,0.072
2009-08-16,2.21,0.063
2009-08-17,2.44,0.069
2009-08-18,3.3,0.093
2009-08-19,7.27,0.206
2009-08-20,19.2,0.544
2009-08-21,10.9,0.309
2009-08-22,15.1,0.428
2009-08-23,6.32,0.179
2009-08-24,3.82,0.108
2009-08-25,3.23,0.091
2009-08-26,2.63,0.074
2009-08-27,2.41,0.068
2009-08-28,2.62,0.074
2009-08-29,3.4,0.096
2009-08-30,9.25,0.262
2009-08-31,11.4,0.323
2009-09-01,3.8,0.108
2009-09-02,2.77,0.078
2009-09-03,2.98,0.084
2009-09-04,2.16,0.061
2009-09-05,7.59,0.215
2009-09-06,7.35,0.208
2009-09-07,4.17,0.118
2009-09-08,3.08,0.087
2009-09-09,4.72,0.134
2009-09-10,3.88,0.11
2009-09-11,3.82,0.108
2009-09-12,3.78,0.107
2009-09-13,3.47,0.098
2009-09-14,2.42,0.069
2009-09-15,2.33,0.066
2009-09-16,9.4,0.266
2009-09-17,514.0,14.555
2009-09-18,371.0,10.506
2009-09-19,522.0,14.781
2009-09-20,123.0,3.483
2009-09-21,170.0,4.814
2009-09-22,123.0,3.483
2009-09-23,68.3,1.934
2009-09-24,44.8,1.269
2009-09-25,35.3,1.0
2009-09-26,58.5,1.657
2009-09-27,46.8,1.325
2009-09-28,33.9,0.96
2009-09-29,24.8,0.702
2009-09-30,19.0,0.538
2009-10-01,15.0,0.425
2009-10-02,12.6,0.357
2009-10-03,10.5,0.297
2009-10-04,38.4,1.087
2009-10-05,152.0,4.304
2009-10-06,71.3,2.019
2009-10-07,307.0,8.693
2009-10-08,90.2,2.554
2009-10-09,57.0,1.614
2009-10-10,42.9,1.215
2009-10-11,33.7,0.954
2009-10-12,487.0,13.79
2009-10-13,156.0,4.417
2009-10-14,180.0,5.097
2009-10-15,125.0,3.54
2009-10-16,111.0,3.143
2009-10-17,72.7,2.059
2009-10-18,53.6,1.518
2009-10-19,41.3,1.169
2009-10-20,34.4,0.974
2009-10-21,28.7,0.813
2009-10-22,24.9,0.705
2009-10-23,24.6,0.697
2009-10-24,19.2,0.544
2009-10-25,16.0,0.453
2009-10-26,14.8,0.419
2009-10-27,13.4,0.379
2009-10-28,14.4,0.408
2009-10-29,12.2,0.345
2009-10-30,11.4,0.323
2009-10-31,47.3,1.339
2009-11-01,29.7,0.841
2009-11-02,22.3,0.631
2009-11-03,18.1,0.513
2009-11-04,15.7,0.445
2009-11-05,13.8,0.391
2009-11-06,12.3,0.348
2009-11-07,11.0,0.311
2009-11-08,9.63,0.273
2009-11-09,6.81,0.193
2009-11-10,752.0,21.294
2009-11-11,394.0,11.157
2009-11-12,118.0,3.341
2009-11-13,70.1,1.985
2009-11-14,50.7,1.436
2009-11-15,40.4,1.144
2009-11-16,33.7,0.954
2009-11-17,29.1,0.824
2009-11-18,24.8,0.702
2009-11-19,21.4,0.606
2009-11-20,18.9,0.535
2009-11-21,16.6,0.47
2009-11-22,26.6,0.753
2009-11-23,20.1,0.569
2009-11-24,17.1,0.484
2009-11-25,15.0,0.425
2009-11-26,13.8,0.391
2009-11-27,12.4,0.351
2009-11-28,11.2,0.317
2009-11-29,10.0,0.283
2009-11-30,15.7,0.445
2009-12-01,13.3,0.377
2009-12-02,224.0,6.343
2009-12-03,83.5,2.364
2009-12-04,51.7,1.464
2009-12-05,40.4,1.144
2009-12-06,32.2,0.912
2009-12-07,26.9,0.762
2009-12-08,41.1,1.164
2009-12-09,405.0,11.468
2009-12-10,93.0,2.633
2009-12-11,55.8,1.58
2009-12-12,42.4,1.201
2009-12-13,47.0,1.331
2009-12-14,38.4,1.087
2009-12-15,34.7,0.983
2009-12-16,29.7,0.841
2009-12-17,27.1,0.767
2009-12-18,209.0,5.918
2009-12-19,105.0,2.973
2009-12-20,58.8,1.665
2009-12-21,44.0,1.246
2009-12-22,35.9,1.017
2009-12-23,30.3,0.858
2009-12-24,78.9,2.234
2009-12-25,232.0,6.569
2009-12-26,74.7,2.115
2009-12-27,50.7,1.436
2009-12-28,39.0,1.104
2009-12-29,32.5,0.92
2009-12-30,28.7,0.813
2009-12-31,30.1,0.852
2010-01-01,29.7,0.841
2010-01-02,26.5,0.75
2010-01-03,25.9,0.733
2010-01-04,29.5,0.835
2010-01-05,28.4,0.804
2010-01-06,27.4,0.776
2010-01-07,27.0,0.765
2010-01-08,25.6,0.725
2010-01-09,22.4,0.634
2010-01-10,9.17,0.26
2010-01-11,6.99,0.198
2010-01-12,6.42,0.182
2010-01-13,5.84,0.165
2010-01-14,5.29,0.15
2010-01-15,4.99,0.141
2010-01-16,6.34,0.18
2010-01-17,20.9,0.592
2010-01-18,19.9,0.564
2010-01-19,17.3,0.49
2010-01-20,13.6,0.385
2010-01-21,98.6,2.792
2010-01-22,54.7,1.549
2010-01-23,44.3,1.254
2010-01-24,377.0,10.675
2010-01-25,148.0,4.191
2010-01-26,84.2,2.384
2010-01-27,62.5,1.77
2010-01-28,56.1,1.589
2010-01-29,54.8,1.552
2010-01-30,60.7,1.719
2010-01-31,52.1,1.475
2010-02-01,46.3,1.311
2010-02-02,34.0,0.963
2010-02-03,29.7,0.841
2010-02-04,55.5,1.572
2010-02-05,341.0,9.656
2010-02-06,110.0,3.115
2010-02-07,79.8,2.26
2010-02-08,66.9,1.894
2010-02-09,72.0,2.039
2010-02-10,61.8,1.75
2010-02-11,57.4,1.625
2010-02-12,55.8,1.58
2010-02-13,48.5,1.373
2010-02-14,36.0,1.019
2010-02-15,43.9,1.243
2010-02-16,38.0,1.076
2010-02-17,35.8,1.014
2010-02-18,32.4,0.917
2010-02-19,29.8,0.844
2010-02-20,26.7,0.756
2010-02-21,25.0,0.708
2010-02-22,28.0,0.793
2010-02-23,24.0,0.68
2010-02-24,21.3,0.603
2010-02-25,18.7,0.53
2010-02-26,17.1,0.484
2010-02-27,16.4,0.464
2010-02-28,15.0,0.425
2010-03-01,14.6,0.413
2010-03-02,45.3,1.283
2010-03-03,40.7,1.152
2010-03-04,33.8,0.957
2010-03-05,28.1,0.796
2010-03-06,24.2,0.685
2010-03-07,21.5,0.609
2010-03-08,19.7,0.558
2010-03-09,18.0,0.51
2010-03-10,567.0,16.056
2010-03-11,302.0,8.552
2010-03-12,244.0,6.909
2010-03-13,122.0,3.455
2010-03-14,77.8,2.203
2010-03-15,60.1,1.702
2010-03-16,49.3,1.396
2010-03-17,43.6,1.235
2010-03-18,39.4,1.116
2010-03-19,35.0,0.991
2010-03-20,29.8,0.844
2010-03-21,37.8,1.07
2010-03-22,39.9,1.13
2010-03-23,37.8,1.07
2010-03-24,35.4,1.002
2010-03-25,40.8,1.155
2010-03-26,38.9,1.102
2010-03-27,36.0,1.019
2010-03-28,34.8,0.985
2010-03-29,31.6,0.895
2010-03-30,28.0,0.793
2010-03-31,25.3,0.716
2010-04-01,22.8,0.646
2010-04-02,20.4,0.578
2010-04-03,17.6,0.498
2010-04-04,15.5,0.439
2010-04-05,13.4,0.379
2010-04-06,12.1,0.343
2010-04-07,10.7,0.303
2010-04-08,76.3,2.161
2010-04-09,52.4,1.484
2010-04-10,38.2,1.082
2010-04-11,30.2,0.855
2010-04-12,24.7,0.699
2010-04-13,19.8,0.561
2010-04-14,15.7,0.445
2010-04-15,12.8,0.362
2010-04-16,9.3,0.263
2010-04-17,7.81,0.221
2010-04-18,5.64,0.16
2010-04-19,4.58,0.13
2010-04-20,4.13,0.117
2010-04-21,3.39,0.096
2010-04-22,3.06,0.087
2010-04-23,4.67,0.132
2010-04-24,300.0,8.495
2010-04-25,195.0,5.522
2010-04-26,75.3,2.132
2010-04-27,50.6,1.433
2010-04-28,36.6,1.036
2010-04-29,26.8,0.759
2010-04-30,19.9,0.564
2010-05-01,15.3,0.433
2010-05-02,29.3,0.83
2010-05-03,118.0,3.341
2010-05-04,57.6,1.631
2010-05-05,40.0,1.133
2010-05-06,28.2,0.799
2010-05-07,20.2,0.572
2010-05-08,13.6,0.385
2010-05-09,9.0,0.255
2010-05-10,6.81,0.193
2010-05-11,6.27,0.178
2010-05-12,4.66,0.132
2010-05-13,3.45,0.098
2010-05-14,2.72,0.077
2010-05-15,2.12,0.06
2010-05-16,185.0,5.239
2010-05-17,60.8,1.722
2010-05-18,26.9,0.762
2010-05-19,15.1,0.428
2010-05-20,57.4,1.625
2010-05-21,364.0,10.307
2010-05-22,140.0,3.964
2010-05-23,74.8,2.118
2010-05-24,50.2,1.422
2010-05-25,36.6,1.036
2010-05-26,27.4,0.776
2010-05-27,21.2,0.6
2010-05-28,55.2,1.563
2010-05-29,238.0,6.739
2010-05-30,140.0,3.964
2010-05-31,108.0,3.058
2010-06-01,78.6,2.226
2010-06-02,71.7,2.03
2010-06-03,137.0,3.879
2010-06-04,240.0,6.796
2010-06-05,148.0,4.191
2010-06-06,102.0,2.888
2010-06-07,74.3,2.104
2010-06-08,56.3,1.594
2010-06-09,95.3,2.699
2010-06-10,57.3,1.623
2010-06-11,45.8,1.297
2010-06-12,44.3,1.254
2010-06-13,36.5,1.034
2010-06-14,29.8,0.844
2010-06-15,26.8,0.759
2010-06-16,25.3,0.716
2010-06-17,20.9,0.592
2010-06-18,17.8,0.504
2010-06-19,16.8,0.476
2010-06-20,16.9,0.479
2010-06-21,13.0,0.368
2010-06-22,11.2,0.317
2010-06-23,9.04,0.256
2010-06-24,8.44,0.239
2010-06-25,5.76,0.163
2010-06-26,5.51,0.156
2010-06-27,5.74,0.163
2010-06-28,70.3,1.991
2010-06-29,23.8,0.674
2010-06-30,7.87,0.223
2010-07-01,5.9,0.167
2010-07-02,4.31,0.122
2010-07-03,3.34,0.095
2010-07-04,3.25,0.092
2010-07-05,2.92,0.083
2010-07-06,2.74,0.078
2010-07-07,2.14,0.061
2010-07-08,2.11,0.06
2010-07-09,1.69,0.048
2010-07-10,1.62,0.046
2010-07-11,1.81,0.051
2010-07-12,1.56,0.044
2010-07-13,1.52,0.043
2010-07-14,1.96,0.056
2010-07-15,1.66,0.047
2010-07-16,28.3,0.801
2010-07-17,62.5,1.77
2010-07-18,41.9,1.186
2010-07-19,8.23,0.233
2010-07-20,5.75,0.163
2010-07-21,3.73,0.106
2010-07-22,2.56,0.072
2010-07-23,2.17,0.061
2010-07-24,1.87,0.053
2010-07-25,1.59,0.045
2010-07-26,4.9,0.139
2010-07-27,2.78,0.079
2010-07-28,1.67,0.047
2010-07-29,1.38,0.039
2010-07-30,1.17,0.033
2010-07-31,1.0,0.028
2010-08-01,0.96,0.027
2010-08-02,0.9,0.025
2010-08-03,0.81,0.023
2010-08-04,4.91,0.139
2010-08-05,4.14,0.117
2010-08-06,2.2,0.062
2010-08-07,7.85,0.222
2010-08-08,5.38,0.152
2010-08-09,4.6,0.13
2010-08-10,3.83,0.108
2010-08-11,2.59,0.073
2010-08-12,1.6,0.045
2010-08-13,1.1,0.031
2010-08-14,140.0,3.964
2010-08-15,2.11,0.06
2010-08-16,1.57,0.044
2010-08-17,18.1,0.513
2010-08-18,1.31,0.037
2010-08-19,1.04,0.029
2010-08-20,1.09,0.031
2010-08-21,2.89,0.082
2010-08-22,1.67,0.047
2010-08-23,1.0,0.028
2010-08-24,0.77,0.022
2010-08-25,0.85,0.024
2010-08-26,0.8,0.023
2010-08-27,0.7,0.02
2010-08-28,0.68,0.019
2010-08-29,25.5,0.722
2010-08-30,16.8,0.476
2010-08-31,4.59,0.13
2010-09-01,2.26,0.064
2010-09-02,1.55,0.044
2010-09-03,1.11,0.031
2010-09-04,0.8,0.023
2010-09-05,0.5,0.014
2010-09-06,0.32,0.009
2010-09-07,0.25,0.007
2010-09-08,0.17,0.005
2010-09-09,0.13,0.004
2010-09-10,0.1,0.003
2010-09-11,0.1,0.003
2010-09-12,0.09,0.003
2010-09-13,0.08,0.002
2010-09-14,0.08,0.002
2010-09-15,0.06,0.002
2010-09-16,0.04,0.001
2010-09-17,0.02,0.001
2010-09-18,0.01,0.0
2010-09-19,0.0,0.0
2010-09-20,0.0,0.0
2010-09-21,0.0,0.0
2010-09-22,0.0,0.0
2010-09-23,0.0,0.0
2010-09-24,0.0,0.0
2010-09-25,0.0,0.0
2010-09-26,0.0,0.0
2010-09-27,0.0,0.0
2010-09-28,0.0,0.0
2010-09-29,0.0,0.0
2010-09-30,0.0,0.0
2010-10-01,0.0,0.0
2010-10-02,0.0,0.0
2010-10-03,0.0,0.0
2010-10-04,0.0,0.0
2010-10-05,0.0,0.0
2010-10-06,0.0,0.0
2010-10-07,0.0,0.0
2010-10-08,0.0,0.0
2010-10-09,0.0,0.0
2010-10-10,0.01,0.0
2010-10-11,0.04,0.001
2010-10-12,0.02,0.001
2010-10-13,0.0,0.0
2010-10-14,0.0,0.0
2010-10-15,0.0,0.0
2010-10-16,0.0,0.0
2010-10-17,0.0,0.0
2010-10-18,0.0,0.0
2010-10-19,0.0,0.0
2010-10-20,0.0,0.0
2010-10-21,0.0,0.0
2010-10-22,0.0,0.0
2010-10-23,0.0,0.0
2010-10-24,0.01,0.0
2010-10-25,2.31,0.065
2010-10-26,10.5,0.297
2010-10-27,47.8,1.354
2010-10-28,1.56,0.044
2010-10-29,0.71,0.02
2010-10-30,0.26,0.007
2010-10-31,0.07,0.002
2010-11-01,0.01,0.0
2010-11-02,0.0,0.0
2010-11-03,0.0,0.0
2010-11-04,0.04,0.001
2010-11-05,0.09,0.003
2010-11-06,0.13,0.004
2010-11-07,0.07,0.002
2010-11-08,0.0,0.0
2010-11-09,0.0,0.0
2010-11-10,0.0,0.0
2010-11-11,0.0,0.0
2010-11-12,0.0,0.0
2010-11-13,0.0,0.0
2010-11-14,0.0,0.0
2010-11-15,4.23,0.12
2010-11-16,70.3,1.991
2010-11-17,13.8,0.391
2010-11-18,2.75,0.078
2010-11-19,1.32,0.037
2010-11-20,0.96,0.027
2010-11-21,0.8,0.023
2010-11-22,0.67,0.019
2010-11-23,0.66,0.019
2010-11-24,0.75,0.021
2010-11-25,0.73,0.021
2010-11-26,5.25,0.149
2010-11-27,1.69,0.048
2010-11-28,1.19,0.034
2010-11-29,1.93,0.055
2010-11-30,160.0,4.531
2010-12-01,48.4,1.371
2010-12-02,19.4,0.549
2010-12-03,9.16,0.259
2010-12-04,4.48,0.127
2010-12-05,2.18,0.062
2010-12-06,1.15,0.033
2010-12-07,0.98,0.028
2010-12-08,1.95,0.055
2010-12-09,3.87,0.11
2010-12-10,1.44,0.041
2010-12-11,0.85,0.024
2010-12-12,14.3,0.405
2010-12-13,3.35,0.095
2010-12-14,1.44,0.041
2010-12-15,0.85,0.024
2010-12-16,0.88,0.025
2010-12-17,0.83,0.024
2010-12-18,0.29,0.008
2010-12-19,0.01,0.0
2010-12-20,0.07,0.002
2010-12-21,0.0,0.0
2010-12-22,0.0,0.0
2010-12-23,0.0,0.0
2010-12-24,0.25,0.007
2010-12-25,0.0,0.0
2010-12-26,0.0,0.0
2010-12-27,0.0,0.0
2010-12-28,0.0,0.0
2010-12-29,0.0,0.0
2010-12-30,0.0,0.0
2010-12-31,0.11,0.003
2011-01-01,222.0,6.286
2011-01-02,70.4,1.994
2011-01-03,35.7,1.011
2011-01-04,22.5,0.637
2011-01-05,14.5,0.411
2011-01-06,10.4,0.294
2011-01-07,6.06,0.172
2011-01-08,3.51,0.099
2011-01-09,2.11,0.06
2011-01-10,3.51,0.099
2011-01-11,3.16,0.089
2011-01-12,2.28,0.065
2011-01-13,1.53,0.043
2011-01-14,1.27,0.036
2011-01-15,1.61,0.046
2011-01-16,2.49,0.071
2011-01-17,4.63,0.131
2011-01-18,6.95,0.197
2011-01-19,6.0,0.17
2011-01-20,6.85,0.194
2011-01-21,10.9,0.309
2011-01-22,4.8,0.136
2011-01-23,2.14,0.061
2011-01-24,1.24,0.035
2011-01-25,1.81,0.051
2011-01-26,2.95,0.084
2011-01-27,2.16,0.061
2011-01-28,2.07,0.059
2011-01-29,1.5,0.042
2011-01-30,1.15,0.033
2011-01-31,1.91,0.054
2011-02-01,21.7,0.614
2011-02-02,50.4,1.427
2011-02-03,33.0,0.934
2011-02-04,65.0,1.841
2011-02-05,67.5,1.911
2011-02-06,44.1,1.249
2011-02-07,32.3,0.915
2011-02-08,23.1,0.654
2011-02-09,16.3,0.462
2011-02-10,12.7,0.36
2011-02-11,8.85,0.251
2011-02-12,5.86,0.166
2011-02-13,4.07,0.115
2011-02-14,3.21,0.091
2011-02-15,2.18,0.062
2011-02-16,1.61,0.046
2011-02-17,1.3,0.037
2011-02-18,0.98,0.028
2011-02-19,0.75,0.021
2011-02-20,0.73,0.021
2011-02-21,0.28,0.008
2011-02-22,0.09,0.003
2011-02-23,0.0,0.0
2011-02-24,0.0,0.0
2011-02-25,33.8,0.957
2011-02-26,16.1,0.456
2011-02-27,10.1,0.286
2011-02-28,51.3,1.453
2011-03-01,56.4,1.597
2011-03-02,33.8,0.957
2011-03-03,22.9,0.648
2011-03-04,15.9,0.45
2011-03-05,134.0,3.794
2011-03-06,419.0,11.865
2011-03-07,105.0,2.973
2011-03-08,76.3,2.161
2011-03-09,1160.0,32.847
2011-03-10,288.0,8.155
2011-03-11,124.0,3.511
2011-03-12,83.5,2.364
2011-03-13,65.0,1.841
2011-03-14,59.4,1.682
2011-03-15,157.0,4.446
2011-03-16,94.4,2.673
2011-03-17,68.6,1.943
2011-03-18,55.3,1.566
2011-03-19,45.7,1.294
2011-03-20,37.3,1.056
2011-03-21,30.0,0.85
2011-03-22,25.7,0.728
2011-03-23,22.5,0.637
2011-03-24,19.0,0.538
2011-03-25,15.4,0.436
2011-03-26,19.6,0.555
2011-03-27,72.7,2.059
2011-03-28,56.6,1.603
2011-03-29,46.8,1.325
2011-03-30,178.0,5.04
2011-03-31,89.9,2.546
2011-04-01,64.1,1.815
2011-04-02,48.7,1.379
2011-04-03,38.2,1.082
2011-04-04,129.0,3.653
2011-04-05,304.0,8.608
2011-04-06,106.0,3.002
2011-04-07,71.1,2.013
2011-04-08,55.8,1.58
2011-04-09,44.0,1.246
2011-04-10,34.5,0.977
2011-04-11,41.5,1.175
2011-04-12,49.5,1.402
2011-04-13,30.3,0.858
2011-04-14,24.0,0.68
2011-04-15,72.6,2.056
2011-04-16,149.0,4.219
2011-04-17,72.8,2.061
2011-04-18,52.1,1.475
2011-04-19,39.4,1.116
2011-04-20,49.1,1.39
2011-04-21,82.4,2.333
2011-04-22,58.8,1.665
2011-04-23,43.4,1.229
2011-04-24,33.0,0.934
2011-04-25,26.0,0.736
2011-04-26,21.1,0.597
2011-04-27,69.1,1.957
2011-04-28,84.6,2.396
2011-04-29,45.5,1.288
2011-04-30,33.1,0.937
2011-05-01,23.8,0.674
2011-05-02,18.4,0.521
2011-05-03,21.8,0.617
2011-05-04,20.5,0.58
2011-05-05,14.3,0.405
2011-05-06,11.8,0.334
2011-05-07,9.92,0.281
2011-05-08,8.39,0.238
2011-05-09,7.24,0.205
2011-05-10,6.08,0.172
2011-05-11,5.04,0.143
2011-05-12,4.22,0.119
2011-05-13,20.5,0.58
2011-05-14,10.2,0.289
2011-05-15,6.24,0.177
2011-05-16,4.48,0.127
2011-05-17,3.76,0.106
2011-05-18,3.37,0.095
2011-05-19,3.03,0.086
2011-05-20,2.82,0.08
2011-05-21,2.53,0.072
2011-05-22,2.39,0.068
2011-05-23,2.0,0.057
2011-05-24,1.82,0.052
2011-05-25,1.73,0.049
2011-05-26,3.19,0.09
2011-05-27,8.38,0.237
2011-05-28,3.1,0.088
2011-05-29,2.25,0.064
2011-05-30,1.72,0.049
2011-05-31,1.25,0.035
2011-06-01,0.65,0.018
2011-06-02,0.45,0.013
2011-06-03,0.06,0.002
2011-06-04,0.0,0.0
2011-06-05,0.0,0.0
2011-06-06,0.0,0.0
2011-06-07,0.0,0.0
2011-06-08,0.0,0.0
2011-06-09,0.0,0.0
2011-06-10,0.0,0.0
2011-06-11,0.5,0.014
2011-06-12,0.0,0.0
2011-06-13,0.0,0.0
2011-06-14,0.0,0.0
2011-06-15,0.0,0.0
2011-06-16,0.0,0.0
2011-06-17,1.0,0.028
2011-06-18,0.0,0.0
2011-06-19,0.0,0.0
2011-06-20,0.0,0.0
2011-06-21,2.0,0.057
2011-06-22,20.0,0.566
2011-06-23,51.6,1.461
2011-06-24,14.2,0.402
2011-06-25,17.2,0.487
2011-06-26,4.52,0.128
2011-06-27,2.83,0.08
2011-06-28,9.43,0.267
2011-06-29,2.97,0.084
2011-06-30,1.01,0.029
2011-07-01,0.06,0.002
2011-07-02,0.05,0.001
2011-07-03,0.04,0.001
2011-07-04,12.8,0.362
2011-07-05,0.12,0.003
2011-07-06,0.07,0.002
2011-07-07,3.72,0.105
2011-07-08,0.09,0.003
2011-07-09,0.06,0.002
2011-07-10,0.07,0.002
2011-07-11,21.7,0.614
2011-07-12,0.24,0.007
2011-07-13,54.2,1.535
2011-07-14,5.24,0.148
2011-07-15,0.99,0.028
2011-07-16,0.23,0.007
2011-07-17,0.18,0.005
2011-07-18,0.12,0.003
2011-07-19,0.08,0.002
2011-07-20,5.48,0.155
2011-07-21,416.0,11.78
2011-07-22,19.0,0.538
2011-07-23,8.06,0.228
2011-07-24,2.94,0.083
2011-07-25,1.69,0.048
2011-07-26,8.14,0.23
2011-07-27,1.35,0.038
2011-07-28,0.6,0.017
2011-07-29,0.37,0.01
2011-07-30,0.32,0.009
2011-07-31,0.31,0.009
2011-08-01,0.25,0.007
2011-08-02,0.2,0.006
2011-08-03,0.14,0.004
2011-08-04,0.15,0.004
2011-08-05,0.2,0.006
2011-08-06,0.14,0.004
2011-08-07,0.15,0.004
2011-08-08,1.87,0.053
2011-08-09,1.93,0.055
2011-08-10,0.29,0.008
2011-08-11,0.23,0.007
2011-08-12,0.25,0.007
2011-08-13,0.23,0.007
2011-08-14,0.17,0.005
2011-08-15,0.17,0.005
2011-08-16,0.1,0.003
2011-08-17,0.08,0.002
2011-08-18,0.06,0.002
2011-08-19,0.05,0.001
2011-08-20,0.04,0.001
2011-08-21,0.04,0.001
2011-08-22,0.04,0.001
2011-08-23,0.04,0.001
2011-08-24,0.04,0.001
2011-08-25,0.04,0.001
2011-08-26,0.04,0.001
2011-08-27,0.04,0.001
2011-08-28,0.04,0.001
2011-08-29,0.04,0.001
2011-08-30,0.04,0.001
2011-08-31,0.04,0.001
2011-09-01,0.04,0.001
2011-09-02,0.04,0.001
2011-09-03,0.03,0.001
2011-09-04,0.04,0.001
2011-09-05,1050.0,29.733
2011-09-06,473.0,13.394
2011-09-07,78.8,2.231
2011-09-08,43.6,1.235
2011-09-09,28.9,0.818
2011-09-10,20.2,0.572
2011-09-11,15.7,0.445
2011-09-12,13.7,0.388
2011-09-13,11.1,0.314
2011-09-14,9.56,0.271
2011-09-15,7.66,0.217
2011-09-16,6.4,0.181
2011-09-17,5.41,0.153
2011-09-18,4.03,0.114
2011-09-19,2.96,0.084
2011-09-20,697.0,19.737
2011-09-21,123.0,3.483
2011-09-22,54.7,1.549
2011-09-23,43.0,1.218
2011-09-24,27.1,0.767
2011-09-25,19.5,0.552
2011-09-26,17.1,0.484
2011-09-27,15.5,0.439
2011-09-28,13.0,0.368
2011-09-29,10.8,0.306
2011-09-30,9.69,0.274
2011-10-01,7.12,0.202
2011-10-02,5.56,0.157
2011-10-03,4.58,0.13
2011-10-04,3.57,0.101
2011-10-05,3.05,0.086
2011-10-06,2.64,0.075
2011-10-07,1.69,0.048
2011-10-08,1.26,0.036
2011-10-09,1.02,0.029
2011-10-10,0.88,0.025
2011-10-11,2.05,0.058
2011-10-12,1.61,0.046
2011-10-13,1.76,0.05
2011-10-14,1.23,0.035
2011-10-15,1.17,0.033
2011-10-16,1.1,0.031
2011-10-17,0.98,0.028
2011-10-18,1.18,0.033
2011-10-19,1.42,0.04
2011-10-20,0.88,0.025
2011-10-21,0.51,0.014
2011-10-22,0.4,0.011
2011-10-23,0.4,0.011
2011-10-24,2.61,0.074
2011-10-25,1.39,0.039
2011-10-26,1.04,0.029
2011-10-27,0.68,0.019
2011-10-28,0.53,0.015
2011-10-29,0.52,0.015
2011-10-30,0.51,0.014
2011-10-31,0.46,0.013
2011-11-01,0.73,0.021
2011-11-02,0.74,0.021
2011-11-03,0.89,0.025
2011-11-04,1.49,0.042
2011-11-05,1.37,0.039
2011-11-06,1.11,0.031
2011-11-07,1.59,0.045
2011-11-08,1.95,0.055
2011-11-09,2.32,0.066
2011-11-10,4.55,0.129
2011-11-11,3.32,0.094
2011-11-12,3.57,0.101
2011-11-13,3.48,0.099
2011-11-14,4.77,0.135
2011-11-15,14.3,0.405
2011-11-16,34.7,0.983
2011-11-17,17.7,0.501
2011-11-18,13.9,0.394
2011-11-19,10.7,0.303
2011-11-20,12.4,0.351
2011-11-21,12.9,0.365
2011-11-22,45.9,1.3
2011-11-23,23.4,0.663
2011-11-24,10.7,0.303
2011-11-25,8.18,0.232
2011-11-26,7.8,0.221
2011-11-27,162.0,4.587
2011-11-28,245.0,6.938
2011-11-29,134.0,3.794
2011-11-30,54.1,1.532
2011-12-01,25.6,0.725
2011-12-02,18.6,0.527
2011-12-03,15.6,0.442
2011-12-04,13.9,0.394
2011-12-05,13.1,0.371
2011-12-06,62.3,1.764
2011-12-07,201.0,5.692
2011-12-08,102.0,2.888
2011-12-09,50.3,1.424
2011-12-10,34.5,0.977
2011-12-11,16.8,0.476
2011-12-12,16.3,0.462
2011-12-13,16.0,0.453
2011-12-14,14.9,0.422
2011-12-15,13.8,0.391
2011-12-16,20.1,0.569
2011-12-17,16.8,0.476
2011-12-18,15.1,0.428
2011-12-19,14.0,0.396
2011-12-20,13.1,0.371
2011-12-21,17.4,0.493
2011-12-22,81.5,2.308
2011-12-23,67.9,1.923
2011-12-24,39.8,1.127
2011-12-25,38.0,1.076
2011-12-26,35.0,0.991
2011-12-27,109.0,3.087
2011-12-28,56.6,1.603
2011-12-29,39.3,1.113
2011-12-30,30.5,0.864
2011-12-31,24.6,0.697
2012-01-01,20.4,0.578
2012-01-02,17.8,0.504
2012-01-03,15.8,0.447
2012-01-04,14.4,0.408
2012-01-05,13.7,0.388
2012-01-06,12.9,0.365
2012-01-07,12.3,0.348
2012-01-08,12.1,0.343
2012-01-09,11.5,0.326
2012-01-10,11.2,0.317
2012-01-11,41.5,1.175
2012-01-12,30.4,0.861
2012-01-13,22.7,0.643
2012-01-14,18.6,0.527
2012-01-15,16.7,0.473
2012-01-16,14.4,0.408
2012-01-17,17.9,0.507
2012-01-18,18.5,0.524
2012-01-19,15.9,0.45
2012-01-20,17.4,0.493
2012-01-21,48.5,1.373
2012-01-22,43.2,1.223
2012-01-23,197.0,5.578
2012-01-24,74.0,2.095
2012-01-25,44.8,1.269
2012-01-26,831.0,23.531
2012-01-27,298.0,8.438
2012-01-28,121.0,3.426
2012-01-29,76.0,2.152
2012-01-30,58.8,1.665
2012-01-31,49.6,1.405
2012-02-01,52.4,1.484
2012-02-02,49.8,1.41
2012-02-03,44.5,1.26
2012-02-04,55.1,1.56
2012-02-05,66.7,1.889
2012-02-06,55.4,1.569
2012-02-07,48.2,1.365
2012-02-08,43.3,1.226
2012-02-09,39.3,1.113
2012-02-10,36.7,1.039
2012-02-11,34.6,0.98
2012-02-12,31.3,0.886
2012-02-13,29.5,0.835
2012-02-14,32.0,0.906
2012-02-15,29.1,0.824
2012-02-16,39.0,1.104
2012-02-17,34.2,0.968
2012-02-18,50.7,1.436
2012-02-19,73.6,2.084
2012-02-20,56.5,1.6
2012-02-21,47.9,1.356
2012-02-22,43.5,1.232
2012-02-23,39.8,1.127
2012-02-24,37.9,1.073
2012-02-25,33.2,0.94
2012-02-26,30.3,0.858
2012-02-27,29.3,0.83
2012-02-28,28.4,0.804
2012-02-29,30.3,0.858
2012-03-01,51.1,1.447
2012-03-02,39.4,1.116
2012-03-03,174.0,4.927
2012-03-04,81.7,2.313
2012-03-05,56.6,1.603
2012-03-06,45.0,1.274
2012-03-07,39.9,1.13
2012-03-08,40.3,1.141
2012-03-09,182.0,5.154
2012-03-10,86.0,2.435
2012-03-11,60.3,1.708
2012-03-12,50.9,1.441
2012-03-13,44.9,1.271
2012-03-14,40.4,1.144
2012-03-15,37.5,1.062
2012-03-16,35.4,1.002
2012-03-17,33.0,0.934
2012-03-18,30.3,0.858
2012-03-19,28.0,0.793
2012-03-20,25.9,0.733
2012-03-21,25.0,0.708
2012-03-22,31.9,0.903
2012-03-23,65.2,1.846
2012-03-24,45.9,1.3
2012-03-25,38.0,1.076
2012-03-26,33.3,0.943
2012-03-27,31.2,0.883
2012-03-28,27.2,0.77
2012-03-29,25.5,0.722
2012-03-30,25.4,0.719
2012-03-31,25.2,0.714
2012-04-01,25.1,0.711
2012-04-02,23.4,0.663
2012-04-03,19.9,0.564
2012-04-04,18.1,0.513
2012-04-05,19.6,0.555
2012-04-06,19.8,0.561
2012-04-07,17.3,0.49
2012-04-08,16.4,0.464
2012-04-09,15.4,0.436
2012-04-10,14.4,0.408
2012-04-11,14.4,0.408
2012-04-12,13.2,0.374
2012-04-13,12.4,0.351
2012-04-14,11.4,0.323
2012-04-15,11.2,0.317
2012-04-16,12.7,0.36
2012-04-17,25.7,0.728
2012-04-18,16.2,0.459
2012-04-19,13.1,0.371
2012-04-20,12.2,0.345
2012-04-21,10.9,0.309
2012-04-22,10.2,0.289
2012-04-23,10.3,0.292
2012-04-24,8.81,0.249
2012-04-25,7.32,0.207
2012-04-26,6.66,0.189
2012-04-27,5.54,0.157
2012-04-28,4.66,0.132
2012-04-29,4.42,0.125
2012-04-30,3.83,0.108
2012-05-01,3.72,0.105
2012-05-02,3.49,0.099
2012-05-03,13.8,0.391
2012-05-04,11.9,0.337
2012-05-05,7.74,0.219
2012-05-06,6.5,0.184
2012-05-07,61.3,1.736
2012-05-08,29.8,0.844
2012-05-09,18.6,0.527
2012-05-10,13.6,0.385
2012-05-11,10.7,0.303
2012-05-12,9.04,0.256
2012-05-13,34.7,0.983
2012-05-14,26.3,0.745
2012-05-15,17.5,0.496
2012-05-16,13.5,0.382
2012-05-17,11.4,0.323
2012-05-18,9.79,0.277
2012-05-19,7.1,0.201
2012-05-20,4.55,0.129
2012-05-21,4.32,0.122
2012-05-22,7.22,0.204
2012-05-23,5.41,0.153
2012-05-24,3.56,0.101
2012-05-25,3.37,0.095
2012-05-26,5.1,0.144
2012-05-27,2.39,0.068
2012-05-28,1.25,0.035
2012-05-29,1.13,0.032
2012-05-30,0.73,0.021
2012-05-31,0.43,0.012
2012-06-01,0.41,0.012
2012-06-02,0.37,0.01
2012-06-03,0.42,0.012
2012-06-04,17.3,0.49
2012-06-05,6.35,0.18
2012-06-06,2.32,0.066
2012-06-07,1.42,0.04
2012-06-08,0.9,0.025
2012-06-09,0.57,0.016
2012-06-10,1.07,0.03
2012-06-11,30.5,0.864
2012-06-12,21.8,0.617
2012-06-13,7.65,0.217
2012-06-14,3.49,0.099
2012-06-15,3.12,0.088
2012-06-16,2.85,0.081
2012-06-17,1.89,0.054
2012-06-18,1.36,0.039
2012-06-19,0.58,0.016
2012-06-20,0.29,0.008
2012-06-21,0.27,0.008
2012-06-22,0.21,0.006
2012-06-23,0.16,0.005
2012-06-24,0.14,0.004
2012-06-25,0.12,0.003
2012-06-26,0.11,0.003
2012-06-27,0.11,0.003
2012-06-28,0.11,0.003
2012-06-29,0.1,0.003
2012-06-30,0.1,0.003
2012-07-01,0.1,0.003
2012-07-02,0.1,0.003
2012-07-03,0.1,0.003
2012-07-04,0.09,0.003
2012-07-05,0.09,0.003
2012-07-06,0.09,0.003
2012-07-07,0.09,0.003
2012-07-08,0.08,0.002
2012-07-09,0.09,0.003
2012-07-10,0.18,0.005
2012-07-11,2.31,0.065
2012-07-12,1.21,0.034
2012-07-13,0.6,0.017
2012-07-14,0.19,0.005
2012-07-15,0.13,0.004
2012-07-16,1.39,0.039
2012-07-17,3.6,0.102
2012-07-18,0.8,0.023
2012-07-19,0.27,0.008
2012-07-20,1.48,0.042
2012-07-21,2.4,0.068
2012-07-22,1.0,0.028
2012-07-23,0.25,0.007
2012-07-24,0.16,0.005
2012-07-25,0.13,0.004
2012-07-26,0.11,0.003
2012-07-27,0.11,0.003
2012-07-28,0.1,0.003
2012-07-29,0.1,0.003
2012-07-30,0.1,0.003
2012-07-31,271.0,7.674
2012-08-01,3.8,0.108
2012-08-02,0.32,0.009
2012-08-03,1.41,0.04
2012-08-04,0.2,0.006
2012-08-05,0.12,0.003
2012-08-06,0.1,0.003
2012-08-07,0.09,0.003
2012-08-08,0.08,0.002
2012-08-09,9.39,0.266
2012-08-10,12.7,0.36
2012-08-11,6.63,0.188
2012-08-12,0.34,0.01
2012-08-13,0.27,0.008
2012-08-14,0.33,0.009
2012-08-15,0.21,0.006
2012-08-16,0.17,0.005
2012-08-17,0.18,0.005
2012-08-18,10.4,0.294
2012-08-19,3.06,0.087
2012-08-20,0.5,0.014
2012-08-21,0.28,0.008
2012-08-22,0.2,0.006
2012-08-23,0.17,0.005
2012-08-24,0.13,0.004
2012-08-25,0.22,0.006
2012-08-26,0.4,0.011
2012-08-27,0.13,0.004
2012-08-28,7.06,0.2
2012-08-29,1.92,0.054
2012-08-30,0.35,0.01
2012-08-31,0.31,0.009
2012-09-01,15.2,0.43
2012-09-02,4.32,0.122
2012-09-03,267.0,7.561
2012-09-04,96.7,2.738
2012-09-05,24.8,0.702
2012-09-06,9.49,0.269
2012-09-07,3.23,0.091
2012-09-08,2.73,0.077
2012-09-09,1.59,0.045
2012-09-10,0.84,0.024
2012-09-11,0.54,0.015
2012-09-12,0.45,0.013
2012-09-13,0.48,0.014
2012-09-14,0.31,0.009
2012-09-15,0.3,0.008
2012-09-16,0.29,0.008
2012-09-17,6.25,0.177
2012-09-18,82.1,2.325
2012-09-19,13.1,0.371
2012-09-20,5.08,0.144
2012-09-21,2.69,0.076
2012-09-22,2.13,0.06
2012-09-23,1.67,0.047
2012-09-24,1.27,0.036
2012-09-25,1.06,0.03
2012-09-26,0.84,0.024
2012-09-27,0.86,0.024
2012-09-28,0.84,0.024
2012-09-29,0.77,0.022
2012-09-30,12.8,0.362
2012-10-01,32.3,0.915
2012-10-02,11.9,0.337
2012-10-03,6.01,0.17
2012-10-04,4.01,0.114
2012-10-05,3.35,0.095
2012-10-06,2.99,0.085
2012-10-07,3.04,0.086
2012-10-08,1.44,0.041
2012-10-09,1.0,0.028
2012-10-10,1.24,0.035
2012-10-11,1.71,0.048
2012-10-12,1.68,0.048
2012-10-13,1.78,0.05
2012-10-14,1.83,0.052
2012-10-15,5.87,0.166
2012-10-16,4.33,0.123
2012-10-17,3.1,0.088
2012-10-18,12.4,0.351
2012-10-19,5.69,0.161
2012-10-20,4.73,0.134
2012-10-21,4.34,0.123
2012-10-22,3.64,0.103
2012-10-23,3.3,0.093
2012-10-24,3.25,0.092
2012-10-25,3.59,0.102
2012-10-26,5.09,0.144
2012-10-27,4.37,0.124
2012-10-28,3.72,0.105
2012-10-29,3.6,0.102
2012-10-30,3.71,0.105
2012-10-31,3.31,0.094
2012-11-01,3.24,0.092
2012-11-02,3.24,0.092
2012-11-03,3.18,0.09
2012-11-04,3.18,0.09
2012-11-05,3.44,0.097
2012-11-06,9.75,0.276
2012-11-07,6.87,0.195
2012-11-08,5.29,0.15
2012-11-09,4.49,0.127
2012-11-10,4.19,0.119
2012-11-11,4.06,0.115
2012-11-12,12.4,0.351
2012-11-13,12.8,0.362
2012-11-14,9.94,0.281
2012-11-15,8.38,0.237
2012-11-16,7.31,0.207
2012-11-17,6.46,0.183
2012-11-18,6.38,0.181
2012-11-19,6.35,0.18
2012-11-20,8.9,0.252
2012-11-21,6.93,0.196
2012-11-22,6.39,0.181
2012-11-23,6.26,0.177
2012-11-24,6.37,0.18
2012-11-25,5.89,0.167
2012-11-26,5.51,0.156
2012-11-27,10.9,0.309
2012-11-28,11.7,0.331
2012-11-29,10.1,0.286
2012-11-30,9.32,0.264
2012-12-01,8.51,0.241
2012-12-02,8.9,0.252
2012-12-03,7.65,0.217
2012-12-04,7.26,0.206
2012-12-05,7.12,0.202
2012-12-06,7.24,0.205
2012-12-07,6.71,0.19
2012-12-08,6.96,0.197
2012-12-09,5.8,0.164
2012-12-10,45.8,1.297
2012-12-11,27.6,0.782
2012-12-12,17.9,0.507
2012-12-13,14.5,0.411
2012-12-14,12.6,0.357
2012-12-15,11.5,0.326
2012-12-16,49.9,1.413
2012-12-17,60.2,1.705
2012-12-18,34.8,0.985
2012-12-19,23.6,0.668
2012-12-20,75.1,2.127
2012-12-21,44.0,1.246
2012-12-22,29.5,0.835
2012-12-23,23.2,0.657
2012-12-24,35.5,1.005
2012-12-25,123.0,3.483
2012-12-26,172.0,4.87
2012-12-27,50.1,1.419
2012-12-28,39.4,1.116
2012-12-29,48.2,1.365
2012-12-30,35.1,0.994
2012-12-31,28.1,0.796
2013-01-01,115.0,3.256
2013-01-02,133.0,3.766
2013-01-03,61.7,1.747
2013-01-04,44.5,1.26
2013-01-05,37.5,1.062
2013-01-06,34.1,0.966
2013-01-07,29.8,0.844
2013-01-08,26.8,0.759
2013-01-09,25.8,0.731
2013-01-10,26.1,0.739
2013-01-11,29.9,0.847
2013-01-12,31.4,0.889
2013-01-13,229.0,6.485
2013-01-14,628.0,17.783
2013-01-15,590.0,16.707
2013-01-16,182.0,5.154
2013-01-17,144.0,4.078
2013-01-18,115.0,3.256
2013-01-19,85.9,2.432
2013-01-20,65.0,1.841
2013-01-21,52.5,1.487
2013-01-22,44.5,1.26
2013-01-23,39.7,1.124
2013-01-24,37.2,1.053
2013-01-25,34.2,0.968
2013-01-26,33.4,0.946
2013-01-27,30.4,0.861
2013-01-28,28.7,0.813
2013-01-29,26.0,0.736
2013-01-30,179.0,5.069
2013-01-31,100.0,2.832
2013-02-01,54.0,1.529
2013-02-02,41.5,1.175
2013-02-03,35.9,1.017
2013-02-04,31.1,0.881
2013-02-05,27.7,0.784
2013-02-06,24.0,0.68
2013-02-07,22.8,0.646
2013-02-08,23.6,0.668
2013-02-09,22.1,0.626
2013-02-10,63.8,1.807
2013-02-11,111.0,3.143
2013-02-12,100.0,2.832
2013-02-13,98.0,2.775
2013-02-14,61.1,1.73
2013-02-15,46.1,1.305
2013-02-16,41.8,1.184
2013-02-17,33.8,0.957
2013-02-18,27.6,0.782
2013-02-19,40.4,1.144
2013-02-20,29.7,0.841
2013-02-21,43.7,1.237
2013-02-22,256.0,7.249
2013-02-23,166.0,4.701
2013-02-24,81.7,2.313
2013-02-25,66.8,1.892
2013-02-26,288.0,8.155
2013-02-27,95.2,2.696
2013-02-28,60.1,1.702
2013-03-01,46.6,1.32
2013-03-02,39.5,1.119
2013-03-03,34.3,0.971
2013-03-04,29.2,0.827
2013-03-05,31.9,0.903
2013-03-06,27.4,0.776
2013-03-07,23.8,0.674
2013-03-08,22.2,0.629
2013-03-09,20.7,0.586
2013-03-10,19.8,0.561
2013-03-11,53.9,1.526
2013-03-12,50.7,1.436
2013-03-13,38.3,1.085
2013-03-14,31.3,0.886
2013-03-15,28.2,0.799
2013-03-16,26.0,0.736
2013-03-17,24.1,0.682
2013-03-18,23.6,0.668
2013-03-19,23.5,0.665
2013-03-20,21.1,0.597
2013-03-21,20.4,0.578
2013-03-22,20.3,0.575
2013-03-23,64.7,1.832
2013-03-24,445.0,12.601
2013-03-25,101.0,2.86
2013-03-26,58.5,1.657
2013-03-27,44.2,1.252
2013-03-28,37.7,1.068
2013-03-29,32.5,0.92
2013-03-30,30.3,0.858
2013-03-31,31.6,0.895
2013-04-01,29.3,0.83
2013-04-02,25.2,0.714
2013-04-03,25.0,0.708
2013-04-04,74.3,2.104
2013-04-05,62.6,1.773
2013-04-06,47.1,1.334
2013-04-07,39.6,1.121
2013-04-08,34.6,0.98
2013-04-09,30.1,0.852
2013-04-10,26.7,0.756
2013-04-11,248.0,7.023
2013-04-12,250.0,7.079
2013-04-13,82.5,2.336
2013-04-14,61.6,1.744
2013-04-15,48.1,1.362
2013-04-16,38.1,1.079
2013-04-17,32.7,0.926
2013-04-18,29.4,0.833
2013-04-19,97.8,2.769
2013-04-20,56.9,1.611
2013-04-21,41.7,1.181
2013-04-22,34.1,0.966
2013-04-23,28.2,0.799
2013-04-24,26.2,0.742
2013-04-25,22.4,0.634
2013-04-26,19.8,0.561
2013-04-27,18.5,0.524
2013-04-28,46.2,1.308
2013-04-29,33.7,0.954
2013-04-30,23.2,0.657
2013-05-01,20.2,0.572
2013-05-02,19.0,0.538
2013-05-03,18.5,0.524
2013-05-04,314.0,8.891
2013-05-05,112.0,3.171
2013-05-06,119.0,3.37
2013-05-07,108.0,3.058
2013-05-08,68.7,1.945
2013-05-09,50.9,1.441
2013-05-10,42.6,1.206
2013-05-11,37.2,1.053
2013-05-12,34.3,0.971
2013-05-13,28.7,0.813
2013-05-14,25.0,0.708
2013-05-15,22.3,0.631
2013-05-16,20.4,0.578
2013-05-17,110.0,3.115
2013-05-18,1810.0,51.253
2013-05-19,193.0,5.465
2013-05-20,97.6,2.764
2013-05-21,70.6,1.999
2013-05-22,55.0,1.557
2013-05-23,46.3,1.311
2013-05-24,41.1,1.164
2013-05-25,37.5,1.062
2013-05-26,35.2,0.997
2013-05-27,32.6,0.923
2013-05-28,30.2,0.855
2013-05-29,29.9,0.847
2013-05-30,28.1,0.796
2013-05-31,27.2,0.77
2013-06-01,25.6,0.725
2013-06-02,24.9,0.705
2013-06-03,23.5,0.665
2013-06-04,22.3,0.631
2013-06-05,780.0,22.087
2013-06-06,236.0,6.683
2013-06-07,239.0,6.768
2013-06-08,145.0,4.106
2013-06-09,172.0,4.87
2013-06-10,241.0,6.824
2013-06-11,125.0,3.54
2013-06-12,76.0,2.152
2013-06-13,58.3,1.651
2013-06-14,46.0,1.303
2013-06-15,37.1,1.051
2013-06-16,31.8,0.9
2013-06-17,32.5,0.92
2013-06-18,107.0,3.03
2013-06-19,56.7,1.606
2013-06-20,31.2,0.883
2013-06-21,28.1,0.796
2013-06-22,27.3,0.773
2013-06-23,15.3,0.433
2013-06-24,13.1,0.371
2013-06-25,11.6,0.328
2013-06-26,10.5,0.297
2013-06-27,13.7,0.388
2013-06-28,11.2,0.317
2013-06-29,14.2,0.402
2013-06-30,9.54,0.27
2013-07-01,9.64,0.273
2013-07-02,3.22,0.091
2013-07-03,1.87,0.053
2013-07-04,8.54,0.242
2013-07-05,10.7,0.303
2013-07-06,97.1,2.75
2013-07-07,34.1,0.966
2013-07-08,21.9,0.62
2013-07-09,14.7,0.416
2013-07-10,18.5,0.524
2013-07-11,18.9,0.535
2013-07-12,13.7,0.388
2013-07-13,10.8,0.306
2013-07-14,11.1,0.314
2013-07-15,10.2,0.289
2013-07-16,7.79,0.221
2013-07-17,5.65,0.16
2013-07-18,4.94,0.14
2013-07-19,3.85,0.109
2013-07-20,3.39,0.096
2013-07-21,42.6,1.206
2013-07-22,80.6,2.282
2013-07-23,519.0,14.696
2013-07-24,189.0,5.352
2013-07-25,88.5,2.506
2013-07-26,49.3,1.396
2013-07-27,32.2,0.912
2013-07-28,23.0,0.651
2013-07-29,17.9,0.507
2013-07-30,14.4,0.408
2013-07-31,23.5,0.665
2013-08-01,1130.0,31.998
2013-08-02,122.0,3.455
2013-08-03,90.5,2.563
2013-08-04,612.0,17.33
2013-08-05,130.0,3.681
2013-08-06,151.0,4.276
2013-08-07,98.5,2.789
2013-08-08,94.7,2.682
2013-08-09,62.3,1.764
2013-08-10,67.6,1.914
2013-08-11,43.9,1.243
2013-08-12,43.7,1.237
2013-08-13,75.6,2.141
2013-08-14,37.0,1.048
2013-08-15,31.6,0.895
2013-08-16,27.5,0.779
2013-08-17,25.5,0.722
2013-08-18,23.8,0.674
2013-08-19,24.3,0.688
2013-08-20,21.1,0.597
2013-08-21,20.1,0.569
2013-08-22,17.9,0.507
2013-08-23,17.0,0.481
2013-08-24,20.8,0.589
2013-08-25,15.3,0.433
2013-08-26,13.7,0.388
2013-08-27,12.2,0.345
2013-08-28,11.5,0.326
2013-08-29,10.5,0.297
2013-08-30,10.3,0.292
2013-08-31,11.1,0.314
2013-09-01,9.08,0.257
2013-09-02,82.0,2.322
2013-09-03,25.2,0.714
2013-09-04,15.2,0.43
2013-09-05,12.0,0.34
2013-09-06,10.8,0.306
2013-09-07,9.78,0.277
2013-09-08,8.51,0.241
2013-09-09,6.84,0.194
2013-09-10,5.08,0.144
2013-09-11,4.31,0.122
2013-09-12,5.66,0.16
2013-09-13,6.79,0.192
2013-09-14,6.47,0.183
2013-09-15,5.69,0.161
2013-09-16,6.96,0.197
2013-09-17,4.54,0.129
2013-09-18,3.17,0.09
2013-09-19,3.22,0.091
2013-09-20,3.77,0.107
2013-09-21,22.2,0.629
2013-09-22,13.8,0.391
2013-09-23,8.25,0.234
2013-09-24,5.17,0.146
2013-09-25,3.54,0.1
2013-09-26,2.91,0.082
2013-09-27,2.48,0.07
2013-09-28,2.46,0.07
2013-09-29,2.02,0.057
2013-09-30,3.6,0.102
2013-10-01,4.12,0.117
2013-10-02,3.65,0.103
2013-10-03,3.22,0.091
2013-10-04,2.55,0.072
2013-10-05,2.0,0.057
2013-10-06,3.01,0.085
2013-10-07,8.97,0.254
2013-10-08,7.51,0.213
2013-10-09,5.69,0.161
2013-10-10,4.76,0.135
2013-10-11,3.7,0.105
2013-10-12,2.64,0.075
2013-10-13,2.07,0.059
2013-10-14,2.09,0.059
2013-10-15,1.64,0.046
2013-10-16,1.49,0.042
2013-10-17,4.96,0.14
2013-10-18,4.01,0.114
2013-10-19,3.57,0.101
2013-10-20,4.05,0.115
2013-10-21,3.91,0.111
2013-10-22,3.5,0.099
2013-10-23,2.77,0.078
2013-10-24,1.91,0.054
2013-10-25,1.39,0.039
2013-10-26,1.46,0.041
2013-10-27,1.55,0.044
2013-10-28,2.0,0.057
2013-10-29,2.4,0.068
2013-10-30,2.5,0.071
2013-10-31,3.13,0.089
2013-11-01,15.6,0.442
2013-11-02,3.84,0.109
2013-11-03,6.0,0.17
2013-11-04,3.04,0.086
2013-11-05,4.62,0.131
2013-11-06,4.49,0.127
2013-11-07,9.74,0.276
2013-11-08,11.0,0.311
2013-11-09,8.29,0.235
2013-11-10,6.75,0.191
2013-11-11,4.86,0.138
2013-11-12,2.34,0.066
2013-11-13,1.14,0.032
2013-11-14,1.28,0.036
2013-11-15,1.91,0.054
2013-11-16,3.58,0.101
2013-11-17,4.53,0.128
2013-11-18,3.65,0.103
2013-11-19,1.88,0.053
2013-11-20,2.59,0.073
2013-11-21,3.16,0.089
2013-11-22,2.48,0.07
2013-11-23,2.28,0.065
2013-11-24,2.19,0.062
2013-11-25,2.95,0.084
2013-11-26,131.0,3.71
2013-11-27,32.0,0.906
2013-11-28,15.0,0.425
2013-11-29,10.1,0.286
2013-11-30,8.94,0.253
2013-12-01,10.2,0.289
2013-12-02,9.68,0.274
2013-12-03,9.09,0.257
2013-12-04,9.77,0.277
2013-12-05,10.3,0.292
2013-12-06,11.2,0.317
2013-12-07,11.5,0.326
2013-12-08,149.0,4.219
2013-12-09,253.0,7.164
2013-12-10,74.3,2.104
2013-12-11,43.8,1.24
2013-12-12,32.8,0.929
2013-12-13,27.0,0.765
2013-12-14,44.4,1.257
2013-12-15,39.3,1.113
2013-12-16,31.9,0.903
2013-12-17,26.9,0.762
2013-12-18,23.2,0.657
2013-12-19,21.0,0.595
2013-12-20,20.1,0.569
2013-12-21,19.1,0.541
2013-12-22,140.0,3.964
2013-12-23,67.5,1.911
2013-12-24,45.1,1.277
2013-12-25,37.0,1.048
2013-12-26,30.7,0.869
2013-12-27,26.5,0.75
2013-12-28,65.4,1.852
2013-12-29,113.0,3.2
2013-12-30,57.4,1.625
2013-12-31,41.9,1.186
2014-01-01,35.3,1.0
2014-01-02,41.0,1.161
2014-01-03,35.8,1.014
2014-01-04,32.0,0.906
2014-01-05,29.9,0.847
2014-01-06,28.6,0.81
2014-01-07,23.8,0.674
2014-01-08,22.0,0.623
2014-01-09,20.9,0.592
2014-01-10,20.7,0.586
2014-01-11,45.5,1.288
2014-01-12,38.4,1.087
2014-01-13,36.8,1.042
2014-01-14,43.6,1.235
2014-01-15,39.0,1.104
2014-01-16,34.3,0.971
2014-01-17,30.0,0.85
2014-01-18,25.7,0.728
2014-01-19,24.0,0.68
2014-01-20,21.8,0.617
2014-01-21,20.5,0.58
2014-01-22,19.1,0.541
2014-01-23,18.0,0.51
2014-01-24,17.2,0.487
2014-01-25,17.1,0.484
2014-01-26,17.4,0.493
2014-01-27,17.4,0.493
2014-01-28,15.7,0.445
2014-01-29,15.0,0.425
2014-01-30,14.6,0.413
2014-01-31,15.1,0.428
2014-02-01,15.1,0.428
2014-02-02,23.0,0.651
2014-02-03,155.0,4.389
2014-02-04,60.3,1.708
2014-02-05,73.7,2.087
2014-02-06,48.7,1.379
2014-02-07,38.9,1.102
2014-02-08,33.1,0.937
2014-02-09,28.7,0.813
2014-02-10,25.4,0.719
2014-02-11,24.6,0.697
2014-02-12,36.7,1.039
2014-02-13,39.8,1.127
2014-02-14,42.2,1.195
2014-02-15,47.7,1.351
2014-02-16,39.6,1.121
2014-02-17,34.3,0.971
2014-02-18,30.8,0.872
2014-02-19,28.1,0.796
2014-02-20,26.1,0.739
2014-02-21,131.0,3.71
2014-02-22,56.1,1.589
2014-02-23,41.0,1.161
2014-02-24,33.5,0.949
2014-02-25,28.5,0.807
2014-02-26,29.3,0.83
2014-02-27,25.4,0.719
2014-02-28,23.1,0.654
2014-03-01,21.9,0.62
2014-03-02,20.5,0.58
2014-03-03,24.6,0.697
2014-03-04,20.8,0.589
2014-03-05,19.7,0.558
2014-03-06,22.0,0.623
2014-03-07,24.3,0.688
2014-03-08,22.3,0.631
2014-03-09,21.3,0.603
2014-03-10,20.3,0.575
2014-03-11,19.9,0.564
2014-03-12,21.2,0.6
2014-03-13,18.1,0.513
2014-03-14,16.9,0.479
2014-03-15,16.8,0.476
2014-03-16,194.0,5.493
2014-03-17,77.8,2.203
2014-03-18,44.4,1.257
2014-03-19,33.6,0.951
2014-03-20,27.3,0.773
2014-03-21,23.1,0.654
2014-03-22,20.7,0.586
2014-03-23,19.4,0.549
2014-03-24,18.0,0.51
2014-03-25,17.6,0.498
2014-03-26,16.6,0.47
2014-03-27,15.8,0.447
2014-03-28,48.6,1.376
2014-03-29,52.0,1.472
2014-03-30,44.4,1.257
2014-03-31,34.5,0.977
2014-04-01,27.9,0.79
2014-04-02,23.9,0.677
2014-04-03,22.9,0.648
2014-04-04,27.7,0.784
2014-04-05,24.0,0.68
2014-04-06,30.5,0.864
2014-04-07,1810.0,51.253
2014-04-08,161.0,4.559
2014-04-09,71.0,2.01
2014-04-10,49.4,1.399
2014-04-11,40.1,1.136
2014-04-12,34.3,0.971
2014-04-13,29.5,0.835
2014-04-14,49.3,1.396
2014-04-15,105.0,2.973
2014-04-16,58.8,1.665
2014-04-17,43.0,1.218
2014-04-18,38.2,1.082
2014-04-19,33.1,0.937
2014-04-20,28.4,0.804
2014-04-21,25.9,0.733
2014-04-22,24.9,0.705
2014-04-23,23.3,0.66
2014-04-24,20.8,0.589
2014-04-25,21.6,0.612
2014-04-26,19.5,0.552
2014-04-27,28.1,0.796
2014-04-28,31.2,0.883
2014-04-29,72.6,2.056
2014-04-30,84.2,2.384
2014-05-01,44.5,1.26
2014-05-02,33.4,0.946
2014-05-03,26.8,0.759
2014-05-04,22.7,0.643
2014-05-05,15.2,0.43
2014-05-06,17.4,0.493
2014-05-07,17.2,0.487
2014-05-08,16.2,0.459
2014-05-09,16.0,0.453
2014-05-10,16.2,0.459
2014-05-11,15.3,0.433
2014-05-12,14.7,0.416
2014-05-13,13.9,0.394
2014-05-14,31.6,0.895
2014-05-15,28.1,0.796
2014-05-16,16.9,0.479
2014-05-17,14.2,0.402
2014-05-18,13.6,0.385
2014-05-19,12.4,0.351
2014-05-20,10.4,0.294
2014-05-21,9.97,0.282
2014-05-22,8.74,0.247
2014-05-23,8.29,0.235
2014-05-24,7.3,0.207
2014-05-25,6.0,0.17
2014-05-26,6.63,0.188
2014-05-27,6.07,0.172
2014-05-28,7.03,0.199
2014-05-29,10.4,0.294
2014-05-30,10.9,0.309
2014-05-31,10.3,0.292
2014-06-01,11.5,0.326
2014-06-02,11.3,0.32
2014-06-03,11.1,0.314
2014-06-04,13.6,0.385
2014-06-05,12.4,0.351
2014-06-06,13.5,0.382
2014-06-07,17.3,0.49
2014-06-08,29.6,0.838
2014-06-09,13.0,0.368
2014-06-10,27.3,0.773
2014-06-11,60.5,1.713
2014-06-12,26.4,0.748
2014-06-13,14.7,0.416
2014-06-14,11.3,0.32
2014-06-15,10.2,0.289
2014-06-16,8.56,0.242
2014-06-17,6.55,0.185
2014-06-18,5.63,0.159
2014-06-19,5.68,0.161
2014-06-20,5.62,0.159
2014-06-21,5.54,0.157
2014-06-22,5.95,0.168
2014-06-23,5.44,0.154
2014-06-24,10.0,0.283
2014-06-25,7.13,0.202
2014-06-26,14.1,0.399
2014-06-27,7.42,0.21
2014-06-28,4.52,0.128
2014-06-29,3.75,0.106
2014-06-30,4.04,0.114
2014-07-01,3.8,0.108
2014-07-02,3.54,0.1
2014-07-03,2.85,0.081
2014-07-04,1.72,0.049
2014-07-05,1.33,0.038
2014-07-06,1.68,0.048
2014-07-07,1.76,0.05
2014-07-08,0.93,0.026
2014-07-09,1.24,0.035
2014-07-10,1.29,0.037
2014-07-11,1.43,0.04
2014-07-12,1.42,0.04
2014-07-13,5.23,0.148
2014-07-14,12.6,0.357
2014-07-15,23.2,0.657
2014-07-16,5.14,0.146
2014-07-17,3.51,0.099
2014-07-18,2.84,0.08
2014-07-19,6.39,0.181
2014-07-20,4.95,0.14
2014-07-21,5.42,0.153
2014-07-22,5.77,0.163
2014-07-23,4.47,0.127
2014-07-24,4.62,0.131
2014-07-25,3.71,0.105
2014-07-26,2.4,0.068
2014-07-27,1.22,0.035
2014-07-28,0.61,0.017
2014-07-29,0.36,0.01
2014-07-30,0.26,0.007
2014-07-31,0.2,0.006
2014-08-01,0.17,0.005
2014-08-02,0.14,0.004
2014-08-03,0.12,0.003
2014-08-04,0.11,0.003
2014-08-05,0.1,0.003
2014-08-06,0.09,0.003
2014-08-07,0.08,0.002
2014-08-08,0.62,0.018
2014-08-09,16.5,0.467
2014-08-10,11.3,0.32
2014-08-11,8.23,0.233
2014-08-12,12.1,0.343
2014-08-13,6.19,0.175
2014-08-14,1.96,0.056
2014-08-15,0.78,0.022
2014-08-16,0.38,0.011
2014-08-17,0.27,0.008
2014-08-18,0.22,0.006
2014-08-19,11.8,0.334
2014-08-20,7.39,0.209
2014-08-21,1.88,0.053
2014-08-22,0.75,0.021
2014-08-23,0.4,0.011
2014-08-24,1.82,0.052
2014-08-25,3.48,0.099
2014-08-26,1.36,0.039
2014-08-27,0.51,0.014
2014-08-28,0.31,0.009
2014-08-29,0.25,0.007
2014-08-30,2.13,0.06
2014-08-31,0.89,0.025
2014-09-01,0.33,0.009
2014-09-02,0.24,0.007
2014-09-03,0.25,0.007
2014-09-04,11.7,0.331
2014-09-05,5.58,0.158
2014-09-06,8.7,0.246
2014-09-07,22.1,0.626
2014-09-08,18.7,0.53
2014-09-09,10.9,0.309
2014-09-10,6.33,0.179
2014-09-11,5.47,0.155
2014-09-12,218.0,6.173
2014-09-13,15.8,0.447
2014-09-14,5.41,0.153
2014-09-15,169.0,4.786
2014-09-16,22.6,0.64
2014-09-17,12.3,0.348
2014-09-18,8.24,0.233
2014-09-19,6.73,0.191
2014-09-20,6.61,0.187
2014-09-21,5.8,0.164
2014-09-22,6.94,0.197
2014-09-23,3.61,0.102
2014-09-24,2.35,0.067
2014-09-25,1.71,0.048
2014-09-26,1.35,0.038
2014-09-27,1.45,0.041
2014-09-28,1.4,0.04
2014-09-29,1.24,0.035
2014-09-30,1.28,0.036
2014-10-01,0.93,0.026
2014-10-02,0.59,0.017
2014-10-03,28.7,0.813
2014-10-04,12.5,0.354
2014-10-05,5.0,0.142
2014-10-06,2.9,0.082
2014-10-07,1.8,0.051
2014-10-08,1.3,0.037
2014-10-09,1.2,0.034
2014-10-10,3.68,0.104
2014-10-11,21.2,0.6
2014-10-12,6.0,0.17
2014-10-13,19.2,0.544
2014-10-14,148.0,4.191
2014-10-15,21.9,0.62
2014-10-16,10.0,0.283
2014-10-17,6.0,0.17
2014-10-18,4.5,0.127
2014-10-19,3.5,0.099
2014-10-20,2.8,0.079
2014-10-21,2.4,0.068
2014-10-22,2.0,0.057
2014-10-23,1.8,0.051
2014-10-24,1.6,0.045
2014-10-25,1.5,0.042
2014-10-26,1.4,0.04
2014-10-27,1.3,0.037
2014-10-28,1.3,0.037
2014-10-29,14.0,0.396
2014-10-30,9.0,0.255
2014-10-31,2.0,0.057
2014-11-01,1.1,0.031
2014-11-02,1.1,0.031
2014-11-03,1.24,0.035
2014-11-04,1.18,0.033
2014-11-05,1.16,0.033
2014-11-06,1.28,0.036
2014-11-07,1.3,0.037
2014-11-08,1.3,0.037
2014-11-09,1.2,0.034
2014-11-10,1.24,0.035
2014-11-11,1.22,0.035
2014-11-12,1.18,0.033
2014-11-13,1.1,0.031
2014-11-14,1.1,0.031
2014-11-15,5.72,0.162
2014-11-16,14.1,0.399
2014-11-17,639.0,18.094
2014-11-18,121.0,3.426
2014-11-19,36.7,1.039
2014-11-20,21.6,0.612
2014-11-21,14.9,0.422
2014-11-22,8.23,0.233
2014-11-23,77.7,2.2
2014-11-24,95.3,2.699
2014-11-25,32.5,0.92
2014-11-26,21.6,0.612
2014-11-27,14.1,0.399
2014-11-28,9.06,0.257
2014-11-29,8.88,0.251
2014-11-30,8.88,0.251
2014-12-01,8.52,0.241
2014-12-02,7.98,0.226
2014-12-03,7.98,0.226
2014-12-04,8.88,0.251
2014-12-05,7.39,0.209
2014-12-06,182.0,5.154
2014-12-07,64.7,1.832
2014-12-08,35.6,1.008
2014-12-09,26.6,0.753
2014-12-10,21.4,0.606
2014-12-11,21.1,0.597
2014-12-12,21.5,0.609
2014-12-13,20.5,0.58
2014-12-14,17.9,0.507
2014-12-15,17.8,0.504
2014-12-16,19.3,0.547
2014-12-17,16.3,0.462
2014-12-18,14.4,0.408
2014-12-19,13.6,0.385
2014-12-20,14.1,0.399
2014-12-21,13.4,0.379
2014-12-22,14.2,0.402
2014-12-23,147.0,4.163
2014-12-24,258.0,7.306
2014-12-25,98.9,2.801
2014-12-26,57.0,1.614
2014-12-27,53.3,1.509
2014-12-28,467.0,13.224
2014-12-29,157.0,4.446
2014-12-30,92.4,2.616
2014-12-31,61.7,1.747
2015-01-01,47.8,1.354
2015-01-02,71.1,2.013
2015-01-03,192.0,5.437
2015-01-04,914.0,25.882
2015-01-05,169.0,4.786
2015-01-06,103.0,2.917
2015-01-07,76.0,2.152
2015-01-08,60.4,1.71
2015-01-09,54.2,1.535
2015-01-10,47.6,1.348
2015-01-11,43.2,1.223
2015-01-12,40.8,1.155
2015-01-13,38.2,1.082
2015-01-14,32.7,0.926
2015-01-15,19.5,0.552
2015-01-16,17.8,0.504
2015-01-17,16.4,0.464
2015-01-18,15.4,0.436
2015-01-19,14.4,0.408
2015-01-20,14.0,0.396
2015-01-21,13.2,0.374
2015-01-22,12.8,0.362
2015-01-23,37.1,1.051
2015-01-24,38.6,1.093
2015-01-25,33.7,0.954
2015-01-26,29.5,0.835
2015-01-27,24.3,0.688
2015-01-28,20.7,0.586
2015-01-29,19.5,0.552
2015-01-30,18.0,0.51
2015-01-31,16.4,0.464
2015-02-01,17.8,0.504
2015-02-02,19.9,0.564
2015-02-03,16.2,0.459
2015-02-04,16.7,0.473
2015-02-05,32.2,0.912
2015-02-06,29.4,0.833
2015-02-07,14.8,0.419
2015-02-08,13.1,0.371
2015-02-09,13.2,0.374
2015-02-10,12.1,0.343
2015-02-11,11.3,0.32
2015-02-12,10.6,0.3
2015-02-13,9.96,0.282
2015-02-14,9.83,0.278
2015-02-15,9.47,0.268
2015-02-16,69.5,1.968
2015-02-17,113.0,3.2
2015-02-18,53.1,1.504
2015-02-19,35.3,1.0
2015-02-20,28.4,0.804
2015-02-21,31.6,0.895
2015-02-22,102.0,2.888
2015-02-23,93.2,2.639
2015-02-24,66.1,1.872
2015-02-25,85.7,2.427
2015-02-26,97.7,2.767
2015-02-27,69.3,1.962
2015-02-28,52.8,1.495
2015-03-01,43.7,1.237
2015-03-02,56.0,1.586
2015-03-03,74.9,2.121
2015-03-04,94.6,2.679
2015-03-05,150.0,4.248
2015-03-06,118.0,3.341
2015-03-07,83.0,2.35
2015-03-08,62.5,1.77
2015-03-09,51.5,1.458
2015-03-10,58.0,1.642
2015-03-11,110.0,3.115
2015-03-12,82.0,2.322
2015-03-13,68.9,1.951
2015-03-14,60.7,1.719
2015-03-15,51.7,1.464
2015-03-16,43.3,1.226
2015-03-17,37.4,1.059
2015-03-18,32.7,0.926
2015-03-19,31.2,0.883
2015-03-20,27.4,0.776
2015-03-21,25.1,0.711
2015-03-22,55.9,1.583
2015-03-23,93.9,2.659
2015-03-24,61.1,1.73
2015-03-25,46.0,1.303
2015-03-26,37.5,1.062
2015-03-27,32.4,0.917
2015-03-28,26.7,0.756
2015-03-29,23.0,0.651
2015-03-30,59.4,1.682
2015-03-31,43.2,1.223
2015-04-01,63.8,1.807
2015-04-02,60.4,1.71
2015-04-03,54.0,1.529
2015-04-04,53.1,1.504
2015-04-05,34.2,0.968
2015-04-06,31.7,0.898
2015-04-07,29.0,0.821
2015-04-08,25.1,0.711
2015-04-09,22.6,0.64
2015-04-10,86.4,2.447
2015-04-11,56.2,1.591
2015-04-12,38.8,1.099
2015-04-13,130.0,3.681
2015-04-14,187.0,5.295
2015-04-15,115.0,3.256
2015-04-16,122.0,3.455
2015-04-17,175.0,4.955
2015-04-18,159.0,4.502
2015-04-19,298.0,8.438
2015-04-20,166.0,4.701
2015-04-21,103.0,2.917
2015-04-22,73.8,2.09
2015-04-23,55.4,1.569
2015-04-24,44.5,1.26
2015-04-25,227.0,6.428
2015-04-26,104.0,2.945
2015-04-27,66.8,1.892
2015-04-28,49.5,1.402
2015-04-29,44.6,1.263
2015-04-30,36.7,1.039
2015-05-01,31.2,0.883
2015-05-02,27.0,0.765
2015-05-03,24.1,0.682
2015-05-04,21.6,0.612
2015-05-05,19.6,0.555
2015-05-06,18.3,0.518
2015-05-07,17.0,0.481
2015-05-08,14.8,0.419
2015-05-09,12.7,0.36
2015-05-10,11.8,0.334
2015-05-11,10.9,0.309
2015-05-12,10.2,0.289
2015-05-13,9.48,0.268
2015-05-14,8.67,0.246
2015-05-15,8.29,0.235
2015-05-16,11.9,0.337
2015-05-17,13.3,0.377
2015-05-18,11.3,0.32
2015-05-19,8.85,0.251
2015-05-20,7.87,0.223
2015-05-21,7.22,0.204
2015-05-22,6.43,0.182
2015-05-23,5.75,0.163
2015-05-24,10.0,0.283
2015-05-25,11.3,0.32
2015-05-26,8.58,0.243
2015-05-27,14.2,0.402
2015-05-28,22.4,0.634
2015-05-29,20.7,0.586
2015-05-30,12.7,0.36
2015-05-31,10.1,0.286
2015-06-01,9.69,0.274
2015-06-02,8.41,0.238
2015-06-03,7.19,0.204
2015-06-04,6.42,0.182
2015-06-05,5.8,0.164
2015-06-06,4.97,0.141
2015-06-07,4.24,0.12
2015-06-08,3.73,0.106
2015-06-09,5.19,0.147
2015-06-10,4.05,0.115
2015-06-11,26.7,0.756
2015-06-12,9.82,0.278
2015-06-13,6.47,0.183
2015-06-14,5.01,0.142
2015-06-15,4.07,0.115
2015-06-16,3.28,0.093
2015-06-17,2.69,0.076
2015-06-18,2.28,0.065
2015-06-19,1.94,0.055
2015-06-20,2.94,0.083
2015-06-21,2.22,0.063
2015-06-22,1.61,0.046
2015-06-23,1.44,0.041
2015-06-24,1.56,0.044
2015-06-25,4.39,0.124
2015-06-26,3.49,0.099
2015-06-27,15.6,0.442
2015-06-28,4.78,0.135
2015-06-29,2.78,0.079
2015-06-30,2.31,0.065
2015-07-01,4.33,0.123
2015-07-02,3.13,0.089
2015-07-03,4.91,0.139
2015-07-04,92.4,2.616
2015-07-05,15.5,0.439
2015-07-06,8.93,0.253
2015-07-07,6.12,0.173
2015-07-08,4.31,0.122
2015-07-09,3.26,0.092
2015-07-10,2.42,0.069
2015-07-11,1.85,0.052
2015-07-12,1.52,0.043
2015-07-13,1.26,0.036
2015-07-14,1.02,0.029
2015-07-15,1.18,0.033
2015-07-16,1.17,0.033
2015-07-17,0.96,0.027
2015-07-18,0.8,0.023
2015-07-19,1.35,0.038
2015-07-20,1.4,0.04
2015-07-21,0.74,0.021
2015-07-22,0.35,0.01
2015-07-23,0.9,0.025
2015-07-24,0.4,0.011
2015-07-25,0.32,0.009
2015-07-26,0.48,0.014
2015-07-27,0.42,0.012
2015-07-28,0.34,0.01
2015-07-29,0.56,0.016
2015-07-30,0.87,0.025
2015-07-31,0.41,0.012
2015-08-01,0.27,0.008
2015-08-02,0.19,0.005
2015-08-03,0.15,0.004
2015-08-04,0.12,0.003
2015-08-05,0.23,0.007
2015-08-06,5.74,0.163
2015-08-07,7.53,0.213
2015-08-08,1.27,0.036
2015-08-09,0.56,0.016
2015-08-10,5.56,0.157
2015-08-11,3.03,0.086
2015-08-12,0.58,0.016
2015-08-13,0.36,0.01
2015-08-14,0.22,0.006
2015-08-15,0.17,0.005
2015-08-16,0.15,0.004
2015-08-17,44.1,1.249
2015-08-18,15.1,0.428
2015-08-19,8.12,0.23
2015-08-20,6.46,0.183
2015-08-21,3.35,0.095
2015-08-22,2.28,0.065
2015-08-23,33.3,0.943
2015-08-24,9.8,0.278
2015-08-25,4.87,0.138
2015-08-26,2.71,0.077
2015-08-27,1.74,0.049
2015-08-28,1.19,0.034
2015-08-29,50.7,1.436
2015-08-30,64.9,1.838
2015-08-31,18.5,0.524
2015-09-01,9.84,0.279
2015-09-02,6.31,0.179
2015-09-03,4.53,0.128
2015-09-04,3.33,0.094
2015-09-05,2.66,0.075
2015-09-06,1.98,0.056
2015-09-07,1.45,0.041
2015-09-08,1.13,0.032
2015-09-09,4.1,0.116
2015-09-10,1.88,0.053
2015-09-11,1.05,0.03
2015-09-12,0.81,0.023
2015-09-13,0.55,0.016
2015-09-14,0.39,0.011
2015-09-15,0.32,0.009
2015-09-16,0.29,0.008
2015-09-17,0.31,0.009
2015-09-18,0.28,0.008
2015-09-19,0.28,0.008
2015-09-20,0.25,0.007
2015-09-21,0.23,0.007
2015-09-22,0.23,0.007
2015-09-23,0.26,0.007
2015-09-24,0.24,0.007
2015-09-25,0.24,0.007
2015-09-26,0.22,0.006
2015-09-27,0.2,0.006
2015-09-28,0.21,0.006
2015-09-29,0.2,0.006
2015-09-30,0.2,0.006
2015-10-01,0.23,0.007
2015-10-02,0.19,0.005
2015-10-03,0.36,0.01
2015-10-04,0.58,0.016
2015-10-05,0.67,0.019
2015-10-06,0.47,0.013
2015-10-07,0.33,0.009
2015-10-08,0.28,0.008
2015-10-09,0.24,0.007
2015-10-10,0.3,0.008
2015-10-11,0.22,0.006
2015-10-12,0.24,0.007
2015-10-13,0.26,0.007
2015-10-14,0.25,0.007
2015-10-15,0.23,0.007
2015-10-16,0.22,0.006
2015-10-17,0.19,0.005
2015-10-18,0.15,0.004
2015-10-19,0.14,0.004
2015-10-20,0.13,0.004
2015-10-21,0.13,0.004
2015-10-22,0.14,0.004
2015-10-23,0.13,0.004
2015-10-24,0.13,0.004
2015-10-25,0.13,0.004
2015-10-26,0.95,0.027
2015-10-27,1.33,0.038
2015-10-28,2.65,0.075
2015-10-29,2.02,0.057
2015-10-30,1.33,0.038
2015-10-31,2.66,0.075
2015-11-01,7.19,0.204
2015-11-02,9.2,0.261
2015-11-03,4.49,0.127
2015-11-04,2.91,0.082
2015-11-05,2.37,0.067
2015-11-06,5.13,0.145
2015-11-07,37.6,1.065
2015-11-08,16.5,0.467
2015-11-09,18.4,0.521
2015-11-10,17.8,0.504
2015-11-11,16.2,0.459
2015-11-12,15.5,0.439
2015-11-13,14.5,0.411
2015-11-14,13.9,0.394
2015-11-15,13.5,0.382
2015-11-16,13.0,0.368
2015-11-17,12.7,0.36
2015-11-18,126.0,3.568
2015-11-19,45.9,1.3
2015-11-20,24.4,0.691
2015-11-21,19.3,0.547
2015-11-22,17.2,0.487
2015-11-23,15.5,0.439
2015-11-24,14.4,0.408
2015-11-25,10.4,0.294
2015-11-26,5.87,0.166
2015-11-27,4.45,0.126
2015-11-28,3.92,0.111
2015-11-29,3.65,0.103
2015-11-30,3.72,0.105
2015-12-01,69.9,1.979
2015-12-02,151.0,4.276
2015-12-03,39.0,1.104
2015-12-04,22.4,0.634
2015-12-05,16.5,0.467
2015-12-06,13.5,0.382
2015-12-07,11.5,0.326
2015-12-08,9.86,0.279
2015-12-09,14.4,0.408
2015-12-10,16.1,0.456
2015-12-11,9.96,0.282
2015-12-12,7.11,0.201
2015-12-13,6.03,0.171
2015-12-14,9.37,0.265
2015-12-15,7.92,0.224
2015-12-16,6.64,0.188
2015-12-17,9.89,0.28
2015-12-18,9.46,0.268
2015-12-19,8.43,0.239
2015-12-20,8.59,0.243
2015-12-21,9.14,0.259
2015-12-22,25.4,0.719
2015-12-23,31.6,0.895
2015-12-24,76.5,2.166
2015-12-25,952.0,26.958
2015-12-26,714.0,20.218
2015-12-27,134.0,3.794
2015-12-28,419.0,11.865
2015-12-29,203.0,5.748
2015-12-30,107.0,3.03
2015-12-31,75.3,2.132
2016-01-01,48.4,1.371
2016-01-02,45.7,1.294
2016-01-03,40.1,1.136
2016-01-04,35.6,1.008
2016-01-05,30.8,0.872
2016-01-06,28.5,0.807
2016-01-07,27.4,0.776
2016-01-08,26.3,0.745
2016-01-09,59.6,1.688
2016-01-10,134.0,3.794
2016-01-11,60.9,1.724
2016-01-12,42.5,1.203
2016-01-13,26.7,0.756
2016-01-14,21.4,0.606
2016-01-15,24.3,0.688
2016-01-16,22.6,0.64
2016-01-17,19.7,0.558
2016-01-18,17.8,0.504
2016-01-19,16.3,0.462
2016-01-20,16.1,0.456
2016-01-21,19.2,0.544
2016-01-22,202.0,5.72
2016-01-23,106.0,3.002
2016-01-24,62.0,1.756
2016-01-25,37.1,1.051
2016-01-26,73.5,2.081
2016-01-27,114.0,3.228
2016-01-28,70.9,2.008
2016-01-29,47.4,1.342
2016-01-30,36.3,1.028
2016-01-31,30.1,0.852
2016-02-01,26.3,0.745
2016-02-02,34.0,0.963
2016-02-03,681.0,19.284
2016-02-04,143.0,4.049
2016-02-05,83.5,2.364
2016-02-06,48.6,1.376
2016-02-07,40.9,1.158
2016-02-08,34.9,0.988
2016-02-09,29.7,0.841
2016-02-10,25.3,0.716
2016-02-11,22.5,0.637
2016-02-12,20.5,0.58
2016-02-13,18.2,0.515
2016-02-14,17.2,0.487
2016-02-15,96.9,2.744
2016-02-16,133.0,3.766
2016-02-17,65.4,1.852
2016-02-18,43.8,1.24
2016-02-19,32.6,0.923
2016-02-20,27.3,0.773
2016-02-21,25.8,0.731
2016-02-22,98.8,2.798
2016-02-23,257.0,7.277
2016-02-24,701.0,19.85
2016-02-25,159.0,4.502
2016-02-26,97.0,2.747
2016-02-27,66.3,1.877
2016-02-28,49.7,1.407
2016-02-29,37.6,1.065
2016-03-01,69.3,1.962
2016-03-02,103.0,2.917
2016-03-03,280.0,7.929
2016-03-04,180.0,5.097
2016-03-05,102.0,2.888
2016-03-06,70.1,1.985
2016-03-07,52.3,1.481
2016-03-08,43.3,1.226
2016-03-09,34.0,0.963
2016-03-10,36.5,1.034
2016-03-11,47.1,1.334
2016-03-12,39.2,1.11
2016-03-13,44.3,1.254
2016-03-14,37.0,1.048
2016-03-15,34.6,0.98
2016-03-16,31.4,0.889
2016-03-17,28.0,0.793
2016-03-18,25.9,0.733
2016-03-19,29.6,0.838
2016-03-20,22.3,0.631
2016-03-21,19.4,0.549
2016-03-22,18.1,0.513
2016-03-23,17.3,0.49
2016-03-24,26.3,0.745
2016-03-25,29.9,0.847
2016-03-26,27.5,0.779
2016-03-27,28.5,0.807
2016-03-28,26.9,0.762
2016-03-29,24.3,0.688
2016-03-30,25.0,0.708
2016-03-31,30.2,0.855
2016-04-01,70.4,1.994
2016-04-02,49.7,1.407
2016-04-03,37.5,1.062
2016-04-04,31.1,0.881
2016-04-05,26.6,0.753
2016-04-06,24.7,0.699
2016-04-07,26.9,0.762
2016-04-08,22.2,0.629
2016-04-09,19.5,0.552
2016-04-10,17.3,0.49
2016-04-11,77.4,2.192
2016-04-12,119.0,3.37
2016-04-13,42.9,1.215
2016-04-14,31.6,0.895
2016-04-15,23.8,0.674
2016-04-16,19.1,0.541
2016-04-17,15.9,0.45
2016-04-18,13.6,0.385
2016-04-19,12.1,0.343
2016-04-20,10.8,0.306
2016-04-21,9.94,0.281
2016-04-22,9.88,0.28
2016-04-23,8.87,0.251
2016-04-24,7.92,0.224
2016-04-25,7.3,0.207
2016-04-26,6.65,0.188
2016-04-27,5.56,0.157
2016-04-28,5.15,0.146
2016-04-29,11.1,0.314
2016-04-30,14.6,0.413
2016-05-01,7.7,0.218
2016-05-02,12.0,0.34
2016-05-03,14.5,0.411
2016-05-04,9.0,0.255
2016-05-05,7.66,0.217
2016-05-06,6.25,0.177
2016-05-07,5.42,0.153
2016-05-08,4.94,0.14
2016-05-09,4.55,0.129
2016-05-10,4.25,0.12
2016-05-11,3.9,0.11
2016-05-12,3.73,0.106
2016-05-13,3.83,0.108
2016-05-14,3.41,0.097
2016-05-15,3.11,0.088
2016-05-16,2.86,0.081
2016-05-17,2.74,0.078
2016-05-18,2.82,0.08
2016-05-19,2.52,0.071
2016-05-20,2.4,0.068
2016-05-21,2.49,0.071
2016-05-22,2.37,0.067
2016-05-23,2.22,0.063
2016-05-24,1.89,0.054
2016-05-25,1.58,0.045
2016-05-26,1.37,0.039
2016-05-27,1.31,0.037
2016-05-28,1.35,0.038
2016-05-29,1.41,0.04
2016-05-30,1.39,0.039
2016-05-31,1.31,0.037
2016-06-01,1.16,0.033
2016-06-02,1.17,0.033
2016-06-03,1.28,0.036
2016-06-04,1.24,0.035
2016-06-05,3.52,0.1
2016-06-06,3.09,0.087
2016-06-07,1.83,0.052
2016-06-08,1.28,0.036
2016-06-09,0.96,0.027
2016-06-10,0.73,0.021
2016-06-11,0.68,0.019
2016-06-12,0.87,0.025
2016-06-13,0.94,0.027
2016-06-14,0.81,0.023
2016-06-15,1.28,0.036
2016-06-16,10.1,0.286
2016-06-17,2.27,0.064
2016-06-18,1.31,0.037
2016-06-19,1.04,0.029
2016-06-20,0.89,0.025
2016-06-21,0.77,0.022
2016-06-22,0.71,0.02
2016-06-23,0.72,0.02
2016-06-24,0.46,0.013
2016-06-25,0.36,0.01
2016-06-26,1.04,0.029
2016-06-27,1.34,0.038
2016-06-28,1.83,0.052
2016-06-29,1.07,0.03
2016-06-30,0.8,0.023
2016-07-01,0.66,0.019
2016-07-02,0.59,0.017
2016-07-03,0.55,0.016
2016-07-04,0.42,0.012
2016-07-05,0.44,0.012
2016-07-06,0.37,0.01
2016-07-07,0.38,0.011
2016-07-08,0.41,0.012
2016-07-09,1.15,0.033
2016-07-10,29.2,0.827
2016-07-11,2.63,0.074
2016-07-12,0.52,0.015
2016-07-13,0.3,0.008
2016-07-14,0.22,0.006
2016-07-15,0.21,0.006
2016-07-16,0.17,0.005
2016-07-17,0.15,0.004
2016-07-18,0.08,0.002
2016-07-19,0.07,0.002
2016-07-20,0.06,0.002
2016-07-21,0.07,0.002
2016-07-22,0.08,0.002
2016-07-23,0.05,0.001
2016-07-24,0.04,0.001
2016-07-25,0.1,0.003
2016-07-26,0.14,0.004
2016-07-27,0.12,0.003
2016-07-28,0.06,0.002
2016-07-29,0.04,0.001
2016-07-30,0.48,0.014
2016-07-31,0.1,0.003
2016-08-01,0.03,0.001
2016-08-02,0.05,0.001
2016-08-03,0.04,0.001
2016-08-04,0.04,0.001
2016-08-05,0.03,0.001
2016-08-06,0.03,0.001
2016-08-07,15.4,0.436
2016-08-08,2.75,0.078
2016-08-09,0.48,0.014
2016-08-10,0.34,0.01
2016-08-11,0.2,0.006
2016-08-12,0.15,0.004
2016-08-13,0.24,0.007
2016-08-14,0.14,0.004
2016-08-15,0.1,0.003
2016-08-16,0.06,0.002
2016-08-17,0.05,0.001
2016-08-18,0.04,0.001
2016-08-19,0.03,0.001
2016-08-20,0.04,0.001
2016-08-21,0.06,0.002
2016-08-22,0.04,0.001
2016-08-23,0.03,0.001
2016-08-24,0.04,0.001
2016-08-25,0.03,0.001
2016-08-26,0.03,0.001
2016-08-27,0.02,0.001
2016-08-28,0.06,0.002
2016-08-29,0.04,0.001
2016-08-30,0.03,0.001
2016-08-31,0.02,0.001
2016-09-01,0.1,0.003
2016-09-02,0.06,0.002
2016-09-03,0.03,0.001
2016-09-04,0.02,0.001
2016-09-05,0.02,0.001
2016-09-06,0.02,0.001
2016-09-07,0.02,0.001
2016-09-08,0.02,0.001
2016-09-09,0.02,0.001
2016-09-10,0.02,0.001
2016-09-11,0.01,0.0
2016-09-12,0.01,0.0
2016-09-13,0.01,0.0
2016-09-14,0.01,0.0
2016-09-15,0.01,0.0
2016-09-16,0.01,0.0
2016-09-17,0.01,0.0
2016-09-18,0.04,0.001
2016-09-19,0.03,0.001
2016-09-20,0.01,0.0
2016-09-21,0.01,0.0
2016-09-22,0.01,0.0
2016-09-23,0.01,0.0
2016-09-24,0.01,0.0
2016-09-25,0.0,0.0
2016-09-26,0.01,0.0
2016-09-27,0.01,0.0
2016-09-28,0.01,0.0
2016-09-29,0.0,0.0
2016-09-30,0.01,0.0
2016-10-01,0.0,0.0
2016-10-02,0.01,0.0
2016-10-03,0.01,0.0
2016-10-04,0.0,0.0
2016-10-05,0.0,0.0
2016-10-06,0.0,0.0
2016-10-07,0.0,0.0
2016-10-08,0.0,0.0
2016-10-09,0.0,0.0
2016-10-10,0.0,0.0
2016-10-11,0.0,0.0
2016-10-12,0.0,0.0
2016-10-13,0.0,0.0
2016-10-14,0.0,0.0
2016-10-15,0.0,0.0
2016-10-16,0.0,0.0
2016-10-17,0.01,0.0
2016-10-18,0.0,0.0
2016-10-19,0.0,0.0
2016-10-20,0.0,0.0
2016-10-21,0.0,0.0
2016-10-22,0.0,0.0
2016-10-23,0.0,0.0
2016-10-24,0.0,0.0
2016-10-25,0.0,0.0
2016-10-26,0.0,0.0
2016-10-27,0.0,0.0
2016-10-28,0.0,0.0
2016-10-29,0.0,0.0
2016-10-30,0.0,0.0
2016-10-31,0.0,0.0
2016-11-01,0.0,0.0
2016-11-02,0.0,0.0
2016-11-03,0.0,0.0
2016-11-04,0.0,0.0
2016-11-05,0.0,0.0
2016-11-06,0.0,0.0
2016-11-07,0.0,0.0
2016-11-08,0.0,0.0
2016-11-09,0.0,0.0
2016-11-10,0.0,0.0
2016-11-11,0.0,0.0
2016-11-12,0.0,0.0
2016-11-13,0.0,0.0
2016-11-14,0.0,0.0
2016-11-15,0.0,0.0
2016-11-16,0.0,0.0
2016-11-17,0.0,0.0
2016-11-18,0.0,0.0
2016-11-19,0.0,0.0
2016-11-20,0.0,0.0
2016-11-21,0.0,0.0
2016-11-22,0.0,0.0
2016-11-23,0.0,0.0
2016-11-24,0.0,0.0
2016-11-25,0.0,0.0
2016-11-26,0.0,0.0
2016-11-27,0.0,0.0
2016-11-28,0.14,0.004
2016-11-29,0.15,0.004
2016-11-30,0.73,0.021
2016-12-01,0.03,0.001
2016-12-02,0.01,0.0
2016-12-03,0.0,0.0
2016-12-04,0.04,0.001
2016-12-05,0.33,0.009
2016-12-06,0.66,0.019
2016-12-07,0.34,0.01
2016-12-08,0.15,0.004
2016-12-09,0.09,0.003
2016-12-10,0.07,0.002
2016-12-11,0.05,0.001
2016-12-12,0.04,0.001
2016-12-13,0.03,0.001
2016-12-14,0.03,0.001
2016-12-15,0.02,0.001
2016-12-16,0.01,0.0
2016-12-17,0.02,0.001
2016-12-18,0.05,0.001
2016-12-19,0.03,0.001
2016-12-20,0.02,0.001
2016-12-21,0.02,0.001
2016-12-22,0.02,0.001
2016-12-23,0.04,0.001
2016-12-24,0.05,0.001
2016-12-25,0.04,0.001
2016-12-26,0.03,0.001
2016-12-27,0.03,0.001
2016-12-28,0.03,0.001
2016-12-29,0.09,0.003
2016-12-30,0.05,0.001
2016-12-31,0.06,0.002
2017-01-01,0.28,0.008
2017-01-02,79.6,2.254
2017-01-03,22.9,0.648
2017-01-04,7.61,0.215
2017-01-05,4.86,0.138
2017-01-06,3.59,0.102
2017-01-07,2.92,0.083
2017-01-08,2.36,0.067
2017-01-09,2.15,0.061
2017-01-10,2.0,0.057
2017-01-11,1.87,0.053
2017-01-12,1.82,0.052
2017-01-13,1.73,0.049
2017-01-14,1.7,0.048
2017-01-15,1.68,0.048
2017-01-16,1.62,0.046
2017-01-17,1.62,0.046
2017-01-18,1.63,0.046
2017-01-19,20.0,0.566
2017-01-20,19.3,0.547
2017-01-21,30.2,0.855
2017-01-22,114.0,3.228
2017-01-23,101.0,2.86
2017-01-24,29.3,0.83
2017-01-25,18.7,0.53
2017-01-26,18.3,0.518
2017-01-27,13.1,0.371
2017-01-28,10.6,0.3
2017-01-29,9.25,0.262
2017-01-30,8.12,0.23
2017-01-31,7.01,0.199
2017-02-01,6.44,0.182
2017-02-02,6.1,0.173
2017-02-03,5.86,0.166
2017-02-04,5.71,0.162
2017-02-05,6.47,0.183
2017-02-06,12.4,0.351
2017-02-07,62.8,1.778
2017-02-08,74.5,2.11
2017-02-09,43.3,1.226
2017-02-10,30.3,0.858
2017-02-11,24.3,0.688
2017-02-12,21.3,0.603
2017-02-13,19.8,0.561
2017-02-14,17.1,0.484
2017-02-15,21.0,0.595
2017-02-16,18.2,0.515
2017-02-17,16.0,0.453
2017-02-18,15.0,0.425
2017-02-19,13.9,0.394
2017-02-20,12.6,0.357
2017-02-21,12.6,0.357
2017-02-22,14.1,0.399
2017-02-23,13.6,0.385
2017-02-24,12.9,0.365
2017-02-25,12.5,0.354
2017-02-26,11.6,0.328
2017-02-27,13.0,0.368
2017-02-28,13.1,0.371
2017-03-01,18.0,0.51
2017-03-02,35.9,1.017
2017-03-03,24.0,0.68
2017-03-04,19.0,0.538
2017-03-05,16.4,0.464
2017-03-06,14.3,0.405
2017-03-07,85.7,2.427
2017-03-08,112.0,3.171
2017-03-09,53.3,1.509
2017-03-10,50.0,1.416
2017-03-11,38.2,1.082
2017-03-12,34.9,0.988
2017-03-13,32.6,0.923
2017-03-14,35.6,1.008
2017-03-15,30.1,0.852
2017-03-16,25.8,0.731
2017-03-17,22.7,0.643
2017-03-18,23.0,0.651
2017-03-19,20.7,0.586
2017-03-20,18.8,0.532
2017-03-21,18.3,0.518
2017-03-22,16.4,0.464
2017-03-23,14.6,0.413
2017-03-24,14.0,0.396
2017-03-25,26.1,0.739
2017-03-26,51.1,1.447
2017-03-27,37.7,1.068
2017-03-28,194.0,5.493
2017-03-29,80.5,2.28
2017-03-30,51.4,1.455
2017-03-31,40.6,1.15
2017-04-01,32.7,0.926
2017-04-02,27.6,0.782
2017-04-03,599.0,16.962
2017-04-04,170.0,4.814
2017-04-05,228.0,6.456
2017-04-06,125.0,3.54
2017-04-07,72.7,2.059
2017-04-08,47.0,1.331
2017-04-09,35.0,0.991
2017-04-10,29.5,0.835
2017-04-11,25.3,0.716
2017-04-12,22.1,0.626
2017-04-13,19.2,0.544
2017-04-14,15.7,0.445
2017-04-15,12.5,0.354
2017-04-16,13.8,0.391
2017-04-17,12.8,0.362
2017-04-18,13.1,0.371
2017-04-19,11.6,0.328
2017-04-20,10.6,0.3
2017-04-21,10.0,0.283
2017-04-22,9.57,0.271
2017-04-23,26.5,0.75
2017-04-24,16.3,0.462
2017-04-25,13.1,0.371
2017-04-26,11.2,0.317
2017-04-27,11.3,0.32
2017-04-28,10.3,0.292
2017-04-29,9.26,0.262
2017-04-30,16.1,0.456
2017-05-01,62.8,1.778
2017-05-02,23.2,0.657
2017-05-03,13.9,0.394
2017-05-04,11.3,0.32
2017-05-05,11.2,0.317
2017-05-06,10.0,0.283
2017-05-07,8.16,0.231
2017-05-08,6.9,0.195
2017-05-09,5.98,0.169
2017-05-10,5.3,0.15
2017-05-11,4.76,0.135
2017-05-12,5.86,0.166
2017-05-13,6.62,0.187
2017-05-14,5.31,0.15
2017-05-15,4.58,0.13
2017-05-16,3.9,0.11
2017-05-17,2.81,0.08
2017-05-18,1.68,0.048
2017-05-19,1.36,0.039
2017-05-20,73.6,2.084
2017-05-21,26.1,0.739
2017-05-22,45.1,1.277
2017-05-23,78.4,2.22
2017-05-24,93.6,2.65
2017-05-25,45.0,1.274
2017-05-26,24.5,0.694
2017-05-27,17.2,0.487
2017-05-28,26.1,0.739
2017-05-29,16.3,0.462
2017-05-30,19.1,0.541
2017-05-31,21.6,0.612
2017-06-01,15.9,0.45
2017-06-02,13.0,0.368
2017-06-03,10.9,0.309
2017-06-04,9.95,0.282
2017-06-05,38.2,1.082
2017-06-06,704.0,19.935
2017-06-07,150.0,4.248
2017-06-08,55.1,1.56
2017-06-09,32.6,0.923
2017-06-10,22.9,0.648
2017-06-11,17.7,0.501
2017-06-12,15.0,0.425
2017-06-13,13.2,0.374
2017-06-14,10.2,0.289
2017-06-15,15.9,0.45
2017-06-16,16.8,0.476
2017-06-17,11.5,0.326
2017-06-18,9.78,0.277
2017-06-19,8.85,0.251
2017-06-20,7.95,0.225
2017-06-21,11.5,0.326
2017-06-22,331.0,9.373
2017-06-23,567.0,16.056
2017-06-24,336.0,9.514
2017-06-25,128.0,3.625
2017-06-26,63.8,1.807
2017-06-27,37.4,1.059
2017-06-28,28.7,0.813
2017-06-29,40.4,1.144
2017-06-30,145.0,4.106
2017-07-01,83.1,2.353
2017-07-02,46.3,1.311
2017-07-03,29.8,0.844
2017-07-04,29.5,0.835
2017-07-05,42.0,1.189
2017-07-06,30.0,0.85
2017-07-07,30.4,0.861
2017-07-08,26.1,0.739
2017-07-09,22.8,0.646
2017-07-10,18.3,0.518
2017-07-11,16.4,0.464
2017-07-12,15.1,0.428
2017-07-13,13.1,0.371
2017-07-14,45.9,1.3
2017-07-15,44.5,1.26
2017-07-16,22.2,0.629
2017-07-17,18.7,0.53
2017-07-18,16.5,0.467
2017-07-19,13.9,0.394
2017-07-20,12.3,0.348
2017-07-21,10.7,0.303
2017-07-22,12.4,0.351
2017-07-23,16.4,0.464
2017-07-24,31.2,0.883
2017-07-25,16.4,0.464
2017-07-26,14.8,0.419
2017-07-27,11.4,0.323
2017-07-28,11.1,0.314
2017-07-29,9.37,0.265
2017-07-30,7.85,0.222
2017-07-31,7.15,0.202
2017-08-01,6.57,0.186
2017-08-02,7.13,0.202
2017-08-03,7.2,0.204
2017-08-04,6.79,0.192
2017-08-05,6.52,0.185
2017-08-06,6.12,0.173
2017-08-07,7.38,0.209
2017-08-08,22.4,0.634
2017-08-09,11.5,0.326
2017-08-10,31.1,0.881
2017-08-11,71.7,2.03
2017-08-12,24.6,0.697
2017-08-13,16.6,0.47
2017-08-14,13.5,0.382
2017-08-15,11.5,0.326
2017-08-16,10.1,0.286
2017-08-17,9.19,0.26
2017-08-18,7.69,0.218
2017-08-19,6.02,0.17
2017-08-20,20.9,0.592
2017-08-21,9.3,0.263
2017-08-22,7.6,0.215
2017-08-23,7.0,0.198
2017-08-24,6.35,0.18
2017-08-25,5.62,0.159
2017-08-26,3.69,0.104
2017-08-27,3.33,0.094
2017-08-28,3.45,0.098
2017-08-29,4.48,0.127
2017-08-30,11.8,0.334
2017-08-31,24.7,0.699
2017-09-01,28.2,0.799
2017-09-02,10.5,0.297
2017-09-03,8.24,0.233
2017-09-04,7.12,0.202
2017-09-05,14.3,0.405
2017-09-06,10.4,0.294
2017-09-07,7.28,0.206
2017-09-08,6.28,0.178
2017-09-09,5.61,0.159
2017-09-10,5.2,0.147
2017-09-11,45.0,1.274
2017-09-12,47.6,1.348
2017-09-13,20.6,0.583
2017-09-14,15.1,0.428
2017-09-15,11.8,0.334
2017-09-16,9.93,0.281
2017-09-17,14.2,0.402
2017-09-18,12.6,0.357
2017-09-19,9.89,0.28
2017-09-20,11.3,0.32
2017-09-21,9.39,0.266
2017-09-22,8.01,0.227
2017-09-23,7.2,0.204
2017-09-24,6.59,0.187
2017-09-25,5.9,0.167
2017-09-26,5.85,0.166
2017-09-27,5.55,0.157
2017-09-28,5.33,0.151
2017-09-29,5.01,0.142
2017-09-30,4.71,0.133
2017-10-01,4.49,0.127
2017-10-02,4.33,0.123
2017-10-03,3.91,0.111
2017-10-04,4.19,0.119
2017-10-05,4.33,0.123
2017-10-06,4.06,0.115
2017-10-07,4.25,0.12
2017-10-08,270.0,7.646
2017-10-09,117.0,3.313
2017-10-10,43.1,1.22
2017-10-11,27.5,0.779
2017-10-12,19.2,0.544
2017-10-13,13.5,0.382
2017-10-14,10.3,0.292
2017-10-15,8.78,0.249
2017-10-16,15.5,0.439
2017-10-17,10.2,0.289
2017-10-18,10.6,0.3
2017-10-19,11.5,0.326
2017-10-20,11.5,0.326
2017-10-21,11.2,0.317
2017-10-22,11.6,0.328
2017-10-23,101.0,2.86
2017-10-24,35.3,1.0
2017-10-25,21.6,0.612
2017-10-26,17.7,0.501
2017-10-27,13.1,0.371
2017-10-28,88.9,2.517
2017-10-29,52.8,1.495
2017-10-30,29.3,0.83
2017-10-31,18.8,0.532
2017-11-01,12.6,0.357
2017-11-02,10.9,0.309
2017-11-03,10.2,0.289
2017-11-04,9.05,0.256
2017-11-05,8.44,0.239
2017-11-06,7.87,0.223
2017-11-07,7.81,0.221
2017-11-08,9.67,0.274
2017-11-09,12.4,0.351
2017-11-10,10.8,0.306
2017-11-11,6.38,0.181
2017-11-12,6.08,0.172
2017-11-13,10.7,0.303
2017-11-14,8.58,0.243
2017-11-15,8.17,0.231
2017-11-16,7.57,0.214
2017-11-17,7.11,0.201
2017-11-18,7.91,0.224
2017-11-19,9.31,0.264
2017-11-20,8.32,0.236
2017-11-21,6.38,0.181
2017-11-22,6.01,0.17
2017-11-23,7.19,0.204
2017-11-24,5.4,0.153
2017-11-25,4.93,0.14
2017-11-26,4.74,0.134
2017-11-27,5.87,0.166
2017-11-28,5.53,0.157
2017-11-29,4.82,0.136
2017-11-30,6.04,0.171
2017-12-01,5.91,0.167
2017-12-02,5.63,0.159
2017-12-03,5.37,0.152
2017-12-04,4.77,0.135
2017-12-05,6.74,0.191
2017-12-06,9.67,0.274
2017-12-07,8.59,0.243
2017-12-08,10.7,0.303
2017-12-09,9.97,0.282
2017-12-10,9.52,0.27
2017-12-11,9.12,0.258
2017-12-12,7.12,0.202
2017-12-13,6.83,0.193
2017-12-14,6.54,0.185
2017-12-15,6.38,0.181
2017-12-16,6.32,0.179
2017-12-17,10.9,0.309
2017-12-18,12.1,0.343
2017-12-19,11.9,0.337
2017-12-20,365.0,10.336
2017-12-21,91.4,2.588
2017-12-22,39.9,1.13
2017-12-23,42.1,1.192
2017-12-24,36.6,1.036
2017-12-25,26.5,0.75
2017-12-26,20.7,0.586
2017-12-27,18.0,0.51
2017-12-28,15.5,0.439
2017-12-29,13.7,0.388
2017-12-30,12.6,0.357
2017-12-31,11.5,0.326
2018-01-01,11.9,0.337
2018-01-02,19.2,0.544
2018-01-03,19.2,0.544
2018-01-04,18.8,0.532
2018-01-05,18.0,0.51
2018-01-06,9.62,0.272
2018-01-07,16.4,0.464
2018-01-08,18.9,0.535
2018-01-09,17.4,0.493
2018-01-10,8.69,0.246
2018-01-11,8.64,0.245
2018-01-12,20.2,0.572
2018-01-13,16.1,0.456
2018-01-14,13.2,0.374
2018-01-15,12.0,0.34
2018-01-16,10.9,0.309
2018-01-17,9.77,0.277
2018-01-18,9.65,0.273
2018-01-19,9.04,0.256
2018-01-20,8.73,0.247
2018-01-21,9.02,0.255
2018-01-22,18.1,0.513
2018-01-23,17.5,0.496
2018-01-24,9.1,0.258
2018-01-25,7.23,0.205
2018-01-26,6.61,0.187
2018-01-27,6.86,0.194
2018-01-28,8.07,0.229
2018-01-29,8.32,0.236
2018-01-30,7.65,0.217
2018-01-31,7.6,0.215
2018-02-01,7.91,0.224
2018-02-02,8.65,0.245
2018-02-03,7.89,0.223
2018-02-04,123.0,3.483
2018-02-05,54.6,1.546
2018-02-06,36.7,1.039
2018-02-07,479.0,13.564
2018-02-08,111.0,3.143
2018-02-09,57.7,1.634
2018-02-10,77.2,2.186
2018-02-11,161.0,4.559
2018-02-12,138.0,3.908
2018-02-13,106.0,3.002
2018-02-14,73.4,2.078
2018-02-15,52.8,1.495
2018-02-16,43.9,1.243
2018-02-17,38.5,1.09
2018-02-18,39.9,1.13
2018-02-19,33.2,0.94
2018-02-20,29.6,0.838
2018-02-21,26.6,0.753
2018-02-22,24.0,0.68
2018-02-23,21.9,0.62
2018-02-24,20.9,0.592
2018-02-25,59.1,1.674
2018-02-26,123.0,3.483
2018-02-27,76.6,2.169
2018-02-28,76.6,2.169
2018-03-01,83.6,2.367
2018-03-02,72.6,2.056
2018-03-03,52.2,1.478
2018-03-04,40.7,1.152
2018-03-05,34.6,0.98
2018-03-06,85.5,2.421
2018-03-07,59.8,1.693
2018-03-08,43.0,1.218
2018-03-09,34.5,0.977
2018-03-10,65.1,1.843
2018-03-11,193.0,5.465
2018-03-12,104.0,2.945
2018-03-13,65.3,1.849
2018-03-14,47.0,1.331
2018-03-15,37.7,1.068
2018-03-16,32.1,0.909
2018-03-17,49.8,1.41
2018-03-18,34.0,0.963
2018-03-19,30.5,0.864
2018-03-20,29.8,0.844
2018-03-21,25.0,0.708
2018-03-22,21.9,0.62
2018-03-23,20.3,0.575
2018-03-24,19.3,0.547
2018-03-25,19.1,0.541
2018-03-26,17.0,0.481
2018-03-27,16.1,0.456
2018-03-28,15.6,0.442
2018-03-29,39.9,1.13
2018-03-30,39.7,1.124
2018-03-31,29.0,0.821
2018-04-01,25.1,0.711
2018-04-02,22.3,0.631
2018-04-03,19.9,0.564
2018-04-04,27.4,0.776
2018-04-05,20.3,0.575
2018-04-06,22.8,0.646
2018-04-07,39.0,1.104
2018-04-08,28.8,0.816
2018-04-09,25.8,0.731
2018-04-10,22.1,0.626
2018-04-11,19.6,0.555
2018-04-12,17.7,0.501
2018-04-13,16.4,0.464
2018-04-14,235.0,6.654
2018-04-15,735.0,20.813
2018-04-16,153.0,4.332
2018-04-17,78.7,2.229
2018-04-18,47.5,1.345
2018-04-19,36.5,1.034
2018-04-20,28.5,0.807
2018-04-21,24.1,0.682
2018-04-22,69.4,1.965
2018-04-23,115.0,3.256
2018-04-24,71.6,2.027
2018-04-25,46.2,1.308
2018-04-26,108.0,3.058
2018-04-27,81.0,2.294
2018-04-28,49.4,1.399
2018-04-29,35.4,1.002
2018-04-30,28.0,0.793
2018-05-01,23.6,0.668
2018-05-02,20.5,0.58
2018-05-03,18.2,0.515
2018-05-04,16.4,0.464
2018-05-05,15.2,0.43
2018-05-06,14.4,0.408
2018-05-07,12.8,0.362
2018-05-08,12.0,0.34
2018-05-09,11.3,0.32
2018-05-10,10.2,0.289
2018-05-11,9.84,0.279
2018-05-12,9.19,0.26
2018-05-13,8.05,0.228
2018-05-14,7.68,0.217
2018-05-15,6.29,0.178
2018-05-16,8.3,0.235
2018-05-17,13.0,0.368
2018-05-18,10.4,0.294
2018-05-19,8.67,0.246
2018-05-20,7.91,0.224
2018-05-21,8.36,0.237
2018-05-22,8.86,0.251
2018-05-23,9.22,0.261
2018-05-24,8.43,0.239
2018-05-25,8.19,0.232
2018-05-26,7.97,0.226
2018-05-27,16.6,0.47
2018-05-28,19.0,0.538
2018-05-29,75.2,2.129
2018-05-30,59.3,1.679
2018-05-31,36.7,1.039
2018-06-01,31.5,0.892
2018-06-02,28.9,0.818
2018-06-03,19.8,0.561
2018-06-04,14.4,0.408
2018-06-05,10.7,0.303
2018-06-06,8.91,0.252
2018-06-07,7.66,0.217
2018-06-08,6.8,0.193
2018-06-09,5.97,0.169
2018-06-10,24.3,0.688
2018-06-11,14.9,0.422
2018-06-12,8.17,0.231
2018-06-13,7.06,0.2
2018-06-14,6.42,0.182
2018-06-15,5.73,0.162
2018-06-16,7.42,0.21
2018-06-17,7.16,0.203
2018-06-18,6.17,0.175
2018-06-19,5.32,0.151
2018-06-20,4.74,0.134
2018-06-21,4.86,0.138
2018-06-22,11.4,0.323
2018-06-23,67.5,1.911
2018-06-24,17.0,0.481
2018-06-25,11.8,0.334
2018-06-26,11.0,0.311
2018-06-27,11.6,0.328
2018-06-28,103.0,2.917
2018-06-29,34.4,0.974
2018-06-30,14.4,0.408
2018-07-01,10.4,0.294
2018-07-02,8.62,0.244
2018-07-03,7.21,0.204
2018-07-04,14.9,0.422
2018-07-05,10.3,0.292
2018-07-06,7.47,0.212
2018-07-07,6.97,0.197
2018-07-08,5.9,0.167
2018-07-09,5.27,0.149
2018-07-10,4.49,0.127
2018-07-11,3.76,0.106
2018-07-12,3.59,0.102
2018-07-13,3.62,0.103
2018-07-14,5.3,0.15
2018-07-15,4.6,0.13
2018-07-16,4.75,0.135
2018-07-17,4.73,0.134
2018-07-18,4.23,0.12
2018-07-19,3.91,0.111
2018-07-20,3.6,0.102
2018-07-21,3.47,0.098
2018-07-22,3.28,0.093
2018-07-23,3.05,0.086
2018-07-24,2.88,0.082
2018-07-25,2.89,0.082
2018-07-26,2.74,0.078
2018-07-27,2.52,0.071
2018-07-28,2.13,0.06
2018-07-29,1.9,0.054
2018-07-30,1.79,0.051
2018-07-31,2.25,0.064
2018-08-01,5.0,0.142
2018-08-02,3.39,0.096
2018-08-03,2.57,0.073
2018-08-04,2.13,0.06
2018-08-05,0.99,0.028
2018-08-06,1.14,0.032
2018-08-07,2.05,0.058
2018-08-08,1.27,0.036
2018-08-09,0.52,0.015
2018-08-10,0.32,0.009
2018-08-11,0.23,0.007
2018-08-12,0.15,0.004
2018-08-13,0.1,0.003
2018-08-14,0.08,0.002
2018-08-15,0.07,0.002
2018-08-16,0.06,0.002
2018-08-17,0.06,0.002
2018-08-18,3.78,0.107
2018-08-19,0.45,0.013
2018-08-20,0.15,0.004
2018-08-21,0.07,0.002
2018-08-22,0.05,0.001
2018-08-23,0.05,0.001
2018-08-24,0.04,0.001
2018-08-25,0.03,0.001
2018-08-26,0.03,0.001
2018-08-27,0.03,0.001
2018-08-28,0.02,0.001
2018-08-29,0.02,0.001
2018-08-30,0.02,0.001
2018-08-31,0.02,0.001
2018-09-01,0.04,0.001
2018-09-02,0.02,0.001
2018-09-03,0.02,0.001
2018-09-04,0.01,0.0
2018-09-05,0.01,0.0
2018-09-06,0.01,0.0
2018-09-07,0.01,0.0
2018-09-08,0.0,0.0
2018-09-09,0.01,0.0
2018-09-10,0.49,0.014
2018-09-11,0.02,0.001
2018-09-12,0.0,0.0
2018-09-13,0.11,0.003
2018-09-14,0.02,0.001
2018-09-15,0.0,0.0
2018-09-16,0.0,0.0
2018-09-17,0.0,0.0
2018-09-18,0.0,0.0
2018-09-19,0.01,0.0
2018-09-20,0.01,0.0
2018-09-21,0.02,0.001
2018-09-22,0.02,0.001
2018-09-23,0.07,0.002
2018-09-24,2.44,0.069
2018-09-25,0.13,0.004
2018-09-26,44.1,1.249
2018-09-27,37.3,1.056
2018-09-28,11.3,0.32
2018-09-29,5.69,0.161
2018-09-30,3.66,0.104
2018-10-01,2.78,0.079
2018-10-02,2.15,0.061
2018-10-03,1.78,0.05
2018-10-04,0.99,0.028
2018-10-05,0.62,0.018
2018-10-06,0.59,0.017
2018-10-07,0.59,0.017
2018-10-08,0.62,0.018
2018-10-09,0.61,0.017
2018-10-10,0.74,0.021
2018-10-11,0.72,0.02
2018-10-12,0.63,0.018
2018-10-13,0.61,0.017
2018-10-14,0.59,0.017
2018-10-15,0.6,0.017
2018-10-16,0.62,0.018
2018-10-17,0.7,0.02
2018-10-18,0.63,0.018
2018-10-19,0.61,0.017
2018-10-20,0.67,0.019
2018-10-21,0.71,0.02
2018-10-22,0.68,0.019
2018-10-23,0.67,0.019
2018-10-24,0.62,0.018
2018-10-25,0.75,0.021
2018-10-26,2.5,0.071
2018-10-27,3.74,0.106
2018-10-28,3.22,0.091
2018-10-29,2.88,0.082
2018-10-30,2.73,0.077
2018-10-31,4.24,0.12
2018-11-01,19.1,0.541
2018-11-02,16.8,0.476
2018-11-03,15.2,0.43
2018-11-04,17.6,0.498
2018-11-05,23.8,0.674
2018-11-06,41.4,1.172
2018-11-07,50.9,1.441
2018-11-08,26.4,0.748
2018-11-09,21.0,0.595
2018-11-10,19.2,0.544
2018-11-11,17.5,0.496
2018-11-12,166.0,4.701
2018-11-13,63.1,1.787
2018-11-14,43.0,1.218
2018-11-15,47.8,1.354
2018-11-16,31.4,0.889
2018-11-17,25.8,0.731
2018-11-18,22.2,0.629
2018-11-19,14.7,0.416
2018-11-20,11.0,0.311
2018-11-21,8.99,0.255
2018-11-22,8.16,0.231
2018-11-23,7.67,0.217
2018-11-24,10.3,0.292
2018-11-25,9.03,0.256
2018-11-26,8.38,0.237
2018-11-27,7.63,0.216
2018-11-28,7.06,0.2
2018-11-29,6.59,0.187
2018-11-30,7.91,0.224
2018-12-01,138.0,3.908
2018-12-02,53.5,1.515
2018-12-03,28.7,0.813
2018-12-04,24.6,0.697
2018-12-05,22.4,0.634
2018-12-06,20.0,0.566
2018-12-07,18.6,0.527
2018-12-08,232.0,6.569
2018-12-09,320.0,9.061
2018-12-10,106.0,3.002
2018-12-11,71.6,2.027
2018-12-12,54.6,1.546
2018-12-13,46.4,1.314
2018-12-14,52.7,1.492
2018-12-15,51.7,1.464
2018-12-16,46.0,1.303
2018-12-17,42.4,1.201
2018-12-18,38.7,1.096
2018-12-19,42.0,1.189
2018-12-20,49.4,1.399
2018-12-21,69.1,1.957
2018-12-22,58.5,1.657
2018-12-23,46.6,1.32
2018-12-24,38.8,1.099
2018-12-25,34.4,0.974
2018-12-26,31.2,0.883
2018-12-27,162.0,4.587
2018-12-28,1220.0,34.546
2018-12-29,176.0,4.984
2018-12-30,155.0,4.389
2018-12-31,174.0,4.927
2019-01-01,159.0,4.502
2019-01-02,108.0,3.058
2019-01-03,167.0,4.729
2019-01-04,350.0,9.911
2019-01-05,129.0,3.653
2019-01-06,77.5,2.195
2019-01-07,52.7,1.492
2019-01-08,42.1,1.192
2019-01-09,35.0,0.991
2019-01-10,29.8,0.844
2019-01-11,27.2,0.77
2019-01-12,35.7,1.011
2019-01-13,43.0,1.218
2019-01-14,33.1,0.937
2019-01-15,28.6,0.81
2019-01-16,25.8,0.731
2019-01-17,25.0,0.708
2019-01-18,24.9,0.705
2019-01-19,142.0,4.021
2019-01-20,127.0,3.596
2019-01-21,64.3,1.821
2019-01-22,44.7,1.266
2019-01-23,501.0,14.187
2019-01-24,323.0,9.146
2019-01-25,126.0,3.568
2019-01-26,82.0,2.322
2019-01-27,57.8,1.637
2019-01-28,45.8,1.297
2019-01-29,41.0,1.161
2019-01-30,33.7,0.954
2019-01-31,29.7,0.841
2019-02-01,26.9,0.762
2019-02-02,24.8,0.702
2019-02-03,23.6,0.668
2019-02-04,21.5,0.609
2019-02-05,20.3,0.575
2019-02-06,19.5,0.552
2019-02-07,18.8,0.532
2019-02-08,18.0,0.51
2019-02-09,16.9,0.479
2019-02-10,16.3,0.462
2019-02-11,15.7,0.445
2019-02-12,65.2,1.846
2019-02-13,53.1,1.504
2019-02-14,38.6,1.093
2019-02-15,31.6,0.895
2019-02-16,37.7,1.068
2019-02-17,58.3,1.651
2019-02-18,107.0,3.03
2019-02-19,150.0,4.248
2019-02-20,290.0,8.212
2019-02-21,452.0,12.799
2019-02-22,473.0,13.394
2019-02-23,270.0,7.646
2019-02-24,288.0,8.155
2019-02-25,133.0,3.766
2019-02-26,87.5,2.478
2019-02-27,67.3,1.906
2019-02-28,122.0,3.455
2019-03-01,162.0,4.587
2019-03-02,99.5,2.818
2019-03-03,347.0,9.826
2019-03-04,180.0,5.097
2019-03-05,93.5,2.648
2019-03-06,59.5,1.685
2019-03-07,45.1,1.277
2019-03-08,37.8,1.07
2019-03-09,31.4,0.889
2019-03-10,32.5,0.92
2019-03-11,27.5,0.779
2019-03-12,24.9,0.705
2019-03-13,22.2,0.629
2019-03-14,22.0,0.623
2019-03-15,47.4,1.342
2019-03-16,32.8,0.929
2019-03-17,28.0,0.793
2019-03-18,23.9,0.677
2019-03-19,20.2,0.572
2019-03-20,18.7,0.53
2019-03-21,17.9,0.507
2019-03-22,16.0,0.453
2019-03-23,14.9,0.422
2019-03-24,13.5,0.382
2019-03-25,13.6,0.385
2019-03-26,13.5,0.382
2019-03-27,12.3,0.348
2019-03-28,11.3,0.32
2019-03-29,11.1,0.314
2019-03-30,11.4,0.323
2019-03-31,12.8,0.362
2019-04-01,11.4,0.323
2019-04-02,10.8,0.306
2019-04-03,10.2,0.289
2019-04-04,10.3,0.292
2019-04-05,13.3,0.377
2019-04-06,14.0,0.396
2019-04-07,19.6,0.555
2019-04-08,21.2,0.6
2019-04-09,28.3,0.801
2019-04-10,24.5,0.694
2019-04-11,18.9,0.535
2019-04-12,16.5,0.467
2019-04-13,15.1,0.428
2019-04-14,164.0,4.644
2019-04-15,56.2,1.591
2019-04-16,33.4,0.946
2019-04-17,24.7,0.699
2019-04-18,36.5,1.034
2019-04-19,231.0,6.541
2019-04-20,123.0,3.483
2019-04-21,73.8,2.09
2019-04-22,43.9,1.243
2019-04-23,32.0,0.906
2019-04-24,25.4,0.719
2019-04-25,22.0,0.623
2019-04-26,20.0,0.566
2019-04-27,17.2,0.487
2019-04-28,15.2,0.43
2019-04-29,13.6,0.385
2019-04-30,12.4,0.351
2019-05-01,12.8,0.362
2019-05-02,12.6,0.357
2019-05-03,11.3,0.32
2019-05-04,12.0,0.34
2019-05-05,19.0,0.538
2019-05-06,12.8,0.362
2019-05-07,11.2,0.317
2019-05-08,10.3,0.292
2019-05-09,20.6,0.583
2019-05-10,15.8,0.447
2019-05-11,369.0,10.449
2019-05-12,254.0,7.192
2019-05-13,86.6,2.452
2019-05-14,38.4,1.087
2019-05-15,24.8,0.702
2019-05-16,34.9,0.988
2019-05-17,29.4,0.833
2019-05-18,18.4,0.521
2019-05-19,14.3,0.405
2019-05-20,11.9,0.337
2019-05-21,10.3,0.292
2019-05-22,9.0,0.255
2019-05-23,7.98,0.226
2019-05-24,7.37,0.209
2019-05-25,6.7,0.19
2019-05-26,6.21,0.176
2019-05-27,5.77,0.163
2019-05-28,5.48,0.155
2019-05-29,4.9,0.139
2019-05-30,4.21,0.119
2019-05-31,4.09,0.116
2019-06-01,3.92,0.111
2019-06-02,3.92,0.111
2019-06-03,4.07,0.115
2019-06-04,3.93,0.111
2019-06-05,5.14,0.146
2019-06-06,10.0,0.283
2019-06-07,19.0,0.538
2019-06-08,33.6,0.951
2019-06-09,62.1,1.758
2019-06-10,22.7,0.643
2019-06-11,12.4,0.351
2019-06-12,10.1,0.286
2019-06-13,8.29,0.235
2019-06-14,6.88,0.195
2019-06-15,6.04,0.171
2019-06-16,6.03,0.171
2019-06-17,6.03,0.171
2019-06-18,21.0,0.595
2019-06-19,15.5,0.439
2019-06-20,14.3,0.405
2019-06-21,9.88,0.28
2019-06-22,11.9,0.337
2019-06-23,9.86,0.279
2019-06-24,7.96,0.225
2019-06-25,6.48,0.183
2019-06-26,16.8,0.476
2019-06-27,9.48,0.268
2019-06-28,7.04,0.199
2019-06-29,5.93,0.168
2019-06-30,5.62,0.159
2019-07-01,5.61,0.159
2019-07-02,5.34,0.151
2019-07-03,5.39,0.153
2019-07-04,5.52,0.156
2019-07-05,5.35,0.151
2019-07-06,5.53,0.157
2019-07-07,6.11,0.173
2019-07-08,7.57,0.214
2019-07-09,5.65,0.16
2019-07-10,4.65,0.132
2019-07-11,4.16,0.118
2019-07-12,3.53,0.1
2019-07-13,3.46,0.098
2019-07-14,4.19,0.119
2019-07-15,4.92,0.139
2019-07-16,3.47,0.098
2019-07-17,1.76,0.05
2019-07-18,3.28,0.093
2019-07-19,1.55,0.044
2019-07-20,0.93,0.026
2019-07-21,2.42,0.069
2019-07-22,1.45,0.041
2019-07-23,1.28,0.036
2019-07-24,1.69,0.048
2019-07-25,1.54,0.044
2019-07-26,1.18,0.033
2019-07-27,0.51,0.014
2019-07-28,0.18,0.005
2019-07-29,0.09,0.003
2019-07-30,0.07,0.002
2019-07-31,0.06,0.002
2019-08-01,0.05,0.001
2019-08-02,0.04,0.001
2019-08-03,2.64,0.075
2019-08-04,2.31,0.065
2019-08-05,2.34,0.066
2019-08-06,1.46,0.041
2019-08-07,4.92,0.139
2019-08-08,2.17,0.061
2019-08-09,0.88,0.025
2019-08-10,0.39,0.011
2019-08-11,0.14,0.004
2019-08-12,0.07,0.002
2019-08-13,0.11,0.003
2019-08-14,0.66,0.019
2019-08-15,0.07,0.002
2019-08-16,0.04,0.001
2019-08-17,0.02,0.001
2019-08-18,0.02,0.001
2019-08-19,0.02,0.001
2019-08-20,0.01,0.0
2019-08-21,0.01,0.0
2019-08-22,0.01,0.0
2019-08-23,0.01,0.0
2019-08-24,0.0,0.0
2019-08-25,0.0,0.0
2019-08-26,7.4,0.21
2019-08-27,89.5,2.534
2019-08-28,3.99,0.113
2019-08-29,1.64,0.046
2019-08-30,1.04,0.029
2019-08-31,0.85,0.024
2019-09-01,0.74,0.021
2019-09-02,0.39,0.011
2019-09-03,0.21,0.006
2019-09-04,0.16,0.005
2019-09-05,0.12,0.003
2019-09-06,0.08,0.002
2019-09-07,0.07,0.002
2019-09-08,0.06,0.002
2019-09-09,0.04,0.001
2019-09-10,0.03,0.001
2019-09-11,0.02,0.001
2019-09-12,0.04,0.001
2019-09-13,0.01,0.0
2019-09-14,0.04,0.001
2019-09-15,0.02,0.001
2019-09-16,0.0,0.0
2019-09-17,0.0,0.0
2019-09-18,0.0,0.0
2019-09-19,0.0,0.0
2019-09-20,0.0,0.0
2019-09-21,0.0,0.0
2019-09-22,0.0,0.0
2019-09-23,0.0,0.0
2019-09-24,0.0,0.0
2019-09-25,0.0,0.0
2019-09-26,0.0,0.0
2019-09-27,0.0,0.0
2019-09-28,0.0,0.0
2019-09-29,0.0,0.0
2019-09-30,0.0,0.0
2019-10-01,0.0,0.0
2019-10-02,0.0,0.0
2019-10-03,0.0,0.0
2019-10-04,0.0,0.0
2019-10-05,0.0,0.0
2019-10-06,0.0,0.0
2019-10-07,1.59,0.045
2019-10-08,0.06,0.002
2019-10-09,0.0,0.0
2019-10-10,0.0,0.0
2019-10-11,0.0,0.0
2019-10-12,0.0,0.0
2019-10-13,0.0,0.0
2019-10-14,0.0,0.0
2019-10-15,0.0,0.0
2019-10-16,0.0,0.0
2019-10-17,0.0,0.0
2019-10-18,0.0,0.0
2019-10-19,0.0,0.0
2019-10-20,0.0,0.0
2019-10-21,0.0,0.0
2019-10-22,0.0,0.0
2019-10-23,0.0,0.0
2019-10-24,0.0,0.0
2019-10-25,19.5,0.552
2019-10-26,8.03,0.227
2019-10-27,5.24,0.148
2019-10-28,2.65,0.075
2019-10-29,1.63,0.046
2019-10-30,231.0,6.541
2019-10-31,100.0,2.832
2019-11-01,19.2,0.544
2019-11-02,10.2,0.289
2019-11-03,7.42,0.21
2019-11-04,5.92,0.168
2019-11-05,5.06,0.143
2019-11-06,4.56,0.129
2019-11-07,4.67,0.132
2019-11-08,5.25,0.149
2019-11-09,4.72,0.134
2019-11-10,4.65,0.132
2019-11-11,4.32,0.122
2019-11-12,6.49,0.184
2019-11-13,7.0,0.198
2019-11-14,6.67,0.189
2019-11-15,6.47,0.183
2019-11-16,6.57,0.186
2019-11-17,6.38,0.181
2019-11-18,6.42,0.182
2019-11-19,6.06,0.172
2019-11-20,5.93,0.168
2019-11-21,5.84,0.165
2019-11-22,6.3,0.178
2019-11-23,71.9,2.036
2019-11-24,20.4,0.578
2019-11-25,12.1,0.343
2019-11-26,8.96,0.254
2019-11-27,7.97,0.226
2019-11-28,6.61,0.187
2019-11-29,5.87,0.166
2019-11-30,5.65,0.16
2019-12-01,15.0,0.425
2019-12-02,11.0,0.311
2019-12-03,8.67,0.246
2019-12-04,7.42,0.21
2019-12-05,6.56,0.186
2019-12-06,6.1,0.173
2019-12-07,5.78,0.164
2019-12-08,5.33,0.151
2019-12-09,5.17,0.146
2019-12-10,29.7,0.841
2019-12-11,28.8,0.816
2019-12-12,17.3,0.49
2019-12-13,13.6,0.385
2019-12-14,11.6,0.328
2019-12-15,9.46,0.268
2019-12-16,8.54,0.242
2019-12-17,23.9,0.677
2019-12-18,17.6,0.498
2019-12-19,13.4,0.379
2019-12-20,10.9,0.309
2019-12-21,9.49,0.269
2019-12-22,234.0,6.626
2019-12-23,180.0,5.097
2019-12-24,56.9,1.611
2019-12-25,30.4,0.861
2019-12-26,21.4,0.606
2019-12-27,16.5,0.467
2019-12-28,13.9,0.394
2019-12-29,14.9,0.422
2019-12-30,17.2,0.487
2019-12-31,14.2,0.402
2020-01-01,13.0,0.368
2020-01-02,333.0,9.429
2020-01-03,336.0,9.514
2020-01-04,181.0,5.125
2020-01-05,68.3,1.934
2020-01-06,43.7,1.237
2020-01-07,35.1,0.994
2020-01-08,29.3,0.83
2020-01-09,26.1,0.739
2020-01-10,24.2,0.685
2020-01-11,168.0,4.757
2020-01-12,83.8,2.373
2020-01-13,47.8,1.354
2020-01-14,87.3,2.472
2020-01-15,68.3,1.934
2020-01-16,193.0,5.465
2020-01-17,72.1,2.042
2020-01-18,55.2,1.563
2020-01-19,47.5,1.345
2020-01-20,39.2,1.11
2020-01-21,34.4,0.974
2020-01-22,30.7,0.869
2020-01-23,33.2,0.94
2020-01-24,98.9,2.801
2020-01-25,53.1,1.504
2020-01-26,43.2,1.223
2020-01-27,37.0,1.048
2020-01-28,31.8,0.9
2020-01-29,28.9,0.818
2020-01-30,26.5,0.75
2020-01-31,24.7,0.699
2020-02-01,23.7,0.671
2020-02-02,22.7,0.643
2020-02-03,21.2,0.6
2020-02-04,15.8,0.447
2020-02-05,28.9,0.818
2020-02-06,1540.0,43.608
2020-02-07,194.0,5.493
2020-02-08,91.8,2.599
2020-02-09,55.6,1.574
2020-02-10,401.0,11.355
2020-02-11,755.0,21.379
2020-02-12,213.0,6.031
2020-02-13,153.0,4.332
2020-02-14,85.2,2.413
2020-02-15,52.8,1.495
2020-02-16,43.1,1.22
2020-02-17,35.5,1.005
2020-02-18,226.0,6.4
2020-02-19,241.0,6.824
2020-02-20,284.0,8.042
2020-02-21,164.0,4.644
2020-02-22,88.3,2.5
2020-02-23,56.9,1.611
2020-02-24,111.0,3.143
2020-02-25,112.0,3.171
2020-02-26,67.5,1.911
2020-02-27,46.2,1.308
2020-02-28,37.3,1.056
2020-02-29,31.4,0.889
2020-03-01,27.3,0.773
2020-03-02,111.0,3.143
2020-03-03,116.0,3.285
2020-03-04,143.0,4.049
2020-03-05,567.0,16.056
2020-03-06,210.0,5.947
2020-03-07,98.6,2.792
2020-03-08,63.1,1.787
2020-03-09,48.0,1.359
2020-03-10,47.9,1.356
2020-03-11,53.1,1.504
2020-03-12,43.9,1.243
2020-03-13,38.4,1.087
2020-03-14,33.7,0.954
2020-03-15,35.9,1.017
2020-03-16,32.4,0.917
2020-03-17,29.7,0.841
2020-03-18,27.2,0.77
2020-03-19,25.4,0.719
2020-03-20,23.8,0.674
2020-03-21,23.3,0.66
2020-03-22,21.8,0.617
2020-03-23,197.0,5.578
2020-03-24,180.0,5.097
2020-03-25,176.0,4.984
2020-03-26,82.7,2.342
2020-03-27,53.8,1.523
2020-03-28,40.7,1.152
2020-03-29,38.0,1.076
2020-03-30,30.0,0.85
2020-03-31,51.5,1.458
2020-04-01,34.3,0.971
2020-04-02,29.0,0.821
2020-04-03,26.1,0.739
2020-04-04,23.6,0.668
2020-04-05,21.4,0.606
2020-04-06,19.4,0.549
2020-04-07,19.8,0.561
2020-04-08,22.3,0.631
2020-04-09,19.4,0.549
2020-04-10,16.9,0.479
2020-04-11,15.3,0.433
2020-04-12,226.0,6.4
2020-04-13,508.0,14.385
2020-04-14,85.0,2.407
2020-04-15,45.8,1.297
2020-04-16,31.8,0.9
2020-04-17,25.1,0.711
2020-04-18,28.8,0.816
2020-04-19,307.0,8.693
2020-04-20,432.0,12.233
2020-04-21,103.0,2.917
2020-04-22,55.7,1.577
2020-04-23,220.0,6.23
2020-04-24,89.8,2.543
2020-04-25,51.6,1.461
2020-04-26,35.9,1.017
2020-04-27,28.2,0.799
2020-04-28,23.9,0.677
2020-04-29,22.0,0.623
2020-04-30,20.5,0.58
2020-05-01,18.1,0.513
2020-05-02,16.4,0.464
2020-05-03,15.1,0.428
2020-05-04,14.3,0.405
2020-05-05,13.4,0.379
2020-05-06,12.8,0.362
2020-05-07,11.9,0.337
2020-05-08,12.2,0.345
2020-05-09,12.0,0.34
2020-05-10,11.0,0.311
2020-05-11,10.4,0.294
2020-05-12,9.8,0.278
2020-05-13,9.51,0.269
2020-05-14,9.19,0.26
2020-05-15,8.79,0.249
2020-05-16,7.96,0.225
2020-05-17,7.48,0.212
2020-05-18,11.8,0.334
2020-05-19,9.3,0.263
2020-05-20,9.37,0.265
2020-05-21,8.38,0.237
2020-05-22,9.25,0.262
2020-05-23,11.5,0.326
2020-05-24,9.0,0.255
2020-05-25,7.47,0.212
2020-05-26,9.88,0.28
2020-05-27,15.8,0.447
2020-05-28,16.7,0.473
2020-05-29,11.9,0.337
2020-05-30,9.94,0.281
2020-05-31,8.83,0.25
2020-06-01,7.92,0.224
2020-06-02,7.25,0.205
2020-06-03,11.5,0.326
2020-06-04,13.3,0.377
2020-06-05,11.4,0.323
2020-06-06,9.15,0.259
2020-06-07,7.92,0.224
2020-06-08,12.4,0.351
2020-06-09,17.0,0.481
2020-06-10,14.3,0.405
2020-06-11,10.7,0.303
2020-06-12,8.9,0.252
2020-06-13,7.86,0.223
2020-06-14,7.13,0.202
2020-06-15,6.32,0.179
2020-06-16,4.73,0.134
2020-06-17,4.37,0.124
2020-06-18,4.18,0.118
2020-06-19,4.06,0.115
2020-06-20,3.83,0.108
2020-06-21,6.74,0.191
2020-06-22,14.7,0.416
2020-06-23,11.6,0.328
2020-06-24,13.5,0.382
2020-06-25,22.4,0.634
2020-06-26,16.6,0.47
2020-06-27,10.5,0.297
2020-06-28,9.22,0.261
2020-06-29,7.73,0.219
2020-06-30,6.8,0.193
2020-07-01,8.53,0.242
2020-07-02,7.78,0.22
2020-07-03,6.44,0.182
2020-07-04,5.69,0.161
2020-07-05,6.5,0.184
2020-07-06,5.84,0.165
2020-07-07,8.16,0.231
2020-07-08,13.7,0.388
2020-07-09,12.7,0.36
2020-07-10,7.84,0.222
2020-07-11,6.34,0.18
2020-07-12,59.3,1.679
2020-07-13,17.1,0.484
2020-07-14,10.2,0.289
2020-07-15,7.9,0.224
2020-07-16,6.4,0.181
2020-07-17,5.57,0.158
2020-07-18,4.96,0.14
2020-07-19,4.53,0.128
2020-07-20,16.1,0.456
2020-07-21,6.84,0.194
2020-07-22,6.37,0.18
2020-07-23,4.62,0.131
2020-07-24,4.16,0.118
2020-07-25,3.9,0.11
2020-07-26,3.71,0.105
2020-07-27,3.58,0.101
2020-07-28,3.63,0.103
2020-07-29,4.39,0.124
2020-07-30,4.22,0.119
2020-07-31,39.0,1.104
2020-08-01,8.33,0.236
2020-08-02,5.4,0.153
2020-08-03,4.49,0.127
2020-08-04,3.95,0.112
2020-08-05,3.6,0.102
2020-08-06,3.35,0.095
2020-08-07,2.79,0.079
2020-08-08,2.78,0.079
2020-08-09,2.4,0.068
2020-08-10,2.12,0.06
2020-08-11,1.95,0.055
2020-08-12,1.71,0.048
2020-08-13,1.44,0.041
2020-08-14,1.34,0.038
2020-08-15,1.22,0.035
2020-08-16,1.37,0.039
2020-08-17,1.55,0.044
2020-08-18,1.37,0.039
2020-08-19,1.49,0.042
2020-08-20,1.58,0.045
2020-08-21,8.02,0.227
2020-08-22,7.3,0.207
2020-08-23,4.61,0.131
2020-08-24,5.11,0.145
2020-08-25,8.78,0.249
2020-08-26,7.09,0.201
2020-08-27,5.83,0.165
2020-08-28,19.4,0.549
2020-08-29,12.0,0.34
2020-08-30,38.1,1.079
2020-08-31,11.2,0.317
2020-09-01,10.1,0.286
2020-09-02,7.72,0.219
2020-09-03,7.06,0.2
2020-09-04,6.19,0.175
2020-09-05,5.75,0.163
2020-09-06,5.28,0.15
2020-09-07,4.79,0.136
2020-09-08,4.3,0.122
2020-09-09,3.76,0.106
2020-09-10,2.77,0.078
2020-09-11,2.27,0.064
2020-09-12,2.0,0.057
2020-09-13,1.75,0.05
2020-09-14,1.51,0.043
2020-09-15,1.41,0.04
2020-09-16,1.37,0.039
2020-09-17,1.5,0.042
2020-09-18,1.18,0.033
2020-09-19,1.06,0.03
2020-09-20,0.99,0.028
2020-09-21,0.92,0.026
2020-09-22,0.9,0.025
2020-09-23,0.89,0.025
2020-09-24,2.37,0.067
2020-09-25,1.64,0.046
2020-09-26,1.16,0.033
2020-09-27,1.05,0.03
2020-09-28,1.07,0.03
2020-09-29,1.18,0.033
2020-09-30,1.11,0.031
2020-10-01,1.12,0.032
2020-10-02,1.06,0.03
2020-10-03,1.01,0.029
2020-10-04,0.97,0.027
2020-10-05,0.94,0.027
2020-10-06,0.91,0.026
2020-10-07,0.88,0.025
2020-10-08,0.86,0.024
2020-10-09,0.96,0.027
2020-10-10,115.0,3.256
2020-10-11,19.1,0.541
2020-10-12,7.17,0.203
2020-10-13,4.58,0.13
2020-10-14,3.46,0.098
2020-10-15,2.93,0.083
2020-10-16,2.79,0.079
2020-10-17,2.5,0.071
2020-10-18,3.23,0.091
2020-10-19,3.29,0.093
2020-10-20,3.38,0.096
2020-10-21,2.93,0.083
2020-10-22,2.16,0.061
2020-10-23,1.88,0.053
2020-10-24,10.4,0.294
2020-10-25,6.99,0.198
2020-10-26,4.5,0.127
2020-10-27,3.53,0.1
2020-10-28,8.76,0.248
2020-10-29,238.0,6.739
2020-10-30,24.1,0.682
2020-10-31,15.4,0.436
2020-11-01,12.1,0.343
2020-11-02,10.4,0.294
2020-11-03,9.33,0.264
2020-11-04,8.55,0.242
2020-11-05,7.14,0.202
2020-11-06,6.92,0.196
2020-11-07,6.68,0.189
2020-11-08,6.96,0.197
2020-11-09,8.34,0.236
2020-11-10,8.25,0.234
2020-11-11,18.5,0.524
2020-11-12,18.5,0.524
2020-11-13,13.5,0.382
2020-11-14,11.6,0.328
2020-11-15,10.8,0.306
2020-11-16,10.6,0.3
2020-11-17,8.77,0.248
2020-11-18,8.73,0.247
2020-11-19,9.04,0.256
2020-11-20,7.86,0.223
2020-11-21,7.47,0.212
2020-11-22,7.26,0.206
2020-11-23,7.99,0.226
2020-11-24,7.94,0.225
2020-11-25,11.1,0.314
2020-11-26,10.5,0.297
2020-11-27,9.77,0.277
2020-11-28,9.82,0.278
2020-11-29,13.5,0.382
2020-11-30,22.8,0.646
2020-12-01,16.9,0.479
2020-12-02,13.3,0.377
2020-12-03,11.9,0.337
2020-12-04,13.8,0.391
2020-12-05,13.3,0.377
2020-12-06,12.5,0.354
2020-12-07,12.7,0.36
2020-12-08,11.5,0.326
2020-12-09,10.9,0.309
2020-12-10,10.3,0.292
2020-12-11,10.1,0.286
2020-12-12,10.8,0.306
2020-12-13,15.6,0.442
2020-12-14,237.0,6.711
2020-12-15,44.0,1.246
2020-12-16,30.6,0.866
2020-12-17,24.5,0.694
2020-12-18,20.1,0.569
2020-12-19,17.4,0.493
2020-12-20,16.1,0.456
2020-12-21,14.8,0.419
2020-12-22,13.5,0.382
2020-12-23,12.3,0.348
2020-12-24,104.0,2.945
2020-12-25,46.2,1.308
2020-12-26,29.3,0.83
2020-12-27,23.0,0.651
2020-12-28,19.0,0.538
2020-12-29,16.4,0.464
2020-12-30,14.8,0.419
2020-12-31,13.7,0.388
2021-01-01,40.8,1.155
2021-01-02,31.0,0.878
2021-01-03,23.7,0.671
2021-01-04,19.8,0.561
2021-01-05,17.3,0.49
2021-01-06,15.3,0.433
2021-01-07,14.5,0.411
2021-01-08,14.7,0.416
2021-01-09,13.2,0.374
2021-01-10,12.0,0.34
2021-01-11,13.7,0.388
2021-01-12,13.9,0.394
2021-01-13,13.6,0.385
2021-01-14,13.4,0.379
2021-01-15,13.0,0.368
2021-01-16,12.3,0.348
2021-01-17,11.6,0.328
2021-01-18,11.0,0.311
2021-01-19,10.4,0.294
2021-01-20,10.0,0.283
2021-01-21,10.5,0.297
2021-01-22,11.7,0.331
2021-01-23,10.7,0.303
2021-01-24,10.2,0.289
2021-01-25,11.3,0.32
2021-01-26,314.0,8.891
2021-01-27,108.0,3.058
2021-01-28,60.6,1.716
2021-01-29,41.7,1.181
2021-01-30,34.7,0.983
2021-01-31,43.7,1.237
2021-02-01,34.6,0.98
2021-02-02,30.1,0.852
2021-02-03,26.8,0.759
2021-02-04,24.1,0.682
2021-02-05,24.5,0.694
2021-02-06,21.9,0.62
2021-02-07,22.3,0.631
2021-02-08,21.1,0.597
2021-02-09,20.2,0.572
2021-02-10,19.4,0.549
2021-02-11,58.9,1.668
2021-02-12,64.9,1.838
2021-02-13,47.0,1.331
2021-02-14,37.4,1.059
2021-02-15,59.8,1.693
2021-02-16,64.9,1.838
2021-02-17,51.3,1.453
2021-02-18,431.0,12.205
2021-02-19,119.0,3.37
2021-02-20,69.5,1.968
2021-02-21,49.3,1.396
2021-02-22,42.1,1.192
2021-02-23,35.3,1.0
2021-02-24,30.3,0.858
2021-02-25,27.4,0.776
2021-02-26,28.6,0.81
2021-02-27,26.2,0.742
2021-02-28,24.5,0.694
2021-03-01,34.4,0.974
2021-03-02,32.8,0.929
2021-03-03,35.4,1.002
2021-03-04,31.1,0.881
2021-03-05,28.4,0.804
2021-03-06,25.9,0.733
2021-03-07,23.5,0.665
2021-03-08,21.4,0.606
2021-03-09,20.2,0.572
2021-03-10,19.7,0.558
2021-03-11,18.7,0.53
2021-03-12,18.0,0.51
2021-03-13,18.0,0.51
2021-03-14,17.5,0.496
2021-03-15,21.6,0.612
2021-03-16,38.4,1.087
2021-03-17,291.0,8.24
2021-03-18,558.0,15.801
2021-03-19,129.0,3.653
2021-03-20,71.8,2.033
2021-03-21,49.3,1.396
2021-03-22,40.6,1.15
2021-03-23,35.6,1.008
2021-03-24,31.8,0.9
2021-03-25,964.0,27.297
2021-03-26,472.0,13.366
2021-03-27,152.0,4.304
2021-03-28,127.0,3.596
2021-03-29,87.4,2.475
2021-03-30,64.0,1.812
2021-03-31,220.0,6.23
2021-04-01,137.0,3.879
2021-04-02,83.3,2.359
2021-04-03,57.8,1.637
2021-04-04,47.5,1.345
2021-04-05,40.3,1.141
2021-04-06,35.1,0.994
2021-04-07,31.4,0.889
2021-04-08,29.0,0.821
2021-04-09,147.0,4.163
2021-04-10,448.0,12.686
2021-04-11,158.0,4.474
2021-04-12,87.7,2.483
2021-04-13,49.8,1.41
2021-04-14,33.4,0.946
2021-04-15,26.5,0.75
2021-04-16,21.0,0.595
2021-04-17,17.0,0.481
2021-04-18,14.5,0.411
2021-04-19,13.1,0.371
2021-04-20,11.2,0.317
2021-04-21,10.0,0.283
2021-04-22,8.96,0.254
2021-04-23,8.3,0.235
2021-04-24,106.0,3.002
2021-04-25,31.3,0.886
2021-04-26,20.2,0.572
2021-04-27,16.3,0.462
2021-04-28,13.6,0.385
2021-04-29,11.8,0.334
2021-04-30,11.9,0.337
2021-05-01,9.99,0.283
2021-05-02,8.93,0.253
2021-05-03,11.0,0.311
2021-05-04,289.0,8.184
2021-05-05,184.0,5.21
2021-05-06,83.1,2.353
2021-05-07,46.8,1.325
2021-05-08,31.5,0.892
2021-05-09,32.5,0.92
2021-05-10,128.0,3.625
2021-05-11,64.5,1.826
2021-05-12,57.2,1.62
2021-05-13,38.4,1.087
2021-05-14,28.1,0.796
2021-05-15,21.6,0.612
2021-05-16,17.7,0.501
2021-05-17,15.2,0.43
2021-05-18,13.5,0.382
2021-05-19,11.1,0.314
2021-05-20,9.21,0.261
2021-05-21,8.39,0.238
2021-05-22,7.42,0.21
2021-05-23,6.75,0.191
2021-05-24,6.13,0.174
2021-05-25,5.35,0.151
2021-05-26,6.03,0.171
2021-05-27,6.23,0.176
2021-05-28,18.5,0.524
2021-05-29,8.43,0.239
2021-05-30,6.63,0.188
2021-05-31,5.79,0.164
2021-06-01,5.1,0.144
2021-06-02,5.33,0.151
2021-06-03,6.33,0.179
2021-06-04,6.5,0.184
2021-06-05,5.72,0.162
2021-06-06,36.6,1.036
2021-06-07,26.2,0.742
2021-06-08,15.8,0.447
2021-06-09,131.0,3.71
2021-06-10,102.0,2.888
2021-06-11,45.3,1.283
2021-06-12,26.4,0.748
2021-06-13,18.4,0.521
2021-06-14,16.6,0.47
2021-06-15,11.6,0.328
2021-06-16,9.43,0.267
2021-06-17,8.14,0.23
2021-06-18,7.29,0.206
2021-06-19,217.0,6.145
2021-06-20,419.0,11.865
2021-06-21,148.0,4.191
2021-06-22,310.0,8.778
2021-06-23,141.0,3.993
2021-06-24,88.0,2.492
2021-06-25,57.1,1.617
2021-06-26,30.1,0.852
2021-06-27,26.9,0.762
2021-06-28,24.4,0.691
2021-06-29,205.0,5.805
2021-06-30,113.0,3.2
2021-07-01,66.0,1.869
2021-07-02,48.6,1.376
2021-07-03,34.4,0.974
2021-07-04,25.1,0.711
2021-07-05,20.7,0.586
2021-07-06,36.3,1.028
2021-07-07,197.0,5.578
2021-07-08,86.3,2.444
2021-07-09,52.2,1.478
2021-07-10,45.9,1.3
2021-07-11,32.0,0.906
2021-07-12,51.3,1.453
2021-07-13,40.9,1.158
2021-07-14,29.3,0.83
2021-07-15,24.0,0.68
2021-07-16,22.2,0.629
2021-07-17,79.9,2.263
2021-07-18,135.0,3.823
2021-07-19,270.0,7.646
2021-07-20,249.0,7.051
2021-07-21,143.0,4.049
2021-07-22,88.6,2.509
2021-07-23,52.9,1.498
2021-07-24,35.0,0.991
2021-07-25,28.6,0.81
2021-07-26,33.5,0.949
2021-07-27,96.9,2.744
2021-07-28,101.0,2.86
2021-07-29,43.4,1.229
2021-07-30,26.4,0.748
2021-07-31,20.5,0.58
2021-08-01,17.6,0.498
2021-08-02,16.2,0.459
2021-08-03,13.9,0.394
2021-08-04,11.7,0.331
2021-08-05,10.5,0.297
2021-08-06,9.6,0.272
2021-08-07,9.96,0.282
2021-08-08,8.56,0.242
2021-08-09,8.1,0.229
2021-08-10,7.8,0.221
2021-08-11,8.38,0.237
2021-08-12,8.11,0.23
2021-08-13,7.19,0.204
2021-08-14,7.03,0.199
2021-08-15,6.97,0.197
2021-08-16,9.02,0.255
2021-08-17,7.05,0.2
2021-08-18,6.31,0.179
2021-08-19,7.37,0.209
2021-08-20,8.99,0.255
2021-08-21,10.1,0.286
2021-08-22,11.4,0.323
2021-08-23,8.18,0.232
2021-08-24,6.5,0.184
2021-08-25,5.67,0.161
2021-08-26,5.24,0.148
2021-08-27,5.39,0.153
2021-08-28,5.25,0.149
2021-08-29,5.85,0.166
2021-08-30,8.55,0.242
2021-08-31,244.0,6.909
2021-09-01,72.8,2.061
2021-09-02,27.6,0.782
2021-09-03,16.4,0.464
2021-09-04,12.6,0.357
2021-09-05,10.7,0.303
2021-09-06,9.93,0.281
2021-09-07,8.74,0.247
2021-09-08,8.14,0.23
2021-09-09,9.19,0.26
2021-09-10,7.97,0.226
2021-09-11,6.66,0.189
2021-09-12,6.07,0.172
2021-09-13,5.98,0.169
2021-09-14,6.43,0.182
2021-09-15,7.03,0.199
2021-09-16,6.78,0.192
2021-09-17,18.7,0.53
2021-09-18,136.0,3.851
2021-09-19,114.0,3.228
2021-09-20,336.0,9.514
2021-09-21,87.3,2.472
2021-09-22,41.9,1.186
2021-09-23,24.1,0.682
2021-09-24,16.1,0.456
2021-09-25,11.8,0.334
2021-09-26,9.36,0.265
2021-09-27,7.86,0.223
2021-09-28,6.64,0.188
2021-09-29,5.67,0.161
2021-09-30,5.12,0.145
2021-10-01,4.73,0.134
2021-10-02,4.65,0.132
2021-10-03,43.2,1.223
2021-10-04,105.0,2.973
2021-10-05,48.3,1.368
2021-10-06,103.0,2.917
2021-10-07,177.0,5.012
2021-10-08,50.0,1.416
2021-10-09,25.6,0.725
2021-10-10,18.5,0.524
2021-10-11,15.2,0.43
2021-10-12,12.8,0.362
2021-10-13,11.0,0.311
2021-10-14,9.73,0.276
2021-10-15,9.07,0.257
2021-10-16,9.83,0.278
2021-10-17,8.56,0.242
2021-10-18,7.84,0.222
2021-10-19,7.38,0.209
2021-10-20,6.79,0.192
2021-10-21,22.5,0.637
2021-10-22,11.6,0.328
2021-10-23,8.1,0.229
2021-10-24,6.82,0.193
2021-10-25,6.55,0.185
2021-10-26,5.95,0.168
2021-10-27,5.42,0.153
2021-10-28,7.2,0.204
2021-10-29,7.34,0.208
2021-10-30,7.96,0.225
2021-10-31,7.25,0.205
2021-11-01,11.5,0.326
2021-11-02,15.8,0.447
2021-11-03,15.5,0.439
2021-11-04,16.6,0.47
2021-11-05,15.8,0.447
2021-11-06,15.4,0.436
2021-11-07,15.3,0.433
2021-11-08,14.9,0.422
2021-11-09,15.4,0.436
2021-11-10,15.4,0.436
2021-11-11,21.2,0.6
2021-11-12,19.2,0.544
2021-11-13,16.1,0.456
2021-11-14,15.3,0.433
2021-11-15,9.93,0.281
2021-11-16,5.85,0.166
2021-11-17,5.83,0.165
2021-11-18,5.93,0.168
2021-11-19,5.97,0.169
2021-11-20,5.64,0.16
2021-11-21,6.06,0.172
2021-11-22,17.1,0.484
2021-11-23,8.61,0.244
2021-11-24,7.01,0.199
2021-11-25,6.76,0.191
2021-11-26,8.96,0.254
2021-11-27,7.46,0.211
2021-11-28,6.98,0.198
2021-11-29,6.7,0.19
2021-11-30,6.27,0.178
2021-12-01,6.15,0.174
2021-12-02,5.95,0.168
2021-12-03,5.78,0.164
2021-12-04,5.68,0.161
2021-12-05,7.56,0.214
2021-12-06,39.9,1.13
2021-12-07,19.6,0.555
2021-12-08,12.5,0.354
2021-12-09,9.87,0.279
2021-12-10,9.15,0.259
2021-12-11,50.0,1.416
2021-12-12,35.7,1.011
2021-12-13,20.8,0.589
2021-12-14,15.3,0.433
2021-12-15,12.4,0.351
2021-12-16,10.7,0.303
2021-12-17,9.67,0.274
2021-12-18,173.0,4.899
2021-12-19,118.0,3.341
2021-12-20,71.3,2.019
2021-12-21,45.2,1.28
2021-12-22,32.7,0.926
2021-12-23,25.4,0.719
2021-12-24,21.5,0.609
2021-12-25,19.6,0.555
2021-12-26,17.7,0.501
2021-12-27,16.1,0.456
2021-12-28,15.2,0.43
2021-12-29,64.2,1.818
2021-12-30,412.0,11.667
2021-12-31,148.0,4.191
2022-01-01,97.9,2.772
2022-01-02,140.0,3.964
2022-01-03,186.0,5.267
2022-01-04,117.0,3.313
2022-01-05,95.2,2.696
2022-01-06,88.8,2.515
2022-01-07,68.7,1.945
2022-01-08,57.1,1.617
2022-01-09,99.0,2.803
2022-01-10,104.0,2.945
2022-01-11,82.5,2.336
2022-01-12,62.3,1.764
2022-01-13,37.0,1.048
2022-01-14,30.3,0.858
2022-01-15,26.7,0.756
2022-01-16,134.0,3.794
2022-01-17,107.0,3.03
2022-01-18,87.8,2.486
2022-01-19,66.9,1.894
2022-01-20,109.0,3.087
2022-01-21,85.6,2.424
2022-01-22,67.0,1.897
2022-01-23,39.0,1.104
2022-01-24,31.7,0.898
2022-01-25,26.5,0.75
2022-01-26,22.2,0.629
2022-01-27,20.2,0.572
2022-01-28,18.9,0.535
2022-01-29,17.3,0.49
2022-01-30,16.2,0.459
2022-01-31,15.4,0.436
2022-02-01,14.2,0.402
2022-02-02,29.0,0.821
2022-02-03,246.0,6.966
2022-02-04,235.0,6.654
2022-02-05,108.0,3.058
2022-02-06,71.0,2.01
2022-02-07,48.6,1.376
2022-02-08,37.2,1.053
2022-02-09,30.6,0.866
2022-02-10,26.0,0.736
2022-02-11,22.6,0.64
2022-02-12,20.5,0.58
2022-02-13,18.8,0.532
2022-02-14,17.1,0.484
2022-02-15,15.7,0.445
2022-02-16,14.4,0.408
2022-02-17,168.0,4.757
2022-02-18,198.0,5.607
2022-02-19,99.5,2.818
2022-02-20,63.3,1.792
2022-02-21,237.0,6.711
2022-02-22,227.0,6.428
2022-02-23,301.0,8.523
2022-02-24,157.0,4.446
2022-02-25,135.0,3.823
2022-02-26,103.0,2.917
2022-02-27,190.0,5.38
2022-02-28,135.0,3.823
2022-03-01,101.0,2.86
2022-03-02,77.0,2.18
2022-03-03,56.0,1.586
2022-03-04,43.1,1.22
2022-03-05,35.5,1.005
2022-03-06,31.0,0.878
2022-03-07,37.1,1.051
2022-03-08,32.6,0.923
2022-03-09,243.0,6.881
2022-03-10,110.0,3.115
2022-03-11,86.8,2.458
2022-03-12,142.0,4.021
2022-03-13,101.0,2.86
2022-03-14,76.8,2.175
2022-03-15,164.0,4.644
2022-03-16,390.0,11.044
2022-03-17,167.0,4.729
2022-03-18,297.0,8.41
2022-03-19,168.0,4.757
2022-03-20,115.0,3.256
2022-03-21,91.1,2.58
2022-03-22,169.0,4.786
2022-03-23,571.0,16.169
2022-03-24,164.0,4.644
2022-03-25,109.0,3.087
2022-03-26,81.1,2.296
2022-03-27,56.3,1.594
2022-03-28,43.3,1.226
2022-03-29,31.5,0.892
2022-03-30,70.4,1.994
2022-03-31,372.0,10.534
2022-04-01,122.0,3.455
2022-04-02,89.9,2.546
2022-04-03,63.8,1.807
2022-04-04,48.2,1.365
2022-04-05,219.0,6.201
2022-04-06,136.0,3.851
2022-04-07,97.0,2.747
2022-04-08,69.1,1.957
2022-04-09,49.7,1.407
2022-04-10,38.7,1.096
2022-04-11,36.0,1.019
2022-04-12,30.2,0.855
2022-04-13,28.9,0.818
2022-04-14,82.5,2.336
2022-04-15,39.2,1.11
2022-04-16,415.0,11.751
2022-04-17,175.0,4.955
2022-04-18,145.0,4.106
2022-04-19,105.0,2.973
2022-04-20,79.7,2.257
2022-04-21,56.4,1.597
2022-04-22,43.4,1.229
2022-04-23,35.4,1.002
2022-04-24,30.4,0.861
2022-04-25,26.0,0.736
2022-04-26,34.8,0.985
2022-04-27,23.7,0.671
2022-04-28,20.9,0.592
2022-04-29,18.9,0.535
2022-04-30,17.5,0.496
2022-05-01,31.5,0.892
2022-05-02,19.6,0.555
2022-05-03,16.5,0.467
2022-05-04,15.2,0.43
2022-05-05,14.9,0.422
2022-05-06,13.6,0.385
2022-05-07,13.0,0.368
2022-05-08,12.1,0.343
2022-05-09,11.2,0.317
2022-05-10,10.2,0.289
2022-05-11,9.51,0.269
2022-05-12,8.78,0.249
2022-05-13,8.42,0.238
2022-05-14,7.93,0.225
2022-05-15,7.65,0.217
2022-05-16,7.09,0.201
2022-05-17,6.53,0.185
2022-05-18,6.09,0.172
2022-05-19,5.78,0.164
2022-05-20,5.23,0.148
2022-05-21,4.76,0.135
2022-05-22,5.52,0.156
2022-05-23,28.1,0.796
2022-05-24,12.1,0.343
2022-05-25,13.1,0.371
2022-05-26,26.3,0.745
2022-05-27,15.3,0.433
2022-05-28,10.6,0.3
2022-05-29,8.45,0.239
2022-05-30,7.81,0.221
2022-05-31,7.12,0.202
2022-06-01,6.18,0.175
2022-06-02,8.58,0.243
2022-06-03,6.33,0.179
2022-06-04,5.82,0.165
2022-06-05,5.29,0.15
2022-06-06,5.38,0.152
2022-06-07,4.65,0.132
2022-06-08,599.0,16.962
2022-06-09,226.0,6.4
2022-06-10,67.2,1.903
2022-06-11,29.2,0.827
2022-06-12,18.3,0.518
2022-06-13,13.3,0.377
2022-06-14,10.4,0.294
2022-06-15,11.7,0.331
2022-06-16,8.95,0.253
2022-06-17,7.21,0.204
2022-06-18,6.29,0.178
2022-06-19,5.55,0.157
2022-06-20,4.8,0.136
2022-06-21,4.38,0.124
2022-06-22,3.94,0.112
2022-06-23,3.46,0.098
2022-06-24,3.35,0.095
2022-06-25,3.13,0.089
2022-06-26,3.08,0.087
2022-06-27,3.67,0.104
2022-06-28,15.3,0.433
2022-06-29,8.33,0.236
2022-06-30,6.83,0.193
2022-07-01,4.0,0.113
2022-07-02,3.69,0.104
2022-07-03,3.84,0.109
2022-07-04,3.18,0.09
2022-07-05,2.45,0.069
2022-07-06,4.28,0.121
2022-07-07,4.91,0.139
2022-07-08,3.6,0.102
2022-07-09,51.6,1.461
2022-07-10,27.8,0.787
2022-07-11,7.19,0.204
2022-07-12,4.65,0.132
2022-07-13,3.61,0.102
2022-07-14,3.41,0.097
2022-07-15,2.77,0.078
2022-07-16,2.4,0.068
2022-07-17,1.94,0.055
2022-07-18,10.7,0.303
2022-07-19,51.9,1.47
2022-07-20,7.63,0.216
2022-07-21,48.7,1.379
2022-07-22,11.0,0.311
2022-07-23,12.0,0.34
2022-07-24,17.0,0.481
2022-07-25,9.37,0.265
2022-07-26,6.02,0.17
2022-07-27,4.6,0.13
2022-07-28,3.72,0.105
2022-07-29,6.21,0.176
2022-07-30,188.0,5.324
2022-07-31,79.4,2.248
2022-08-01,20.0,0.566
2022-08-02,13.9,0.394
2022-08-03,11.5,0.326
2022-08-04,7.91,0.224
2022-08-05,6.18,0.175
2022-08-06,5.08,0.144
2022-08-07,4.47,0.127
2022-08-08,4.12,0.117
2022-08-09,4.05,0.115
2022-08-10,10.5,0.297
2022-08-11,9.52,0.27
2022-08-12,6.9,0.195
2022-08-13,5.02,0.142
2022-08-14,4.15,0.118
2022-08-15,5.21,0.148
2022-08-16,3.5,0.099
2022-08-17,2.92,0.083
2022-08-18,2.85,0.081
2022-08-19,3.18,0.09
2022-08-20,4.34,0.123
2022-08-21,5.16,0.146
2022-08-22,4.7,0.133
2022-08-23,8.94,0.253
2022-08-24,7.67,0.217
2022-08-25,4.87,0.138
2022-08-26,4.0,0.113
2022-08-27,3.44,0.097
2022-08-28,2.87,0.081
2022-08-29,2.61,0.074
2022-08-30,3.78,0.107
2022-08-31,3.45,0.098
2022-09-01,2.7,0.076
2022-09-02,2.35,0.067
2022-09-03,2.19,0.062
2022-09-04,78.6,2.226
2022-09-05,99.9,2.829
2022-09-06,28.6,0.81
2022-09-07,22.3,0.631
2022-09-08,11.2,0.317
2022-09-09,8.36,0.237
2022-09-10,7.6,0.215
2022-09-11,6.16,0.174
2022-09-12,5.04,0.143
2022-09-13,4.14,0.117
2022-09-14,3.68,0.104
2022-09-15,3.2,0.091
2022-09-16,2.91,0.082
2022-09-17,2.74,0.078
2022-09-18,2.59,0.073
2022-09-19,2.57,0.073
2022-09-20,2.42,0.069
2022-09-21,2.15,0.061
2022-09-22,2.07,0.059
2022-09-23,1.95,0.055
2022-09-24,1.56,0.044
2022-09-25,1.42,0.04
2022-09-26,1.35,0.038
2022-09-27,1.35,0.038
2022-09-28,1.29,0.037
2022-09-29,1.23,0.035
2022-09-30,1.21,0.034
2022-10-01,1.21,0.034
2022-10-02,1.18,0.033
2022-10-03,1.16,0.033
2022-10-04,1.17,0.033
2022-10-05,1.17,0.033
2022-10-06,1.16,0.033
2022-10-07,1.14,0.032
2022-10-08,1.15,0.033
2022-10-09,1.13,0.032
2022-10-10,1.14,0.032
2022-10-11,1.12,0.032
2022-10-12,1.78,0.05
2022-10-13,8.76,0.248
2022-10-14,0.24,0.007
2022-10-15,0.12,0.003
2022-10-16,0.07,0.002
2022-10-17,0.05,0.001
2022-10-18,0.04,0.001
2022-10-19,0.03,0.001
2022-10-20,0.03,0.001
2022-10-21,0.03,0.001
2022-10-22,0.03,0.001
2022-10-23,0.03,0.001
2022-10-24,0.02,0.001
2022-10-25,0.04,0.001
2022-10-26,0.05,0.001
2022-10-27,0.03,0.001
2022-10-28,0.03,0.001
2022-10-29,0.03,0.001
2022-10-30,0.13,0.004
2022-10-31,0.09,0.003
2022-11-01,0.05,0.001
2022-11-02,0.04,0.001
2022-11-03,0.06,0.002
2022-11-04,0.06,0.002
2022-11-05,0.07,0.002
2022-11-06,0.07,0.002
2022-11-07,0.08,0.002
2022-11-08,0.14,0.004
2022-11-09,0.11,0.003
2022-11-10,0.08,0.002
2022-11-11,0.09,0.003
2022-11-12,0.1,0.003
2022-11-13,0.13,0.004
2022-11-14,0.11,0.003
2022-11-15,0.56,0.016
2022-11-16,0.66,0.019
2022-11-17,0.56,0.016
2022-11-18,2.56,0.072
2022-11-19,2.9,0.082
2022-11-20,2.8,0.079
2022-11-21,2.81,0.08
2022-11-22,2.69,0.076
2022-11-23,2.67,0.076
2022-11-24,2.53,0.072
2022-11-25,3.04,0.086
2022-11-26,2.85,0.081
2022-11-27,13.5,0.382
2022-11-28,2.33,0.066
2022-11-29,126.0,3.568
2022-11-30,492.0,13.932
2022-12-01,25.9,0.733
2022-12-02,8.88,0.251
2022-12-03,7.22,0.204
2022-12-04,5.22,0.148
2022-12-05,8.51,0.241
2022-12-06,10.2,0.289
2022-12-07,6.93,0.196
2022-12-08,5.26,0.149
2022-12-09,4.47,0.127
2022-12-10,4.28,0.121
2022-12-11,57.1,1.617
2022-12-12,48.8,1.382
2022-12-13,21.2,0.6
2022-12-14,193.0,5.465
2022-12-15,351.0,9.939
2022-12-16,82.3,2.33
2022-12-17,36.4,1.031
2022-12-18,22.0,0.623
2022-12-19,16.0,0.453
2022-12-20,14.5,0.411
2022-12-21,12.6,0.357
2022-12-22,11.4,0.323
2022-12-23,11.2,0.317
2022-12-24,8.93,0.253
2022-12-25,8.25,0.234
2022-12-26,7.53,0.213
2022-12-27,5.28,0.15
2022-12-28,3.93,0.111
2022-12-29,3.45,0.098
2022-12-30,3.35,0.095
2022-12-31,3.54,0.1
2023-01-01,3.2,0.091
2023-01-02,2.7,0.076
2023-01-03,23.4,0.663
2023-01-04,301.0,8.523
2023-01-05,87.9,2.489
2023-01-06,34.9,0.988
2023-01-07,20.1,0.569
2023-01-08,49.0,1.388
2023-01-09,33.6,0.951
2023-01-10,23.9,0.677
2023-01-11,24.2,0.685
2023-01-12,114.0,3.228
2023-01-13,84.8,2.401
2023-01-14,38.6,1.093
2023-01-15,24.2,0.685
2023-01-16,17.7,0.501
2023-01-17,67.1,1.9
2023-01-18,43.7,1.237
2023-01-19,63.7,1.804
2023-01-20,36.1,1.022
2023-01-21,26.7,0.756
2023-01-22,151.0,4.276
2023-01-23,82.9,2.347
2023-01-24,43.3,1.226
2023-01-25,295.0,8.353
2023-01-26,131.0,3.71
2023-01-27,85.5,2.421
2023-01-28,56.2,1.591
2023-01-29,88.1,2.495
2023-01-30,185.0,5.239
2023-01-31,119.0,3.37
2023-02-01,101.0,2.86
2023-02-02,130.0,3.681
2023-02-03,186.0,5.267
2023-02-04,114.0,3.228
2023-02-05,85.3,2.415
2023-02-06,59.4,1.682
2023-02-07,43.7,1.237
2023-02-08,36.3,1.028
2023-02-09,33.8,0.957
2023-02-10,28.4,0.804
2023-02-11,38.3,1.085
2023-02-12,160.0,4.531
2023-02-13,102.0,2.888
2023-02-14,66.6,1.886
2023-02-15,55.9,1.583
2023-02-16,60.3,1.708
2023-02-17,300.0,8.495
2023-02-18,133.0,3.766
2023-02-19,94.6,2.679
2023-02-20,68.2,1.931
2023-02-21,54.8,1.552
2023-02-22,41.4,1.172
2023-02-23,35.1,0.994
2023-02-24,37.5,1.062
2023-02-25,31.6,0.895
2023-02-26,29.0,0.821
2023-02-27,27.1,0.767
2023-02-28,25.1,0.711
2023-03-01,21.7,0.614
2023-03-02,147.0,4.163
2023-03-03,229.0,6.485
2023-03-04,130.0,3.681
2023-03-05,79.6,2.254
2023-03-06,67.6,1.914
2023-03-07,51.4,1.455
2023-03-08,39.4,1.116
2023-03-09,138.0,3.908
2023-03-10,138.0,3.908
2023-03-11,105.0,2.973
2023-03-12,173.0,4.899
2023-03-13,117.0,3.313
2023-03-14,83.7,2.37
2023-03-15,58.7,1.662
2023-03-16,44.7,1.266
2023-03-17,90.7,2.568
2023-03-18,85.1,2.41
2023-03-19,59.0,1.671
2023-03-20,44.9,1.271
2023-03-21,36.5,1.034
2023-03-22,31.3,0.886
2023-03-23,27.3,0.773
2023-03-24,24.3,0.688
2023-03-25,101.0,2.86
2023-03-26,54.0,1.529
2023-03-27,59.6,1.688
2023-03-28,42.9,1.215
2023-03-29,34.3,0.971
2023-03-30,28.9,0.818
2023-03-31,24.9,0.705
2023-04-01,37.7,1.068
2023-04-02,29.3,0.83
2023-04-03,27.8,0.787
2023-04-04,24.6,0.697
2023-04-05,21.5,0.609
2023-04-06,19.3,0.547
2023-04-07,19.1,0.541
2023-04-08,476.0,13.479
2023-04-09,199.0,5.635
2023-04-10,111.0,3.143
2023-04-11,74.9,2.121
2023-04-12,51.2,1.45
2023-04-13,76.2,2.158
2023-04-14,77.4,2.192
2023-04-15,50.7,1.436
2023-04-16,39.9,1.13
2023-04-17,31.3,0.886
2023-04-18,26.0,0.736
2023-04-19,22.1,0.626
2023-04-20,19.4,0.549
2023-04-21,19.6,0.555
2023-04-22,25.0,0.708
2023-04-23,17.9,0.507
2023-04-24,16.2,0.459
2023-04-25,14.8,0.419
2023-04-26,14.3,0.405
2023-04-27,42.1,1.192
2023-04-28,21.9,0.62
2023-04-29,17.4,0.493
2023-04-30,148.0,4.191
2023-05-01,60.6,1.716
2023-05-02,34.1,0.966
2023-05-03,24.5,0.694
2023-05-04,19.3,0.547
2023-05-05,17.5,0.496
2023-05-06,15.4,0.436
2023-05-07,13.5,0.382
2023-05-08,12.7,0.36
2023-05-09,11.5,0.326
2023-05-10,13.4,0.379
2023-05-11,15.1,0.428
2023-05-12,12.8,0.362
2023-05-13,11.4,0.323
2023-05-14,10.7,0.303
2023-05-15,30.3,0.858
2023-05-16,13.7,0.388
2023-05-17,97.3,2.755
2023-05-18,37.1,1.051
2023-05-19,21.6,0.612
2023-05-20,18.5,0.524
2023-05-21,16.5,0.467
2023-05-22,14.4,0.408
2023-05-23,114.0,3.228
2023-05-24,57.0,1.614
2023-05-25,32.2,0.912
2023-05-26,22.9,0.648
2023-05-27,18.0,0.51
2023-05-28,15.2,0.43
2023-05-29,13.4,0.379
2023-05-30,11.8,0.334
2023-05-31,10.7,0.303
2023-06-01,9.71,0.275
2023-06-02,8.93,0.253
2023-06-03,8.01,0.227
2023-06-04,7.41,0.21
2023-06-05,6.57,0.186
2023-06-06,6.17,0.175
2023-06-07,5.89,0.167
2023-06-08,5.41,0.153
2023-06-09,5.07,0.144
2023-06-10,4.66,0.132
2023-06-11,5.72,0.162
2023-06-12,15.7,0.445
2023-06-13,6.77,0.192
2023-06-14,21.0,0.595
2023-06-15,13.2,0.374
2023-06-16,8.83,0.25
2023-06-17,7.52,0.213
2023-06-18,6.78,0.192
2023-06-19,43.3,1.226
2023-06-20,9.43,0.267
2023-06-21,9.52,0.27
2023-06-22,9.65,0.273
2023-06-23,8.41,0.238
2023-06-24,4.46,0.126
2023-06-25,2.71,0.077
2023-06-26,1.9,0.054
2023-06-27,1.15,0.033
2023-06-28,0.66,0.019
2023-06-29,0.43,0.012
2023-06-30,0.3,0.008
2023-07-01,14.6,0.413
2023-07-02,4.05,0.115
2023-07-03,43.0,1.218
2023-07-04,9.54,0.27
2023-07-05,3.99,0.113
2023-07-06,3.4,0.096
2023-07-07,1.85,0.052
2023-07-08,3.22,0.091
2023-07-09,2.79,0.079
2023-07-10,27.0,0.765
2023-07-11,5.02,0.142
2023-07-12,13.1,0.371
2023-07-13,12.9,0.365
2023-07-14,6.08,0.172
2023-07-15,4.6,0.13
2023-07-16,2.61,0.074
2023-07-17,1.57,0.044
2023-07-18,0.76,0.022
2023-07-19,0.64,0.018
2023-07-20,0.37,0.01
2023-07-21,23.9,0.677
2023-07-22,14.1,0.399
2023-07-23,5.32,0.151
2023-07-24,1.92,0.054
2023-07-25,0.83,0.024
2023-07-26,0.39,0.011
2023-07-27,0.18,0.005
2023-07-28,0.12,0.003
2023-07-29,0.09,0.003
2023-07-30,4.31,0.122
2023-07-31,0.56,0.016
2023-08-01,0.13,0.004
2023-08-02,0.03,0.001
2023-08-03,0.0,0.0
2023-08-04,33.8,0.957
2023-08-05,6.68,0.189
2023-08-06,5.21,0.148
2023-08-07,42.0,1.189
2023-08-08,11.7,0.331
2023-08-09,32.2,0.912
2023-08-10,143.0,4.049
2023-08-11,275.0,7.787
2023-08-12,65.5,1.855
2023-08-13,37.2,1.053
2023-08-14,27.7,0.784
2023-08-15,22.2,0.629
2023-08-16,18.3,0.518
2023-08-17,15.5,0.439
2023-08-18,13.1,0.371
2023-08-19,11.5,0.326
2023-08-20,9.96,0.282
2023-08-21,7.9,0.224
2023-08-22,5.99,0.17
2023-08-23,4.69,0.133
2023-08-24,3.1,0.088
2023-08-25,2.64,0.075
2023-08-26,1.93,0.055
2023-08-27,1.35,0.038
2023-08-28,12.6,0.357
2023-08-29,3.97,0.112
2023-08-30,2.87,0.081
2023-08-31,1.55,0.044
2023-09-01,1.09,0.031
2023-09-02,1.11,0.031
2023-09-03,1.21,0.034
2023-09-04,1.05,0.03
2023-09-05,0.71,0.02
2023-09-06,0.31,0.009
2023-09-07,0.2,0.006
2023-09-08,0.22,0.006
2023-09-09,0.14,0.004
2023-09-10,0.09,0.003
2023-09-11,0.07,0.002
2023-09-12,0.07,0.002
2023-09-13,0.22,0.006
2023-09-14,0.08,0.002
2023-09-15,0.06,0.002
2023-09-16,3.16,0.089
2023-09-17,10.9,0.309
2023-09-18,1.82,0.052
2023-09-19,0.49,0.014
2023-09-20,0.08,0.002
2023-09-21,0.05,0.001
2023-09-22,0.03,0.001
2023-09-23,0.02,0.001
2023-09-24,0.01,0.0
2023-09-25,0.01,0.0
2023-09-26,0.01,0.0
2023-09-27,0.01,0.0
2023-09-28,0.0,0.0
2023-09-29,0.01,0.0
2023-09-30,0.0,0.0
2023-10-01,0.0,0.0
2023-10-02,0.0,0.0
2023-10-03,0.0,0.0
2023-10-04,0.0,0.0
2023-10-05,0.0,0.0
2023-10-06,0.01,0.0
2023-10-07,0.01,0.0
2023-10-08,0.0,0.0
2023-10-09,0.0,0.0
2023-10-10,0.0,0.0
2023-10-11,0.03,0.001
2023-10-12,0.07,0.002
2023-10-13,0.03,0.001
2023-10-14,0.03,0.001
2023-10-15,0.03,0.001
2023-10-16,0.02,0.001
2023-10-17,0.01,0.0
2023-10-18,0.01,0.0
2023-10-19,0.02,0.001
2023-10-20,0.02,0.001
2023-10-21,0.01,0.0
2023-10-22,0.0,0.0
2023-10-23,0.01,0.0
2023-10-24,0.0,0.0
2023-10-25,0.0,0.0
2023-10-26,0.0,0.0
2023-10-27,0.01,0.0
2023-10-28,0.01,0.0
2023-10-29,0.01,0.0
2023-10-30,0.03,0.001
2023-10-31,0.03,0.001
2023-11-01,0.02,0.001
2023-11-02,0.02,0.001
2023-11-03,0.02,0.001
2023-11-04,0.02,0.001
2023-11-05,0.02,0.001
2023-11-06,0.01,0.0
2023-11-07,0.02,0.001
2023-11-08,0.02,0.001
2023-11-09,0.01,0.0
2023-11-10,0.0,0.0
2023-11-11,0.0,0.0
2023-11-12,0.0,0.0
2023-11-13,0.0,0.0
2023-11-14,0.0,0.0
2023-11-15,0.0,0.0
2023-11-16,0.0,0.0
2023-11-17,0.0,0.0
2023-11-18,0.0,0.0
2023-11-19,0.0,0.0
2023-11-20,0.0,0.0
2023-11-21,0.4,0.011
2023-11-22,0.05,0.001
2023-11-23,0.0,0.0
2023-11-24,0.0,0.0
2023-11-25,0.0,0.0
2023-11-26,0.0,0.0
2023-11-27,0.0,0.0
2023-11-28,0.0,0.0
2023-11-29,0.0,0.0
2023-11-30,0.0,0.0
2023-12-01,0.0,0.0
2023-12-02,0.0,0.0
2023-12-03,0.0,0.0
2023-12-04,0.0,0.0
2023-12-05,0.0,0.0
2023-12-06,0.0,0.0
2023-12-07,0.0,0.0
2023-12-08,0.0,0.0
2023-12-09,0.95,0.027
2023-12-10,30.1,0.852
2023-12-11,0.15,0.004
2023-12-12,0.0,0.0
2023-12-13,0.0,0.0
2023-12-14,0.0,0.0
2023-12-15,0.0,0.0
2023-12-16,0.0,0.0
2023-12-17,0.0,0.0
2023-12-18,0.0,0.0
2023-12-19,0.0,0.0
2023-12-20,0.0,0.0
2023-12-21,0.0,0.0
2023-12-22,0.0,0.0
2023-12-23,0.0,0.0
2023-12-24,0.0,0.0
2023-12-25,31.9,0.903
2023-12-26,12.0,0.34
2023-12-27,3.3,0.093
2023-12-28,0.87,0.025
2023-12-29,0.26,0.007
2023-12-30,0.13,0.004
2023-12-31,0.08,0.002
